Hugtök: is,Val: is,Orðaflokkur: is,Kyn,Tala: is,Skilgreining: is,Skýring: is,Dæmi: is,Samheiti: is,Heimild: is,Sérsvið: is,Vísun/sjá einnig: is,Hugtak: en,Val: en,Skilgreining: en,Skýring: en,Dæmi: en,Samheiti: en,Heimild: en,Sérsvið: en,Vísun/sjá einnig: en,id
"Abel-deildi af fyrstu gerð, fágað deildi, Abel-diffur af fyrstu gerð, fágað diffur",0,na,hk,Eintala,,,,,,,,abelian differential of the first kind,0,,,,,,,,15
"Abel-deildi, Abel-diffur",0,na,hk,Eintala,,,,,,,,abelian differential,0,,,,,,,,16
"Abel-grúpa, víxlgrúpa, abelsk grúpa, víxlin grúpa",0,na,kvk,Eintala,,,,,,,,"abelian group, commutative group",0,,,,,,,,17
"Abel-útvíkkun, Abel-víkkun, abelsk útvíkkun",0,na,kvk,Eintala,,,,,,,,abelian extension,0,,,,,,,,18
"Abel-víðátta, Abel-víðerni",0,na,,Eintala,,,,,,,,abelian variety,0,,,,,,,,19
"Abel-, abelskur",0,,,Eintala,,,,,,,,abelian,0,,,,,,,,14
"aðalhornalína, meginhornalína",0,na,kvk,Eintala,,,,,,,,"leading diagonal, main diagonal, major diagonal, principal diagonal",0,,,,,,,,20
aðdráttarmengi,0,na,hk,Eintala,,,,,,,,attractor,0,,,,,,,,21
aðdráttarpunktur,0,na,kk,Eintala,,,,,,,,"attractor, point of attraction",0,,,,,,,,22
"aðfaldaður, hrópmerktur",0,ls,kk,Eintala,,,,,,,,factorial,0,,,,,,,,23
aðfeldaröð,0,na,kvk,Eintala,,,,,,,,factorial series,0,,,,,,,,24
aðfeldisfall,0,na,hk,Eintala,,,,,,,gamma function,"factorial function, factorial",0,,,,,,,,6539
"aðfeldi, hrópmerkt tala",0,na,hk,Eintala,,,,,,,factorial,"factorial number, factorial",0,,,,,,,,6540
aðfella,0,na,kvk,Eintala,,,,,,,,asymptote,0,,,,,,,,25
aðfelldur þríhyrningur,0,na,kk,Eintala,,,,,,,"doubly asymptotic triangle, trebly asymptotic triangle",asymptotic triangle,0,,,,,,,,28
"aðfelldur, aðfellu-",0,,,Eintala,,,,,,,,asymptotic,0,,,,,,,,29
aðfelld hálflína,0,na,kvk,Eintala,,,,,,,,asymptotic ray,0,,,,,,,,26
aðfelld samsíða lína,0,na,kvk,Eintala,,,,,,,,bounding parallel,0,,,,,,,,27
aðfelluhringur,0,na,kk,Eintala,,,,,,,,asymptotic circle,0,,,,,,,,31
aðfellujafn,0,ls,kk,Eintala,,,,,,,,asymptotically equal,0,,,,,,,,32
"aðfelluliðun, aðfelld liðun",0,na,kvk,Eintala,,,,,,,,asymptotic expansion,0,,,,,,,,33
aðfellunormlegur,0,ls,kk,Eintala,,,,,,,,asymptotically normal,0,,,,,,,,34
aðfelluréttur,0,na,kk,Eintala,,,,,,,,asymptotically unbiased,0,,,,,,,,35
aðfelluröð,0,na,kvk,Eintala,,,,,,,,asymptotic series,0,,,,,,,,36
aðfelluskilvirkni,0,na,kvk,Eintala,,,,,,,,asymptotic efficiency,0,,,,,,,,37
aðfelluskilvirkur,0,ls,kk,Eintala,,,,,,,,asymptotically efficient,0,,,,,,,,38
"aðfellustefna, aðfelluátt",0,na,kvk,Eintala,,,,,,,,asymptotic direction,0,,,,,,,,39
aðfellustöðugur,0,ls,kk,Eintala,,,,,,,,asymptotically stable,0,,,,,,,,40
aðfellu-,0,at,,,,,,,,,,asymptotically,0,,,,,,,,30
aðferð,0,na,kvk,Eintala,,,,,,,,method,0,,,,,,,,41
aðferð breytilegra stuðla,0,na,kvk,Eintala,,,,,,,,"method of variation of constants, method of variation of parameters",0,,,,,,,,42
"aðferð minnstu ferninga, aðferð minnstu fervika",0,na,kvk,Eintala,,,,,,,,"least squares method, method of least squares",0,,,,,,,,43
aðgengilegur jaðarpunktur,0,na,kk,Eintala,,,,,,,,accessible boundary point,0,,,,,,,,44
aðgerð,0,na,kvk,Eintala,,,,,,,"column operation, elementary operation, row operation",operation,0,,,,,,,,45
aðgerðagreining,0,na,kvk,Eintala,,,,,,,,operations research,0,,,,,,,,47
aðgerðartákn,0,na,hk,Eintala,,,,,,,,composition symbol,0,,,,,,,,48
aðgerðartákn,0,na,hk,Eintala,,,,,,,,operation symbol,0,,,,,,,,49
"aðgerð, reikniaðgerð",0,na,kvk,Eintala,<ref idTerm=3282>Vörpun</ref> af gerðinni \(X \times \cdots \times X \to X\) þar sem \(X\) er <ref idTerm=3270>mengi</ref> kallast \textit{reikniaðgerð} á \(X\).,,,,,,"binary operation, internal composition, internal operation","algebraic operation, law of composition, operation",0,,,,,,,,46
aðgreina,0,sag,,,,,,,,,separate,distinguish,0,,,,,,,,50
"aðgreinandi, aðgreinir, aðskilja ({\it kvk.})",0,na,,Eintala,,,,,,,,discriminant,0,,,,,,,,6541
"aðgreiningareiginleiki Hausdorffs, frumsenda Hausdorffs, frumsetning Hausdorffs",0,na,,Eintala,,,,,,,,Hausdorff separation axiom,0,,,,,,,,52
"aðhlutur, bakhlutur",0,na,kk,Eintala,,,,,,,counterdomain,"(of a morphism) codomain, range, range carrier, target",0,,,,,,,,56
aðhvarf,0,na,hk,Eintala,,,,,,,,regression,0,,,,,,,,57
aðhvarfsfall,0,na,hk,Eintala,,,,,,,regression curve,regression function,0,,,,,,,,58
aðhvarfsferill,0,na,kk,Eintala,,,,,,,"regression function, regression line",regression curve,0,,,,,,,,59
"aðhvarfsfrávik, leif",0,na,,Eintala,,,,,,,,"deviation from regression, remainder, residual",0,,,,,,,,60
aðhvarfsgreining,0,na,kvk,Eintala,,,,,,,,regression analysis,0,,,,,,,,61
aðhvarfsjafna,0,na,kvk,Eintala,,,,,,,,regression equation,0,,,,,,,,62
aðhvarfslína,0,na,kvk,Eintala,,,,,,,,"line of regression, regression line",0,,,,,,,,63
aðhvarfsstuðull,0,na,kk,Eintala,,,,,,,,regression coefficient,0,,,,,,,,64
aðhæft ítrekunarreiknirit,0,na,hk,Eintala,,,,,,,,adaptive iterative algorithm,0,,,,,,,,54
aðhæfur,0,ls,kk,Eintala,,,,,,,,adaptive,0,,,,,,,,55
"aðhæf heildun, aðhæf tegrun",0,na,kvk,Eintala,,,,,,,,adaptive quadrature,0,,,,,,,,53
aðlaga,0,sag,,,,,,,,,,fit,0,,,,,,,,70
aðlægur,0,ls,kk,Eintala,,,,,,,,adherent,0,,,,,,,,67
aðlægur punktur,0,na,kk,Eintala,,,,,,,,"adherent point, point of closure",0,,,,,,,,68
"aðlægur, samlægur, samliggjandi, grannstæður",0,ls,kk,Eintala,,,,,,,,adjacent,0,,,,,,,,69
aðlæg hlið,0,na,kvk,Eintala,<ref idTerm=2048>Hlið</ref> <ref idTerm=3161>marghyrnings</ref> kallast \textit{aðlæg} tilteknu <ref idTerm=2198>horni</ref> hans ef hún liggur á <ref idTerm=334>armi</ref> þess. Jafnframt er sagt að tvær hliðar marghyrnings séu aðlægar hvor annarri ef þær deila endapunkti.,Almennt kallast tvær hliðar marghyrnings aðlægar ef þær <ref idTerm=4771>skerast</ref> í nákvæmlega einum <ref idTerm=4001>punkti</ref>. Tvær <ref idTerm=1325>hliðar</ref> <ref idTerm=3133>margflötungs</ref> (í þrem víddum) kallast sömuleiðis aðlægar ef þær skerast í einum eða fleiri punktum sem liggja allir á sömu <ref idTerm=2911>línu</ref>.,,,,,,adjacent side,0,,,,,,,,65
"aðlæg horn, samlæg horn, samliggjandi horn",0,na,hk,Fleirtala,,,,,,,,adjacent angles,0,,,,,,,,66
aðlögun,0,na,kvk,Eintala,,,,,,,curve fitting,fitting,0,,,,,,,,71
"aðlögunarpróf, mátunarpróf",0,na,hk,Eintala,,,,,,,,goodness of fit test,0,,,,,,,,72
"aðmengi, ítak, bakmengi",0,na,hk,Eintala,Sjá <ref idTerm=3282>vörpun</ref>.,,,,,,,"(of a mapping) codomain, latent range, potential range, range, target, target set",0,,,,,,,,74
aðoka,0,ls,,Eintala,,,,,,,self-adjoint,(of an operator) adjoint,0,,,,,,,,75
aðoka fylki,0,na,,Eintala,,,,,,,,"(transposed complex conjugate) adjoint matrix, adjoint, adjugate matrix, associate matrix, conjugate-transpose, conjugate-transpose matrix, hermitian adjoint, hermitian conjugate, hermitian conjugate matrix",0,,,,,,,,6542
"aðoka, aðoka frá vinstri",0,ls,,Eintala,,,,,,,"coadjoint, right-adjoint","(of a functor) adjoint, left-adjoint",0,,,,,,,,76
"aðoki, aðoka varpi",0,na,,Eintala,,,,,,,,"adjoint functor, adjoint",0,,,,,,,,6543
"aðoki, aðoka virki",0,na,,Eintala,,,,,,,,"adjoint operator, adjoint, hermitian conjugate, hermitian conjugate operator",0,,,,,,,,6544
aðskiljanlega lokaður,0,ls,kk,Eintala,,,,,,,,separably closed,0,,,,,,,,82
aðskiljanlegt net,0,na,hk,Eintala,,,,,,,,separable graph,0,,,,,,,,83
aðskiljanlegur,0,ls,kk,Eintala,,,,,,,,separable,0,,,,,,,,84
aðskiljanleg jafna,0,ls,kvk,Eintala,,,,,,,,separable equation,0,,,,,,,,78
"aðskiljanleg lokun, aðskiljanlegur hjúpur",0,na,,Eintala,,,,,,,,separable closure,0,,,,,,,,79
aðskiljanleg margliða,0,na,kvk,Eintala,,,,,,,,separable polynomial,0,,,,,,,,80
"aðskiljanleg útvíkkun, aðskiljanleg víkkun",0,na,kvk,Eintala,,,,,,,,separable extension,0,,,,,,,,81
aðskiljanleikastig,0,na,hk,Eintala,,,,,,,,"degree of separability, separability degree, separable degree",0,,,,,,,,85
aðskiljanleiki,0,na,kk,Eintala,,,,,,,,separability,0,,,,,,,,86
"aðskilja, skilja að, greina á milli, aðgreina",0,sag,,,,,,,,,distinguish,separate,0,,,,,,,,77
aðskilnaðarfrumsenda,0,na,kvk,Eintala,,,,,,,,"axiom of separation, separation axiom",0,,,,,,,,87
aðskilnaðargreining,0,na,kvk,Eintala,,,,,,,,"discriminatory analysis, discriminance analysis, discriminant analysis",0,,,,,,,,88
"aðskilnaðarregla, aðskilnaðarháttur",0,na,,Eintala,,,,,,,,"modus ponens, rule of detachment",0,,,,,,,,89
aðskilnaðarstyrkur,0,na,kk,Eintala,,,,,,,,discriminatory power,0,,,,,,,,91
aðskilnaðarstærð,0,na,kvk,Eintala,,,,,,,,discriminator,0,,,,,,,,90
aðskilnaður,0,na,kk,Eintala,,,,,,,,separation,0,,,,,,,,92
aðskilnaður breytistærða,0,na,kk,Eintala,,,,,,,,"partitioning of variables, separation of variables",0,,,,,,,,93
"aðstoðar-, hjálpar-, viðbótar-",0,pref,,Eintala,,,,,,,,ancillary,0,,,,,,,,94
aðstreymi,0,na,hk,Eintala,,,,,,,,advection,0,,,,,,,,95
afgangsfervik,0,na,hk,Eintala,,,,,,,,"residual dispersion, residual variance",0,,,,,,,,100
"afgangsliður, leif",0,na,,Eintala,,,,,,,,remainder term,0,,,,,,,,101
afgangsróf,0,na,hk,Eintala,,,,,,,,residual spectrum,0,,,,,,,,102
afgangssetning,0,na,kvk,Eintala,,,,,,,,remainder theorem,0,,,,,,,,103
afgangsskekkja,0,na,kvk,Eintala,,,,,,,,residual error,0,,,,,,,,104
"afgangur, minnsta leif",0,na,,Eintala,Sjá <ref idTerm=686>deiling með afgangi</ref>.,,,,,,,"least non-negative residue, principal remainder, remainder",0,,,,,,,,105
"afkóta, dulráða, aflykla",0,sag,,,,,,,,,"code, encode",decode,0,,,,,,,,106
"afkótun, dulráðning, aflyklun",0,na,kvk,Eintala,,,,,,,"coding, encoding",decoding,0,,,,,,,,107
afleiddur,0,ls,kk,Eintala,,,,,,,,derived,0,,,,,,,,111
afleiddur varpi,0,na,kk,Eintala,,,,,,,,derived functor,0,,,,,,,,112
afleiðanlegur,0,ls,kk,Eintala,,,,,,,,"deducible, derivable",0,,,,,,,,109
afleiðanleiki,0,na,kk,Eintala,,,,,,,,(in logic) derivability,0,,,,,,,,110
"afleiða, afleitt fall",0,na,,Eintala,,,,,,,derivative at a point,"derivative, derived function",0,,,,,,,,108
afleiðing,0,na,kvk,Eintala,,,,,,,,consequence,0,,,,,,,,113
"afleiðingur, afleiðuvirki",0,na,kk,Eintala,,,,,,,,(in algebra and analysis) derivation,0,,,,,,,,114
afleiðsla,0,na,kvk,Eintala,,,,,,,,(in logic) derivation,0,,,,,,,,115
"afleiðsla, ályktun",0,na,kvk,Eintala,,,,,,,proof,"deduction, inference, logical deduction",0,,,,,,,,116
afleiðsluaðferð,0,na,kvk,Eintala,,,,,,,,deductive method,0,,,,,,,,118
afleiðslusönnun,0,na,kvk,Eintala,,,,,,,,deductive proof,0,,,,,,,,119
afleiðslu-,0,pref,,Eintala,,,,,,,,deductive,0,,,,,,,,117
afleitt mengi,0,na,hk,Eintala,,,,,,,,"derived set, derivative set",0,,,,,,,,120
afleitt ríki,0,na,hk,Eintala,,,,,,,,derived category,0,,,,,,,,121
aflfræði,0,na,kvk,Eintala,,,,,,,,mechanics,0,,,,,,,,122
aflfræðigreining,0,na,kvk,Eintala,,,,,,,,"analytic mechanics, analytical mechanics",0,,,,,,,,123
afmáanlegur sérstöðupunktur,0,na,kk,Eintala,,,,,,,,"removable singularity, removable singular point",0,,,,,,,,125
afmáanleg ósamfelldni,0,na,kvk,Eintala,,,,,,,,removable discontinuity,0,,,,,,,,124
"afsannanlegur, hrekjanlegur",0,ls,kk,Eintala,,,,,,,,refutable,0,,,,,,,,127
afsannanleiki,0,na,kk,Eintala,,,,,,,,falsifiability,0,,,,,,,,128
"afsannanleiki, hrekjanleiki",0,na,kk,Eintala,,,,,,,,refutability,0,,,,,,,,129
"afsanna, hrekja",0,sag,,,,,,,,,,refute,0,,,,,,,,126
afstæði,0,na,hk,Eintala,,,,,,,,relativity,0,,,,,,,,133
afstæð samkvæmni,0,na,kvk,Eintala,,,,,,,,relative consistency,0,,,,,,,,131
afstæð svipgrúpa,0,na,kvk,Eintala,,,,,,,,relative homology group,0,,,,,,,,132
"afsönnun, hrakning",0,na,kvk,Eintala,,,,,,,,"refutation, refutal",0,,,,,,,,130
aftasti tölustafur,0,na,kk,Eintala,,,,,,,,last digit,0,,,,,,,,134
aftasti tölustafur,0,na,kk,Eintala,,,,,,,most significant digit,least significant digit,0,,,,,,,,135
afturfærsla,0,na,kvk,Eintala,,,,,,,,backward shift,0,,,,,,,,136
"afturinnsetning, endurinnsetning",0,na,kvk,Eintala,,,,,,,forward substitution,"back substitution, inverse calculation",0,,,,,,,,137
afturmunur,0,na,kk,Eintala,,,,,,,,"ascending difference, backward difference",0,,,,,,,,138
afturvirk skekkjugreining,0,na,kvk,Eintala,,,,,,,,backward error analysis,0,,,,,,,,139
afvinding,0,na,kvk,Eintala,,,,,,,,unwinding,0,,,,,,,,140
af handahófi,0,,,Eintala,,,,,,,,at random,0,,,,,,,,99
Agnesarhaddur,0,na,kk,Eintala,,,,,,,,"Agnesi versiera, versiera, witch of Agnesi",0,,,,,,,,141
alef,0,na,,Eintala,,,,,,,"infinite cardinal, transfinite cardinal",aleph,0,,,,,,,,161
"Aleksandrov-þjöppun, einspunktsþjöppun",0,na,kvk,Eintala,,,,,,,,"Alexandroff compactification, one-point compactification",0,,,,,,,,162
"alflokkur, alheimsflokkur",0,na,kk,Eintala,,,,,,,,universal class,0,,,,,,,,163
algebra með einingarstaki,0,na,kvk,Eintala,,,,,,,,unitary algebra,0,,,,,,,,164
"algebra, algefra",0,na,kvk,Eintala,,,,,,,,algebra,0,,,,,,,,165
"algebruferill, algebrulegur ferill",0,na,kk,Eintala,,,,,,,,algebraic curve,0,,,,,,,,166
"algebruflötur, algebrulegur flötur",0,na,kk,Eintala,,,,,,,,algebraic surface,0,,,,,,,,167
"algebrugrannfræði, algebruleg grannfræði",0,na,kvk,Eintala,,,,,,,,algebraic topology,0,,,,,,,,168
"algebrujafna, algebruleg jafna, margliðujafna",0,na,kvk,Eintala,,,,,,,polynomial equation,algebraic equation,0,,,,,,,,169
algebrulega háður,0,ls,kk,Eintala,,,,,,,,algebraically dependent,0,,,,,,,,177
algebrulega lokaður,0,ls,kk,Eintala,,,,,,,,"algebraically closed, algebraically complete",0,,,,,,,,178
algebrulega óháður,0,ls,kk,Eintala,,,,,,,,algebraically independent,0,,,,,,,,179
"algebrulega samoka stak, samoka stak",0,na,hk,Eintala,,,,,,,conjugate algebraic number,algebraic conjugate,0,,,,,,,,180
algebrulegt fall,0,na,hk,Eintala,,,,,,,,algebraic function,0,,,,,,,,181
algebrulegt mengi,0,na,hk,Eintala,,,,,,,,algebraic set,0,,,,,,,,182
algebrulegt rúm,0,na,hk,Eintala,,,,,,,,algebraic space,0,,,,,,,,183
"algebrulegt talnasvið, talnasvið, talnakroppur",0,na,,Eintala,,,,,,,,"algebraic number field, number field",0,,,,,,,,184
algebrulegt varpvíðerni,0,na,hk,Eintala,,,,,,,,projective algebraic variety,0,,,,,,,,185
algebrulegt víðerni,0,na,hk,Eintala,,,,,,,,algebraic variety,0,,,,,,,,186
algebrulegur sléttuferill,0,na,kk,Eintala,,,,,,,,algebraic plane curve,0,,,,,,,,187
"algebrulegur, algebru-",0,ls,kk,Eintala,,,,,,,,"algebraic, algebraical",0,,,,,,,,188
"algebruleg heiltala, heil algebruleg tala",0,na,kvk,Eintala,,,,,,,,algebraic integer,0,,,,,,,,170
algebruleg lokun,0,na,kvk,Eintala,,,,,,,,algebraic closure,0,,,,,,,,171
algebruleg margfeldni,0,na,kvk,Eintala,,,,,,,,algebraic multiplicity,0,,,,,,,,172
"algebruleg stæða, stæða",0,na,kvk,Eintala,,,,,,,expression,algebraic expression,0,,,,,,,,173
"algebruleg tala, algebrutala",0,na,kvk,Eintala,,,,,,,,algebraic number,0,,,,,,,,174
"algebruleg útvíkkun, algebruleg víkkun",0,na,kvk,Eintala,,,,,,,,algebraic extension,0,,,,,,,,175
algebruleg víðátta,0,na,kvk,Eintala,,,,,,,"non-singular algebraic variety, regular algebraic variety",algebraic manifold,0,,,,,,,,176
algebrumótun,0,na,kvk,Eintala,,,,,,,,algebra homomorphism,0,,,,,,,,189
"algebrumynstur, algebrulegt mynstur",0,na,hk,Eintala,,,,,,,,algebraic structure,0,,,,,,,,190
"algebrurúmfræði, algebruleg rúmfræði",0,na,kvk,Eintala,,,,,,,,algebraic geometry,0,,,,,,,,191
"algebrutalnafræði, algebruleg talnafræði",0,na,kvk,Eintala,,,,,,,,"algebraic number theory, algebraic theory of numbers",0,,,,,,,,192
"algengasta gildi, líklegasta gildi",0,na,hk,Eintala,,,,,,,,"modal value, mode, most probable value",0,,,,,,,,193
algildisflötur,0,na,kk,Eintala,,,,,,,,"modular surface, relief",0,,,,,,,,195
"algildismerki, tölugildismerki",0,na,hk,Eintala,,,,,,,,absolute value sign,0,,,,,,,,196
algildisminnsta leif,0,na,kvk,Eintala,,,,,,,,"least absolute remainder, minimal residue",0,,,,,,,,197
"algildisvægi, alvægi",0,na,hk,Eintala,,,,,,,,absolute moment,0,,,,,,,,198
"algildi, lengd, tölugildi",0,na,hk,Eintala,,,,,,,"modulus, valuation","(of a number) absolute value, numerical value",0,,,,,,,,194
"algjörlega ósamanhangandi, algjörlega ósamhangandi",0,ls,kk,Eintala,,,,,,,,totally disconnected,0,,,,,,,,199
algjörlega ósamfelldur,0,ls,kk,Eintala,,,,,,,,"absolutely discontinuous, completely discontinuous",0,,,,,,,,200
"algjörlega takmarkaður, algjörlega skorðaður",0,ls,kk,Eintala,,,,,,,,totally bounded,0,,,,,,,,201
"alheildanlegur, altegranlegur",0,ls,kk,Eintala,,,,,,,,absolutely integrable,0,,,,,,,,209
alheimur,0,na,kk,Eintala,,,,,,,,universe,0,,,,,,,,210
alhæfa,0,sag,,,,,,,,,,generalize,0,,,,,,,,202
alhæfður,0,ls,kk,Eintala,,,,,,,,"generalized, general",0,,,,,,,,6545
"alhæfð runa, nót, net",0,ls,hk,Fleirtala,,,,,,,,"generalized sequence, net",0,,,,,,,,6546
alhæfing,0,na,kvk,Eintala,,,,,,,,generalization,0,,,,,,,,6547
alhæfingarregla,0,na,kvk,Eintala,,,,,,,,rule of generalization,0,,,,,,,,6548
"alhæfi, altæki",0,na,,Eintala,,,,,,,,generality,0,,,,,,,,6549
alhæft meðaltal,0,na,hk,Eintala,,,,,,,,general mean,0,,,,,,,,6550
"alhæfur, altækur",0,ls,kk,Eintala,,,,,,,general proposition,general,0,,,,,,,,6551
aljafna,0,na,kvk,Eintala,,,,,,,,(equation true for all values) identity,0,,,,,,,,211
allsherjaralgebra,0,na,kvk,Eintala,,,,,,,,universal algebra,0,,,,,,,,215
allsherjareiginleiki,0,na,kk,Eintala,,,,,,,,universal property,0,,,,,,,,216
allsherjarflokkur,0,na,kk,Eintala,,,,,,,,(of structures) universal class,0,,,,,,,,217
allsherjarhlutur,0,na,kk,Eintala,,,,,,,,universal object,0,,,,,,,,218
allsherjarlokun,0,na,kvk,Eintala,,,,,,,,universal closure,0,,,,,,,,219
"allsherjarmagnari, allsherjarvirki",0,na,kk,Eintala,,,,,,,,universal quantifier,0,,,,,,,,220
allsherjarsvið,0,na,hk,Eintala,,,,,,,,universal field,0,,,,,,,,221
allsherjartákn,0,na,hk,Eintala,,,,,,,universal quantifier,universal symbol,0,,,,,,,,222
allsherjarþekjuflötur,0,na,kk,Eintala,,,,,,,,"modular surface, universal covering surface",0,,,,,,,,223
allsherjarþekjurúm,0,na,hk,Eintala,,,,,,,,universal covering space,0,,,,,,,,224
allsherjar-,0,pref,,,,,,,,,,universal,0,,,,,,,,214
"alls staðar samleitinn, alstaðar samleitinn",0,ls,kk,Eintala,,,,,,,,everywhere convergent,0,,,,,,,,212
"alls staðar þéttur, alstaðar þéttur",0,ls,kk,Eintala,,,,,,,,everywhere dense,0,,,,,,,,213
allt eða ekkert,0,,,Eintala,,,,,,,,all or none,0,,,,,,,,225
almengi,0,na,hk,Eintala,,,,,,,,universal set,0,,,,,,,,226
almenna afstæðiskenningin,0,na,kvk,Eintala,,,,,,,,general theory of relativity,0,,,,,,,,233
almennt brot,0,na,hk,Eintala,"<ref idTerm=2072>Hlutfall</ref> tveggja <ref idTerm=1896>heiltalna</ref> \(a\) og \(b \neq 0\), ritað á forminu \(\frac{a}{b}\). Talan \(a\) kallast \textit{teljari} og talan \(b\) \textit{nefnari}","Gerum ráð fyrir að einhver tiltekin <ref idTerm=1899>heild</ref> sé gefin. Þessi heild getur til dæmis verið <ref idTerm=5335>svæði</ref> eins og <ref idTerm=4175>rétthyrningur</ref> eða <ref idTerm=2295>hringur</ref>, hún getur verið <ref idTerm=2196>hópur</ref> af hlutum eins og eplum, appelsínum eða mönnum, o.s.frv. Í bili skulum við gera ráð fyrir að heildin sé rétthyrningurinn á myndinni að neðan:\n\n\begin{center}\n\includegraphics[width=150px]{myndir/heild.png}\n\end{center}\n\nVið skilgreindum <ref idTerm=5227>stofnbrotið</ref> \(\frac1b\) til að svara eftirfarandi spurningu: ``Ef tiltekinni heild er skipt í \(b\) jafna hluta, hver er þá stærð hvers hluta miðað við heildina?'' Með öðrum orðum hefur sérhver hluti á myndinni að neðan stærðina \(\frac1b\) miðað við heildina:\n\n\begin{center}\n\includegraphics[width=150px]{myndir/b_hlutar.png}\n\end{center} \n\nHér höfum við áhuga á að svara aðeins almennari spurningu: ``Ef heildinni er skipt í \(b\) jafna hluta, hver er þá stærð \(a\) slíkra hluta miðað við heildina?'' Til að svara spurningunni innleiðum við táknið \(\frac{a}b\), sem við lesum „\(a\) á móti \(b\)“ eða „\(a\) \(b\)-tu“. Við látum sem sagt \(\frac{a}b\) tákna stærð dökka svæðisins á myndinni að neðan miðað við heildina:\n\n\begin{center}\n\includegraphics[width=150px]{myndir/a_hlutar.png}\n\end{center}",,,,,,"common fraction, ordinary fraction, simple fraction, vulgar fraction",0,,,,,,,,234
"almennt tilfelli, almennt tilvik",0,na,hk,Eintala,,,,,,,,general case,0,,,,,,,,235
"almennt, að jafnaði",0,,,,,,,,,,,"generally, in general",0,,,,,,,,236
almennur,0,ls,kk,Eintala,,,,,,,"general case, general term",general,0,,,,,,,,237
almennur ferill,0,na,kk,Eintala,,,,,,,,generic curve,0,,,,,,,,239
almennur liður,0,na,kk,Eintala,,,,,,,,general term,0,,,,,,,,240
almennur punktur,0,na,kk,Eintala,,,,,,,,"general point, generic point",0,,,,,,,,241
"almenn algebrujafna, almenn margliðujafna",0,na,kvk,Eintala,,,,,,,,general algebraic equation,0,,,,,,,,227
"almenn grannfræði, mengjagrannfræði",0,na,kvk,Eintala,,,,,,,,"general topology, point set topology, set topology",0,,,,,,,,228
almenn línuleg grúpa,0,na,kvk,Eintala,,,,,,,,"full linear group, general linear group",0,,,,,,,,229
almenn línuleg varpgrúpa,0,na,kvk,Eintala,,,,,,,,projective general linear group,0,,,,,,,,230
"almenn samfellutilgáta, alhæfð samfellutilgáta",0,na,kvk,Eintala,,,,,,,"Cantor's continuum hypothesis, GCH","general continuum hypothesis, generalized continuum hypothesis",0,,,,,,,,231
almenn staða,0,na,kvk,Eintala,,,,,,,,general position,0,,,,,,,,232
alsamfelldni,0,na,kvk,Eintala,,,,,,,,absolute continuity,0,,,,,,,,242
alsamfelldur,0,ls,kk,Eintala,,,,,,,,"absolutely continuous, completely continuous",0,,,,,,,,243
alsamleggjanlegur,0,ls,kk,Eintala,,,,,,,,absolutely summable,0,,,,,,,,244
alsamleitinn,0,ls,kk,Eintala,,,,,,,normally convergent,absolutely convergent,0,,,,,,,,245
alsamleitinn í jöfnum mæli,0,ls,kk,Eintala,,,,,,,normally convergent,uniformly absolutely convergent,0,,,,,,,,246
alsamleitni,0,na,kvk,Eintala,,,,,,,normal convergence,absolute convergence,0,,,,,,,,247
alsamleitnihálfslétta,0,na,kvk,Eintala,,,,,,,,half-plane of absolute convergence,0,,,,,,,,249
"alsamleitnimark, alsamleitniláhnit",0,na,hk,Eintala,,,,,,,,abscissa of absolute convergence,0,,,,,,,,250
alsamleitni í jöfnum mæli,0,na,kvk,Eintala,,,,,,,normal convergence,uniform absolute convergence,0,,,,,,,,248
"altæk fullyrðing, alhæf fullyrðing",0,na,kvk,Eintala,,,,,,,,general proposition,0,,,,,,,,251
"andbrigður þinur, mótbrigður þinur",0,na,kk,Eintala,,,,,,,,contravariant tensor,0,,,,,,,,260
"andbrigður, mótbrigður",0,ls,kk,Eintala,,,,,,,,contravariant,0,,,,,,,,261
andeinsmóta,0,ls,kvk,Eintala,,,,,,,,antiisomorphic,0,,,,,,,,262
andeinsmótun,0,na,kvk,Eintala,,,,,,,,antiisomorphism,0,,,,,,,,263
andfágaður,0,ls,kk,Eintala,,,,,,,,antiholomorphic,0,,,,,,,,266
"andfætispunktar, gagnstæðir punktar",0,na,kk,Fleirtala,,,,,,,,antipodal points,0,,,,,,,,264
andfætisvörpun,0,na,kvk,Eintala,,,,,,,,antipodal mapping,0,,,,,,,,265
andhermískt form,0,na,hk,Eintala,,,,,,,"inner product, scalar product","antihermitian sesquilinear form, antihermitian form",0,,,,,,,,267
andhermískur,0,ls,kk,Eintala,,Einnig ritað {\it skew-Hermitian},,,,,,skew-hermitian,0,,,,,,,,268
andhverfa,0,na,kvk,Eintala,,,,,,,"inverse function, inverse mapping",(of a bijection) inverse,0,,,,,,,,270
andhverfanlegur,0,ls,kk,Eintala,<ref idTerm=3282>Vörpun</ref> kallast \textit{andhverfanleg} ef hún á sér <ref idTerm=273>andhverfu</ref>.,,,,,,inverse,(of a mapping) invertible,0,,,,,,,,274
"andhverfa (falls), andhverft fall",0,na,,Eintala,,,,,,,inverse,inverse function,0,,,,,,,,271
"andhverfa (fylkis), umhverfa (fylkis), andhverft fylki, umhverft fylki",0,na,,Eintala,,,,,,,,"adjugate matrix, inverse matrix, reciprocal matrix",0,,,,,,,,272
"andhverfa (vörpunar), andhverf vörpun",0,na,,Eintala,"\textit{Andhverfa} <ref idTerm=3282>vörpunar</ref> \(f: X \to Y\) er vörpun \(g: Y \to X\) þannig að <ref idTerm=4518>samskeyting</ref> varpananna \(f\) og \(g\) annars vegar og \(g\) og \(f\) hins vegar sé viðeigandi <ref idTerm=4498>samsemdarvörpun</ref>, þ.e. \[ g \circ f = \mathrm{id}_X \quad \text{og} \quad f \circ g = \mathrm{id}_Y. \] Andhverfa \(f\) er táknuð með \(f^{-1}\).","Ef slík vörpun \(g\) er til <ref idTerm=3932>ákvarðast hún ótvírætt</ref> af þessum <ref idTerm=4797>skilyrðum</ref>. Vörpun \(f: X \to Y\) er andhverfanleg ef og aðeins ef hún er <ref idTerm=1586>gagntæk</ref>.\n\nSkilyrðin tvö í skilgreiningunni segja með öðrum orðum að fyrir sérhver \(x \in X\) og \(y \in Y\) gildi að \[ f^{-1}(f(x)) = x \quad \text{og} \quad f(f^{-1}(y)) = y. \] Þetta sýnir að andhverfan \(f^{-1}\) hefur einmitt öfuga verkun við \(f\), því \(f\) varpar <ref idTerm=5128>stakinu</ref> \(x \in X\) í stakið \(f(x) \in Y\) og \(f^{-1}\) varpar stakinu \(f(x)\) aftur í upphaflega stakið \(x\) skv. fyrri jöfnunni. Sömuleiðis hefur \(f\) öfuga verkun við \(f^{-1}\), því \(f^{-1}\) varpar stakinu \(y \in Y\) í stakið \(f^{-1}(y) \in X\) og \(f\) varpar stakinu \(f^{-1}(y)\) aftur í upphaflega stakið \(y\) skv. seinni <ref idTerm=2478>jöfnunni</ref>. Áhrifin af því að beita \(f\) og \(f^{-1}\) hvorri á eftir annarri eru því engin, sem endurspeglast í <ref idTerm=6050>Venn-myndinni</ref> að neðan:\n\n\begin{center}\n\includegraphics[width=150px]{myndir/andhverfa_vorpunar.png}\n\end{center}",,,,,inverse,inverse mapping,0,,,,,,,,273
"andhverfður, umhverfður",0,ls,kk,Eintala,,,,,,,,inverted,0,,,,,,,,275
andhverfing,0,na,kvk,Eintala,,,,,,,,"converse, converse conditional",0,,,,,,,,276
andhverft breiðbogafall,0,na,hk,Eintala,,,,,,,,"antihyperbolic function, area-hyperbolic function, inverse hyperbolic function",0,,,,,,,,277
"andhverfuformúla, andhverfuformkorn",0,na,,Eintala,,,,,,,,inversion formula,0,,,,,,,,278
andhverfur,0,ls,kk,Eintala,,,,,,,,(of a mapping) inverse,0,,,,,,,,279
andhverfuregla Fouriers,0,na,kvk,Eintala,,,,,,,,Fourier inversion formula,0,,,,,,,,284
andhverfur breiðbogakósínus,0,na,kk,Eintala,,,,,,,,"area-hyperbolic cosine, inverse hyperbolic cosine",0,,,,,,,,280
andhverfur breiðbogakótangens,0,na,kk,Eintala,,,,,,,,"area-hyperbolic cotangent, inverse hyperbolic cotangent",0,,,,,,,,281
andhverfur breiðbogasínus,0,na,kk,Eintala,,,,,,,,"area-hyperbolic sine, inverse hyperbolic sine",0,,,,,,,,282
andhverfur breiðbogatangens,0,na,kk,Eintala,,,,,,,,"area-hyperbolic tangent, inverse hyperbolic tangent",0,,,,,,,,283
andhverfusetning,0,na,kvk,Eintala,,,,,,,,inverse mapping theorem,0,,,,,,,,285
andhverf vensl,0,na,hk,Fleirtala,,,,,,,,"(of a relation) dual, inverse relation",0,,,,,,,,269
andhverf vensl,0,na,hk,Fleirtala,,,,,,,,"inverse relation, dual",0,,,,,,,,6552
andinnanmótun,0,na,kvk,Eintala,,,,,,,,antiendomorphism,0,,,,,,,,286
andlínulegur,0,ls,kk,Eintala,,,,,,,,"antilinear, conjugate linear",0,,,,,,,,287
andlogri,0,na,kk,Eintala,,,,,,,,"antilogarithm, inverse logarithm",0,,,,,,,,288
andrárástand,0,na,hk,Eintala,,,,,,,,instantaneous state,0,,,,,,,,289
"andsamhverft fall, oddhverft fall",0,na,hk,Eintala,,,,,,,alternating function,antisymmetric function,0,,,,,,,,293
andsamhverft fylki,0,na,hk,Eintala,,,,,,,alternating matrix,antisymmetric matrix,0,,,,,,,,294
"andsamhverft tvílínulegt form, oddhverft tvílínulegt form",0,na,hk,Eintala,,,,,,,"alternating bilinear form, inner product, scalar product","antisymmetric bilinear form, skew-symmetric bilinear form",0,,,,,,,,295
andsamhverfur,0,ls,kk,Eintala,,,,,,,asymmetric,"(of a relation) antisymmetric, antisymmetrical",0,,,,,,,,296
"andsamhverfur, oddhverfur",0,ls,kk,Eintala,,,,,,,,"(of a multilinear mapping) antisymmetric, antisymmetrical, skew-symmetric, skew-symmetrical",0,,,,,,,,297
"andsamhverfur, oddhverfur",0,ls,kk,Eintala,,,,,,,,"skew-symmetric, skew-symmetrical, antisymmetric",0,,,,,,,,6553
"andsamhverf marglínuleg vörpun, oddhverf marglínuleg vörpun",0,na,kvk,Eintala,,,,,,,,antisymmetric multilinear mapping,0,,,,,,,,6554
andsamhverf vensl,0,na,hk,Fleirtala,,,,,,,,antisymmetric relation,0,,,,,,,,6555
"andsammótun, andmótun",0,na,kvk,Eintala,,,,,,,,antihomomorphism,0,,,,,,,,298
andsamsíða,0,ls,,Eintala,,,,,,,,antiparallel,0,,,,,,,,299
"andsamsíðungur, ferhyrningur með engar hliðar samsíða",0,na,kk,Eintala,,,,,,,,"trapezoid, trapezium",0,,,,,,,,300
andsjálfhverfur,0,ls,kk,Eintala,,,,,,,,"antireflexive, inflexive, irreflective, irreflexive",0,,,,,,,,301
andsjálfmótun,0,na,kvk,Eintala,,,,,,,,antiautomorphism,0,,,,,,,,302
"andsælis, rangsælis",0,ls,,Eintala,,,,,,,,"anticlockwise, counterclockwise",0,,,,,,,,290
andvíxill,0,na,kk,Eintala,,,,,,,,anticommutator,0,,,,,,,,303
andvíxlanlegur,0,ls,kk,Eintala,,,,,,,,anticommutative,0,,,,,,,,304
andvíxlast,0,sag,,,,,,,,,,anticommute,0,,,,,,,,305
andvíxlinn,0,ls,kk,Eintala,,,,,,,,anticommutative,0,,,,,,,,306
andvíxlunarjafna,0,na,kvk,Eintala,,,,,,,,anticommutation relation,0,,,,,,,,307
"annað meginform, annað undirstöðuform",0,na,hk,Eintala,,,,,,,,second fundamental form,0,,,,,,,,308
annarrar raðar,0,ls,,Eintala,,,,,,,,second-order,0,,,,,,,,309
annarrar stéttar,0,ls,,Eintala,,,,,,,,second-order,0,,,,,,,,310
annars stigs,0,ls,,Eintala,,,,,,,,second-order,0,,,,,,,,311
annars stigs algebruflötur,0,na,kk,Eintala,,,,,,,,second-order algebraic surface,0,,,,,,,,312
annars stigs ferill,0,na,kk,Eintala,,,,,,,,quadric,0,,,,,,,,313
"annars stigs ferill, ferningsferill",0,na,kk,Eintala,,,,,,,conic section,"quadratic curve, quadric, quadric curve",0,,,,,,,,314
"annars stigs háflötur, ferningsháflötur",0,na,kk,Eintala,,,,,,,,"hyperquadric, quadric",0,,,,,,,,315
"annars stigs jafna, ferningsjafna",0,na,,Eintala,,,,,,,,"quadratic equation, quadratic, quadric",0,,,,,,,,6557
"annars stigs jafna, ferningsjafna, annars stigs flötur",0,na,,Eintala,,,,,,,,"quadric, quadratic, quadratic equation",0,,,,,,,,6558
"annars stigs margliða, ferningsmargliða",0,na,kvk,Eintala,<ref idTerm=1948>Margliða</ref> af <ref idTerm=5161>stigi</ref> 2.,Til þess að reikna <ref idTerm=4254>rætur</ref> annars stigs margliðu á forminu \(ax^2 + bx + c\) má nota <ref idTerm=2811>lausnarformúluna</ref>\n\n\[ \frac{-b \pm \sqrt{b^2-4ac}}{2a}. \] \n\nÞessi formúla er oft kölluð \(D\)-reglan vegna þess að iðulega er ritað \(D=b^2-4ac\) en fjöldi <ref idTerm=4093>rauntölulausna</ref> á <ref idTerm=2478>jöfnunni</ref> \(ax^2 + bx + c=0\) ákvarðast algjörlega af gildinu \(D\) sem kallast \textit{aðgreinir} eða \textit{greinir},,,,,,quadratic polynomial,0,,,,,,,,316
annars stigs nálgun,0,na,kvk,Eintala,,,,,,,,parabolic approximation,0,,,,,,,,317
"annars stigs sviðsútvíkkun, ferningssviðsútvíkkun, annars stigs sviðsvíkkun, ferningssviðsvíkkun",0,na,kvk,Eintala,,,,,,,,quadratic field extension,0,,,,,,,,318
"annars stigs, fernings-",0,,,,,,,,,,,"quadratic, quadric",0,,,,,,,,319
arfgengur eiginleiki,0,na,kk,Eintala,,,,,,,,hereditary property,0,,,,,,,,322
arftekið grannmynstur,0,na,hk,Eintala,,,,,,,,induced topology,0,,,,,,,,323
"arftekið hlutnet, einskorðað hlutnet",0,na,hk,Eintala,,,,,,,,induced subgraph,0,,,,,,,,324
"arftekinn, einskorðaður",0,ls,kk,Eintala,,,,,,,,induced,0,,,,,,,,325
"arkarfall, bogafall",0,na,hk,Eintala,,,,,,,,"antitrigonometric function, arc-trigonometric function, cyclometric function, inverse circular function, inverse trigonometric function",0,,,,,,,,326
arkarkósínus,0,na,kk,Eintala,,,,,,,,"arc cosine, inverse cosine",0,,,,,,,,327
arkarkótangens,0,na,kk,Eintala,,,,,,,,"arc cotangent, inverse cotangent",0,,,,,,,,328
arkarsínus,0,na,kk,Eintala,,,,,,,,"arc sine, inverse sine",0,,,,,,,,329
arkartangens,0,na,kk,Eintala,,,,,,,,"arc tangent, inverse tangent",0,,,,,,,,330
"arkimedískt algildi, arkimedísk virðing",0,na,,Eintala,,,,,,,"absolute value, valuation","Archimedean valuation, Archimedean absolute value",0,,,,,,,,331
"arkimedískt raðsvið, arkimedískt raðað svið",0,na,hk,Eintala,,,,,,,,Archimedean ordered field,0,,,,,,,,332
armur,0,na,kk,Eintala,,,,,,,,"(of a trapezoid) arm, lateral side, leg, side",0,,,,,,,,333
asnabrú,0,na,kvk,Eintala,,,,,,,,pons asinorum,0,,,,,,,,337
atburðaalgebra,0,na,kvk,Eintala,,,,,,,,algebra of events,0,,,,,,,,353
"atburður (í líkindafræði), tilviljanakenndur atburður",0,na,kk,Eintala,,,,,,,,"chance event, random event",0,,,,,,,,354
"atburður, atvik, tilvik",0,na,,Eintala,,,,,,,,event,0,,,,,,,,355
athugun,0,na,kvk,Eintala,,,,,,,,observation,0,,,,,,,,357
"atlas, kortasafn",0,na,hk,Eintala,,,,,,,,atlas,0,,,,,,,,358
atóm,0,na,hk,Eintala,,,,,,,"elementary event, simple event",atom,0,,,,,,,,359
atómlaust mál,0,na,hk,Eintala,,,,,,,,non-atomic measure,0,,,,,,,,360
"auðkenning, greinimark",0,na,,Eintala,,,,,,,,criterion,0,,,,,,,,382
auðugt vigurbundin,0,ls,kvk,Eintala,,,,,,,,ample vector bundle,0,,,,,,,,383
auðugur,0,ls,kk,Eintala,,,,,,,very ample,ample,0,,,,,,,,384
augljós,0,ls,,Eintala,,,,,,,,trivial,0,,,,,,,,385
augljósleiki,0,na,kk,Eintala,,,,,,,,triviality,0,,,,,,,,387
augljóst bundin,0,ls,kvk,Eintala,,,,,,,,trivial bundle,0,,,,,,,,388
"augljóst grannmynstur, fábrotið grannmynstur",0,na,hk,Eintala,,,,,,,,trivial topology,0,,,,,,,,389
augljós lausn,0,na,kvk,Eintala,,,,,,,zero solution,trivial solution,0,,,,,,,,386
aukahending,0,na,kvk,Eintala,,,,,,,,auxiliary statistic,0,,,,,,,,390
aukahornalína,0,na,kvk,Eintala,,,,,,,,secondary diagonal,0,,,,,,,,391
"aukahringur, aukahvirfilhringur",0,na,kk,Eintala,,,,,,,"eccentric circle, major circle",minor circle,0,,,,,,,,392
aukahvirfilpunktur,0,na,kk,Eintala,,,,,,,vertex,secondary vertex,0,,,,,,,,393
"aukaskilyrði, hliðarskilyrði",0,na,hk,,,,,,,,,side condition,0,,,,,,,,394
aukið fylki,0,na,hk,Eintala,,,,,,,,augmented matrix,0,,,,,,,,395
aukinn,0,ls,kk,Eintala,,,,,,,,augmented,0,,,,,,,,396
autt sæti,0,na,hk,Eintala,,,,,,,,"blank, Leerstelle, vacant place",0,,,,,,,,397
áhætta,0,na,kvk,Eintala,,,,,,,"risk of the first kind, risk of the second kind",risk,0,,,,,,,,142
áhætta neytandans,0,na,kvk,Eintala,,,,,,,,consumer's risk,0,,,,,,,,143
áhættufall,0,na,hk,Eintala,,,,,,,,risk function,0,,,,,,,,144
áhættufræði,0,na,kvk,Eintala,,,,,,,,risk theory,0,,,,,,,,145
áhættuleikur,0,na,kk,Eintala,,,,,,,,"game of chance, gamble, game of hazard",0,,,,,,,,146
ákvarðaður,0,ls,kk,Eintala,,,,,,,,determinate,0,,,,,,,,147
ákvarðanafræði,0,na,kvk,Eintala,,,,,,,,decision theory,0,,,,,,,,148
"ákvarðanlegur, úrskurðanlegur",0,ls,kk,Eintala,,,,,,,,decidable,0,,,,,,,,149
ákveða,0,na,kvk,Eintala,,,,,,,det,determinant,0,,,,,,,,150
"ákveðið heildi, ákveðið tegur",0,na,hk,Eintala,,,,,,,,definite integral,0,,,,,,,,151
ákveðnipunktur,0,na,kk,Eintala,,,,,,,,point of determinacy,0,,,,,,,,152
ákveðujafna,0,na,kvk,Eintala,,,,,,,,determinantal equation,0,,,,,,,,154
ákveðu-,0,pref,,,,,,,,,,determinantal,0,,,,,,,,153
ákvörðun,0,na,kvk,Eintala,,,,,,,,decision,0,,,,,,,,155
ákvörðunaraðferð,0,na,kvk,Eintala,,,,,,,,decision procedure,0,,,,,,,,156
ákvörðunarfall,0,na,hk,Eintala,,,,,,,,decision function,0,,,,,,,,157
ákvörðunarferli,0,na,hk,Eintala,,,,,,,,decision process,0,,,,,,,,158
ákvörðunarverkefni,0,na,hk,Eintala,,,,,,,,"decision problem, decidability problem",0,,,,,,,,159
ályktunartölfræði,0,na,kvk,Eintala,,,,,,,,statistical inference,0,,,,,,,,252
álægur,0,ls,kk,Eintala,,,,,,,,incident,0,,,,,,,,160
ámóta,0,ls,,,,,,,,,,"epimorphic, epic",0,,,,,,,,253
ámóta,0,ls,,,,,,,,,,(of a matrix) similar,0,,,,,,,,254
ámóta fylki,0,na,hk,Eintala,,,,,,,,similar matrix,0,,,,,,,,255
ámótun,0,na,kvk,Eintala,,,,,,,,epimorphism,0,,,,,,,,256
ámyndun,0,na,kvk,Eintala,,,,,,,immersion,submersion,0,,,,,,,,257
án formerkis,0,,,,,,,,,,,"signless, unsigned",0,,,,,,,,258
án skerðingar á víðgildi,0,,,,,,,,,,,without loss of generality,0,,,,,,,,259
áreiðanleiki,0,na,kk,Eintala,,,,,,,,accuracy,0,,,,,,,,320
áreiðanleiki,0,na,kk,Eintala,,,,,,,,reliability,0,,,,,,,,321
ás,0,na,kk,Eintala,,,,,,,coordinate axis,axis,0,,,,,,,,335
"ássamhvarf, ássamhverfni",0,na,,Eintala,,,,,,,,(a property) axial symmetry,0,,,,,,,,338
"ássamhverfing, ássamhverfa",0,na,kvk,Eintala,,,,,,,,(an operation) axial symmetry,0,,,,,,,,339
ássamhverfur,0,na,kk,Eintala,,,,,,,,axially symmetric,0,,,,,,,,340
ássamlínumótun,0,na,kvk,Eintala,,,,,,,,axial collineation,0,,,,,,,,341
ássnið,0,na,hk,Eintala,,,,,,,,intercept,0,,,,,,,,342
ástand,0,na,hk,Eintala,,,,,,,,condition,0,,,,,,,,343
ástand,0,na,hk,Eintala,,,,,,,state,situation,0,,,,,,,,344
ástandsrúm,0,na,hk,Eintala,,,,,,,,state space,0,,,,,,,,346
ástandstala,0,na,kvk,Eintala,,,,,,,,condition number,0,,,,,,,,347
ástandsvigur,0,na,kk,Eintala,,,,,,,,state vector,0,,,,,,,,348
"ástand, stand",0,na,hk,Eintala,,,,,,,,state,0,,,,,,,,345
"ásvigur, snúningsvigur",0,na,kk,Eintala,,,,,,,,axial vector,0,,,,,,,,349
"ás, möndull",0,na,kk,Eintala,,,,,,,axis of revolution,axis,0,,,,,,,,336
"átekt, átaka",0,na,kvk,Eintala,,,,,,,,surjectivity,0,,,,,,,,356
áttaður,0,ls,kk,Eintala,,,,,,,,oriented,0,,,,,,,,363
áttaður hringur,0,na,kk,Eintala,,,,,,,,"(oriented circle) cycle, oriented circle",0,,,,,,,,364
"áttaður, stefndur, stefnubundinn",0,ls,kk,Eintala,,,,,,,,"directed, oriented",0,,,,,,,,365
"áttað horn, stefnt horn, snúningshorn",0,na,hk,Eintala,,,,,,,,"directed angle, oriented angle",0,,,,,,,,361
áttað rúm,0,na,hk,Eintala,,,,,,,,oriented space,0,,,,,,,,362
áttanlegur,0,ls,kk,Eintala,,,,,,,,orientable,0,,,,,,,,366
áttanleiki,0,na,kk,Eintala,,,,,,,,orientability,0,,,,,,,,367
áttflötungur,0,na,kk,Eintala,,,,,,,,octahedron,0,,,,,,,,368
"átthyrningstala, átthyrnd tala",0,na,kvk,Eintala,,,,,,,figurate number,octagonal number,0,,,,,,,,369
átthyrningur,0,na,kk,Eintala,,,,,,,,octagon,0,,,,,,,,370
áttrækinn,0,ls,kk,Eintala,,,,,,,,orientation-preserving,0,,,,,,,,372
áttrækin einsfirðun,0,na,kvk,Eintala,,,,,,,"proper orthogonal transformation, rotation",orientation-preserving isometry,0,,,,,,,,371
áttskiptinn,0,ls,kk,Eintala,,,,,,,,orientation-reversing,0,,,,,,,,374
áttskiptin einsfirðun,0,na,kvk,Eintala,,,,,,,"improper orthogonal transformation, reversal, rotary reflection",orientation-reversing isometry,0,,,,,,,,373
áttuð slétta,0,na,kvk,Eintala,,,,,,,,oriented plane,0,,,,,,,,375
áttuð víðátta,0,na,kvk,Eintala,,,,,,,,oriented manifold,0,,,,,,,,376
áttun,0,na,kvk,Eintala,,,,,,,,orientation,0,,,,,,,,377
áttundakerfi,0,na,hk,Eintala,,,,,,,,octal numeration system,0,,,,,,,,379
áttundareikningur,0,na,kk,Eintala,,,,,,,,octal arithmetic,0,,,,,,,,380
áttunda-,0,pref,,,,,,,,,,"octal, octonary",0,,,,,,,,378
áttungur,0,na,kk,Eintala,,,,,,,,octant,0,,,,,,,,381
átækur,0,ls,kk,Eintala,,,,,,,,"onto, surjective",0,,,,,,,,352
"átæk mótun, átæk sammótun",0,na,kvk,Eintala,,,,,,,epimorphism,"onto homomorphism, surjective homomorphism",0,,,,,,,,350
átæk vörpun,0,na,kvk,Eintala,"<ref idTerm=3282>Vörpun</ref> sem hefur allt <ref idTerm=74>bakmengið</ref> sem <ref idTerm=3417>myndmengi</ref>, þ.e. vörpun \(f:X \to Y\) sem uppfyllir \(f(X)=Y\).","Fyrir sérhverja vörpun \(f: X \to Y\) gildir að \(f(X)\) er <ref idTerm=2098>hlutmengi</ref> í \(Y\), svo til að sýna að \(f\) sé átæk nægir að sýna að \(Y\) sé líka hlutmengi í \(f(X)\). Það er gert með því að sýna að sérhvert <ref idTerm=5128>stak</ref> \(y \in Y\) sé gildi vörpunarinnar \(f\), þ.e. að fyrir sérhvert \(y \in Y\) sé til \(x \in X\) þannig að \(f(x) = y\).\n\n<ref idTerm=6050>Venn-myndirnar</ref> að neðan sýna tvær varpanir \(f: X \to Y\) og \(g: Z \to W\). Vörpunin \(f\) er átæk því sérhvert stak í \(Y\) er gildi vörpunarinnar \(f\). Hins vegar er \(g\) ekki átæk því til dæmis er stakið lengst til hægri í \(W\) ekki gildi vörpunarinnar \(g\):\n\n\begin{center}\n\includegraphics[width=150px]{myndir/ataek_vorpun.png}\n\end{center}",,,,,,"mapping onto, surjection, surjective mapping",0,,,,,,,,351
ávöntun,0,na,kvk,Eintala,,,,,,,,"(of an analytic function) defect, deficiency",0,,,,,,,,398
á köflum,0,,,,,,,,,,,piecewise,0,,,,,,,,13
bagall,0,na,kk,Eintala,,,,,,,,lituus,0,,,,,,,,400
Baire-fall,0,na,hk,Eintala,,,,,,,,Baire function,0,,,,,,,,401
"Baire-setning, setning Baires",0,na,kvk,Eintala,,,,,,,,"Baire category theorem, category theorem of Baire",0,,,,,,,,402
bakliður,0,na,kk,Eintala,,,,,,,antecedent,"(of a proportion or ratio) consequent, succedent",0,,,,,,,,403
bakpokaverkefni,0,na,hk,Eintala,,,,,,,,knapsack problem,0,,,,,,,,404
Banach-algebra,0,na,kvk,Eintala,,,,,,,,Banach algebra,0,,,,,,,,405
Banach-rúm,0,na,hk,Eintala,,,,,,,,"Banach space, \(B\)-space",0,,,,,,,,406
bandalag,0,na,hk,Eintala,,,,,,,,coalition,0,,,,,,,,407
bandbreidd,0,na,kvk,Eintala,,,,,,,,band width,0,,,,,,,,408
bandfylki,0,na,hk,Eintala,,,,,,,,"band matrix, striped matrix",0,,,,,,,,409
bann,0,na,hk,Eintala,,,,,,,,taboo,0,,,,,,,,410
bannjafnvægi,0,na,hk,Eintala,,,,,,,,quasi-stationarity,0,,,,,,,,412
bannlíkindi,0,na,hk,Fleirtala,,,,,,,,taboo probability,0,,,,,,,,413
bann-,0,pref,,Eintala,,,,,,,,taboo,0,,,,,,,,411
Bartlett-próf,0,na,hk,Eintala,,,,,,,,Bartlett test,0,,,,,,,,414
baugað rúm,0,na,hk,Eintala,,,,,,,,ringed space,0,,,,,,,,415
baugamótun,0,na,kvk,Eintala,,,,,,,,ring homomorphism,0,,,,,,,,416
baugmynstur,0,na,hk,Eintala,,,,,,,,ring structure,0,,,,,,,,417
"baugsútvíkkun, baugsvíkkun",0,na,kvk,Eintala,,,,,,,"extension, extension ring, overring",ring extension,0,,,,,,,,418
baugur,0,na,kk,Eintala,,,,,,,,ring,0,,,,,,,,419
Bayes-ályktunaraðferð,0,na,kvk,Eintala,,,,,,,,Bayesian inference,0,,,,,,,,420
"Bayes-setning, setning Bayes",0,na,kvk,Eintala,,,,,,,,"Bayes's theorem, inverse probability  theorem",0,,,,,,,,421
Bayes-tölfræði,0,na,kvk,Eintala,,,,,,,,Bayesian statistics,0,,,,,,,,422
beinlínumynd,0,na,kvk,Eintala,,,,,,,,rectilinear figure,0,,,,,,,,429
beinlínu-,0,pref,,Eintala,,,,,,,,rectilinear,0,,,,,,,,428
beinn,0,ls,kk,Eintala,,,,,,,implicit,explicit,0,,,,,,,,430
"beinn eftirkomandi, næsti eftirkomandi",0,na,kk,Eintala,,,,,,,,"direct successor, immediate successor, sequent",0,,,,,,,,431
beinn liður,0,na,kk,Eintala,,,,,,,,direct summand,0,,,,,,,,432
beinn stöðugleiki,0,na,kk,Eintala,,,,,,,,absolute stability,0,,,,,,,,433
"beinn undanfari, næsti undanfari",0,na,kk,Eintala,,,,,,,,"direct predecessor, immediate antecedent, immediate predecessor",0,,,,,,,,434
beinn þáttur,0,na,kk,Eintala,,,,,,,,direct factor,0,,,,,,,,435
beint horn,0,na,hk,Eintala,<ref idTerm=2198>Horn</ref> kallast \textit{beint horn} ef <ref idTerm=334>armar</ref> þess eru <ref idTerm=3400>gagnstæðir</ref>. Slíkt horn <ref idTerm=2223>mælist</ref> 180 <ref idTerm=1667>gráður</ref> eða \(\pi\) <ref idTerm=478>radíana</ref>.,,,,,,,"flat angle, straight angle",0,,,,,,,,436
beint kerfi,0,na,hk,Eintala,,,,,,,,direct system,0,,,,,,,,437
beint margfeldi,0,na,hk,Eintala,,,,,,,"cartesian product, direct sum",direct product,0,,,,,,,,438
beint markgildi,0,na,hk,Eintala,,,,,,,limit,"colimit, direct limit, inductive limit",0,,,,,,,,439
bein mynd,0,na,kvk,Eintala,,,,,,,,direct image,0,,,,,,,,423
bein skekkja,0,na,kvk,Eintala,,,,,,,,absolute error,0,,,,,,,,424
bein summa,0,na,kvk,Eintala,,,,,,,"coproduct, direct product",direct sum,0,,,,,,,,426
bein sönnun,0,na,kvk,Eintala,"<ref idTerm=4964>Sönnun</ref> á <ref idTerm=2836>leiðingu</ref> \(p \implies q\) þar sem gert er ráð fyrir að <ref idTerm=1515>yrðingin</ref> \(p\) sé <ref idTerm=6659>sönn</ref> og sýnt er með <ref idTerm=6651>rökleiðslu</ref> að þá sé \(q\) líka sönn, ólíkt <ref idTerm=3640>óbeinni sönnun</ref>.",,,,,,,direct proof,0,,,,,,,,425
bein þríliða,0,na,kvk,Eintala,,,,,,,,direct rule of three,0,,,,,,,,427
belti,0,na,hk,Eintala,,,,,,,,(of a surface of revolution) zone,0,,,,,,,,440
"Bernoulli-dreifing, tvíliðudreifing, tvíkostadreifing",0,na,kvk,Eintala,,,,,,,binomial distribution,Bernoulli distribution,0,,,,,,,,441
Bernoulli-hending,0,na,kvk,Eintala,,,,,,,,"Bernoulli variable, binary random variable, indicator",0,,,,,,,,442
Bernoulli-tala,0,na,kvk,Eintala,,,,,,,,Bernoulli number,0,,,,,,,,443
Bernoulli-tilraun,0,na,kvk,Eintala,,,,,,,,Bernoulli trial,0,,,,,,,,444
"Bessel-fall, sívalningsfall",0,na,hk,Eintala,,,,,,,,"Bessel function, cylinder function, cylindrical function",0,,,,,,,,445
"besta leikáætlun, besta áætlun",0,na,kvk,Eintala,,,,,,,"maximum strategy, minimum strategy","optimum strategy, optimal policy",0,,,,,,,,446
besta nálgun,0,na,kvk,Eintala,,,,,,,,best approximation,0,,,,,,,,447
bestunarverkefni,0,na,hk,Eintala,,,,,,,,optimization problem,0,,,,,,,,448
bestur,0,ls,kk,Eintala,,,,,,,,optimal,0,,,,,,,,449
betadreifing,0,na,kvk,Eintala,,,,,,,,beta distribution,0,,,,,,,,450
betafall,0,na,hk,Eintala,,,,,,,,beta function,0,,,,,,,,451
"beyging, sveiging",0,na,kvk,Eintala,,,,,,,,bending,0,,,,,,,,452
beygjuskilakrosspunktur,0,na,kk,Eintala,,,,,,,,flecnode,0,,,,,,,,453
biðraðafræði,0,na,kvk,Eintala,,,,,,,,queuing theory,0,,,,,,,,454
biðröð,0,na,kvk,Eintala,,,,,,,,"\nobreak waiting line, queue",0,,,,,,,,6559
biðröð,0,na,kvk,Eintala,,,,,,,,"queue, waiting line",0,,,,,,,,6560
biðtími,0,na,kk,Eintala,,,,,,,,\nobreak waiting time,0,,,,,,,,6561
bil,0,na,hk,Eintala,"<ref idTerm=4093>Rauntalna</ref><ref idTerm=3270>mengi</ref> \(I\) kallast \textit{bil} ef fyrir sérhver \(x, y \in I\) og \(z \in \mathbb{R}\) þannig að \(x < z < y\) gildi að \(z \in I\). Ef \(I\) á sér <ref idTerm=3490>neðra mark</ref> \(L\) kallast \(L\) \textit{vinstri endapunktur} bilsins. Sömuleiðis ef \(I\) á sér <ref idTerm=743>efra mark</ref> \(U\) þá kallast \(U\) \textit{hægri endapunktur} bilsins.","Bil geta verið af ýmsum toga eftir því hvort þau séu með endapunkta (sjá <ref idTerm=1840>hálflína</ref>) og hvort þau innihaldi síðan þá endapunkta (sjá <ref idTerm=3793>opið bil</ref>, <ref idTerm=3010>lokað bil</ref> og <ref idTerm=1844>hálfopið bil</ref>). Eftirfarandi tvær myndir sýna allar gerðir bila:\n\n\begin{center}\n\includegraphics[width=150px]{myndir/takmorkud_bil.png}\n\end{center}\n\begin{center}\n\includegraphics[width=150px]{myndir/otakmorkud_bil.png}\n\end{center}",,,,,number interval,interval,0,,,,,,,,457
"bilanatíðni, óhappatíðni",0,na,kvk,Eintala,,,,,,,,failure rate,0,,,,,,,,6563
bilanet,0,na,hk,Eintala,,,,,,,,interval graph,0,,,,,,,,6564
binda,0,sag,,Eintala,,,,,,,bound variable,bind,0,,,,,,,,6565
"biti, tvíundatölustafur",0,na,,Eintala,,,,,,,,"bigit, binary digit, bit",0,,,,,,,,6566
"bjagaður, vilhallur, skakkur, hlutdrægur",0,ls,kk,Eintala,,,,,,,,biased,0,,,,,,,,462
bjögun,0,na,kvk,Eintala,,,,,,,,(in analysis) deformation,0,,,,,,,,463
"bjögun, togun",0,na,kvk,Eintala,,,,,,,,(in topology) deformation,0,,,,,,,,464
blað,0,na,hk,Eintala,,,,,,,,leaf,0,,,,,,,,465
"blað, þynni",0,na,hk,Eintala,,,,,,,,sheet,0,,,,,,,,466
"blandað hliðarskilyrði, blönduð þvingun",0,na,,Eintala,,,,,,,,mixed constraint,0,,,,,,,,467
blandað jaðargildisverkefni,0,na,hk,Eintala,,,,,,,,mixed boundary value problem,0,,,,,,,,468
blandað úrtak,0,na,hk,Eintala,,,,,,,,mixed sample,0,,,,,,,,469
"blandið lotutugabrot, blandið umferðartugabrot",0,na,hk,Eintala,,,,,,,,"mixed periodic decimal, mixed recurring decimal",0,,,,,,,,470
"blandinn liður, blandaður liður",0,na,kk,Eintala,,,,,,,,mixed term,0,,,,,,,,473
blandinn þinur,0,na,kk,Eintala,,,,,,,,mixed tensor,0,,,,,,,,474
"blandin hlutafleiða, blönduð hlutafleiða",0,ls,kvk,Eintala,,,,,,,,mixed partial derivative,0,,,,,,,,471
blandin tala,0,ls,kvk,Eintala,,,,,,,,"mixed number, mixed fraction",0,,,,,,,,472
blendið slembiferli,0,na,hk,Eintala,,,,,,,,mixing stochastic process,0,,,,,,,,475
blöndun,0,na,kvk,Eintala,,,,,,,,mixing,0,,,,,,,,476
"boðleið, rás",0,na,kvk,Eintala,,,,,,,,"channel, communication channel",0,,,,,,,,477
"radíani, bogaeining, bogamálseining",0,na,kvk,Eintala,"<ref idTerm=3072>Mælieining</ref> á <ref idTerm=2860>lengd</ref> <ref idTerm=2270>hringboga</ref> og <ref idTerm=5102>stærð</ref> <ref idTerm=2198>horna</ref>, skilgreind þannig að lengd boga <ref idTerm=887>einingarhrings</ref> mælist \(2 \pi\) \textit{radíana}",Önnur leið til þess að skilgreina radíana er sem stærð hornsins með <ref idTerm=3661>oddpunkt</ref> í miðju <ref idTerm=2295>hrings</ref> sem fæst þegar að <ref idTerm=479>bogalengd</ref> hringsins er jöfn geisla hans. Eftirfarandi mynd sýnir ýmis horn <ref idTerm=887>einingarhrings</ref> auk stærð þeirra í bæði gráðum og <ref idTerm=478>radíönum</ref>:\n\n\begin{center}\n\includegraphics[width=150px]{myndir/hornamal.png}\n\end{center} \n\nTil er einfalt samband milli radíana og gráða. Til að breyta horni \(\alpha\) sem mælt er í gráðum yfir í radíana er notuð formúlan \[ \theta = \frac{\alpha}{360}\cdot 2\pi = \frac{\alpha}{180} \pi .\],,,,,rad,radian,0,,,,,,,,478
bogalengd,0,na,kvk,Eintala,<ref idTerm=2860>Lengd</ref> <ref idTerm=2276>hringboga</ref>.,,,,,,,arc length,0,,,,,,,,479
bogalengdarfall,0,na,hk,Eintala,,,,,,,,arc length function,0,,,,,,,,480
bogalengdarfrymi,0,na,hk,Eintala,,,,,,,,arc length element,0,,,,,,,,481
bogalengdarfrymi,0,na,hk,Eintala,,,,,,,,element of arc length,0,,,,,,,,482
bogamál,0,na,hk,Eintala,Stærð <ref idTerm=2198>horns</ref> í <ref idTerm=478>radíönum</ref>.,,,,,,measure of angle,"circular measure, radian measure",0,,,,,,,,483
bogamínúta,0,na,kvk,Eintala,,,,,,,minute of angle,minute of arc,0,,,,,,,,484
bogasekúnda,0,na,kvk,Eintala,,,,,,,second of angle,second of arc,0,,,,,,,,485
"boginn, sveigður",0,ls,kk,Eintala,,,,,,,,curved,0,,,,,,,,488
"bogin lína, boglína, sveigð lína, sveiglína",0,na,kvk,Eintala,,,,,,,curve,curved line,0,,,,,,,,487
"bogi, ferilbogi",0,na,kk,Eintala,,,,,,,,(of a curve) arc,0,,,,,,,,486
Boole-aðgerð,0,na,kvk,Eintala,,,,,,,,Boolean operation,0,,,,,,,,489
Boole-algebra,0,na,kvk,Eintala,,,,,,,,Boolean algebra,0,,,,,,,,490
Boole-baugur,0,na,kk,Eintala,,,,,,,,Boolean ring,0,,,,,,,,491
Boole-breyta,0,na,kvk,Eintala,,,,,,,,Boolean variable,0,,,,,,,,492
Boole-fall,0,na,hk,Eintala,,,,,,,,Boolean function,0,,,,,,,,493
Boole-grind,0,na,kvk,Eintala,,,,,,,,Boolean lattice,0,,,,,,,,494
Boole-virki,0,na,kk,Eintala,,,,,,,,Boolean operator,0,,,,,,,,495
Borel-algebra,0,na,kvk,Eintala,,,,,,,,"Borel algebra, Borel field",0,,,,,,,,496
Borel-atburðaalgebra,0,na,kvk,Eintala,,,,,,,,Borel algebra of events,0,,,,,,,,497
Borel-fall,0,na,hk,Eintala,,,,,,,,Borel function,0,,,,,,,,498
Borel-mengi,0,na,hk,Eintala,,,,,,,,Borel set,0,,,,,,,,499
braut,0,na,kvk,Eintala,,,,,,,"phase curve, trajectory",orbit,0,,,,,,,,500
brautarúm,0,na,hk,Eintala,,,,,,,quotient space,orbit space,0,,,,,,,,502
"braut, ferill",0,na,,Eintala,,,,,,,"orbit, phase curve",trajectory,0,,,,,,,,501
breidd,0,na,kvk,Eintala,,,,,,,,"breadth, width",0,,,,,,,,514
"breiðbogafall, gleiðbogafall",0,na,hk,Eintala,,,,,,,,hyperbolic function,0,,,,,,,,504
breiðbogaflötur,0,na,kk,Eintala,,,,,,,,hyperboloid,0,,,,,,,,505
breiðbogakósekans,0,na,kk,Eintala,,,,,,,"cosech, csch",hyperbolic cosecant,0,,,,,,,,506
breiðbogakósínus,0,na,kk,Eintala,,,,,,,"ch, cosh",hyperbolic cosine,0,,,,,,,,507
breiðbogariti,0,na,,Eintala,,,,,,,,hyperbolograph,0,,,,,,,,508
breiðbogasekans,0,na,kk,Eintala,,,,,,,"sch, sech",hyperbolic secant,0,,,,,,,,509
breiðbogasínus,0,na,kk,Eintala,,,,,,,"sh, sinh",hyperbolic sine,0,,,,,,,,510
breiðbogasnúðflötur,0,na,kk,Eintala,,,,,,,,hyperboloid of revolution,0,,,,,,,,511
breiðbogatangens,0,na,kk,Eintala,,,,,,,"tanh, tgh, th",hyperbolic tangent,0,,,,,,,,512
breiðboga kótangens,0,na,kk,Eintala,,,,,,,"coth, ctgh, cth",hyperbolic cotangent,0,,,,,,,,503
"breiðbogi, gleiðbogi",0,na,kk,Eintala,,,,,,,,hyperbola,0,,,,,,,,513
breiðger,0,ls,,Eintala,,,,,,,,hyperbolic,0,,,,,,,,515
breiðgerð,0,na,kvk,Eintala,,,,,,,hyperbolicity,hyperbolic type,0,,,,,,,,525
breiðgerð,0,na,kvk,Eintala,,,,,,,hyperbolic type,hyperbolicity,0,,,,,,,,526
breiðgert rúm,0,na,hk,Eintala,,,,,,,,hyperbolic space,0,,,,,,,,527
"breiðger fleygbogaflötur, söðulflötur",0,na,kk,Eintala,,,,,,,,hyperbolic paraboloid,0,,,,,,,,516
breiðger hlutafleiðujafna,0,na,kvk,Eintala,,,,,,,,hyperbolic partial differential equation,0,,,,,,,,517
breiðger punktur,0,na,kk,Eintala,,,,,,,saddle point,hyperbolic point,0,,,,,,,,518
breiðger Riemann-flötur,0,na,kk,Eintala,,,,,,,,hyperbolic Riemann surface,0,,,,,,,,519
breiðger rúmfræði,0,na,kvk,Eintala,"<ref idTerm=4271>Rúmfræði</ref> sem byggir á fyrstu fjórum <ref idTerm=1452>frumsendum</ref> <ref idTerm=1030>evklíðskar rúmfræði</ref> en í staðinn fyrir fimmtu frumsenduna er gert ráð fyrir eftirfarandi frumsendu:\n\n\textit{Fyrir gefna <ref idTerm=2911>línu</ref> og gefinn <ref idTerm=4001>punkt</ref>,\nsem ekki er á línunni, er til fleiri en ein lína sem fer í gegnum punktinn og <ref idTerm=4771>sker</ref> ekki línuna}",Í þessari rúmfræði er <ref idTerm=2225>hornasumma</ref> <ref idTerm=6438>þríhyrnings</ref> minni en 180 <ref idTerm=1667>gráður</ref>.,,,,,,hyperbolic geometry,0,,,,,,,,520
breiðger samsíðufrumsenda,0,na,kvk,Eintala,,,,,,,,hyperbolic parallel postulate,0,,,,,,,,521
"breiðger sjálfmótun, breiðger færsla",0,na,kvk,Eintala,,,,,,,,"hyperbolic automorphism, hyperbolic transformation",0,,,,,,,,522
breiðger slétta,0,na,kvk,Eintala,,,,,,,,hyperbolic plane,0,,,,,,,,523
breiðger vefja,0,na,kvk,Eintala,,,,,,,,"hyperbolic spiral, reciprocal spiral",0,,,,,,,,524
brenniás,0,na,kk,Eintala,,,,,,,"major axis, major axis, transverse axis",focal axis,0,,,,,,,,528
"brennidepill, brennipunktur",0,na,kk,Eintala,,,,,,,,focus,0,,,,,,,,529
brenniflötur,0,na,kk,Eintala,,,,,,,,caustic,0,,,,,,,,530
brennigeisli,0,na,kk,Eintala,,,,,,,,focal radius,0,,,,,,,,531
brennilengd,0,na,kvk,Eintala,,,,,,,,"focal distance, focal length",0,,,,,,,,532
brennilína,0,na,kvk,Eintala,,,,,,,,caustic,0,,,,,,,,533
brennilína,0,na,kvk,Eintala,,,,,,,,focal line,0,,,,,,,,534
brennimengi,0,na,hk,Eintala,,,,,,,,caustic,0,,,,,,,,535
brennimiðstrengur,0,na,kk,Eintala,,,,,,,,(of a hyperbola) transverse diameter,0,,,,,,,,536
brennistrengur,0,na,kk,Eintala,,,,,,,latus rectum,focal chord,0,,,,,,,,537
breytast,0,sag,,,,,,,,,,vary,0,,,,,,,,539
breytast með samfelldum hætti,0,sag,,,,,,,,,,vary continuously,0,,,,,,,,540
"breyta, breytistærð, breytileg stærð",0,na,kvk,Eintala,<ref idTerm=5102>Stærð</ref> sem getur haft mörg mismunandi <ref idTerm=0>gildi</ref>.,,,,,,,variable,0,,,,,,,,538
breytilegur,0,ls,kk,Eintala,,,,,,,running,variable,0,,,,,,,,541
breytingarhraði,0,na,kk,Eintala,,,,,,,"difference quotient, divided difference, gradient",rate of change,0,,,,,,,,542
"breytistuðull, fráviksstuðull",0,na,kk,Eintala,,,,,,,,"coefficient of variation, variation coefficient",0,,,,,,,,543
breytulaus,0,ls,kk,Eintala,,,,,,,,variable-free,0,,,,,,,,544
"breytuskipti, innsetning",0,na,,,,,,,,,"substitution, integration by substitution",change of variables,0,,,,,,,,545
brigðgengur,0,ls,kk,Eintala,,,,,,,,non-deterministic,0,,,,,,,,546
"brjóstvitsregla, þumalfingursregla",0,na,kvk,Eintala,,,,,,,,rule of thumb,0,,,,,,,,547
broddur,0,na,kk,Eintala,,,,,,,,cusp,0,,,,,,,,548
brot,0,na,hk,Eintala,,,,,,,"calculus of fractions, circulating decimal, common fraction, complex fraction, compound fraction, continued fraction, decimal, decimal fraction, duodecimal fraction, fraction field, fraction in its lowest terms, fractional arithmetic, fractional number, fractional part, improper fraction, inverse fraction, mixed fraction, numerical fraction, ordinary fraction, periodic continued fraction, periodic decimal, partial fraction, proper fraction, quotient, ratio, recurring decimal, reduced fraction, repeating decimal, similar fractions, simple fraction, simplified fraction, vulgar fraction",fraction,0,,,,,,,,549
brotabaugur,0,na,kk,Eintala,,,,,,,,"quotient ring, ring of fractions, ring of quotients",0,,,,,,,,550
brotabrot,0,na,hk,Eintala,,,,,,,,"complex fraction, compound fraction",0,,,,,,,,551
"brotaregla, hlutfallsregla",0,na,kvk,Eintala,,,,,,,,(for differentiation) quotient rule,0,,,,,,,,552
brotareikningur,0,na,kk,Eintala,,,,,,,fractional arithmetic,calculus of fractions,0,,,,,,,,553
brotareikningur,0,na,kk,Eintala,,,,,,,calculus of fractions,fractional arithmetic,0,,,,,,,,554
"brotastrik, lárétt brotastrik",0,na,hk,Eintala,,,,,,,fraction stroke,"fraction bar, fraction line, fractional line",0,,,,,,,,555
"brotastrik, skástrik, brotaskástrik",0,na,hk,Eintala,,,,,,,"fraction bar, fraction line, fractional line","fraction stroke, solidus",0,,,,,,,,556
brotasvið,0,na,hk,Eintala,,,,,,,,"field of quotients, field of fractions, fraction field, quotient field",0,,,,,,,,557
brothluti,0,na,kk,Eintala,,,,,,,,fractional part,0,,,,,,,,558
broti,0,na,kk,Eintala,,,,,,,,fractal,0,,,,,,,,559
brotið íðal,0,na,hk,Eintala,,,,,,,,fractional ideal,0,,,,,,,,560
brotið línustrik,0,na,hk,Eintala,,,,,,,,"broken line, polygonal line",0,,,,,,,,561
brotinn línulegur,0,ls,kk,Eintala,,,,,,,bilinear transformation,bilinear,0,,,,,,,,565
brotinn veldisvísir,0,na,kk,Eintala,,,,,,,,fractional exponent,0,,,,,,,,566
"brotinn, brota-",0,,,,,,,,,,,fractional,0,,,,,,,,567
"brotin línuleg færsla, Möbíusarfærsla",0,na,kvk,Eintala,,,,,,,,"bilinear transformation, fractional linear transformation, homographic mapping, homography, linear fractional transformation, Möbius transformation",0,,,,,,,,562
brotin línuleg grúpa,0,na,kvk,Eintala,,,,,,,,linear fractional group,0,,,,,,,,563
"brotin tala, brot",0,na,,,,,,,,,fraction,fractional number,0,,,,,,,,564
"brotmark, hlutfallsmark",0,na,hk,Eintala,,,,,,,"centile, percentile, quartile, quintile, sextile","fractile, quantile",0,,,,,,,,568
brotpunktur,0,na,kk,Eintala,,,,,,,,break point,0,,,,,,,,569
brottskurður,0,na,kk,Eintala,,,,,,,,excision,0,,,,,,,,570
"Brown-hreyfing, brownsk hreyfing",0,na,kvk,Eintala,,,,,,,Wiener process,Brownian movement,0,,,,,,,,571
brugðningafræði,0,na,kvk,Eintala,,,,,,,,braid theory,0,,,,,,,,574
brugðningagrúpa,0,na,kvk,Eintala,,,,,,,,braid group,0,,,,,,,,575
brugðningur,0,na,kk,Eintala,,,,,,,,braid,0,,,,,,,,576
brú,0,na,kvk,Eintala,,,,,,,,"bridge, cut edge, isthmus, separating edge",0,,,,,,,,572
"brúa, inngiska, innreikna",0,sag,,,,,,,,,extrapolate,interpolate,0,,,,,,,,573
brún,0,na,kvk,Eintala,,,,,,,,(of a polyhedral angle) edge,0,,,,,,,,577
brún,0,na,kvk,Eintala,<ref idTerm=2958>Línustrik</ref> þar sem tvær <ref idTerm=1325>hliðar</ref> <ref idTerm=6454>þrívíðs</ref> <ref idTerm=3133>margflötungs</ref> <ref idTerm=4771>skerast</ref>.,,,,,,,(of a polyhedron) edge,0,,,,,,,,578
brúnahorn,0,na,hk,Eintala,,,,,,,,dihedral angle,0,,,,,,,,579
brúnahorn,0,na,hk,Eintala,,,,,,,,edge angle,0,,,,,,,,580
brúnalengd,0,na,kvk,Eintala,,,,,,,,edge length,0,,,,,,,,581
brúunaraðferð,0,na,kvk,Eintala,,,,,,,,interpolation method,0,,,,,,,,583
brúunarfall,0,na,hk,Eintala,,,,,,,extrapolating function,"interpolating function, interpolation function",0,,,,,,,,584
brúunarskekkja,0,na,kvk,Eintala,,,,,,,extrapolation error,interpolation error,0,,,,,,,,585
"brúun, innreiknun, inngiskun",0,na,kvk,Eintala,,,,,,,extrapolation,interpolation,0,,,,,,,,582
bryddað fylki,0,na,hk,Eintala,,,,,,,,bordered matrix,0,,,,,,,,586
brydding,0,na,kvk,Eintala,,,,,,,,bordering,0,,,,,,,,587
bryddingaraðferð,0,na,kvk,Eintala,,,,,,,,bordering method,0,,,,,,,,588
"bryggja, útgizka, útreikna",0,sag,,,,,,,,,interpolate,extrapolate,0,,,,,,,,589
bryggjunarfall,0,na,hk,Eintala,,,,,,,,"extrapolating function, extrapolation function",0,,,,,,,,591
bryggjunarskekkja,0,na,kvk,Eintala,,,,,,,interpolation error,extrapolation error,0,,,,,,,,592
"bryggjun, útgiskun, útreiknun",0,na,kvk,Eintala,,,,,,,interpolation,extrapolation,0,,,,,,,,590
bundin,0,na,,Eintala,,,,,,,"bundle of lines, pencil","(in geometry) bundle, sheaf",0,,,,,,,,593
bundin,0,na,,Eintala,,,,,,,"complex line bundle, dual bundle, fibre bundle, jet bundle, line bundle, normal bundle, spin bundle, tangent bundle, tensor bundle, trivial bundle, vector bundle",(in topology and analysis) bundle,0,,,,,,,,594
bundinn Riemann-flötur,0,na,kk,Eintala,,,,,,,,concrete Riemann surface,0,,,,,,,,600
bundinn vigur,0,na,kk,Eintala,,,,,,,free vector,"bound vector, fixed vector, localized vector",0,,,,,,,,601
"bundin af hvelum, hvelabundin",0,na,,,,,,,,,,"(in geometry) bundle of spheres, sheaf of spheres",0,,,,,,,,595
"bundin af línum, línubundin",0,na,,,,,,,,,,"bundle of lines, sheaf of lines",0,,,,,,,,596
"bundin af samsíða línum, samsíðubundin",0,na,,,,,,,,,,"bundle of parallel lines, sheaf of parallel lines",0,,,,,,,,597
"bundin af sléttum, sléttubundin",0,na,,,,,,,,,pencil of planes,"bundle of planes, sheaf of planes",0,,,,,,,,598
"bundin breyta, bundin breytistærð, leppbreyta",0,na,hk,Eintala,,,,,,,bind,"bound variable, dummy variable",0,,,,,,,,599
burðarmengi,0,na,hk,Eintala,,,,,,,,carrier,0,,,,,,,,602
"burður, flutningur",0,na,kk,Eintala,,,,,,,,convection,0,,,,,,,,603
burtséð frá,0,,,,,,,,,,,"apart from, except for, up to",0,,,,,,,,604
"bútaaðferð, bútunaraðferð",0,na,kvk,Eintala,,,,,,,,finite element method,0,,,,,,,,605
bútur,0,na,kk,Eintala,,,,,,,,finite element,0,,,,,,,,606
"bútur, bogi",0,na,kk,Eintala,,,,,,,,(of a curve) segment,0,,,,,,,,607
"byggja, byggja upp, búa til, smíða",0,sag,,,,,,,,,,construct,0,,,,,,,,608
"bylgja, alda",0,na,kvk,Eintala,,,,,,,,wave,0,,,,,,,,609
"bylgjujafna, öldujafna",0,na,kvk,Eintala,,,,,,,,wave equation,0,,,,,,,,610
bylta,0,sag,,,,,,,,,,transpose,0,,,,,,,,611
"bylta (fylkis), bylt fylki",0,na,,Eintala,,,,,,,,"(of a matrix) transpose, transpose matrix, transposed matrix",0,,,,,,,,612
bylting,0,na,kvk,Eintala,,,,,,,,(of a matrix) transposition,0,,,,,,,,613
byrjunarlausn,0,na,kvk,Eintala,,,,,,,,initial solution,0,,,,,,,,614
"bæti, tölvustafur",0,na,,Eintala,,,,,,,,byte,0,,,,,,,,399
dálkaðgerð,0,na,kvk,Eintala,,,,,,,,column operation,0,,,,,,,,634
"dálkauppstokkun, dálkaumröðun",0,na,kvk,Eintala,,,,,,,,permutation of columns,0,,,,,,,,635
"dálkfylki, eindálkafylki, súlufylki",0,na,hk,Eintala,,,,,,,column vector,"column matrix, one-column matrix, single-column matrix",0,,,,,,,,636
dálkmeðaltal,0,na,hk,Eintala,,,,,,,,"column mean, column average",0,,,,,,,,637
dálkstétt,0,na,kvk,Eintala,,,,,,,,column rank,0,,,,,,,,638
"dálksumma, dálksamtala",0,na,kvk,Eintala,,,,,,,,column total,0,,,,,,,,639
"dálkur, súla",0,na,,Eintala,,,,,,,,column,0,,,,,,,,640
"dálkvigur, súluvigur",0,na,kk,Eintala,,,,,,,column matrix,column vector,0,,,,,,,,641
dálkvísir,0,na,kk,Eintala,,,,,,,,column index,0,,,,,,,,642
dánartíðni,0,na,kvk,Eintala,,,,,,,,mortality rate,0,,,,,,,,643
Dedekind-baugur,0,na,kk,Eintala,,,,,,,,Dedekind domain,0,,,,,,,,644
Dedekind-snið,0,na,hk,Eintala,,,,,,,,Dedekind cut,0,,,,,,,,645
deila,0,sag,,,,,,,,,,divide,0,,,,,,,,646
deilaflokkur,0,na,kk,Eintala,,,,,,,,divisor class,0,,,,,,,,647
deilanlegur,0,ls,kk,Eintala,Sagt er að <ref idTerm=3475>náttúruleg tala</ref> \(m\) sé \textit{deilanleg með} \(n\) ef \(n\) <ref idTerm=1599>gengur upp í</ref> \(m\).,,,,,,,divisible,0,,,,,,,,648
deilanleiki,0,na,kk,Eintala,,,,,,,,divisibility,0,,,,,,,,649
deilasumma,0,na,kvk,Eintala,,,,,,,,divisor sum,0,,,,,,,,650
deildaalgebra,0,na,kvk,Eintala,,,,,,,,quotient algebra,0,,,,,,,,653
deildabaugur,0,na,kk,Eintala,,,,,,,,"factor ring, quotient ring, residue class ring",0,,,,,,,,654
"deildaform, diffurform",0,na,hk,Eintala,,,,,,,symmetric differential form,differential form,0,,,,,,,,655
deildagrannmynstur,0,na,hk,Eintala,,,,,,,,"identification topology, quotient topology",0,,,,,,,,656
deildagrúpa,0,na,kvk,Eintala,,,,,,,,"factor group, group of quotients, quotient group",0,,,,,,,,657
"deildajafna, afleiðujafna, diffurjafna",0,na,kvk,Eintala,,,,,,,"ordinary differential equation, partial differential equation",differential equation,0,,,,,,,,658
deildamengi,0,na,hk,Eintala,,,,,,,,"factor set, quotient set",0,,,,,,,,659
"deildamóta, diffurmóta",0,ls,,Eintala,,,,,,,,diffeomorphic,0,,,,,,,,660
deildamótull,0,na,kk,Eintala,,,,,,,,"factor module, quotient module",0,,,,,,,,661
"deildamótun, diffurmótun",0,na,kvk,Eintala,,,,,,,,diffeomorphism,0,,,,,,,,662
deildamyndun,0,na,kvk,Eintala,,,,,,,,factorization,0,,,,,,,,663
deildamynstur,0,na,hk,Eintala,,,,,,,,quotient structure,0,,,,,,,,664
"deildanlegur á köflum, diffranlegur á köflum",0,ls,kk,Eintala,,,,,,,,piecewise differentiable,0,,,,,,,,666
"deildanlegur frá hægri, diffranlegur frá hægri",0,ls,kk,Eintala,,,,,,,,"differentiable on the right, right differentiable, right-hand differentiable",0,,,,,,,,667
"deildanlegur frá vinstri, diffranlegur frá vinstri",0,ls,hk,Eintala,,,,,,,,"differentiable on the left, left differentiable, left-hand differentiable",0,,,,,,,,668
"deildanlegur í punkti, diffranlegur í punkti",0,ls,kk,Eintala,,,,,,,,differentiable at a point,0,,,,,,,,669
"deildanlegur, diffranlegur",0,ls,kk,Eintala,,,,,,,totally differentiable,differentiable,0,,,,,,,,670
"deildanleg víðátta, diffranleg víðátta",0,na,kvk,Eintala,,,,,,,smooth manifold,differentiable manifold,0,,,,,,,,665
"deildanleiki, diffranleiki",0,na,kk,Eintala,,,,,,,,"(in analysis) derivability, differentiability",0,,,,,,,,671
"deildareikningur, diffurreikningur",0,na,kk,Eintala,,,,,,,differential and integral calculus,differential calculus,0,,,,,,,,672
deildarúm,0,na,hk,Eintala,,,,,,,"factor space, identification space, quotient space",coset space,0,,,,,,,,673
"deildarúmfræði Riemanns, Riemann-deildarúmfræði",0,na,kvk,Eintala,,,,,,,,"Riemannian differential geometry, Riemannian geometry",0,,,,,,,,675
"deildarúmfræði, diffurrúmfræði",0,na,kvk,Eintala,,,,,,,,differential geometry,0,,,,,,,,676
"deildastuðull, deildahlutfall, diffurkvóti, afleiða í punkti",0,na,,Eintala,,,,,,,,"derivative at a point, differential coefficient, differential quotient",0,,,,,,,,677
"deildastuðull, deildahlutfall, diffurkvóti, afleiða (í punkti)",0,na,kk,Eintala,,,,,,,,"differential coefficient, derivative at a point, differential quotient",0,,,,,,,,6567
deildavensl,0,na,hk,Fleirtala,,,,,,,,quotient relation,0,,,,,,,,678
"deildavirki, diffurvirki, afleiðuvirki",0,na,kk,Eintala,,,,,,,,differential operator,0,,,,,,,,679
"deilda, diffra",0,sag,,,,,,,,,,differentiate,0,,,,,,,,652
"deilda- og heildareikningur, diffur- og tegurreikningur, örsmæðareikningur, reiknivísi",0,na,kk,Eintala,,,,,,,"analysis, differential calculus, integral calculus","calculus, differential and integral calculus, infinitesimal calculus",0,,,,,,,,651
"deildi, diffur",0,na,hk,Eintala,,,,,,,total differential,differential,0,,,,,,,,680
"deildunarvirki, diffrunarvirki",0,na,kk,Eintala,,,,,,,,differentiation operator,0,,,,,,,,682
"deildun, diffrun",0,na,kvk,Eintala,,,,,,,,"(in calculus) derivation, differentiation",0,,,,,,,,681
deilibaugur,0,na,kk,Eintala,,,,,,,,"division ring, skew field",0,,,,,,,,683
deiling,0,na,kvk,Eintala,,,,,,,,division,0,,,,,,,,684
"deilingaraðferð, deilingarreiknirit",0,na,,Eintala,,,,,,,,division algorithm,0,,,,,,,,687
deilingarmerki,0,na,hk,Eintala,,,,,,,,division sign,0,,,,,,,,688
deiling án afgangs,0,na,kvk,Eintala,<ref idTerm=686>Deiling</ref> <ref idTerm=3475>náttúrulegrar tölu</ref> með annarri náttúrulegri tölu þar sem <ref idTerm=105>afgangurinn</ref> er 0.,,,,,,,exact division,0,,,,,,,,685
deiling með afgangi,0,na,kvk,Eintala,Ef \(n\) og \(d\) eru <ref idTerm=3475>náttúrulegar tölur</ref> þannig að \(d \neq 0\) þá eru til nátturulegar tölur \(q\) og \(r\) sem uppfylla \[n = q \cdot d + r \quad \text{og} \quad 0 \leq r < d. \]\n\nAð rita \(n\) á þessu formi nefnist þá að \textit{deila <ref idTerm=5397>tölunni</ref> \(d\) upp í \(n\)}. Talan \(q\) kallast \textit{kvóti} deilingarinnar og talan\n\(r\) \textit{afgangur} hennar.,"Skilgreiningin er setning sem er kennd við forngríska <ref idTerm=5117>stærðfræðinginn</ref> Evklíð. Hún er samtímis formleg skilgreining á deilingu heillra talna auk þess að hún gefur af sér eftirfarandi reiknirit til þess að framkvæma slíka deilingu: \n\nEf \(n > d\) þá getum við dregið \(d\) frá \(n\) og endað með tölu \(m\) sem er minni en \(n\). Ef \(m>d\) þá getum við endurtekið leikinn og dregið \(d\) frá \(m\) og endað þannig með tölu \(o<m\). Eftir ákveðið mörg skref, segjum \(q\) skref, endum við með tölu \(r\) sem er minni en \(d\). Þá er \(q\) kvóti deilingarinnar og talan \(r\) afgangur hennar.",,,,,,division with remainder,0,,,,,,,,686
deilir,0,na,kk,Eintala,,,,,,,,divisor,0,,,,,,,,689
deilistofn,0,na,kk,Eintala,,,,,,,,dividend,0,,,,,,,,690
"deltafelli, deltafall, deltafelli Diracs, deltafall Diracs",0,na,hk,Eintala,,,,,,,,"delta function, Dirac delta function",0,,,,,,,,691
deltaferill,0,na,kk,Eintala,,,,,,,,"deltoid, tricuspid curve",0,,,,,,,,692
"depilfeldi, innfeldi, innra margfeldi",0,na,hk,Eintala,,,,,,,,"dot product, inner product, scalar product",0,,,,,,,,693
"Desargues-setningin meiri, stóra Desargues-setningin",0,na,kvk,Eintala,,,,,,,,major theorem of Desargues,0,,,,,,,,695
"Desargues-setningin minni, litla Desargues-setningin",0,na,kvk,Eintala,,,,,,,,minor theorem of Desargues,0,,,,,,,,696
"Desargues-slétta, argesk slétta",0,na,kvk,Eintala,,,,,,,,Desarguesian plane,0,,,,,,,,697
"Desargues-, argeskur",0,,,Eintala,,,,,,,,"Arguesian, Desarguesian",0,,,,,,,,694
deyfð sveifla,0,na,kvk,Eintala,,,,,,,,damped oscillation,0,,,,,,,,698
Dirichlet-dreifing,0,na,kvk,Eintala,,,,,,,,Dirichlet distribution,0,,,,,,,,701
Dirichlet-röð,0,na,kvk,Eintala,,,,,,,,Dirichlet series,0,,,,,,,,702
Díofantosargreining,0,na,kvk,Eintala,,,,,,,,diophantine analysis,0,,,,,,,,699
Díofantosarjafna,0,na,kvk,Eintala,,,,,,,,diophantine equation,0,,,,,,,,700
draga,0,sag,,,,,,,,,"drawing with replacement, drawing without replacement",draw,0,,,,,,,,703
draga frá,0,sag,,,,,,,,,,subtract,0,,,,,,,,705
draga saman,0,sag,,,,,,,,,,contract,0,,,,,,,,706
draga (rót),0,sag,,,,,,,,,take,(a root) extract,0,,,,,,,,704
draugalest,0,na,kvk,Eintala,,,,,,,,spectral sequence,0,,,,,,,,710
dráttarferill,0,na,kk,Eintala,,,,,,,,tractrix,0,,,,,,,,707
dráttur án skila,0,na,kk,Eintala,,,,,,,,drawing without replacement,0,,,,,,,,708
dráttur með skilum,0,na,kk,Eintala,,,,,,,,drawing with replacement,0,,,,,,,,709
"dreifafræði, dreififellafræði",0,na,kvk,Eintala,,,,,,,,distribution theory,0,,,,,,,,712
"dreifarlausn, dreififellislausn",0,na,kvk,Eintala,,,,,,,weak solution,distribution solution,0,,,,,,,,713
dreifður,0,ls,kk,Eintala,,,,,,,,(of a subset) discrete,0,,,,,,,,714
dreifing,0,na,kvk,Eintala,,,,,,,value distribution,(general) distribution,0,,,,,,,,715
dreifingafjölskylda,0,na,kvk,Eintala,,,,,,,,distribution family,0,,,,,,,,717
"dreifingarfall, dreififall, líkindadreifingarfall",0,na,hk,Eintala,,,,,,,"cumulative frequency function, cumulative relative frequency function, partition function","cumulative distribution function, cumulative probability function, distribution, distribution function, probability distribution function, probability function",0,,,,,,,,718
dreifingarferill,0,na,kk,Eintala,,,,,,,,distribution curve,0,,,,,,,,719
dreifingargerð,0,na,kvk,Eintala,,,,,,,,distribution type,0,,,,,,,,720
dreifingaróháður,0,ls,kk,Eintala,,,,,,,non-parametric,distribution-free,0,,,,,,,,721
"dreifing, líkindadreifing",0,na,kvk,Eintala,,,,,,,"a posteriori distribution, a priori distribution, arithmetic distribution, asymmetric distribution, Bernoulli distribution, beta distribution, bimodal distribution, binomial distribution, binormal distribution, bivariate distribution, bivariate normal distribution, Cauchy distribution, centred and normed distribution, chi-distribution, chi-square distribution, chi-squared distribution, composite distribution, compound distribution, conditional distribution, contagious distribution, continuous uniform distribution, cumulative normal distribution, curve of normal distribution, Dirichlet distribution, discrete distribution, double-peaked distribution, error distribution curve, exponential distribution, frequency distribution, Gauss distribution, joint distribution, marginal distribution, mixed distribution, multidimensional distribution, multimodal distribution, multinomial distribution, multivariate distribution, normal distribution, normal distribution curve, one-dimensional distribution, Poisson distribution, polynomial distribution, posterior distribution, prior distribution, rectangular distribution, standardized distribution, standardized normal distribution, superposition of distributions, \(t\)-distribution, tolerance distribution, uniform distribution, unimodal distribution, univariate distribution","(in probability theory and statistics) distribution, probability distribution, random distribution",0,,,,,,,,716
dreifinn,0,ls,kk,Eintala,<ref idTerm=46>Reikniaðgerð</ref> \(\odot\) er sögð vera \textit{dreifin} yfir \(\oplus\) ef \(\odot\) og \(\oplus\) fullnægja <ref idTerm=723>dreifireglunni</ref>.,,,,,,,distributive,0,,,,,,,,722
dreifiregla,0,na,kvk,Eintala,"Ef \(\odot\) og \(\oplus\) eru <ref idTerm=5702>tvístæðar reikniaðgerðir</ref> á <ref idTerm=>mengi</ref> \(X\) er sagt að \(\odot\) og \(\oplus\) fullnægi \textit{dreifireglunni} ef fyrir sérhver <ref idTerm=5128>stök</ref> \(x, y, z \in X\) gildir að \[ x \odot (y \oplus z) = (x \odot y) \oplus (x \odot z) \] og \[ (y \oplus z) \odot x = (y \odot x) \oplus (z \odot x) .\]","Sagt er að \(\odot\) og \(\oplus\) fullnægi \textit{dreifireglunni frá vinstri} ef fyrir sérhver stök \(x, y, z \in X\) gildir að \[ x \odot (y \oplus z) = (x \odot y) \oplus (x \odot z). \] Á sama hátt er sagt að \(\odot\) og \(\oplus\) fullnægi \textit{dreifireglunni frá hægri} ef fyrir sérhver stök \(x, y, z \in X\) gildir að \[ (y \oplus z) \odot x = (y \odot x) \oplus (z \odot x). \] Því er sagt að \(\odot\) og \(\oplus\) fullnægi dreifireglunni ef \(\odot\) og \(\oplus\) fullnægi dreifireglunni bæði frá vinstri og hægri. Ef \(\odot\) er <ref idTerm=6228>víxlin</ref> þá er hún sjálfkrafa dreifin yfir \(\oplus\) ef hún er dreifin annaðhvort frá hægri eða vinstri.",,,,,"left distributive law, right distributive law",distributive law,0,,,,,,,,723
"dreifirit, punktaský, punktarit",0,na,hk,Eintala,,,,,,,,"correlation diagram, dispersion diagram, scatter diagram, scattergram",0,,,,,,,,724
dreifni,0,na,kvk,Eintala,,,,,,,,distributivity,0,,,,,,,,725
dreifnihlutfall,0,na,hk,Eintala,,,,,,,,variance ratio,0,,,,,,,,726
dreift hlutmengi,0,na,hk,Eintala,,,,,,,,discrete subset,0,,,,,,,,727
dreifvirðing,0,na,kvk,Eintala,,,,,,,,discrete valuation,0,,,,,,,,728
dreifvirðingarbaugur,0,na,kk,Eintala,,,,,,,,discrete valuation ring,0,,,,,,,,729
"dreif, dreififelli, dreififall",0,na,,Eintala,,,,,,,"tame distribution, tempered distribution","(generalized function) distribution, generalized function",0,,,,,,,,711
drómasetning,0,na,kvk,Eintala,,,,,,,,"monodromy theorem, principle of monodromy",0,,,,,,,,730
drómi,0,na,kk,Eintala,,,,,,,,monodromy,0,,,,,,,,731
Dynkin-rit,0,na,hk,Eintala,,,,,,,,Dynkin diagram,0,,,,,,,,732
Dynkin-safn,0,na,hk,Eintala,,,,,,,,Dynkin set,0,,,,,,,,733
dýpt,0,na,kvk,Eintala,,,,,,,,(of a module with respect to an ideal) depth,0,,,,,,,,734
dæmigerður,0,ls,kk,Eintala,,,,,,,,representative,0,,,,,,,,631
dæmigert stak,0,na,hk,Eintala,,,,,,,arbitrary element,typical element,0,,,,,,,,632
dæmigert úrtak,0,na,hk,Eintala,,,,,,,,representative sample,0,,,,,,,,633
"dæmi, sýnidæmi",0,na,hk,Eintala,,,,,,,,example,0,,,,,,,,629
"dæmi, þraut, reikningsdæmi, æfingardæmi",0,na,,Eintala,,,,,,,arithmetic problem,"exercise, problem",0,,,,,,,,630
d'Alembert-virki,0,na,kk,Eintala,,,,,,,,d'Alembertian,0,,,,,,,,628
eða,0,sam,,,,,,,,,"alternation, disjunction, exclusive disjunction",or,0,,,,,,,,735
eða-tákn,0,na,hk,Eintala,,,,,,,,disjunction sign,0,,,,,,,,736
eðun,0,na,kvk,Eintala,Fyrir sérhverjar <ref idTerm=1515>yrðingar</ref> \(p\) og \(q\) er \(p \vee q\) (lesið: „\(p\) eða \(q\)“) sú yrðing sem segir að að minnsta kosti önnur yrðinganna \(p\) og \(q\) sé <ref idTerm=4565>sönn</ref>.,"Þessari staðreynd má lýsa með töflunni að neðan, sem sýnir sanngildi \(p \vee q\) eftir ólíkum sanngildum \(p\) annars vegar og \(q\) hins vegar.",,,,,,"alternation, disjunction, inclusive disjunction, logical sum",0,,,,,,,,737
"eðunarhluti, eðunarliður",0,na,kk,Eintala,,,,,,,,"disjunct, partial disjunction",0,,,,,,,,738
efra flokksmark,0,na,hk,Eintala,,,,,,,,lower class limit,0,,,,,,,,740
efra flokksmark,0,na,hk,Eintala,,,,,,,,upper class limit,0,,,,,,,,741
"efra heildi, efra tegur",0,na,hk,Eintala,,,,,,,,upper integral,0,,,,,,,,742
"efra markgildi, stærsti þéttipunktur, efsti þéttipunktur",0,na,,Eintala,,,,,,,,"limit superior, limes superior, superior limit, upper limit",0,,,,,,,,744
"efra mark, hámark",0,na,hk,Eintala,\textit{Efra mark} <ref idTerm=4093>rauntölu</ref><ref idTerm=3270>mengis</ref> er minnsta <ref idTerm=6280>yfirtala</ref> þess.,,,,,,"bound, join, l. u. b.\ekkipunktur","least upper bound, lowest upper bound, supremum",0,,,,,,,,743
efra stýrimark,0,na,hk,Eintala,,,,,,,,lower control limit,0,,,,,,,,746
efra stýrimark,0,na,hk,Eintala,,,,,,,,upper control limit,0,,,,,,,,747
efra þríhyrningsfylki,0,na,hk,Eintala,,,,,,,,upper triangular matrix,0,,,,,,,,748
efra öryggisbil,0,na,hk,Eintala,,,,,,,,upper confidence interval,0,,,,,,,,745
"efri miðjuruna, efri miðjuturn",0,ls,,Eintala,,,,,,,,upper central series,0,,,,,,,,749
"efri stallagerð, efri þrepagerð, efri þrepaskipan",0,na,,Eintala,,,,,,,,upper echelon form,0,,,,,,,,750
efri stéttar rökfræði,0,na,kvk,Eintala,,,,,,,,higher-order logic,0,,,,,,,,751
efri þríhyrningsgrúpa,0,na,kvk,Eintala,,,,,,,,upper triangular group,0,,,,,,,,752
"efsta gildi, hæsta gildi, stærsta gildi, stærsta hágildi, víðfeðmt hágildi",0,na,hk,Eintala,,,,,,,maximum,"absolute maximum, global maximum, largest value, maximal value, maximum in the large, maximum value",0,,,,,,,,753
eftirádreifing,0,na,kvk,Eintala,,,,,,,,"a posteriori distribution, distribution a posteriori, posterior distribution",0,,,,,,,,755
eftirálíkindi,0,na,hk,Fleirtala,,,,,,,,"a posteriori probability, posterior probability",0,,,,,,,,756
eftirámat,0,na,hk,Eintala,,,,,,,,"a posteriori estimate, posterior estimate",0,,,,,,,,757
eftirfararaðtala,0,na,kvk,Eintala,,,,,,,,"non-limiting ordinal, ordinal of the first kind, successor ordinal",0,,,,,,,,758
eftirfari,0,na,kk,Eintala,,,,,,,,successor,0,,,,,,,,759
eftirlit,0,na,hk,Eintala,,,,,,,,control,0,,,,,,,,760
eftirlitsrit,0,na,hk,Eintala,,,,,,,,control chart,0,,,,,,,,761
eftirtáknun,0,na,kvk,Eintala,,,,,,,"parenthesis-free notation, Polish notation, prefix notation",postfix notation,0,,,,,,,,762
eftir á,0,,,,,,,,,,,a posteriori,0,,,,,,,,754
"ef og aðeins ef, þá og því aðeins að",0,,,,,,,,,,iff,"if and only if, when and only when",0,,,,,,,,739
"eggferill, eggbaugur",0,na,kk,Eintala,,,,,,,,oval,0,,,,,,,,764
eggflötur,0,na,kk,Eintala,,,,,,,,ovaloid,0,,,,,,,,765
eggin á fleygnum,0,na,,Eintala,,,,,,,,edge of the wedge,0,,,,,,,,766
"egg-, egglaga",0,,,,,,,,,,,oval,0,,,,,,,,763
"eiði, slitmengi",0,na,hk,Eintala,,,,,,,,"cut set, separating set",0,,,,,,,,767
"eiginaðhvarf, sjálfsaðhvarf",0,na,hk,Eintala,,,,,,,,autoregression,0,,,,,,,,768
"eiginaðhverfur, sjálfsaðhverfur",0,ls,kk,Eintala,,,,,,,,autoregressive,0,,,,,,,,769
eigindlegur,0,ls,kk,Eintala,,,,,,,,qualitative,0,,,,,,,,770
eigindlegur eiginleiki,0,na,kk,Eintala,,,,,,,,qualitative property,0,,,,,,,,771
eiginfall,0,na,hk,Eintala,,,,,,,characteristic vector,"characteristic function, eigenfunction, proper function",0,,,,,,,,772
"eiginfylgnifall, sjálffylgnifall",0,na,hk,Eintala,,,,,,,,autocorrelation function,0,,,,,,,,774
"eiginfylgnirit, sjálffylgnirit",0,na,hk,Eintala,,,,,,,,autocorrellogram,0,,,,,,,,775
"eiginfylgnistuðull, sjálffylgnistuðull",0,na,kk,Eintala,,,,,,,,autocorrelation coefficient,0,,,,,,,,776
"eiginfylgni, sjálffylgni",0,na,kvk,Eintala,,,,,,,,autocorrelation,0,,,,,,,,773
eigingildi,0,na,hk,Eintala,,,,,,,characteristic root,"characteristic value, characteristic number, eigenvalue, proper value",0,,,,,,,,777
eigingildisverkefni,0,na,hk,Eintala,,,,,,,,"eigenvalue problem, proper value problem",0,,,,,,,,778
eiginlausn,0,na,kvk,Eintala,,,,,,,eigenvector,eigensolution,0,,,,,,,,779
eiginlega ósamleitinn,0,ls,kk,Eintala,,,,,,,,properly divergent,0,,,,,,,,789
eiginlega samsniða,0,ls,,Eintala,,,,,,,"congruent, inversely congruent, oppositely congruent",directly congruent,0,,,,,,,,790
eiginlegt brot,0,na,hk,Eintala,,,,,,,,proper fraction,0,,,,,,,,791
eiginlegt hlutmengi,0,na,hk,Eintala,,,,,,,,proper subset,0,,,,,,,,792
eiginlegt hlutrúm,0,na,hk,Eintala,,,,,,,,proper subspace,0,,,,,,,,793
eiginlegt hlutsvið,0,na,hk,Eintala,,,,,,,,proper subfield,0,,,,,,,,794
eiginlegt rætt fall,0,na,hk,Eintala,,,,,,,,proper rational function,0,,,,,,,,795
"eiginlegt þverstaðlað fylki, snúningsfylki",0,na,hk,Eintala,,,,,,,,"proper orthogonal matrix, rotation matrix",0,,,,,,,,796
eiginlegur,0,ls,kk,Eintala,,,,,,,,proper,0,,,,,,,,797
eiginlegur deilir,0,na,kk,Eintala,,,,,,,,"aliquot part, aliquot, proper divisor",0,,,,,,,,798
eiginlegur flokkur,0,na,kk,Eintala,,,,,,,paradoxical set,proper class,0,,,,,,,,799
"eiginlegur flutningur, eiginleg hreyfing",0,na,kk,Eintala,,,,,,,,"motion, proper motion",0,,,,,,,,800
eiginlegur óendanleiki,0,na,kk,Eintala,,,,,,,potential infinity,"actual infinity, completed infinity, proper infinity",0,,,,,,,,801
eiginlegur punktur,0,na,kk,Eintala,,,,,,,,proper point,0,,,,,,,,802
eiginleg frumsenda,0,na,kvk,Eintala,,,,,,,"axiom, logical axiom, mathematical axiom","non-logical axiom, proper axiom",0,,,,,,,,780
eiginleg hlutgrúpa,0,na,kvk,Eintala,,,,,,,,proper subgroup,0,,,,,,,,781
eiginleg hlutvera,0,na,kvk,Eintala,,,,,,,,proper inclusion,0,,,,,,,,782
eiginleg ósamleitni,0,na,kvk,Eintala,,,,,,,improper divergence,proper divergence,0,,,,,,,,783
"eiginleg tvinntala, þverkynja tala, þverkyns tala",0,na,kvk,Eintala,,,,,,,,(complex number not real) imaginary number,0,,,,,,,,784
"eiginleg útvíkkun, eiginleg víkkun",0,na,kvk,Eintala,,,,,,,,proper extension,0,,,,,,,,785
eiginleg vörpun,0,na,kvk,Eintala,,,,,,,,proper mapping,0,,,,,,,,786
"eiginleg þverstaðalgrúpa, snúningagrúpa, snúningsgrúpa",0,na,kvk,Eintala,,,,,,,,"proper orthogonal group, rotation group, special orthogonal group",0,,,,,,,,787
"eiginleg þverstaðalvörpun, snúningur",0,na,,Eintala,,,,,,,orientation-preserving isometry,"proper orthogonal transformation, rotation",0,,,,,,,,788
eiginleiki,0,na,kk,Eintala,,,,,,,,property,0,,,,,,,,803
eiginleikinn um endanleg snið,0,na,kk,Eintala,,,,,,,,finite intersection property,0,,,,,,,,804
eiginrófsþéttleiki,0,na,kk,Eintala,,,,,,,,autospectral density,0,,,,,,,,805
eiginrúm,0,na,hk,Eintala,,,,,,,,"characteristic space, eigenspace",0,,,,,,,,806
eiginslétta,0,na,kvk,Eintala,,,,,,,,characteristic plane,0,,,,,,,,807
eiginvigrafylki,0,na,hk,Eintala,,,,,,,,"modal matrix, polar matrix",0,,,,,,,,809
"eiginvigur, eiginvektor",0,na,kk,Eintala,,,,,,,eigenfunction,"characteristic vector, characteristic solution, eigenvector, proper vector",0,,,,,,,,810
"eiginvídd, rúmfræðileg margfeldni",0,na,kvk,Eintala,,,,,,,,geometric multiplicity,0,,,,,,,,808
eileif,0,na,kvk,Eintala,,,,,,,,non-residue,0,,,,,,,,811
einangraður,0,ls,kk,Eintala,,,,,,,,isolated,0,,,,,,,,812
einangraður hluti,0,na,kk,Eintala,,,,,,,,(set of isolated points) adherence,0,,,,,,,,813
einangraður punktur,0,na,kk,Eintala,,,,,,,"acnodal point, acnode, conjugate point",isolated point,0,,,,,,,,814
einangraður sérstöðupunktur,0,na,kk,Eintala,,,,,,,,"isolated singularity, isolated singular point",0,,,,,,,,815
"einblaða breiðbogaflötur, einskála breiðbogaflötur",0,na,kk,Eintala,,,,,,,,"hyperboloid of one sheet, one-sheet hyperboloid",0,,,,,,,,816
eind,0,na,kvk,Eintala,,,,,,,,(invertible element in a ring) unit,0,,,,,,,,817
"eindagrúpa, margföldunargrúpa",0,na,kvk,Eintala,,,,,,,,"group of units, multiplicative group, unit group",0,,,,,,,,818
"eindregið frumsendukerfi, eindregið frumsetningakerfi",0,na,hk,Eintala,,,,,,,,categorical axiom system,0,,,,,,,,819
eindreginn,0,ls,kk,Eintala,,,,,,,,categorical,0,,,,,,,,820
einfalda,0,sag,,,,,,,,,simplify,reduce,0,,,,,,,,821
einfalda,0,sag,,,,,,,,,reduce,simplify,0,,,,,,,,822
einfaldlega gegnvirkur,0,ls,kk,Eintala,,,,,,,,simply transitive,0,,,,,,,,823
einfaldlega lotubundinn,0,ls,kk,Eintala,,,,,,,,simply periodic,0,,,,,,,,824
"einfaldlega samanhangandi, einfaldlega samhangandi",0,ls,,Eintala,,,,,,,,simply connected,0,,,,,,,,825
einfaldur,0,ls,kk,Eintala,,,,,,,,simple,0,,,,,,,,826
"einfaldur atburður, frumatburður",0,na,kk,Eintala,,,,,,,atom,"elementary event, simple event",0,,,,,,,,827
einfaldur baugur,0,na,kk,Eintala,,,,,,,,simple ring,0,,,,,,,,828
"einfaldur bogi, einfaldur ferill",0,ls,kk,Eintala,,,,,,,,"Jordan arc, simple arc",0,,,,,,,,829
"einfaldur hnútur, smárahnútur",0,na,kk,Eintala,,,,,,,,cloverleaf knot,0,,,,,,,,830
einfaldur leggur,0,ls,kk,Eintala,,,,,,,,simple edge,0,,,,,,,,831
einfaldur marghyrningur,0,na,kk,Eintala,<ref idTerm=3161>Marghyrningur</ref> sem er þannig að engar tvær <ref idTerm=2048>hliðar</ref> hans <ref idTerm=4771>skerast</ref>.,,,,,,,simple polygon,0,,,,,,,,832
einfaldur punktur,0,na,kk,Eintala,,,,,,,"ordinary point, regular point",simple point,0,,,,,,,,833
"einfaldur vegur, braut",0,ls,,Eintala,,,,,,,,"simple walk, trail",0,,,,,,,,834
"einfaldur, grunnstæður",0,ls,kk,Eintala,,,,,,,,elementary,0,,,,,,,,835
einfalt eigingildi,0,na,hk,Eintala,,,,,,,,"simple eigenvalue, simple proper value",0,,,,,,,,836
einfalt fall,0,na,hk,Eintala,,,,,,,"schlicht function, step function",simple function,0,,,,,,,,837
"einfalt fylki, frumfylki",0,na,hk,Eintala,,,,,,,,elementary matrix,0,,,,,,,,838
"einfalt heildi, einvítt heildi, einfalt tegur, einvítt tegur",0,na,hk,Eintala,,,,,,,,simple integral,0,,,,,,,,839
einfalt net,0,na,hk,Eintala,,,,,,,,simple graph,0,,,,,,,,840
einfalt róf,0,na,hk,Eintala,,,,,,,,simple spectrum,0,,,,,,,,841
einfalt samhverft fall,0,na,hk,Eintala,,,,,,,,elementary symmetric function,0,,,,,,,,842
"einfalt skaut, einfaldur póll",0,ls,,Eintala,,,,,,,,"pole of first order, simple pole",0,,,,,,,,843
"einfalt úrtak, hreint úrtak",0,na,hk,Eintala,,,,,,,,unrestricted sample,0,,,,,,,,844
einfari,0,na,kk,Eintala,,,,,,,,outlier,0,,,,,,,,845
einföldun,0,na,kvk,Eintala,,,,,,,simplification,reduction,0,,,,,,,,857
einföldun,0,na,kvk,Eintala,,,,,,,"cancellation, reduction",simplification,0,,,,,,,,858
einföldunarregla,0,na,kvk,Eintala,,,,,,,quadrant relation,reduction formula,0,,,,,,,,859
einföldunarregla (fyrir hornaföll),0,na,kvk,Eintala,,,,,,,reduction formula,quadrant relation,0,,,,,,,,860
einföld aðgerð,0,na,kvk,Eintala,,,,,,,"column operation, row operation",elementary operation,0,,,,,,,,846
einföld hending,0,na,kvk,Eintala,,,,,,,,elementary random variable,0,,,,,,,,847
einföld núllstöð,0,na,kvk,Eintala,,,,,,,simple root,simple zero,0,,,,,,,,848
einföld rás,0,na,kvk,Eintala,,,,,,,,"(simple closed edge sequence) circuit, cycle, elementary circuit, elementary cycle, simple circuit, simple cycle",0,,,,,,,,850
einföld rót,0,na,kvk,Eintala,,,,,,,simple zero,simple root,0,,,,,,,,851
"einföld rúmfræði, grunnstæð rúmfræði",0,na,kvk,Eintala,,,,,,,,elementary geometry,0,,,,,,,,852
"einföld talnafræði, grunnstæð talnafræði",0,na,kvk,Eintala,,,,,,,,elementary number theory,0,,,,,,,,853
"einföld úrtaka, hrein úrtaka",0,na,kvk,Eintala,,,,,,,,unrestricted sampling,0,,,,,,,,854
"einföld útvíkkun, einföld víkkun",0,na,kvk,Eintala,,,,,,,,simple extension,0,,,,,,,,855
einföld þríliða,0,na,kvk,Eintala,,,,,,,,simple rule of three,0,,,,,,,,856
einföld örvarás,0,na,kvk,Eintala,,,,,,,,"(simple closed arc sequence) circuit, cycle, directed circuit, elementary circuit, elementary cycle, elementary directed circuit, elementary directed cycle, simple circuit, simple cycle, simple directed circuit, simple directed cycle",0,,,,,,,,849
eingildur,0,ls,kk,Eintala,,,,,,,,"one-valued, single-valued",0,,,,,,,,862
eingild vörpun,0,na,kvk,Eintala,,,,,,,mapping,single-valued mapping,0,,,,,,,,861
eingilt fall,0,na,hk,Eintala,,,,,,,function,single-valued function,0,,,,,,,,863
einhalla,0,ls,,Eintala,,,,,,,,"monotonic, monotone",0,,,,,,,,864
einhalla á köflum,0,na,,Eintala,,,,,,,,piecewise monotonic,0,,,,,,,,865
einhalla fall,0,na,hk,Eintala,<ref idTerm=1078>Fall</ref> sem er <ref idTerm=0>vaxandi</ref> eða <ref idTerm=0>minnkandi</ref>.,,,,,,,monotonic function,0,,,,,,,,866
einhalla runa,0,na,kvk,Eintala,,,,,,,,monotonic sequence,0,,,,,,,,867
einhalla samleitni,0,na,kvk,Eintala,,,,,,,,monotone convergence,0,,,,,,,,868
einhalli,0,na,kk,Eintala,,,,,,,,"monotonicity, monotony",0,,,,,,,,869
einhliða,0,ls,,Eintala,,,,,,,,"one-sided, unilateral",0,,,,,,,,870
einhliða afleiða,0,na,kvk,Eintala,,,,,,,,"derivative on one side, one-sided derivative, unilateral derivative",0,,,,,,,,871
"einhliða deildanleiki, einhliða diffranleiki",0,na,kk,Eintala,,,,,,,,"differentiability on one side, one-sided differentiability, unilateral differentiability",0,,,,,,,,872
einhliða flötur,0,na,kk,Eintala,,,,,,,,"one-sided surface, surface of one side, unilateral surface",0,,,,,,,,873
einhliða íðal,0,na,hk,Eintala,,,,,,,"left ideal, right ideal",one-sided ideal,0,,,,,,,,874
einhliða markgildi,0,na,hk,Eintala,,,,,,,,one-sided limit,0,,,,,,,,875
einhliða markgildi,0,na,hk,Eintala,,,,,,,,unilateral limit,0,,,,,,,,876
einhliða próf,0,na,hk,Eintala,,,,,,,,"one-sided test, single-tail test",0,,,,,,,,878
"einhliða samfelldni, samfelldni frá annarri hlið",0,na,kvk,Eintala,,,,,,,,"continuity on one side, one-sided continuity",0,,,,,,,,879
einhliða öryggisbil,0,na,hk,Eintala,,,,,,,,one-sided confidence interval,0,,,,,,,,877
einhluta,0,ls,,Eintala,,,,,,,,unipartite,0,,,,,,,,880
einhluta keilusnið,0,na,hk,Eintala,,,,,,,,unipartite conic,0,,,,,,,,881
einingarbil,0,na,hk,Eintala,,,,,,,,unit interval,0,,,,,,,,882
einingarfall,0,na,hk,Eintala,,,,,,,,unit function,0,,,,,,,,883
einingarferningur,0,na,kk,Eintala,<ref idTerm=1163>Ferningur</ref> með <ref idTerm=0>hliðarlengd</ref> 1.,,,,,,,unit square,0,,,,,,,,884
einingarfylki,0,na,hk,Eintala,,,,,,,,"identity matrix, unit matrix",0,,,,,,,,885
"einingarhringskífa, einingarskífa",0,na,kvk,Eintala,,,,,,,,unit disc,0,,,,,,,,886
einingarhringur,0,na,kk,Eintala,<ref idTerm=2295>Hringur</ref> með <ref idTerm=1619>geisla</ref> 1.,"Hægt er að skilgreina <ref idTerm=2202>hornaföllin</ref> með tilliti til einingarhringsins en í <ref idTerm=6595>karteskri sléttu</ref> hefur <ref idTerm=4001>punktur</ref> \((x,y)\) á einingarhringnum <ref idTerm=2143>hnitin</ref> \((\cos(\theta),\sin(\theta))\) þar sem \(\theta\in[0,2\pi)\) er <ref idTerm=2198>hornið</ref> sem <ref idTerm=2958>línustrikið</ref> frá \((0,0)\) til \((x,y)\) myndar við <ref idTerm=2535>jákvæða</ref> <ref idTerm=6252>\(x\)-ásinn</ref>.",,,,,,unit circle,0,,,,,,,,887
einingarhvel,0,na,hk,Eintala,,,,,,,,unit sphere,0,,,,,,,,888
einingarkúla,0,na,kvk,Eintala,,,,,,,,unit ball,0,,,,,,,,889
einingarrót,0,na,kvk,Eintala,,,,,,,,root of unity,0,,,,,,,,890
"einingarskipting, einingarhlutun, hlutun á einum",0,na,kvk,Eintala,,,,,,,,partition of unity,0,,,,,,,,891
"einingarvigur, einingarvektor",0,na,kk,Eintala,,,,,,,,"normalized vector, unit vector",0,,,,,,,,892
"eining, einingarstak, margföldunarhlutleysa",0,na,kvk,Eintala,,,,,,,,"(of a ring or field) identity element, identity, one, unit element, unit, unity, unity element",0,,,,,,,,6568
einkenna,0,sag,,,,,,,,,,characterize,0,,,,,,,,893
"einkenni, eigind",0,na,,Eintala,,,,,,,,attribute,0,,,,,,,,895
einkryppudreifing,0,na,kvk,Eintala,,,,,,,,unimodal distribution,0,,,,,,,,896
einliða,0,na,kvk,Eintala,<ref idTerm=1948>Margliða</ref> sem hefur aðeins einn <ref idTerm=4425>lið</ref>.,,,,,,,monomial,0,,,,,,,,897
einliða jafna,0,na,kvk,Eintala,,,,,,,,monomial equation,0,,,,,,,,898
einmargur,0,ls,kk,Eintala,,,,,,,,"one-to-many, one-many",0,,,,,,,,899
einmáta fylki,0,na,hk,Eintala,,,,,,,,unimodular matrix,0,,,,,,,,900
einmáta grúpa,0,na,kvk,Eintala,,,,,,,special linear group,unimodular group,0,,,,,,,,901
"einmenningsspil, einmenningur",0,na,,Eintala,,,,,,,,one-person game,0,,,,,,,,902
"einmóta, ímóta",0,ls,hk,Fleirtala,,,,,,,,"monomorphic, monic",0,,,,,,,,6569
einmótull,0,na,kk,Eintala,,,,,,,,"unitary module, unital module",0,,,,,,,,904
"einmótun, ímótun",0,na,kvk,Eintala,,,,,,,,monomorphism,0,,,,,,,,905
einmörg samsvörun,0,na,kvk,Eintala,,,,,,,,one-to-many correspondence,0,,,,,,,,903
einn,0,,,Eintala,,,,,,,,"one, unity",0,,,,,,,,906
"einn og aðeins einn, nákvæmlega einn",0,,,Eintala,,,,,,,,one and only one,0,,,,,,,,907
einoka fylki,0,na,hk,Eintala,,,,,,,,"unitary matrix, unitarian matrix",0,,,,,,,,908
einoka grúpa,0,na,kvk,Eintala,,,,,,,"complex unitary group, real unitary group",unitary group,0,,,,,,,,909
"einoka grúpa yfir rauntölurnar, raunþverstaðalgrúpa, þverstaðalgrúpa yfir rauntölurnar",0,na,kvk,Eintala,,,,,,,,"real orthogonal group, real unitary group",0,,,,,,,,910
einoka grúpa yfir tvinntölurnar,0,na,kvk,Eintala,,,,,,,,complex unitary group,0,,,,,,,,911
einoka jafngildur,0,ls,kk,Eintala,,,,,,,,"unitarily equivalent, unitary equivalent",0,,,,,,,,912
einoka virki,0,na,kk,Eintala,,,,,,,,unitary operator,0,,,,,,,,913
"einpunktungur, einspunktsrúm",0,ls,,Eintala,,,,,,,singleton,one-point space,0,,,,,,,,914
"einrás, \(1\)-rás",0,na,kvk,Eintala,,,,,,,,one-cycle,0,,,,,,,,915
einsátta,0,ls,,,,,,,,,,isotropic,0,,,,,,,,916
einsátta rúm,0,na,hk,Eintala,,,,,,,,isotropic space,0,,,,,,,,917
einsetupunktur,0,na,kk,Eintala,,,,,,,isolated point,"acnode, acnodal point, conjugate point",0,,,,,,,,918
einsfirða,0,ls,,,,,,,,,,(of two spaces) isometric,0,,,,,,,,919
einsfirðanagrúpa,0,na,kvk,Eintala,,,,,,,,isometry group,0,,,,,,,,920
"einsfirðun, firðrækin vörpun",0,na,kvk,Eintala,,,,,,,"isometric, motion, orthogonal linear transformation, orthogonal mapping",isometry,0,,,,,,,,921
einshyrndur,0,ls,kk,Eintala,"Tveir <ref idTerm=6438>þríhyrningar</ref> \(ABC\) og \(EFG\) kallast \textit{einshyrndir}, táknað \(ABC \sim EFG\), ef hægt er að para <ref idTerm=2198>horn</ref> annars þríhyrningsins við horn hins þríhyrningsins þannig að hornin í sama pari eru <ref idTerm=2223>jafn stór</ref>.","Á eftirfarandi mynd eru \(ABC\) og \(FEG\) einshyrndir vegna þess að:\n\n\begin{enumerate}\n    \item \(\angle A\) og \(\angle E\) eru jafn stór (grænu hornin á myndinni),\n    \item \(\angle B\) og \(\angle F\) eru jafn stór (gulu hornin á myndinni) og\n    \item \(\angle C\) og \(\angle G\) eru jafn stór (rauðu hornin á myndinni).\n\end{enumerate}\n\n\begin{center}\n\includegraphics[width=150px]{myndir/einshyrndir_thrihyrningar.png}\n\end{center}",,,,,,(especially of a triangle) similar,0,,,,,,,,922
einskorða,0,sag,,,,,,,,,,restrict,0,,,,,,,,923
"einskorðað grannmynstur, hlutrúmsgrannmynstur",0,na,hk,Eintala,,,,,,,,"relative topology, subspace topology",0,,,,,,,,924
einskorðarður,0,ls,kk,Eintala,,,,,,,,restricted,0,,,,,,,,925
einskorðuð lokun,0,na,kvk,Eintala,,,,,,,,relative closure,0,,,,,,,,926
einskorðun,0,na,kvk,Eintala,Fyrir <ref idTerm=3282>vörpun</ref> \(f: X \to Y\) og <ref idTerm=2098>hlutmengi</ref> \(A\) í \(X\) kallast vörpunin \[ f|_A : A \to Y; \quad f|_A(x) = f(x) \]  \textit{einskorðun} vörpunarinnar \(f\) við <ref idTerm=3270>mengið</ref> \(A\).,,,,,,,"(of a mapping) restriction, restriction mapping",0,,,,,,,,927
einskorðunarmótun,0,na,kvk,Eintala,,,,,,,,restriction homomorphism,0,,,,,,,,928
einskrefa ítrekun,0,na,kvk,Eintala,,,,,,,,single-step iteration,0,,,,,,,,929
"einslaga þríhyrningur, einshyrndur þríhyrningur",0,na,kk,Eintala,,,,,,,,similar triangle,0,,,,,,,,931
"einslaga, einslagaður",0,ls,,,Tvær <ref idTerm=4891>flatarmyndir</ref> \(A\) og \(B\) kallast \textit{einslaga} ef til er <ref idTerm=5779>færsla</ref> \(\phi\) þannig að \(\phi(A)\) og \(B\) séu sama flatarmyndin.,"Á eftirfarandi mynd eru \(A\), \(B\) og \(C\) einslaga:\n\n\begin{center}\n\includegraphics[width=150px]{myndir/einslaga.png}\n\end{center}",,,,,,(in geometry) similar,0,,,,,,,,932
einsleitt fall,0,na,hk,Eintala,,,,,,,,homogeneous function,0,,,,,,,,934
einsleitt íðal,0,na,hk,Eintala,,,,,,,,homogeneous ideal,0,,,,,,,,935
einsleitt Markov-ferli,0,na,hk,Eintala,,,,,,,,homogeneous Markov process,0,,,,,,,,936
einsleitt rúm,0,na,hk,Eintala,,,,,,,,homogeneous space,0,,,,,,,,937
einsleitt stak,0,na,hk,Eintala,,,,,,,,homogeneous element,0,,,,,,,,938
einsleitur,0,ls,kk,Eintala,,,,,,,,(of a function) homogeneous,0,,,,,,,,939
einsleitur,0,ls,kk,Eintala,,,,,,,,(of a space with group action) homogeneous,0,,,,,,,,940
einsleitur þáttur,0,na,kk,Eintala,,,,,,,,homogeneous component,0,,,,,,,,941
einsleit deildajafna,0,na,kvk,Fleirtala,,,,,,,,homogeneous differential equation,0,,,,,,,,933
einslæg horn,0,na,hk,Fleirtala,,,,,,,,"corresponding angles, exterior-interior angles",0,,,,,,,,930
einslögun,0,na,kvk,Eintala,,,,,,,,similarity,0,,,,,,,,942
einslögunarfærsla,0,na,kvk,Eintala,"<ref idTerm=5779>Færsla</ref> \(\phi\) á tiltekinni <ref idTerm=4884>sléttu</ref> kallast \textit{einslögunarfærsla} ef <ref idTerm=2072>hlutfallið</ref> milli <ref idTerm=2860>lengda</ref> <ref idTerm=2958>strikanna</ref> \(\phi(AB)\) og \(AB\) er það sama fyrir öll strik \(AB\), sem kallast þá \textit{kvarði} einslögunarfærslunnar.",,,,,,,"similarity transformation, similitude",0,,,,,,,,943
"einslögunarmiðja, stríkkunarmiðja",0,na,kvk,Eintala,,,,,,,,"centre of similitude, homothetic centre, centre of similarity, similarity centre",0,,,,,,,,944
einsmóta,0,ls,,,,,,,,,,isomorphic,0,,,,,,,,945
einsmótun,0,na,kvk,Eintala,,,,,,,,"equivalence, isomorphism",0,,,,,,,,946
einsmótun,0,na,kvk,Eintala,,,,,,,isomorphism,isomorphic mapping,0,,,,,,,,947
einsmótun,0,na,kvk,Eintala,,,,,,,isomorphism,(property) isomorphy,0,,,,,,,,948
einsmótunarflokkur,0,na,kk,Eintala,,,,,,,,isomorphism class,0,,,,,,,,949
einsmótunarsetning,0,na,kvk,Eintala,,,,,,,,"isomorphism theorem, isomorphy theorem",0,,,,,,,,950
einstafa tala,0,na,kvk,Eintala,,,,,,,,"one-digit number, single-digit number",0,,,,,,,,955
einstaklingur,0,na,kk,Eintala,,,,,,,urelement,individual,0,,,,,,,,956
einstika fjölskylda,0,na,kvk,Eintala,,,,,,,,one-parameter family,0,,,,,,,,957
einstika grúpa,0,na,kvk,Eintala,,,,,,,,one-parameter group,0,,,,,,,,958
einstikun,0,na,kvk,Eintala,,,,,,,,uniformization,0,,,,,,,,959
einstikunarsetning,0,na,kvk,Eintala,,,,,,,,"uniformization theorem, uniformization principle",0,,,,,,,,960
einstoga,0,ls,,,,,,,,,,isotopic,0,,,,,,,,961
einstogun,0,na,kvk,Eintala,,,,,,,homotopy,isotopy,0,,,,,,,,962
einstæður,0,ls,kk,Eintala,,,,,,,,"monadic, one-place, singulary, unary",0,,,,,,,,954
einstæð aðgerð,0,na,kvk,Eintala,<ref idTerm=46>Aðgerð</ref> á <ref idTerm=3270>mengi</ref> \(X\) af gerðinni \(X \to X\) kallast \textit{einstæð aðgerð},,,,,,,"one-place operation, unary operation",0,,,,,,,,951
einstæð umsögn,0,na,kvk,Eintala,,,,,,,,"monadic predicate, one-place predicate, unary predicate",0,,,,,,,,952
einstæð vensl,0,na,hk,Fleirtala,,,,,,,,"one-place relation, unary relation",0,,,,,,,,953
"einstökungur, einsstaksmengi",0,na,,Eintala,<ref idTerm=3270>Mengi</ref> með nákvæmlega eitt <ref idTerm=5128>stak</ref>.,,,,,,,"one-element set, singleton, unit set",0,,,,,,,,963
einsþrepsaðferð,0,na,kvk,Eintala,,,,,,,,one-step method,0,,,,,,,,964
"eintekt, eintaka",0,na,kvk,Eintala,,,,,,,,injectivity,0,,,,,,,,968
eintækt fall,0,na,hk,Eintala,,,,,,,injection,"schlicht function, univalent function",0,,,,,,,,966
eintækur,0,ls,kk,Eintala,,,,,,,,"biunique, injective, one-one, one-to-one, one-to-one into, schlicht, univalent",0,,,,,,,,967
eintæk vörpun,0,na,kvk,Eintala,<ref idTerm=3282>Vörpun</ref> sem varpar ólíkum <ref idTerm=5128>stökum</ref> úr <ref idTerm=1343>formenginu</ref> í ólík stök úr <ref idTerm=74>bakmenginu</ref>.,"Látum \(f : X \to Y\) vera vörpun. Í táknmáli segir þessi skilgreining þá að \(f\) sé eintæk ef fyrir sérhver \(x_1, x_2 \in X\) með \(x_1 \neq x_2\) gildir að \(f(x_1) \neq f(x_2)\).\n\nAð \(f\) varpi ólíkum stökum úr \(X\) í ólík stök úr \(Y\) má einnig orða svo að ef \(f\) varpar tveimur stökum \(x_1\) og \(x_2\) úr \(X\) í sama stakið úr \(Y\), þá verði \(x_1\) og \(x_2\) að vera sama stakið. Með öðrum orðum er \(f\) eintæk ef og aðeins ef fyrir sérhver \(x_1, x_2 \in X\) með \(f(x_1) = f(x_2)\) gildir að \(x_1 = x_2\). Þegar sýna á að tiltekin vörpun sé eintæk er oft einfaldara að nota þetta skilyrði en það fyrra.\n\n<ref idTerm=6050>Venn-myndirnar</ref> að neðan sýna tvær varpanir \(f: X \to Y\) og \(g: Z \to W\). Vörpunin \(f\) er eintæk því hún varpar ólíkum stökum úr \(X\) í ólík stök úr \(Y\). Hins vegar er \(g\) ekki eintæk því hún varpar tveimur efstu stökunum úr \(Z\) í sama stakið í \(W\):\n\n\begin{center}\n\includegraphics[width=150px]{myndir/eintaek_vorpun.png}\n\end{center}",,,,,,"injection, injective mapping",0,,,,,,,,965
einungamótun,0,na,kvk,Eintala,,,,,,,,monoid homomorphism,0,,,,,,,,969
"einungur, hálfgrúpa með hlutleysu",0,na,,Eintala,,,,,,,"demigroup, semigroup","monoid, semigroup with identity element",0,,,,,,,,970
einvalda,0,ls,,Eintala,,,,,,,,unipotent,0,,,,,,,,971
einvíður,0,ls,kk,Eintala,,,,,,,,one-dimensional,0,,,,,,,,974
einvíð dreifing,0,na,kvk,Eintala,,,,,,,,"one-dimensional distribution, univariate distribution",0,,,,,,,,972
"einvíð stærð, tölustærð, stigastærð",0,na,kvk,Eintala,,,,,,,,"scalar, scalar quantity",0,,,,,,,,973
"einvítt hvel, einhvel",0,na,hk,Eintala,,,,,,,"circle, Jordan curve",one-sphere,0,,,,,,,,975
einþríhyrningsfylki,0,na,hk,Eintala,,,,,,,,unitriangular matrix,0,,,,,,,,976
ekki augljós,0,ls,kk,Eintala,,,,,,,,non-trivial,0,,,,,,,,977
ekki fastur,0,ls,kk,Eintala,,,,,,,,non-constant,0,,,,,,,,978
ekki í jöfnum mæli,0,ls,,Eintala,,,,,,,,non-uniform,0,,,,,,,,979
"ekki jákvæður, frekar neikvæður, óviðlægur",0,ls,kk,Eintala,<ref idTerm=4093>Rauntala</ref> kallast \textit{ekki jákvæð} ef hún er minni en eða jöfn 0.,,,,,,,non-positive,0,,,,,,,,980
"ekki neikvæður, frekar jákvæður, ófrádrægur",0,ls,kk,Eintala,<ref idTerm=4093>Rauntala</ref> kallast \textit{ekki neikvæð} ef hún er stærri en eða jöfn 0.,,,,,,,non-negative,0,,,,,,,,981
ekki núll,0,ls,,Eintala,,,,,,,,"non-vanishing, non-zero",0,,,,,,,,982
"ekki núlldeilir, reglulegt stak",0,na,,Eintala,,,,,,,,"non-zero divisor, regular element",0,,,,,,,,983
"ekki ótvíræður, ekki einræður",0,ls,kk,Eintala,,,,,,,,non-unique,0,,,,,,,,984
ekki tómur,0,ls,kk,Eintala,,,,,,,,non-empty,0,,,,,,,,985
eltingarverkefni,0,na,hk,Eintala,,,,,,,,pursuit problem,0,,,,,,,,986
endahnútur,0,na,kk,Eintala,,,,,,,,"(of an edge in a graph) adjacent vertex, adjacent node",0,,,,,,,,987
"endahnútur, endapunktur",0,na,kk,Eintala,,,,,,,,(of an edge in a graph) end point,0,,,,,,,,988
endanlega framsettur,0,ls,kk,Eintala,,,,,,,,finitely presented,0,,,,,,,,998
endanlega frumsendanlegur,0,ls,kk,Eintala,,,,,,,,finitely axiomatizable,0,,,,,,,,999
endanlega margir,0,ls,kk,Fleirtala,,,,,,,,finitely many,0,,,,,,,,1000
"endanlega samanhangandi, endanlega samhangandi",0,ls,kk,Eintala,,,,,,,,finitely connected,0,,,,,,,,1001
"endanlega spannaður, endanlega framleiddur",0,ls,kk,Eintala,,,,,,,,finitely generated,0,,,,,,,,1002
"endanlega viðbætinn, endanlega samleggjandi",0,ls,kk,Eintala,,,,,,,,finitely additive,0,,,,,,,,1003
endanlega víður,0,ls,kk,Eintala,,,,,,,,finite dimensional,0,,,,,,,,1004
endanlega víður,0,ls,kk,Eintala,,,,,,,,finite-dimensional,0,,,,,,,,1005
endanlegt mengi,0,na,hk,Eintala,,,,,,,,finite set,0,,,,,,,,1006
"endanlegt svið, Galois-svið",0,na,hk,Eintala,,,,,,,,"finite field, Galois field",0,,,,,,,,1007
endanlegt tugabrot,0,na,hk,Eintala,,,,,,,,terminating decimal,0,,,,,,,,1008
endanlegur,0,ls,kk,Eintala,<ref idTerm=3270>Mengi</ref> kallast \textit{endanlegt} ef <ref idTerm=1211>fjöldatala</ref> þess er <ref idTerm=3475>náttúruleg tala</ref>.,,,,,,,finite,0,,,,,,,,1009
endanlegur fjöldi,0,na,kk,Eintala,,,,,,,,finite number,0,,,,,,,,1010
endanlegur munur,0,na,kk,Eintala,,,,,,,,finite difference,0,,,,,,,,1011
endanleg aðferð,0,na,kvk,Eintala,,,,,,,,finite method,0,,,,,,,,989
endanleg fjöldatala,0,na,kvk,Eintala,,,,,,,,finite cardinal,0,,,,,,,,990
endanleg framsetning,0,na,kvk,Eintala,,,,,,,,finite presentation,0,,,,,,,,991
endanleg runa,0,na,kvk,Fleirtala,,,,,,,"infinite sequence, sequence, tuple",finite sequence,0,,,,,,,,993
endanleg röð,0,na,kvk,Eintala,,,,,,,"infinite series, series",finite series,0,,,,,,,,992
endanleg slétta,0,na,kvk,Fleirtala,,,,,,,affine plane,finite plane,0,,,,,,,,994
endanleg tala,0,na,kvk,Fleirtala,,,,,,,,finite number,0,,,,,,,,995
"endanleg útvíkkun, endanleg víkkun",0,na,kvk,Eintala,,,,,,,,finite extension,0,,,,,,,,996
endanleg þrepun,0,na,kvk,Eintala,,,,,,,,finite induction,0,,,,,,,,997
endanleikahyggja,0,na,kk,Eintala,,,,,,,,finitism,0,,,,,,,,1012
endanleiki,0,na,kk,Eintala,,,,,,,,finiteness,0,,,,,,,,1013
endapunktur,0,na,kk,Eintala,,,,,,,,(of an interval or integral) extremum,0,,,,,,,,1014
"endapunktur, heildunarmark, heildismark, tegrunarmark, tegurmark",0,na,kk,Eintala,,,,,,,,"limit of integration, limit",0,,,,,,,,6570
endi,0,na,kk,Eintala,,,,,,,,(in hyperbolic geometry) end,0,,,,,,,,1015
endi,0,na,kk,Eintala,,,,,,,,(in topology) end,0,,,,,,,,1016
"endurkoma, afturkoma",0,na,kvk,Eintala,,,,,,,,recurrence,0,,,,,,,,1017
"endurkomutími, endurkomustund",0,na,,Eintala,,,,,,,,recurrence time,0,,,,,,,,1018
"endurkvæmt ástand, afturkvæmt ástand",0,na,hk,Eintala,,,,,,,,recurrent state,0,,,,,,,,1019
"endurkvæmt ferli, afturkvæmt ferli",0,na,hk,Eintala,,,,,,,,recurrent process,0,,,,,,,,1020
"endurkvæmur, afturkvæmur",0,ls,kk,Eintala,,,,,,,,recurrent,0,,,,,,,,1021
endurnýjunarferli,0,na,hk,Eintala,,,,,,,,regenerative process,0,,,,,,,,1022
endurnýjunarpunktferli,0,na,hk,Eintala,,,,,,,,renewal process,0,,,,,,,,1023
"endurtölusetning, tölusetning á nýjan leik",0,na,kvk,Eintala,,,,,,,,renumbering,0,,,,,,,,1024
endurúrtaka,0,na,kvk,Eintala,,,,,,,,resampling,0,,,,,,,,1025
Euler-,0,pref,,,,Einnig ritað með upphafsstaf: {\it Eulerian},,,,,,eulerian,0,,,,,,,,1026
Euler-aðferð,0,na,kvk,Eintala,,,,,,,,"Euler's method, polygonal method",0,,,,,,,,1027
Euler-net,0,na,hk,Eintala,,,,,,,,"eulerian graph, unicursal graph",0,,,,,,,,1028
"evklíðskt innfeldisrúm, evklíðskt rúm, innfeldisrúm",0,na,hk,Eintala,,,,,,,hermitian space,"euclidean inner product space, euclidean space, inner product space",0,,,,,,,,1033
"evklíðskt innfeldi, innfeldi",0,na,hk,Eintala,,,,,,,hermitian inner product,"euclidean inner product, inner product, scalar product",0,,,,,,,,1032
evklíðskt rúm,0,na,hk,Eintala,evklíðsk slétta.,<ref idTerm=4266>Rúm</ref> sem uppfyllir <ref idTerm=1452>frumsendur</ref> <ref idTerm=1030>Evklíðskar rúmfræði</ref>.,,,,,"cartesian space, number space, real number space",euclidean space,0,,,,,,,,1034
evklíðskur baugur,0,na,kk,Eintala,,,,,,,,euclidean ring,0,,,,,,,,1035
evklíðskur flutningur,0,na,kk,Eintala,,,,,,,,euclidean motion,0,,,,,,,,1036
evklíðskur staðall,0,na,kk,Eintala,,,,,,,,euclidean norm,0,,,,,,,,1037
"evklíðskur, Evklíðs-",0,,,,,Einnig ritað með upphafsstaf: {\it Euclidean},,,,,,euclidean,0,,,,,,,,1038
evklíðsk firð,0,na,kvk,Eintala,,,,,,,,euclidean metric,0,,,,,,,,1029
evklíðsk rúmfræði,0,na,kvk,Eintala,<ref idTerm=4271>Rúmfræði</ref> sem uppfyllir <ref idTerm=1452>frumsendur</ref> forngríska <ref idTerm=5117>stærðfræðingsins</ref> Evklíðs.,"Undirstöður rúmfræðinnar má rekja aftur til Evklíðs en í \textit{Frumatriðunum}, sem spanna 13 bækur, tók hann saman alla rúmfræði og <ref idTerm=5408>talnafræði</ref> sem þekkt var á þeim tíma. Í fyrstu bókinni setti Evklíð fram fimm frumsendur fyrir rúmfræði í <ref idTerm=4884>sléttu</ref> og notaði þær til að leiða út <ref idTerm=4621>setningar</ref> um sléttuna. Frumsendur Evklíðs voru fimm talsins:\n\n\begin{enumerate}\n    \item Hægt er að teikna beint <ref idTerm=2958>strik</ref> milli sérhverra tveggja <ref idTerm=4001>punkta</ref>.\n    \n    \item Hægt er að framlengja sérhvert beint strik í óendanlega langa beina <ref idTerm=2911>línu</ref>.\n\n    \item Fyrir strik í sléttu er hægt að draga um það <ref idTerm=2295>hring</ref> þannig að strikið sé geisli hringsins, og miðja hans er í öðrum endapunkti striksins.\n\n    \item Öll <ref idTerm=4167>rétt horn</ref> eru <ref idTerm=0>eins</ref>.\n\n    \item Fyrir gefna línu og gefinn punkt, sem ekki er á línunni, er til ein og aðeins ein lína sem fer í gegnum punktinn og <ref idTerm=4771>sker</ref> ekki línuna.\n\end{enumerate}\n\nSíðasta frumsendan varð eftirmönnum Evklíðs sérstaklega hugleikin og er alltaf vísað í hana sem ``fimmtu frumsendu Evklíðs''. Með því að gera ekki ráð fyrir þessari frumsemdu fæst <ref idTerm=3705>óevklíðsk rúmfræði</ref>.",,,,,"geometry, non-euclidean geometry, parabolic geometry",euclidean geometry,0,,,,,,,,1030
evklíðsk slétta,0,na,kvk,Fleirtala,<ref idTerm=5729>Tvívítt</ref> <ref idTerm=4266>rúm</ref> sem uppfyllir <ref idTerm=1452>frumsendur</ref> <ref idTerm=1030>evklíðskar rúmfræði</ref>.,,,,,,parabolic plane,euclidean plane,0,,,,,,,,1031
eyða,0,sag,,,,,,,,,,annihilate,0,,,,,,,,1039
eyðingaraðferð,0,na,kvk,Eintala,<ref idTerm=41>Aðferð</ref> til þess að <ref idTerm=2870>leysa</ref> <ref idTerm=2548>jöfnuhneppi</ref> með því að \textit{eyða} <ref idTerm=538>breytum</ref>. Teknar eru tvær <ref idTerm=2478>jöfnur</ref> í jöfnuhneppinu og ein þeirra skölað þannig að <ref idTerm=5290>stuðlarnir</ref> fyrir framan breytuna sem eyða skal eru þeir sömu. Síðan er ein jafnan dregin frá hinni og þannig fengin ný jafna sem inniheldur ekki eyddu breytuna. Með því að eyða öllum breytunum hverri af annarri þar til ein stendur eftir fæst lausn á jöfnuhneppinu.,,,,,,,annihilator method,0,,,,,,,,1040
eyðingarrúm,0,na,hk,Eintala,,,,,,,orthogonal complement,annihilator,0,,,,,,,,1041
"eyðir, eyðingaríðal",0,na,kk,Eintala,,,,,,,,"annihilator ideal, annihilator",0,,,,,,,,6571
"eyðir, eyðingarvirki",0,na,kk,Eintala,,,,,,,,"annihilation operator, annihilator",0,,,,,,,,6572
"faldfirð, firðamargfeldi",0,na,,Eintala,,,,,,,,product metric,0,,,,,,,,1072
"faldheildi, faldtegur",0,na,hk,Eintala,,,,,,,,product integral,0,,,,,,,,1073
"faldmál, margfeldismál",0,na,hk,Eintala,,,,,,,,product measure,0,,,,,,,,1074
"faldmengi, mengjamargfeldi, margfeldismengi",0,na,hk,Eintala,,,,,,,,product set,0,,,,,,,,1075
"faldnet, netamargfeldi",0,na,hk,Eintala,,,,,,,,product graph,0,,,,,,,,1076
"faldrúm, margfeldisrúm",0,na,hk,Eintala,,,,,,,,product space,0,,,,,,,,1077
fall,0,na,hk,Eintala,<ref idTerm=3282>Vörpun</ref> sem hefur <ref idTerm=4093>\(\mathbb{R}\)</ref> eða <ref idTerm=5682>\(\mathbb{C}\)</ref> sem <ref idTerm=74>bakmengi</ref>.,,,,,,"additive function, additive set function, affine function, algebraic function, almost periodic function, alternating function, analytic function, antihyperbolic function, antisymmetric function, antitrigonometric function, approximating function, approximation function, arc length function, arc-trigonometric function, area-hyperbolic function, arithmetic function, arithmetical function, autocorrelation function, automorphic function, barrier function, Bessel function, beta function, biharmonic function, Baire function, Boolean function, Borel function, bounded function, branched function, ceiling function, characteristic function, choice function, circular function, complex analytic function, complex function, complex-valued function, composite function, concave function, conditional density function, conjugate harmonic function, constant function, continuous function, convex function, coordinate function, correlation function, cost function, covariance function, critical function, cumulative distribution function, cumulative frequency function, cumulative probability function, cumulative relative frequency function, cyclometric function, cylinder function, cylindrical function, decision function, delta function, density function, derived function, Dirac delta function, discontinuous function, discrete distribution function, distribution density function, distribution function, eigenfunction, elementary function, elementary symmetric function, elliptic function, empirical distribution function, entire function, entire rational function, error function, estimating function, Euler phi function, Euler totient function, exponential function, factorial function, floor function, forcing function, frequency function, functional, gamma function, generalized function, generating function, greatest integer function, growth function, harmonic function, holomorphic function, homogeneous function, hyperbolic function, hypergeometric function, identity function, implicit function, improper rational function, inclusion function, indicator function, integral function, interpolating function, interpolation function, inverse circular function, inverse function, inverse hyperbolic function, inverse trigonometric function, Jacobian elliptic function, jump function, kernel function, limit function, linear function, logarithmic function, loss function, majorant function, majority decision function, many-valued function, mapping, matrix function, measurable function, meromorphic function, minorant function, modular function, moment generating function, monotonic function, multifunction, multiple-valued function, multiplicative function, multivalued function, normal distribution function, normal frequency function, null function, nullary function, number-theoretic function, object function, objective function, partial function, partial recursive function, partially defined function, partially recursive function, partition function, payoff function, penalty function, performance function, periodic function, phi function, Phragmén-Lindelöf function, polynomial function, position function, potential function, power function, prediction function, primitive recursive function, probability density function, probability distribution function, probability frequency function, probability function, probability generating function, proper function, proper rational function, propositional function, rational function, real analytic function, real function, real-valued function, reciprocal function, recursive function, regression function, regular analytic function, regular function, relative frequency function, reward function, Riemann zeta function, Riemann's zeta function, risk function, root function, schlicht function, sentential function, set function, sign function, signum function, simple function, single-valued function, smooth function, spherical function, spline function, square bracket function, staircase function, statement function, step function, stream function, support function, supporting function, symmetric function, test function, theta function, threshold function, transcendental function, transition function, trial function, trigonometric function, truth function, unbounded function, unit function, univalent function, utility function, vector function, vector-valued function, weight function, yield function, zero function, zeta function",function,0,,,,,,,,1078
fallaalgebra,0,na,kvk,Eintala,,,,,,,,"functional algebra, function algebra",0,,,,,,,,1080
fallajafna,0,na,kvk,Eintala,,,,,,,,"functional equation, functional relation",0,,,,,,,,1081
"fallandi keðja, minnkandi keðja",0,na,kvk,Eintala,,,,,,,,descending chain,0,,,,,,,,1082
"fallandi, minnkandi",0,ls,,Eintala,,,,,,,,descending,0,,,,,,,,1083
fallaruna,0,na,kvk,Eintala,,,,,,,,function sequence,0,,,,,,,,1086
fallarúm,0,na,hk,Eintala,,,,,,,mapping space,function space,0,,,,,,,,1085
fallaröð,0,na,kvk,Eintala,,,,,,,,function series,0,,,,,,,,1084
fallasvið,0,na,hk,Eintala,,,,,,,,function field,0,,,,,,,,1087
falla saman,0,sag,,,,,,,,,,coincide,0,,,,,,,,1079
fallfasti,0,na,kk,Eintala,,,,,,,,functional constant,0,,,,,,,,1088
fallfrymi,0,na,hk,Eintala,,,,,,,,"element, function element",0,,,,,,,,1089
fallgildi,0,na,hk,Eintala,Fyrir <ref idTerm=1078>fall</ref> \(f : X \to Y\) og <ref idTerm=5128>stak</ref> \(x\) úr \(X\) kallast stakið úr \(Y\) sem \(f\) úthlutar \(x\) \textit{gildi fallsins} \(f\) í \(x\) og táknað með \(f(x)\).,,,,,,,function value,0,,,,,,,,1090
fallgildi,0,na,hk,Eintala,,,,,,,,value of a function,0,,,,,,,,1091
falljafna Eulers,0,na,kvk,Eintala,,,,,,,,(for the gamma function) complement relation,0,,,,,,,,1092
falltákn,0,na,hk,Eintala,,,,,,,,functional symbol,0,,,,,,,,1094
fallvensl,0,na,hk,Fleirtala,,,,,,,,functional relation,0,,,,,,,,1095
fallörvanet,0,na,hk,Eintala,,,,,,,,"functional digraph, functional graph",0,,,,,,,,1093
farandsalaverkefni,0,na,hk,Eintala,,,,,,,,travelling salesman problem,0,,,,,,,,1099
fasaferill,0,na,kk,Eintala,,,,,,,"orbit, trajectory",phase curve,0,,,,,,,,1100
fasameðaltal,0,na,hk,Eintala,,,,,,,,phase average,0,,,,,,,,1101
fasamynd,0,na,kvk,Eintala,,,,,,,,"phase pattern, phase portrait",0,,,,,,,,1102
fasarúm,0,na,hk,Eintala,,,,,,,,phase space,0,,,,,,,,1103
fasi,0,na,kk,Eintala,,,,,,,,phase,0,,,,,,,,1104
"fastafall, fasti, fast fall",0,na,,Eintala,,,,,,,,constant function,0,,,,,,,,1105
fastakommureikningur,0,na,kk,Eintala,,,,,,,,fixed point arithmetic,0,,,,,,,,1106
fastaliður,0,na,kk,Eintala,,,,,,,,"absolute term, constant term",0,,,,,,,,1107
fastasvið,0,na,hk,Eintala,,,,,,,,"constant field, field of constants",0,,,,,,,,1108
fastheldnihætta,0,na,kvk,Eintala,,,,,,,alpha-risk,"beta-risk, risk of the second kind, type II error probability, type II risk",0,,,,,,,,1109
fastheldnimistök,0,na,hk,Fleirtala,,,,,,,alpha-error,"beta-error, error of the second kind, type II error",0,,,,,,,,1110
fasti Eulers,0,na,kk,Eintala,,,,,,,,Euler's constant,0,,,,,,,,1111
"fasti, fastastærð",0,na,,Eintala,,,,,,,,constant,0,,,,,,,,1112
fastur,0,ls,kk,Eintala,,,,,,,,constant,0,,,,,,,,1113
fábrotinn,0,ls,kk,Eintala,,,,,,,,trivial,0,,,,,,,,1043
fábrotinn hnútur,0,na,kk,Eintala,,,,,,,,trivial knot,0,,,,,,,,1044
fábrotleiki,0,na,kk,Eintala,,,,,,,,triviality,0,,,,,,,,1045
fágaður ferill,0,na,kk,Eintala,,,,,,,,analytic curve,0,,,,,,,,1058
"fágaður, tvinnfágaður",0,ls,kk,Eintala,,,,,,,,"analytic, analytical, complex analytic, holomorphic",0,,,,,,,,1059
"fágað fall, tvinnfágað fall",0,na,hk,Eintala,,,,,,,,"(of a complex variable) analytic function, complex analytic function, holomorphic function, regular analytic function, regular function",0,,,,,,,,1052
fágað línubundin,0,na,,Eintala,,,,,,,,(in complex analysis) complex line bundle,0,,,,,,,,1053
fágað mengi,0,na,hk,Eintala,,,,,,,,(in complex analysis) analytic set,0,,,,,,,,1054
"fágað mynstur, tvinnfágað mynstur",0,na,hk,Eintala,,,,,,,,"analytic structure, complex analytic structure, complex structure",0,,,,,,,,1055
"fágað rúm, tvinnfágað rúm",0,na,hk,Eintala,,,,,,,,"analytic space, complex analytic space, complex space",0,,,,,,,,1056
fágað víðerni,0,na,hk,Eintala,,,,,,,,analytic variety,0,,,,,,,,1057
fáguð framlenging,0,na,kvk,Eintala,,,,,,,,analytic continuation,0,,,,,,,,1060
fáguð rúmfræði,0,na,kvk,Eintala,,,,,,,,(theory of analytic spaces) analytic geometry,0,,,,,,,,1061
"fáguð talnafræði, talnafræðigreining",0,na,kvk,Eintala,,,,,,,,"analytic number theory, analytic theory of numbers",0,,,,,,,,1062
"fáguð víðátta, tvinnfáguð víðátta, tvinnvíðátta",0,na,kvk,Eintala,,,,,,,"non-singular analytic variety, regular analytic variety","analytic manifold, complex analytic  manifold, complex manifold",0,,,,,,,,1063
fáguð vörpun,0,na,kvk,Eintala,,,,,,,,holomorphic mapping,0,,,,,,,,1064
fágun,0,na,kvk,Eintala,,,,,,,,holomorphy,0,,,,,,,,1065
fágunaraðgreinanlegur,0,ls,kk,Eintala,,,,,,,,holomorphically separable,0,,,,,,,,1066
fágunarfullkominn,0,ls,kk,Eintala,,,,,,,,holomorphically complete,0,,,,,,,,1067
fágunarhjúpur,0,na,kk,Eintala,,,,,,,,envelope of holomorphy,0,,,,,,,,1068
fágunarkúptur,0,ls,kk,Eintala,,,,,,,,"holomorphically convex, holomorph-convex",0,,,,,,,,1069
fágunarsvæði,0,na,hk,Eintala,,,,,,,,domain of holomorphy,0,,,,,,,,1070
fágunarsvæði,0,na,hk,Eintala,,,,,,,,region of analyticity,0,,,,,,,,1071
"fánavíðátta, flaggvíðátta",0,na,kvk,Eintala,,,,,,,,"flag manifold, manifold of flags",0,,,,,,,,1096
"fáni, flagg",0,na,,Eintala,,,,,,,,flag,0,,,,,,,,1097
fánýti,0,na,hk,Eintala,,,,,,,,triviality,0,,,,,,,,1098
fátækleg tala,0,na,kvk,Eintala,,,,,,,,"deficient number, defective number, diminute number",0,,,,,,,,1114
fellagreining,0,na,kvk,Eintala,,,,,,,linear functional analysis,functional analysis,0,,,,,,,,1116
"fella-, falla-",0,pref,,,,,,,,,,functional,0,,,,,,,,1115
felli,0,na,hk,Eintala,,,,,,,,functional,0,,,,,,,,1117
felliafleiða,0,na,kvk,Eintala,,,,,,,,functional derivative,0,,,,,,,,1118
"fellideildun, fellidiffrun",0,na,kvk,Eintala,,,,,,,,functional differentiation,0,,,,,,,,1119
"felliheildi, fellitegur",0,na,hk,Eintala,,,,,,,,functional integral,0,,,,,,,,1120
"felliheildun, fellitegrun",0,na,kvk,Eintala,,,,,,,,functional integration,0,,,,,,,,1121
felujafna,0,na,kvk,Eintala,,,,,,,,implicit equation,0,,,,,,,,1122
ferð,0,na,kvk,Eintala,,,,,,,,speed,0,,,,,,,,1123
"ferfaldur, fjórfaldur",0,ls,kk,Eintala,,,,,,,,quadruple,0,,,,,,,,1124
"ferflötungur, fjórflötungur, þrístrend strýta, þrístrendur píramíti",0,na,,Eintala,<ref idTerm=5286>Pýramídi</ref> með <ref idTerm=6438>þríhyrning</ref> sem <ref idTerm=1716>grunnflöt</ref>.,,,,,,,"tetrahedron, tetrahedral pyramid, triangular pyramid",0,,,,,,,,1125
"ferhliðungur, fjórhliðungur",0,na,kk,Eintala,,,,,,,,quadrilateral,0,,,,,,,,1126
ferhyrningur,0,na,kk,Eintala,<ref idTerm=3161>Marghyrningur</ref> með fjórar <ref idTerm=2048>hliðar</ref>.,Eftirfarandi er mynd af ferhyrningi:\n\n\begin{center}\n\includegraphics[width=150px]{myndir/ferhyrningur.png}\n\end{center},,,,,,quadrangle,0,,,,,,,,1127
ferilaðlögun,0,na,kvk,Eintala,,,,,,,,curve fitting,0,,,,,,,,1128
"ferilheildi, feriltegur",0,na,hk,Eintala,,,,,,,contour integral,"line integral, path integral",0,,,,,,,,1129
ferilhorn,0,na,hk,Eintala,<ref idTerm=2198>Horn</ref> með <ref idTerm=3661>oddpunkt</ref> á <ref idTerm=2295>hring</ref> sem hefur <ref idTerm=5261>strengi</ref> fyrir <ref idTerm=334>arma</ref>.,Ef hornið er <ref idTerm=0>eiginlegt</ref> þá skera strengirnir tveir hringinn í tveim <ref idTerm=4001>punktum</ref> og sagt er þá að ferilhornið \textit{spanni} <ref idTerm=2276>hringbogann</ref> milli punktanna. Ferilhorn er jafnt hálfum boganum sem það spannar.,,,,,,"angle at circumference, inscribed angle",0,,,,,,,,1130
ferillyfting,0,na,kvk,Eintala,,,,,,,,path lifting,0,,,,,,,,1133
"ferill, boglína, sveiglína",0,na,,Eintala,"<ref idTerm=3417>Myndmengi</ref> <ref idTerm=4359>samfelldrar vörpunar</ref> \(f : [a,b] \to \mathbb{R}^n\). <ref idTerm=4001>Punktarnir</ref> \(f(a)\) og \(f(b)\) kallast \textit{endapunktar ferilsins}. Óformlega má segja að ferill í tveim <ref idTerm=6087>víddum</ref> sé það sem verður til þegar þú dregur blýant um <ref idTerm=4884>sléttu</ref> án þess að lyfta honum.",,,,,,"Agnesi versiera, algebraic curve, algebraic plane curve, analytic curve, arc, Archimedean spiral, asteroid, astroid, base curve, base line, boundary curve, brachistochrone, cardioid, catenary, characteristic, characteristic curve, circle, circuit, circular helix, circumference, circuit, cissoid, closed contour, closed curve, closed line, closed path, clothoid, common cycloid, conic, conic section, conchoid, contour, contour line, contracted cycloid, convex curve, Cornu spiral, cubic, curtate cycloid, curtate trochoid, cycloid, cylindrical helix, curved line, deltoid, depth contour, dextrorse curve, dextrorse helix, directing curve, directrix, distribution curve, dual curve, ellipse, elliptic curve, envelope, enveloping curve, epicycloid, epitrochoid, equidistance curve, equiangular spiral, equipotential line, error curve, error distribution curve, evolute, evolvent, exponential curve, extended cycloid, Fermat spiral, flow line, folium of Descartes, four-leaved rose, functional graph, Gaussian curve, Gaussian error curve, generic curve, geodesic, geodesic line, graph, height contour, height line, helical curve, helix, hyperbola, hyperbolic spiral, hypercycle, hypercycloid, hypocycloid, hypotrochoid, integral curve, involute, isobath, isochronal, isochronal curve, isochrone, isochronous curve, isocline, isogonal trajectory, isohypse, Jordan arc, Jordan curve, left-handed curve, left-handed helix, level curve, level line, limaçon, line, lituus, logarithmic spiral, logistic curve, logistic spiral, loop, loxodromic curve, loxodromic line, loxodromic spiral, meridian, meridian curve, meridian line, moving curve, nephroid, non-singular algebraic curve, non-singular analytic curve, normal curve, normal distribution curve, normal error curve, normal frequency curve, normal probability curve, ogive, open curve, orbiform curve, orbit, orthogonal trajectory, oval, parabola, parabolic spiral, paracycloid, parameter curve, parametric curve, path, Peano curve, pericycloid, pfaffian, phase curve, plane curve, polar curve, prolate cycloid, prolate trochoid, quadratic curve, quadric, quadric curve, quadrifolium, quartic, quartic curve, quintic, quintic curve, rational curve, reciprocal spiral, rectifiable curve, regression curve, regular algebraic curve, regular analytic curve, regular arc, regular curve, response curve, rhodonea, rhumb line, right-handed curve, right-handed helix, rose, rosette, roulette, screw, screw line, serpentine, sextic, sextic curve, simple arc, simple closed curve, sine curve, sine spiral, singular curve, sinistrorse curve, sinistrorse helix, sinusoid, skew curve, slope line, smooth curve, solution curve, space curve, spatial curve, spherical helix, spiral, stream line, tangential curve, tautochrone, three-leaved rose, tractory, tractrix, trajectory, tricuspid curve, trident of Newton, trisectrix, trochoid, twisted cubic, twisted curve, unicursal curve, versiera, witch of Agnesi",curve,0,,,,,,,,1131
"ferill, vegur, leið",0,na,kk,Eintala,,,,,,,curve,path,0,,,,,,,,1132
"ferilris, reisn",0,na,,Eintala,,,,,,,,"coefficient of excess, excess, kurtosis",0,,,,,,,,1134
"ferilsamanhangandi, vegsamanhangandi, ferilsamhangandi, vegsamhangandi",0,ls,,Eintala,,,,,,,,"(of a topological space) arcwise connected, arc-connected, path-connected, pathwise connected",0,,,,,,,,1135
"ferilsamhengisþáttur, vegsamhengisþáttur",0,na,kk,Eintala,,,,,,,,"arc component, path component",0,,,,,,,,1136
"ferlarúm, vegarúm, leiðarúm",0,na,hk,Eintala,,,,,,,,path space,0,,,,,,,,1137
ferli,0,na,hk,Eintala,,,,,,,stochastic process,process,0,,,,,,,,1138
"ferlínulegur, fjórlínulegur",0,ls,kk,Eintala,,,,,,,,quadrilinear,0,,,,,,,,1139
Fermat-frumtala,0,na,kvk,Eintala,,,,,,,,Fermat prime,0,,,,,,,,1140
"Fermat-vefja, fleygger vefja",0,na,kvk,Eintala,,,,,,,,"Fermat spiral, parabolic spiral",0,,,,,,,,1141
fernd,0,na,kvk,Eintala,,,,,,,,quadruple,0,,,,,,,,1142
ferninga,0,sag,,,,,,,,,squaring the circle,square,0,,,,,,,,1143
ferningsbestun,0,na,kvk,Eintala,,,,,,,,"quadratic programming, quadratic optimization",0,,,,,,,,1144
ferningseileif,0,na,kvk,Eintala,,,,,,,,quadratic nonresidue,0,,,,,,,,1145
ferningsflötur,0,na,kk,Eintala,,,,,,,,"quadric, quadric surface, surface of second order",0,,,,,,,,1146
ferningsform,0,na,hk,Eintala,,,,,,,,quadratic form,0,,,,,,,,1147
"ferningsfylki, ferningslaga fylki",0,na,hk,Eintala,,,,,,,,"quadratic matrix, square matrix",0,,,,,,,,1148
ferningsgagnkvæmni,0,na,kvk,Eintala,,,,,,,,quadratic reciprocity,0,,,,,,,,1149
"ferningsgagnkvæmnissetning, setning um ferningsgagnkvæmni",0,na,kvk,Eintala,,,,,,,,"law of quadratic reciprocity, quadratic reciprocity law",0,,,,,,,,1150
"ferningsheildanlegur, ferningstegranlegur",0,ls,kk,Eintala,,,,,,,,"quadratically integrable, square integrable",0,,,,,,,,1151
ferningslaga,0,ls,,Eintala,,,,,,,,square,0,,,,,,,,1152
ferningslaus,0,ls,,Eintala,,,,,,,,square-free,0,,,,,,,,1153
ferningsleif,0,na,kvk,Eintala,,,,,,,,quadratic residue,0,,,,,,,,1154
ferningsmeðaltal,0,na,hk,Eintala,,,,,,,"root-mean-square, root-sum-square",quadratic mean,0,,,,,,,,1155
ferningsmeðaltalsrót,0,na,kvk,Eintala,,,,,,,quadratic mean,"root-mean-square, root-sum-square",0,,,,,,,,1156
"ferningsrót, önnur rót",0,na,kvk,Eintala,Sú <ref idTerm=4093>rauntala</ref> \(x \geq 0\) sem uppfyllir \(x^2=a\) kallast \textit{kvaðratrótin} af \(a\) og táknuð með \(\sqrt{a}\).,Kvaðratrót er sértilvik af almenna hugtakinu um <ref idTerm=4253>\(n\)-tu rót</ref>.,,,,,,"second root, square root",0,,,,,,,,1157
"ferningssumma frávika, ferningsfrávik",0,na,,Eintala,,,,,,,,"deviance, squariance",0,,,,,,,,1158
ferningssvið,0,na,hk,Eintala,,,,,,,,quadratic field,0,,,,,,,,1159
"ferningstala, ferhyrnd tala",0,na,kvk,Eintala,,,,,,,"figurate number, square","perfect square, square number",0,,,,,,,,1160
ferningun,0,na,kvk,Eintala,,,,,,,integration,quadrature,0,,,,,,,,1161
ferningun hrings,0,na,kvk,Eintala,,,,,,,,"quadrature of the circle, squaring the circle",0,,,,,,,,1162
ferningur,0,na,kk,Eintala,<ref idTerm=4175>Rétthyrningur</ref> með allar <ref idTerm=2048>hliðar</ref> jafn <ref idTerm=2860>langar</ref>.,Eftirfarandi er mynd af ferningi:\n\n\begin{center}\n\includegraphics[width=150px]{myndir/ferningur.png}\n\end{center},,,,,,(in geometry) square,0,,,,,,,,1163
ferstrendingur,0,na,kk,Eintala,,,,,,,,quadrangular prism,0,,,,,,,,1164
fertala,0,na,kvk,Eintala,,,,,,,Hamilton quaternion,quaternion,0,,,,,,,,1165
"ferverpill, fjórvíður teningur",0,na,kk,Eintala,,,,,,,,tesseract,0,,,,,,,,1166
fervik,0,na,hk,Eintala,,,,,,,,square deviation,0,,,,,,,,1167
fervikagreining,0,na,kvk,Eintala,,,,,,,ANOVA,"analysis of variance, variance analysis",0,,,,,,,,1168
Fibonacci-runa,0,na,kvk,Eintala,,,,,,,,Fibonacci sequence,0,,,,,,,,1169
Fibonacci-tala,0,na,kvk,Eintala,,,,,,,,Fibonacci number,0,,,,,,,,1170
fimmfaldur,0,ls,kk,Eintala,,,,,,,,quintuple,0,,,,,,,,1171
fimmflötungur,0,na,kk,Eintala,,,,,,,,pentahedron,0,,,,,,,,1172
fimmhyrndur,0,ls,kk,Eintala,,,,,,,,pentagonal,0,,,,,,,,1173
"fimmhyrningstala, fimmhyrnd tala",0,na,kvk,Eintala,,,,,,,figurate number,pentagonal number,0,,,,,,,,1174
fimmhyrningur,0,na,kk,Eintala,,,,,,,,pentagon,0,,,,,,,,1175
fimmsetning,0,na,kvk,Eintala,,,,,,,,five lemma,0,,,,,,,,1176
"fimmstirningur, reglulegur fimmstirningur",0,na,kk,Eintala,,,,,,,,pentagram,0,,,,,,,,1177
fimmta stigs,0,ls,,Eintala,,,,,,,,quintic,0,,,,,,,,1178
fimmta stigs ferill,0,na,kk,Eintala,,,,,,,,"quintic, quintic curve",0,,,,,,,,1179
fimmta stigs flötur,0,na,kk,Eintala,,,,,,,,"quintic, quintic surface",0,,,,,,,,1180
fimmta stigs jafna,0,na,kvk,Eintala,,,,,,,,"quintic, quintic equation",0,,,,,,,,1181
fimmtánhyrningur,0,na,kk,Eintala,,,,,,,,pentadecagon,0,,,,,,,,1182
fimmtungsmark,0,na,hk,Eintala,,,,,,,"fractile, quantile",quintile,0,,,,,,,,1183
fimmund,0,na,kvk,Eintala,,,,,,,,quintuple,0,,,,,,,,1184
fingrareikningur,0,na,kk,Eintala,,,,,,,,"chironomy, dactylonomy",0,,,,,,,,1187
"finna gildi (einhvers), reikna út",0,sag,,,,,,,,,,evaluate,0,,,,,,,,1190
firð,0,na,kvk,Eintala,"Firð á <ref idTerm=3270>mengi</ref> \(M\) er <ref idTerm=1078>fall</ref> \(d:M \times M \to \mathbb{R}_+\), sem uppfyllir \n\n\begin{itemize}\n    \item \(d(x,x)=0\) fyrir öll \(x \in M\)\n    \item \(d(x,y)>0\) fyrir öll \(x \neq y \in M\)\n    \item \(d(x,y)=d(y,x)\) fyrir öll \(x,y \in M\)\n    \item \(d(x,y) \leq d(x,z) + d(z,y)\) fyrir öll \(x,y,z \in M\)\n\end{itemize} <ref idTerm=5102>Stærðin</ref> \(d(x,y)\) er gjarnan kölluð <ref idTerm=1204>fjarlægðin</ref> milli \(x\) og \(y\).",,,,,,distance,metric,0,,,,,,,,1194
firðanlegur,0,ls,kk,Eintala,,,,,,,,metrizable,0,,,,,,,,1196
firðanleiki,0,na,kk,Eintala,,,,,,,,metrizability,0,,,,,,,,1197
"firðargrannmynstur, firðgrannmynstur",0,na,hk,Eintala,,,,,,,"strong topology, natural topology, norm topology",metric topology,0,,,,,,,,1198
firðrúm,0,na,hk,Eintala,"<ref idTerm=5627>Tvennd</ref> \((M,d)\) þar sem \(M\) er <ref idTerm=3270>mengi</ref> og \(d:M \times M \to \mathbb{R}_+\) er <ref idTerm=1194>firð</ref>.",,,,,,,metric space,0,,,,,,,,1200
firðrækinn,0,ls,kk,Eintala,,,,,,,,"distance-preserving, isometric",0,,,,,,,,1199
firðun,0,na,kvk,Eintala,,,,,,,,metrization,0,,,,,,,,1201
firðunarsetning,0,na,kvk,Eintala,,,,,,,,metrization theorem,0,,,,,,,,1202
firðþinur,0,na,kk,Eintala,,,,,,,,"fundamental tensor, metric tensor",0,,,,,,,,1203
firð-,0,pref,,,,,,,,,,metric,0,,,,,,,,1195
fíngerving,0,na,kvk,Eintala,,,,,,,,refinement,0,,,,,,,,1186
fínleiki,0,na,kk,Eintala,,,,,,,,fineness,0,,,,,,,,1188
fínn,0,ls,kk,Eintala,,,,,,,,fine,0,,,,,,,,1189
"fínna grannmynstur, sterkara grannmynstur",0,na,hk,Eintala,,,,,,,"coarser topology, weaker topology","finer topology, stronger topology",0,,,,,,,,1191
fínni þakning,0,na,kvk,Eintala,,,,,,,,finer covering,0,,,,,,,,1192
fínt knippi,0,na,hk,Eintala,,,,,,,,fine sheaf,0,,,,,,,,1193
fín upplausn,0,na,kvk,Eintala,,,,,,,,fine resolution,0,,,,,,,,1185
fjarlægð,0,na,kvk,Eintala,,,,,,,metric,distance,0,,,,,,,,1204
fjarlægt innra horn,0,na,hk,Eintala,Þau <ref idTerm=6295>innri horn</ref> <ref idTerm=3161>marghyrnings</ref> sem ekki eru <ref idTerm=1677>grannhorn</ref> tiltekins <ref idTerm=6295>ytra horns</ref>.,Á eftirfarandi mynd eru \(\angle BAC\) og \(\angle ACB\) fjarlæg innri horn við ytra hornið \(\angle DBC\):\n\n\begin{center}\n\includegraphics[width=150px]{myndir/ytrahorn.png}\n\end{center},,,,,,remote interior angle,0,,,,,,,,1205
fjarstæða,0,na,kvk,Eintala,,,,,,,,paradox,0,,,,,,,,1206
fjórða rót,0,na,kvk,Eintala,,,,,,,,biquadratic root,0,,,,,,,,1236
fjórða stigs,0,ls,,Eintala,,,,,,,"biquadratic equation, biquadratic number","biquadratic, quartic",0,,,,,,,,1237
fjórða stigs ferill,0,na,kk,Eintala,,,,,,,,"quartic, quartic curve",0,,,,,,,,1238
fjórða stigs flötur,0,na,kk,Eintala,,,,,,,,"quartic, quartic surface",0,,,,,,,,1239
fjórða stigs jafna,0,na,kvk,Eintala,,Stundum sérstaklega notað um fjórða stigs jöfnu þar sem einungis koma fyrir jöfn veldi af óþekktu stærðinni,,,,,,"biquadratic equation, quartic, quartic equation",0,,,,,,,,1240
fjórðungsbogi,0,na,kk,Eintala,,,,,,,,(of a circle) quadrant,0,,,,,,,,1241
fjórðungsgeiri,0,na,kk,Eintala,,,,,,,,(of a disc) quadrant,0,,,,,,,,1242
fjórðungsmark,0,na,hk,Eintala,,,,,,,"fractile, quantile",quartile,0,,,,,,,,1243
fjórðungur,0,na,kk,Eintala,Sjá skýringu við <ref idTerm=2554>kartesk hnit</ref>.,,,,,,,(in a coordinate system) quadrant,0,,,,,,,,1244
fjórflötungsgrúpa,0,na,kvk,Eintala,,,,,,,,tetrahedral group,0,,,,,,,,1245
fjórflötungshnit,0,na,hk,Fleirtala,,,,,,,,tetrahedral coordinates,0,,,,,,,,1246
fjórflötungstala,0,na,kvk,Eintala,,,,,,,figurate number,tetrahedral number,0,,,,,,,,1247
fjórgrúpa Kleins,0,na,kvk,Eintala,,,,,,,,"Klein four-group, quadratic group",0,,,,,,,,1248
fjórhliða rúmhorn,0,na,hk,Eintala,,,,,,,,tetrahedral angle,0,,,,,,,,1249
"fjórlaufaferill, fjögralaufaferill, fjögralaufasmári",0,na,kk,Eintala,,,,,,,,"four-leaved rose, quadrifolium, rosette",0,,,,,,,,1250
fjórsetning,0,na,kvk,Eintala,,,,,,,,four lemma,0,,,,,,,,1251
"fjórskipting, fjórhlutun",0,na,kvk,Eintala,,,,,,,,quadripartition,0,,,,,,,,1252
"fjórveldi, fjórða veldi",0,na,hk,Eintala,,,,,,,,biquadrate,0,,,,,,,,1253
"fjórveldi, fjórða veldi (af heilli tölu)",0,na,hk,Eintala,,,,,,,,biquadratic number,0,,,,,,,,1254
"fjórvigur, fjórvíður vigur",0,na,kk,Eintala,,,,,,,,four-vector,0,,,,,,,,1255
"fjögraferningasetning, fjögurraferningasetning",0,na,kvk,Eintala,,,,,,,,four squares theorem,0,,,,,,,,1207
"fjögralitasetning, fjögurralitasetning",0,na,kvk,Eintala,,,,,,,,four-colour theorem,0,,,,,,,,1208
fjölbreytugreining,0,na,kvk,Eintala,,,,,,,,multivariate analysis,0,,,,,,,,1209
fjöldatala,0,na,kvk,Eintala,,,,,,,,"absolute frequency, class frequency",0,,,,,,,,1210
fjöldatala,0,na,kvk,Eintala,<ref idTerm=2489>Jafngildisflokkur</ref> <ref idTerm=3270>mengja</ref> þar sem <ref idTerm=3332>milli</ref> sérhverra tveggja <ref idTerm=3270>mengja</ref> er til <ref idTerm=1586>gagntæk vörpun</ref>.,,,,,,"cardinality, number","cardinal number, cardinal",0,,,,,,,,1211
"fjöldatalnareikningur, reikningur með fjöldatölum",0,na,kk,Eintala,,,,,,,,cardinal arithmetic,0,,,,,,,,1212
fjöldi,0,na,kk,Eintala,,,,,,,"cardinal number, cardinality",number,0,,,,,,,,1213
"fjöldi, fjöldatala, stétt",0,na,,Eintala,,,,,,,"cardinal number, equipotent, number","cardinality, potency, power",0,,,,,,,,1214
fjölfylgni,0,na,kvk,Eintala,,,,,,,,multiple correlation,0,,,,,,,,1215
fjölfylgnistuðull,0,na,kk,Eintala,,,,,,,,"coefficient of multiple correlation, multiple correlation coefficient",0,,,,,,,,1216
fjölgeisli,0,na,kk,Eintala,,,,,,,,polyradius,0,,,,,,,,1217
fjölhlutanet,0,na,hk,Eintala,,,,,,,,multipartite graph,0,,,,,,,,1218
"fjölhnattaverkefni, fjölagnaverkefni",0,na,hk,Eintala,,,,,,,three body problem,many body problem,0,,,,,,,,1219
"fjölkryppudreifing, fjöltindadreifing",0,na,kvk,Eintala,,,,,,,bimodal distribution,multimodal distribution,0,,,,,,,,1220
fjölliða,0,na,kvk,Eintala,,,,,,,polynomial,multinomial,0,,,,,,,,1221
"fjölliðudreifing, fjölkostadreifing",0,na,kvk,Eintala,,,,,,,binomial distribution,"multinomial distribution, polynomial distribution",0,,,,,,,,1222
fjölliðuregla,0,na,kvk,Eintala,,,,,,,,multinomial theorem,0,,,,,,,,1223
"fjöllotubundinn, margfaldlega lotubundinn",0,ls,kk,Eintala,,,,,,,,"multiperiodic, multiply periodic",0,,,,,,,,1224
fjölmættisfræði,0,na,kvk,Eintala,,,,,,,,pluripotential theory,0,,,,,,,,1225
"fjölnet, net",0,na,hk,Eintala,,,,,,,graph,multigraph,0,,,,,,,,1226
fjölskipting,0,na,kvk,Eintala,,,,,,,,multipartition,0,,,,,,,,1228
fjölskífa,0,na,kvk,Eintala,,,,,,,,"polydisc, polycylinder",0,,,,,,,,1227
fjölskylda,0,na,kvk,Eintala,,,,,,,system,family,0,,,,,,,,1229
fjölstafa tala,0,na,kvk,Eintala,,,,,,,,"multidigit number, multiplace number",0,,,,,,,,1230
fjölstig,0,na,hk,Eintala,,,,,,,,multidegree,0,,,,,,,,1231
fjölundirþýður,0,ls,kk,Eintala,,,,,,,,plurisubharmonic,0,,,,,,,,1232
fjölvísir,0,na,kk,Eintala,,,,,,,,multi-index,0,,,,,,,,1233
fjölyfirþýður,0,ls,kk,Eintala,,,,,,,,plurisuperharmonic,0,,,,,,,,1234
fjölþýður,0,ls,kk,Eintala,,,,,,,,pluriharmonic,0,,,,,,,,1235
"flatarheildi, flatartegur",0,na,hk,Eintala,,,,,,,,surface integral,0,,,,,,,,1263
flatarmál,0,na,hk,Eintala,Stærð <ref idTerm=4891>flatarmynda</ref> með tilliti til <ref idTerm=3072>mælieiningarinnar</ref> þar sem flatarmál <ref idTerm=884>einingarfernings</ref> er skilgreint sem 1.,,,,,,,"(of a plane set) area, measure of area",0,,,,,,,,1265
flatarmálsform,0,na,hk,Eintala,,,,,,,element of area,area form,0,,,,,,,,1267
flatarmálsfrymi,0,na,hk,Eintala,,,,,,,area form,"element of area, surface element",0,,,,,,,,1268
"flatarmál, yfirborðsmál, yfirborð",0,na,hk,Eintala,,,,,,,,"(of a surface) area, surface area, surface measure",0,,,,,,,,1266
flatarmælir,0,na,kk,Eintala,,,,,,,,(mathematical instrument) integrator,0,,,,,,,,1264
flatarrækinn,0,ls,kk,Eintala,,,,,,,,area preserving,0,,,,,,,,1269
flatarrækni,0,na,kvk,Eintala,,,,,,,,preservation of area,0,,,,,,,,1270
flatarskiki,0,na,kk,Eintala,,,,,,,,"planar body, planar solid",0,,,,,,,,1271
flatarskiki,0,na,kk,Eintala,,,,,,,,surface patch,0,,,,,,,,1272
flatneskja,0,na,kvk,Eintala,,,,,,,,flatness,0,,,,,,,,1273
flattur sporvölusnúðflötur,0,na,kk,Eintala,,,,,,,prolate ellipsoid,"oblate ellipsoid, oblate spheroid",0,,,,,,,,1274
flattur sporvölusnúður,0,na,kk,Eintala,,,,,,,prolate ellipsoid,"oblate ellipsoid, oblate spheroid",0,,,,,,,,1275
flatur,0,ls,kk,Eintala,,,,,,,,flat,0,,,,,,,,1276
"flatur punktur, flatpunktur",0,na,kk,Eintala,,,,,,,,"flat point, planar point",0,,,,,,,,1277
flaumrænn,0,ls,kk,Eintala,,,,,,,,analog,0,,,,,,,,1278
"flaumtölva, flaumræn tölva",0,na,kvk,Eintala,,,,,,,,analog computer,0,,,,,,,,1279
fleygaður,0,ls,kk,Eintala,,,,,,,,exact,0,,,,,,,,1282
"fleygaður frá hægri, nákvæmur frá hægri",0,ls,kk,Eintala,,,,,,,,right exact,0,,,,,,,,1283
"fleygaður frá vinstri, nákvæmur frá vinstri",0,ls,kk,Eintala,,,,,,,,left exact,0,,,,,,,,1284
fleygaður varpi,0,na,kk,Eintala,,,,,,,,exact functor,0,,,,,,,,1285
fleygbogaflötur,0,na,kk,Eintala,,,,,,,,paraboloid,0,,,,,,,,1286
fleygbogariti,0,na,kk,Eintala,,,,,,,,parabolograph,0,,,,,,,,1287
fleygbogasneið,0,na,kvk,Eintala,,,,,,,,parabolic segment,0,,,,,,,,1288
fleygbogasnúðflötur,0,na,kk,Eintala,,,,,,,,paraboloid of revolution,0,,,,,,,,1289
fleygbogi,0,na,kk,Eintala,,,,,,,,parabola,0,,,,,,,,1290
fleygger,0,ls,,Eintala,,,,,,,,parabolic,0,,,,,,,,1291
fleyggerð,0,na,kvk,Eintala,,,,,,,parabolicity,parabolic type,0,,,,,,,,1300
fleyggerð,0,na,kvk,Eintala,,,,,,,parabolic type,parabolicity,0,,,,,,,,1301
fleyggert aðhvarf,0,na,hk,Eintala,,,,,,,,parabolic regression,0,,,,,,,,1302
fleygger hlutafleiðujafna,0,na,kvk,Eintala,,,,,,,,parabolic partial differential equation,0,,,,,,,,1292
fleygger hnit,0,na,hk,Fleirtala,,,,,,,,parabolic coordinates,0,,,,,,,,1293
fleygger punktur,0,na,kk,Eintala,,,,,,,,parabolic point,0,,,,,,,,1294
fleygger Riemannflötur,0,na,kk,Eintala,,,,,,,,parabolic Riemann surface,0,,,,,,,,1295
fleygger rúmfræði,0,na,kvk,Eintala,,,,,,,euclidean geometry,parabolic geometry,0,,,,,,,,1296
fleygger sívalningur,0,na,kk,Eintala,,,,,,,,parabolic cylinder,0,,,,,,,,1297
"fleygger sjálfmótun, fleygger færsla",0,na,kvk,Eintala,,,,,,,,"parabolic automorphism, parabolic transformation",0,,,,,,,,1298
fleygger slétta,0,na,kvk,Eintala,,,,,,,euclidean plane,parabolic plane,0,,,,,,,,1299
fleyguð lest,0,na,kvk,Eintala,,,,,,,,exact sequence,0,,,,,,,,1303
fléttingur,0,na,kk,Eintala,,,,,,,,(in algebra) complex,0,,,,,,,,1280
"fléttufræði, samtakagreining, samtektagreining",0,na,kvk,Eintala,,,,,,,enumerative combinatorics,"combinatorial analysis, combinatorial theory, combinatorics",0,,,,,,,,1281
flísalagning,0,na,kvk,Eintala,,,,,,,,"tesselation, tiling",0,,,,,,,,1304
flokkafjöldi,0,na,kk,Eintala,,,,,,,,class number,0,,,,,,,,1305
flokkatala,0,na,kvk,Eintala,,,,,,,,class number,0,,,,,,,,1306
"flokksbreidd, flokkslengd",0,na,kvk,Eintala,,,,,,,,"class length, class range",0,,,,,,,,1307
flokksmark,0,na,hk,Eintala,,,,,,,,"class limit, class boundary",0,,,,,,,,1308
flokksmeðaltal,0,na,hk,Eintala,,,,,,,,class mean,0,,,,,,,,1309
"flokksmiðja, miðpunktur flokkunarbils",0,na,,Eintala,,,,,,,,class mid value,0,,,,,,,,1310
flokksnúmer,0,na,hk,Eintala,,,,,,,,class number,0,,,,,,,,1311
flokkuð gögn,0,na,hk,Fleirtala,,,,,,,,grouped data,0,,,,,,,,1312
flokkun,0,na,kvk,Eintala,,,,,,,,classification,0,,,,,,,,1313
flokkun,0,na,kvk,Eintala,,,,,,,,grouping,0,,,,,,,,1314
flokkunarbil,0,na,hk,Eintala,,,,,,,,class interval,0,,,,,,,,1315
flokkunarbreyta,0,na,kvk,Eintala,,,,,,,,"(in statistics) attribute, categorical variable",0,,,,,,,,1316
flokkunargögn,0,na,hk,Fleirtala,,,,,,,,categorical data,0,,,,,,,,1317
flokkunarhending,0,na,kvk,Eintala,,,,,,,,classification statistic,0,,,,,,,,1318
flokkunarrúm,0,na,hk,Eintala,,,,,,,,classifying space,0,,,,,,,,1319
flokkunarsetning,0,na,kvk,Eintala,,,,,,,,classification theorem,0,,,,,,,,1320
flokkur,0,na,kk,Eintala,,,,,,,,"(in statistics) cell, class",0,,,,,,,,1322
flokkur,0,na,kk,Eintala,,,,,,,"equivalence class, set",(in set theory) class,0,,,,,,,,1323
"flutningagrúpa, hreyfingagrúpa",0,na,kvk,Eintala,,,,,,,,group of motions,0,,,,,,,,1326
flutningsíðal,0,na,hk,Eintala,,,,,,,,transfer ideal,0,,,,,,,,1327
"flutningur, hreyfing",0,na,,Eintala,<ref idTerm=5779>Færsla</ref> á tiltekinni <ref idTerm=4884>sléttu</ref> sem <ref idTerm=5963>varðveitir</ref> <ref idTerm=1204>fjarlægðir</ref>.,"Sérhvern flutning má framkvæma með því að nota <ref idTerm=2056>hliðrun</ref>, <ref idTerm=4954>snúning</ref> og <ref idTerm=4986>línuspeglun</ref>. Eins og aðrar færslur, þá varðveita flutningar <ref idTerm=4509>samsíða</ref> <ref idTerm=2911>línur</ref>. Flutningar varðveita líka <ref idTerm=2223>stærðir</ref> <ref idTerm=2198>horna</ref>.",,,,,"displacement, isometry","motion, movement",0,,,,,,,,1328
flytja,0,sag,,,,,,,,,,transfer,0,,,,,,,,1329
flæði,0,na,hk,Eintala,,,,,,,,flux,0,,,,,,,,1256
flæðihraði,0,na,kk,Eintala,,,,,,,derivative,fluxion,0,,,,,,,,1257
flæðinet,0,na,hk,Eintala,,,,,,,,transportation network,0,,,,,,,,1258
flæðirit,0,na,hk,Eintala,,,,,,,,"flow chart, flow diagram",0,,,,,,,,1259
flæðistærð,0,na,kvk,Eintala,,,,,,,function,fluent,0,,,,,,,,1260
flæðisþéttleiki,0,na,kk,Eintala,,,,,,,,flux density,0,,,,,,,,1261
"flækja, flækjustig",0,na,,Eintala,,,,,,,,complexity,0,,,,,,,,1262
"flökkupunktur, hlaupapunktur, breytilegur punktur",0,na,kk,Eintala,,,,,,,,running point,0,,,,,,,,1321
flötur,0,na,kk,Eintala,,,,,,,manifold,surface,0,,,,,,,,1324
"flötur, hliðarflötur, hlið",0,na,,Eintala,Sjá <ref idTerm=3133>margflötungur</ref>.,,,,,,lateral face,(of a polyhedron) face,0,,,,,,,,1325
forgrunnur,0,na,kk,Eintala,,,,,,,,subbase,0,,,,,,,,1335
"forhlutur, fráhlutur, óðal",0,na,,Eintala,,,,,,,,"(of a morphism) domain, domain carrier, domain object, source",0,,,,,,,,1336
forknippi,0,na,hk,Eintala,,,,,,,,presheaf,0,,,,,,,,1337
forkönnun,0,na,kvk,Eintala,,,,,,,,pilot survey,0,,,,,,,,1338
forliður,0,na,kk,Eintala,,,,,,,"consequent, succedent",(of a proportion or ratio) antecedent,0,,,,,,,,1339
form,0,na,hk,Eintala,,,,,,,differential form,(in analysis) form,0,,,,,,,,1340
"formengi, frámengi, skilgreiningarmengi, óðal",0,na,hk,Eintala,Sjá <ref idTerm=3282>vörpun</ref>.,,,,,,"index set, interval of definition","(of a mapping) argument domain, domain, domain of definition, range of arguments, set of definition, source, source set",0,,,,,,,,1343
formerki,0,na,hk,Eintala,,,,,,,,"algebraic sign, sign",0,,,,,,,,1344
formerkisfall,0,na,hk,Eintala,,,,,,,,"sign function, signum function",0,,,,,,,,1346
"formerkislaus, án formerkis",0,ls,kvk,Eintala,,,,,,,,"unsigned, signless",0,,,,,,,,6573
formerkispróf,0,na,hk,Eintala,,,,,,,,sign test,0,,,,,,,,1347
formerkjaregla,0,na,kvk,Eintala,,,,,,,,rule of signs,0,,,,,,,,1348
formerkjaskipti,0,na,hk,Fleirtala,,,,,,,,"change of sign, reversal of sign",0,,,,,,,,1349
formerkjatala,0,na,kvk,Eintala,,,,,,,,(of a quadratic form) signature,0,,,,,,,,1350
formgera,0,sag,,,,,,,,,,formalize,0,,,,,,,,1351
formhyggja,0,na,kvk,Eintala,,,,,,,,formalism,0,,,,,,,,1352
formlega samkvæmur,0,ls,kk,Eintala,,,,,,,,formally consistent,0,,,,,,,,1358
"formlegt kerfi, formkerfi",0,na,hk,Eintala,,,,,,,,formal system,0,,,,,,,,1359
formlegt mál,0,na,hk,Eintala,,,,,,,,"formal language, formalized language",0,,,,,,,,1360
formlegt raunsvið,0,na,hk,Eintala,,,,,,,,formally real field,0,,,,,,,,1361
formlegur,0,ls,kk,Eintala,,,,,,,,formal,0,,,,,,,,1362
formleg afleiða,0,na,kvk,Eintala,,,,,,,,formal derivative,0,,,,,,,,1353
"formleg kenning, formgerð kenning",0,na,kvk,Eintala,,,,,,,,"formalized theory, formalism",0,,,,,,,,6574
formleg margliða,0,na,kvk,Eintala,,,,,,,,formal polynomial,0,,,,,,,,1354
formleg rökfræði,0,na,kvk,Eintala,,,,,,,"mathematical logic, logistics, symbolic logic",formal logic,0,,,,,,,,1355
formleg sönnun,0,na,kvk,Eintala,,,,,,,,formal proof,0,,,,,,,,1356
formleg veldaröð,0,na,kvk,Eintala,,,,,,,,formal power series,0,,,,,,,,1357
"formúla, formkorn, formáli",0,na,,Eintala,,,,,,,,formula,0,,,,,,,,1363
formúlusafn,0,na,hk,Eintala,,,,,,,,formulary,0,,,,,,,,1364
formynd,0,na,kvk,Eintala,,,,,,,inverse image,"(of a cohomology class, differential    form etc.) pull-back",0,,,,,,,,1365
"formynd, frummynd, öfug mynd",0,na,kvk,Eintala,Fyrir <ref idTerm=3282>vörpun</ref> \(f: X \to Y\) og <ref idTerm=2098>hlutmengi</ref> \(B\) í \(Y\) kallast <ref idTerm=3270>mengi</ref> þeirra <ref idTerm=5128>staka</ref> úr \(X\) sem \(f\) varpar í stak úr \(B\) \textit{frummynd} vörpunarinnar \(f\) af menginu \(B\). Hana má rita á forminu \[ f^{-1}(B) = \{x \in X \mid f(x) \in B\}. \],"Fyrir sérhvert \(y \in B\) eru þau stök úr \(X\) sem \(f\) varpar í \(y\) lausnir <ref idTerm=2478>jöfnunnar</ref> \(f(x) = y\). Frummyndina \(f^{-1}(B)\) má því einnig skilgreina sem mengi allra lausna jöfnunnar \(f(x) = y\) fyrir sérhvert \(y \in B\) og þannig má rita hana á forminu \[ f^{-1}(B) = \{x \in X \mid \text{til er}\; y \in B \;\text{þ.a.}\; f(x) = y\}. \] <ref idTerm=6050>Venn-myndin</ref> að neðan sýnir vörpunina \(f: X \to Y\), hlutmengið \(B\) í \(Y\) og frummynd þess \(f^{-1}(B)\):\n\n\begin{center}\n\includegraphics[width=150px]{myndir/frummynd.png}\n\end{center}\n\nFrummyndir af <ref idTerm=4464>sammengjum</ref>, <ref idTerm=4928>sniðmengjum</ref> og <ref idTerm=1553>fyllimengjum</ref> fullnægja eftirfarandi <ref idTerm=4150>reiknireglum</ref>, sem segja að fyrir sérhver hlutmengi \(B_1\) og \(B_2\) í \(Y\) gildi:\n\n\begin{enumerate}\n    \item \(f^{-1}(B_1 \cup B_2) = f^{-1}(B_1) \cup f^{-1}(B_2)\).\n    \item \(f^{-1}(B_1 \cap B_2) = f^{-1}(B_1) \cap f^{-1}(B_2)\).\n    \item \(f^{-1}(B_1^c) = (f^{-1}(B_1))^c\).\n\end{enumerate}\n\nEf \(A\) er hlutmengi í \(X\) og \(B\) er hlutmengi í \(Y\) fást jafnframt eftirfarandi reiknireglur um samspil <ref idTerm=3417>mynda</ref> og frummynda:\n\n\begin{enumerate}\n    \item \(A \subseteq f^{-1}(f(A))\).\n    \item \(f(f^{-1}(B)) \subseteq B\).\n\end{enumerate}",,,,,,"counterimage, inverse, inverse image, preimage",0,,,,,,,,1366
"form, jafnþætt margliða, einsleit margliða",0,na,,Eintala,,,,,,,quadratic form,"(in algebra) form, homogeneous polynomial, quantic",0,,,,,,,,1341
forraðað mengi,0,na,hk,Eintala,,,,,,,,"preordered set, quasi-ordered set",0,,,,,,,,1367
forrit,0,na,hk,Eintala,,,,,,,,program,0,,,,,,,,1368
forritun,0,na,kvk,Eintala,,,,,,,,programming,0,,,,,,,,1370
"forrit, tölvuforrit",0,na,hk,Eintala,,,,,,,,computer program,0,,,,,,,,1369
forröðun,0,na,kvk,Eintala,,,,,,,ordering,"preorder, preordering, quasi-order, weak ordering",0,,,,,,,,1371
forsagnar- og leiðréttingaraðferð,0,na,kvk,Eintala,,,,,,,,predictor-corrector method,0,,,,,,,,1372
"forsegjandi, spáfall",0,na,,Eintala,,,,,,,,"predictor, prediction function",0,,,,,,,,1373
forsenda,0,na,kvk,Eintala,,,,,,,"consequent, succedent","(of a conditional) antecedent, hypothesis, premise, premisse",0,,,,,,,,1374
forsenda,0,na,kvk,Eintala,,,,,,,,assumption,0,,,,,,,,1375
forsenda til einföldunar,0,na,kvk,Eintala,,,,,,,,simplifying assumption,0,,,,,,,,1376
"forsenda, krafa",0,na,kvk,Eintala,,,,,,,,postulate,0,,,,,,,,1377
forsía,0,na,kvk,Eintala,,,,,,,,prefilter,0,,,,,,,,1378
forskema,0,na,hk,Eintala,,,,,,,scheme,prescheme,0,,,,,,,,1379
forskeyti,0,na,hk,Eintala,,,,,,,,prefix,0,,,,,,,,1380
"fortáknun, pólskur ritháttur",0,na,,Eintala,,,,,,,"parenthesis-free notation, postfix notation","Lukasiewicz notation, Polish notation, prefix notation",0,,,,,,,,1381
fortilraun,0,na,kvk,Eintala,,,,,,,,pilot experiment,0,,,,,,,,1382
forystuliður,0,na,kk,Eintala,,,,,,,,"highest degree term, highest term, leading term",0,,,,,,,,1383
forystustuðull,0,na,kk,Eintala,Sjá <ref idTerm=1948>margliða</ref>.,,,,,,,"highest coefficient, highest degree coefficient, leading coefficient",0,,,,,,,,1384
forþjappaður,0,ls,kk,Eintala,,,,,,,,precompact,0,,,,,,,,1385
for-Hilbert-rúm,0,na,hk,Eintala,,,,,,,unitary space,prehilbert space,0,,,,,,,,1334
"fossaferli, skriðuferli",0,na,hk,Eintala,,,,,,,,cascade process,0,,,,,,,,1386
"Fourier-færsla, Fourier-myndun, Fourier-ummyndun",0,na,kvk,Eintala,,,,,,,,Fourier transformation,0,,,,,,,,1391
"Fourier-greining, sveiflugreining",0,na,kvk,Eintala,,,,,,,,"Fourier analysis, harmonic analysis",0,,,,,,,,1392
"Fourier-heildi, Fourier-tegur",0,na,hk,Eintala,,,,,,,,Fourier integral,0,,,,,,,,1393
"Fourier-liðun, sveifluliðun",0,na,kvk,Eintala,,,,,,,,Fourier expansion,0,,,,,,,,1394
"Fourier-mynd, Fourier-færsla",0,na,kvk,Eintala,,,,,,,characteristic function,Fourier transform,0,,,,,,,,1395
Fourier-röð,0,na,kvk,Eintala,,,,,,,trigonometric series,Fourier series,0,,,,,,,,1396
Fourier-stuðull,0,na,kk,Eintala,,,,,,,,Fourier coefficient,0,,,,,,,,1397
"Fourier-, sveiflu-",0,pref,,,,,,,,,,harmonic,0,,,,,,,,1390
fólgið fall,0,na,hk,Eintala,,,,,,,,implicit function,0,,,,,,,,1332
fólginn,0,ls,kk,Eintala,,,,,,,explicit,implicit,0,,,,,,,,1333
fótpunktaþríhyrningur,0,na,kk,Eintala,,,,,,,,pedal triangle,0,,,,,,,,1388
fótpunktur,0,na,kk,Eintala,<ref idTerm=4845>Skurðpunktur</ref> <ref idTerm=2911>línu</ref> og <ref idTerm=2975>þverils</ref> síns.,,,,,,,(of a perpendicular) foot,0,,,,,,,,1389
framandlegt hvel,0,na,hk,Eintala,,,,,,,,exotic sphere,0,,,,,,,,1404
framfærsla,0,na,kvk,Eintala,,,,,,,,forward shift,0,,,,,,,,1405
"framinnsetning, forinnsetning",0,na,kvk,Eintala,,,,,,,back substitution,forward substitution,0,,,,,,,,1406
framleiða,0,sag,,,,,,,,,,generate,0,,,,,,,,1407
framleiðandi fall,0,na,hk,Eintala,,,,,,,"enumerating power series, moment generating function, probability generating function",generating function,0,,,,,,,,1408
"framleiðandi lína, framleiðandi",0,na,,Eintala,,,,,,,,"generating line, generator, generatrix",0,,,,,,,,1409
framleiðandi veldaröð,0,na,kvk,Eintala,,,,,,,generating function,enumerating power series,0,,,,,,,,1410
"framlenging, útvíkkun",0,na,kvk,Eintala,,,,,,,,"continuation, extension, prolongation",0,,,,,,,,1411
frammunur,0,na,kk,Eintala,,,,,,,,"descending difference, forward difference",0,,,,,,,,1412
framsetjandi,0,,,,,,,,,,,representing,0,,,,,,,,1413
framsetjanlegur,0,ls,kk,Eintala,,,,,,,,representable,0,,,,,,,,1414
framsetjanleiki,0,na,kk,Eintala,,,,,,,,representability,0,,,,,,,,1415
framsetning,0,na,kvk,Eintala,,,,,,,,presentation,0,,,,,,,,1416
framsetning,0,na,kvk,Eintala,,,,,,,presentation,representation,0,,,,,,,,1417
"framsetningarregla, framsetningarsetning",0,na,kvk,Eintala,,,,,,,,representation theorem,0,,,,,,,,1418
"framvinda, tilhneiging",0,na,kvk,Eintala,,,,,,,,"evolution, tendency",0,,,,,,,,1419
"framvindill, útbreiðslufall",0,na,,Eintala,,,,,,,,propagator,0,,,,,,,,1420
framvindujafna,0,na,kvk,Eintala,,,,,,,,evolution equation,0,,,,,,,,1422
framvindu-,0,pref,,,,,,,,,,evolutionary,0,,,,,,,,1421
frádragi,0,na,kk,Eintala,,,,,,,,subtrahend,0,,,,,,,,1398
frádráttarstofn,0,na,kk,Eintala,,,,,,,,minuend,0,,,,,,,,1399
frádráttur,0,na,kk,Eintala,,,,,,,,subtraction,0,,,,,,,,1400
frávik,0,na,hk,Eintala,,,,,,,,deviation,0,,,,,,,,1423
frávikshlutfall,0,na,hk,Eintala,,,,,,,,coefficient of variation,0,,,,,,,,1424
Fredholm-skilyrði,0,na,hk,Eintala,,,,,,,,Fredholm alternative,0,,,,,,,,1427
frekar jákvæður deilir,0,na,kk,Eintala,,,,,,,,"effective divisor, non-negative divisor",0,,,,,,,,1428
fremsti tölustafur,0,na,kk,Eintala,,,,,,,,first digit,0,,,,,,,,1429
fremsti tölustafur,0,na,kk,Eintala,,,,,,,least significant digit,most significant digit,0,,,,,,,,1430
"Fréchet-deildanlegur, Fréchet-diffranlegur",0,ls,kk,Eintala,,,,,,,differentiable,"Fréchet differentiable, totally differentiable",0,,,,,,,,1425
Fréchet-rúm,0,na,hk,Eintala,,,,,,,,Fréchet space,0,,,,,,,,1426
frjáls,0,ls,,Eintala,,,,,,,,free,0,,,,,,,,1431
frjálst margfeldi,0,na,hk,Eintala,,,,,,,,free product,0,,,,,,,,1441
frjálst stak,0,na,hk,Eintala,,,,,,,,free element,0,,,,,,,,1442
"frjáls breyta, frjáls breytistærð",0,na,kvk,Eintala,,,,,,,,free variable,0,,,,,,,,1432
frjáls grunnur,0,na,kk,Eintala,,,,,,,basis,free basis,0,,,,,,,,1433
frjáls grúpa,0,na,kvk,Eintala,,,,,,,,free group,0,,,,,,,,1434
frjáls Riemann-flötur,0,na,kk,Eintala,,,,,,,,abstract Riemann surface,0,,,,,,,,1435
frjáls spönnuður,0,na,kk,Eintala,,,,,,,,free generator,0,,,,,,,,1436
"frjáls útvíkkun, frjáls víkkun",0,na,kvk,Eintala,,,,,,,,free extension,0,,,,,,,,1437
frjáls vigur,0,na,kk,Eintala,,,,,,,bound vector,free vector,0,,,,,,,,1438
frjáls vísir,0,na,kk,Eintala,,,,,,,,free index,0,,,,,,,,1439
frjáls þáttur,0,na,kk,Eintala,,,,,,,,free factor,0,,,,,,,,1440
fruma,0,na,kvk,Eintala,,,,,,,,(in topology) cell,0,,,,,,,,1444
"frumbreyta, óháð breyta, óháð breytistærð, frumstærð",0,na,kvk,Eintala,,,,,,,,"(of a function) argument, independent variable",0,,,,,,,,1445
frumbútur (í rúmfræði),0,na,kk,Eintala,,,,,,,,geometrical element,0,,,,,,,,1446
frumdeilir,0,na,kk,Eintala,,,,,,,,prime divisor,0,,,,,,,,1447
"frumhugtak, grunnhugtak, undirstöðuhugtak",0,na,hk,Eintala,,,,,,,,"basic concept, fundamental concept",0,,,,,,,,1448
frumíðal,0,na,hk,Eintala,,,,,,,,prime ideal,0,,,,,,,,1449
frummargliða,0,na,kvk,Eintala,,,,,,,,prime polynomial,0,,,,,,,,1450
"frumsenda um lítil mengi, frumsetning um lítil mengi",0,na,kvk,Eintala,,,,,,,,"axiom of pairing, pairing axiom",0,,,,,,,,1451
"frumsenda, frumsetning",0,na,kvk,Eintala,<ref idTerm=1515>Yrðing</ref> sem lögð er til grundvallar en ekki er ætlast til að sé <ref idTerm=4554>sönnuð</ref>.,Í fyrstu gæti virst vafasamt að gefa sér að eitthvað sé <ref idTerm=6659>satt</ref> í staðinn fyrir að sanna það enda eru <ref idTerm=4964>sannanir</ref> aðalverkfæri <ref idTerm=5117>stærðfræðinga</ref> til þess að sannfæra sjálfa sig og aðra um að staðhæfingar séu réttar. Því miður er ekki hægt að komast hjá því en það væri eins og að keyra bíl án eldsneytis. Svokölluðu \textit{afleiðslukerfin} sem stærðfræðingar nota er einungis hægt að nota til þess að álykta nýjar staðreyndir út frá staðreyndum sem er nú þegar búið að sanna. Þess vegna þurfa fyrst að vera til staðreyndir sem er ákveðið að séu sannar. Það er ákveðin hætta að frumsendurnar séu innbyrðis <ref idTerm=3401>mótsagnakenndar</ref> eða að þær endurspegli ekki innsæi okkar varðandi það sem ætti að vera satt.,,,,,,"axiom, postulate",0,,,,,,,,1452
"frumsenduaðferð, frumsetningaraðferð",0,na,kvk,Eintala,,,,,,,,axiomatic method,0,,,,,,,,1453
"frumsendugrip, frumsetningargrip, frumsenduskema, frumsetningaskema",0,na,hk,Eintala,,,,,,,,axiom scheme,0,,,,,,,,1454
"frumsendukerfi, frumsetningakerfi",0,na,hk,Eintala,,,,,,,,"axiom system, system of axioms",0,,,,,,,,1455
"frumsendulegur, frumsendu-, frumsetninga-",0,,,,,,,,,,,axiomatic,0,,,,,,,,1457
"frumsenduleg mengjafræði, frumsendumengjafræði",0,na,kvk,Eintala,,,,,,,,axiomatic set theory,0,,,,,,,,1456
frumstak,0,na,hk,Eintala,,,,,,,,"prime, prime element",0,,,,,,,,1465
frumstak,0,na,hk,Eintala,,,,,,,,"prime element, prime",0,,,,,,,,6575
frumstak,0,na,hk,Eintala,,,,,,,individual,urelement,0,,,,,,,,6576
frumstæður,0,ls,kk,Eintala,,,,,,,,primitive,0,,,,,,,,1461
frumstæð margliða,0,na,kvk,Eintala,,,,,,,,primitive polynomial,0,,,,,,,,1458
frumstæð rót,0,na,kvk,Eintala,,,,,,,,primitive root,0,,,,,,,,1459
"frumstæð sviðsútvíkkun, frumstæð sviðsvíkkun",0,na,kvk,Eintala,,,,,,,,primitive field extension,0,,,,,,,,1460
frumstætt íðal,0,na,hk,Eintala,,,,,,,,primitive ideal,0,,,,,,,,1462
frumstætt rakið fall,0,na,hk,Eintala,,,,,,,,primitive recursive function,0,,,,,,,,1463
frumstætt stak,0,na,hk,Eintala,,,,,,,,primitive element,0,,,,,,,,1464
"frumsvið, frumkroppur",0,na,hk,Eintala,,,,,,,,prime field,0,,,,,,,,1467
"frumtala, prímtala",0,na,kvk,Eintala,<ref idTerm=3475>Náttúruleg tala</ref> \(p > 1\) kallast \textit{frumtala} ef einu náttúrulegu tölurnar sem <ref idTerm=1599>ganga upp í</ref> henni eru <ref idTerm=5397>talan</ref> \(1\) og talan \(p\).,"Þessi skilgreining jafngildir því að segja að talan \(p\) sé frumtala ef fyrir sérhverjar náttúrulegar tölur \(a\) og \(b\) þannig að \(p\) <ref idTerm=1599>gengur upp í</ref> \(a \cdot b\) þá gengur \(p\) líka upp í a.m.k. annarri þeirra.\n\nLjóst er að fyrsta frumtalan er 2 og almennt er hægt að ákvarða hvort gefin náttúruleg tala \(n\) sé frumtala með því að prófa að <ref idTerm=686>deila</ref> öllum frumtölum frá 2 til \(\sqrt{n}\) upp í \(n\). Ef alltaf fæst afgangur þá er talan frumtala.\n\nAllar frumtölur minni en 100 eru eftirfarandi: 2, 3, 5, 7, 11, 13, 17, 19, 23, 29, 31, 37, 41, 43, 47, 53, 59, 61, 67, 71, 73, 79, 83, 89, 97.",,,,,,"prime, prime number",0,,,,,,,,1468
frumtalnasetning,0,na,kvk,Eintala,,,,,,,,prime number theorem,0,,,,,,,,1469
frumtalnatafla,0,na,kvk,Eintala,,,,,,,,table of primes,0,,,,,,,,1470
frumtalnatvíburar,0,na,kk,Fleirtala,,,,,,,,"pair of primes, prime pair, prime twins, twin primes",0,,,,,,,,1471
frumuklasi,0,na,kk,Eintala,,,,,,,,cell complex,0,,,,,,,,1473
frumu-,0,pref,,,,,,,,,,cellular,0,,,,,,,,1472
frumþáttun,0,na,kvk,Eintala,,,,,,,factorization,"prime decomposition, prime factorization",0,,,,,,,,1474
frumþáttur,0,na,kk,Eintala,Sjá <ref idTerm=5824>undirstöðusetningu reikningslistarinnar</ref>.,,,,,,,prime factor,0,,,,,,,,1475
frum-,0,pref,,,,,,,,,,prime,0,,,,,,,,1443
frymi,0,na,hk,Eintala,,,,,,,"element of arc length, element of area, element of length, element of volume",element,0,,,,,,,,1476
frymið íðal,0,na,hk,Eintala,,,,,,,,primary ideal,0,,,,,,,,1477
fryminn þáttur,0,na,kk,Eintala,,,,,,,,primary component,0,,,,,,,,1480
frymin framsetning,0,na,kvk,Eintala,,,,,,,,primary representation,0,,,,,,,,1478
frymin þáttun,0,na,kvk,Eintala,,,,,,,,primary decomposition,0,,,,,,,,1479
fræði,0,na,kvk,Eintala,,,,,,,"additive number theory, algebraic number theory, algebraic theory of numbers, analytic number theory, analytic theory of numbers, approximation theory, automata theory, axiomatic set theory, bifurcation theory, bordism theory, Cantorian set theory, category theory, classical set theory, catastrophe theory, coding theory, cohomology theory, combinatorial theory, computability theory, control theory, data base theory, decision theory, dimension theory, distribution theory, elementary number theory, estimation theory, field theory, function theory, Galois theory, game theory, general theory of relativity, graph theory, group theory, homology theory, homotopy theory, information theory, integration theory, iteration theory, knot theory, \(K\)-theory, lattice theory, matrix theory, measure theory, model theory, module theory, multiplicative number theory, naive set theory, number theory, numerical approximation theory, obstruction theory, perturbation theory, potential theory, prediction theory, probability theory, proof theory, quantification theory, queuing theory, recursion theory, recursive function theory, representation theory, set theory, sheaf theory, special theory of relativity, spectral theory, type theory, utility theory, valuation theory, value distribution theory",theory,0,,,,,,,,1401
fræðin um keilusnið,0,na,hk,Fleirtala,,,,,,,,conics,0,,,,,,,,1402
frændhorn,0,na,hk,Eintala,Tvö <ref idTerm=2198>horn</ref> sem samanlagt <ref idTerm=2223>mælast</ref> 180 <ref idTerm=1667>gráður</ref>.,Á eftirfarandi mynd eru \(\angle BOA\) og \(\angle DPC\) frændhorn:\n\n\begin{center}\n\includegraphics[width=150px]{myndir/fraendhorn.png}\n\end{center},,,,,,"supplementary angle, supplement, supplemental angle",0,,,,,,,,1403
fullgerð lokun,0,na,kvk,Eintala,,,,,,,,perfect closure,0,,,,,,,,1481
"fullgerð útvíkkun, heilsteypt útvíkkun, fullgerð víkkun, heilsteypt víkkun",0,na,kvk,Eintala,,,,,,,,perfect extension,0,,,,,,,,1482
"fullgert svið, heilsteypt svið",0,na,hk,Eintala,,,,,,,,perfect field,0,,,,,,,,1483
"fullheildanlegur, fulltegranlegur",0,ls,kk,Eintala,,,,,,,,"completely integrable, totally integrable",0,,,,,,,,1484
fullkomið firðrúm,0,na,hk,Eintala,,,,,,,,complete metric space,0,,,,,,,,1485
"fullkomið frumsendukerfi, fullkomið frumsetningakerfi",0,na,hk,Eintala,,,,,,,,complete axiom system,0,,,,,,,,1486
"fullkomið leifamengi, fullkomið leifakerfi",0,na,hk,Eintala,,,,,,,,complete residue system,0,,,,,,,,1487
fullkomið mál,0,na,hk,Eintala,,,,,,,,complete measure,0,,,,,,,,1488
"fullkomið raðsvið, fullkomið raðað svið",0,na,hk,Eintala,,,,,,,,complete ordered field,0,,,,,,,,1489
fullkominn,0,ls,kk,Eintala,,,,,,,,complete,0,,,,,,,,1493
fullkominn ferhliðungur,0,na,kk,Eintala,,,,,,,,complete quadrilateral,0,,,,,,,,1494
fullkominn ferhyrningur,0,na,kk,Eintala,,,,,,,,complete quadrangle,0,,,,,,,,1495
fullkomin kenning,0,na,kvk,Eintala,,,,,,,,complete theory,0,,,,,,,,1490
fullkomin spyrðing,0,na,kvk,Eintala,,,,,,,,"linear factor, perfect matching",0,,,,,,,,1491
fullkomin tala,0,na,kvk,Eintala,,,,,,,,perfect number,0,,,,,,,,1492
fullkomlega samfelldur,0,ls,kk,Eintala,,,,,,,compact operator,completely continuous,0,,,,,,,,1496
"fullkomlega viðbætinn, fullkomlega samleggjandi",0,ls,kk,Eintala,,,,,,,additive,completely additive,0,,,,,,,,1497
"fullkomleikafrumsenda, fullkomleikafrumsetning",0,na,kvk,Eintala,,,,,,,,completeness axiom,0,,,,,,,,1498
"fullkomleikafrumsenda, fullkomleikafrumsetning, frumsenda um fullkomleika, frumsetning um fullkomleika",0,na,kvk,Eintala,,,,,,,,axiom of completeness,0,,,,,,,,1499
fullkomleikasetning,0,na,kvk,Eintala,,,,,,,,completeness theorem,0,,,,,,,,1500
fullkomleikasetning Gödels,0,na,kvk,Eintala,,,,,,,,Gödel's completeness theorem,0,,,,,,,,1501
fullkomleiki,0,na,kk,Eintala,,,,,,,,completeness,0,,,,,,,,1502
fullkomnun,0,na,kvk,Eintala,,,,,,,,completion,0,,,,,,,,1503
"fullnægjanlegur, uppfyllanlegur",0,ls,kk,Eintala,,,,,,,,satisfiable,0,,,,,,,,1505
"fullnægja, uppfylla",0,sag,,,,,,,,,,"fulfill, meet (a condition), satisfy",0,,,,,,,,1504
fullskipað hlutnet,0,na,hk,Eintala,,,,,,,,full subgraph,0,,,,,,,,1506
fullstytt brot,0,na,hk,Eintala,,,,,,,,"fraction in its lowest terms, reduced fraction, simplified fraction",0,,,,,,,,1507
fulltengt net,0,na,hk,Eintala,,,,,,,,"clique, complete graph",0,,,,,,,,1511
fulltrúa-,0,pref,,,,,,,,,,representative,0,,,,,,,,1512
fulltrúi,0,na,kk,Eintala,,,,,,,,representative,0,,,,,,,,1513
fullt hlutríki,0,na,hk,Eintala,,,,,,,,full subcategory,0,,,,,,,,1508
"fullt horn, \(360^\circ\) horn",0,na,hk,Eintala,,,,,,,,"full angle, perigon, round angle",0,,,,,,,,1509
"fullt horn, \(360^\circ\)  horn",0,na,hk,Eintala,,,,,,,,"perigon, full angle, round angle",0,,,,,,,,6577
fullt rúmhorn,0,na,hk,Eintala,,,,,,,,full solid angle,0,,,,,,,,1510
fullur,0,ls,kk,Eintala,,,,,,,,full,0,,,,,,,,1514
"fullyrðing, yrðing",0,na,kvk,Eintala,<ref idTerm=5072>Staðhæfing</ref> sem er annaðhvort <ref idTerm=4565>sönn</ref> eða <ref idTerm=3890>ósönn</ref>.,"Yrðingar eru yfirleitt táknaðar með litlum bókstöfum eins og \(p\), \(q\), \(r\) og svo framvegis.",,,,,"assertion, formula, meaningful formula, sentence, statement, well-formed formula",proposition,0,,,,,,,,1515
fylgibreyta,0,na,kvk,Eintala,,,,,,,,concomitant variable,0,,,,,,,,1516
"fylgibreyta, fylgistærð, háð breyta, háð breytistærð",0,na,kvk,Eintala,,,,,,,dependent variable,(in optimization) basic variable,0,,,,,,,,1517
"fylgibreyta, fylgistærð, háð breyta, háð breytistærð",0,na,kvk,Eintala,,,,,,,"basic variable, independent variable",dependent variable,0,,,,,,,,1518
fylginn,0,ls,kk,Eintala,,,,,,,,correlated,0,,,,,,,,1519
fylgisetning,0,na,kvk,Eintala,,,,,,,,corollary,0,,,,,,,,1520
fylgiþáttur,0,na,kk,Eintala,,,,,,,,concomitant factor,0,,,,,,,,1521
fylgnar breytur,0,na,kvk,Fleirtala,,,,,,,,correlated variables,0,,,,,,,,1522
fylgni,0,na,kvk,Eintala,,,,,,,,"correlation, intercorrelation",0,,,,,,,,1523
fylgnifall,0,na,hk,Eintala,,,,,,,,correlation function,0,,,,,,,,1524
fylgnifylki,0,na,hk,Eintala,,,,,,,,correlation matrix,0,,,,,,,,1525
fylgnigreining,0,na,kvk,Eintala,,,,,,,,correlation analysis,0,,,,,,,,1526
fylgnihlutfall,0,na,hk,Eintala,,,,,,,,correlation ratio,0,,,,,,,,1527
fylgnireikningur,0,na,kk,Eintala,,,,,,,,correlation calculus,0,,,,,,,,1528
fylgnirit,0,na,hk,Eintala,,,,,,,,correlogram,0,,,,,,,,1529
fylgnisporbaugur,0,na,kk,Eintala,,,,,,,,"contour ellipse, correlation ellipse, dispersion ellipse, ellipse of correlation, homothetic ellipse",0,,,,,,,,1530
fylgnisporvala,0,na,kvk,Eintala,,,,,,,,"contour ellipsoid, correlation ellipsoid, dispersion ellipsoid, ellipsoid of correlation, homothetic ellipsoid",0,,,,,,,,1531
fylgnistuðull,0,na,kk,Eintala,,,,,,,,"coefficient of correlation, correlation coefficient",0,,,,,,,,1532
fylgnitafla,0,na,kvk,Eintala,,,,,,,,correlation table,0,,,,,,,,1533
fylki,0,na,hk,Eintala,,,,,,,,"array, matrix",0,,,,,,,,1534
fylkjaalgebra,0,na,kvk,Eintala,,,,,,,,matrix algebra,0,,,,,,,,1536
fylkjafall,0,na,hk,Eintala,,,,,,,,matrix function,0,,,,,,,,1537
fylkjafræði,0,na,kvk,Eintala,,,,,,,,matrix theory,0,,,,,,,,1538
fylkjagildur,0,ls,kk,Eintala,,,,,,,,matrix valued,0,,,,,,,,1539
fylkjagrúpa,0,na,kvk,Eintala,,,,,,,,matrix group,0,,,,,,,,1540
fylkjajafna,0,na,kvk,Eintala,,,,,,,,matrix equation,0,,,,,,,,1541
fylkjamargfeldi,0,na,hk,Eintala,,,,,,,,matrix product,0,,,,,,,,1542
fylkjareikningur,0,na,kk,Eintala,,,,,,,,matrix calculation,0,,,,,,,,1543
fylkjaritháttur,0,na,kk,Eintala,,,,,,,,matrix notation,0,,,,,,,,1544
fylkjastaðall,0,na,kk,Eintala,,,,,,,,matrix norm,0,,,,,,,,1545
"fylkjaumhverfing, fylkjaandhverfing",0,na,kvk,Eintala,,,,,,,,matrix inversion,0,,,,,,,,1546
fylkjaútsetning,0,na,kvk,Eintala,,,,,,,,"matrix representation, matricial representation",0,,,,,,,,1547
fylkja-,0,pref,,,,,,,,,,matricial,0,,,,,,,,1535
fylkjungur,0,na,kk,Eintala,,,,,,,,matroid,0,,,,,,,,1548
fylliaðgerð,0,na,kvk,Eintala,,,,,,,,complementation,0,,,,,,,,1549
"fylliatburður, andstæða, andstæður atburður",0,na,kk,Eintala,,,,,,,,"complementary event, complement",0,,,,,,,,6578
fyllilega óbreyttur,0,ls,kk,Eintala,,,,,,,,fully invariant,0,,,,,,,,1550
fyllilega tryggur,0,ls,kk,Eintala,,,,,,,,fully faithful,0,,,,,,,,1551
fyllilíkindi,0,na,hk,Fleirtala,,,,,,,,complementary probability,0,,,,,,,,1552
fyllimengi,0,na,hk,Eintala,<ref idTerm=3280>Mengjamunur</ref> á forminu \(G \setminus A\) þar sem \(A \subseteq G\) kallast \textit{fyllimengi \(A\) í \(G\)}. Ef enginn vafi leikur á hvert <ref idTerm=3270>mengið</ref> \(G\) sé og við höfum ekki áhuga á því sem er utan \(G\) (sem kallast þá \textit{grunnmengi}) köllum við þennan mengjamun einfaldlega fyllimengi \(A\) og taknum hann með \(A^c\).,"Ýmis önnur tákn þekkjast fyrir fyllimengi \(A\); til dæmis \(\overline{A}\), \(A’\) og \(\mathbf{C}A\). Við höfum sem sagt: \[ A^c = G \setminus A. \] Óformlega má segja að fyllimengið \(A^c\) sé sá hluti grunnmengisins sem liggur utan mengisins \(A\). Á <ref idTerm=6050>Venn-myndum</ref> er venja að tákna grunnmengið með <ref idTerm=4175>rétthyrningi</ef> og á myndinni að neðan er fyllimengið \(A^c\) litað rautt:\n\n\begin{center}\n\includegraphics[width=150px]{myndir/fyllimengi.png}\n\end{center}\n\nUm fyllimengi <ref idTerm=4464>sam-</ref> og <ref idTerm=4928>sniðmengja</ref> gilda reglur De Morgans, sem segja að fyrir sérhver tvö mengi \(A\) og \(B\) gildi: \[ (A \cup B)^c = A^c \cap B^c \quad \text{og} \quad (A \cap B)^c = A^c \cup B^c. \] Jafnframt gilda eftirfarandi reglur fyrir mengin \(A\) og \(B\):\n\n\begin{enumerate}\n    \item \(A \cap A^c = \varnothing\).\n    \item \(A \cup A^c = G\).\n    \item \((A^c)^c = A\).\n    \item \(A \subset B\) ef og aðeins ef \(B^c \subset A^c\).\n\end{enumerate}",,,,,difference,"(of a subset) complement, complementary subset",0,,,,,,,,1553
fylling,0,na,kvk,Eintala,,,,,,,,(in a Boolean algebra etc.) complement,0,,,,,,,,1554
fyllingarskilyrði,0,na,hk,Eintala,,,,,,,,complementarity,0,,,,,,,,1555
fyllirúm,0,na,hk,Eintala,,,,,,,,"(of a linear subspace) complement, complementary subspace, supplement, supplementary space",0,,,,,,,,1556
"fyllitala, tölufylling",0,na,kvk,Eintala,,,,,,,,complementary number,0,,,,,,,,1557
fyrirframdreifing,0,na,kvk,Eintala,,,,,,,,"a priori distribution, distribution a priori, prior distribution",0,,,,,,,,1559
fyrirframlíkindi,0,na,hk,Fleirtala,,,,,,,,"a priori probability, prior probability",0,,,,,,,,1560
fyrirframmat,0,na,hk,Eintala,,,,,,,,"a priori estimate, prior estimate",0,,,,,,,,1561
fyrir fram,0,,,,,,,,,,,a priori,0,,,,,,,,1558
fyrri teljanleikafrumsendan,0,na,kvk,Eintala,,,,,,,,first axiom of countability,0,,,,,,,,1562
"fyrsta meginform, fyrsta undirstöðuform",0,na,hk,Eintala,,,,,,,,first fundamental form,0,,,,,,,,1563
fyrsta stigs,0,ls,,Eintala,,,,,,,,first-order,0,,,,,,,,1564
fyrstu raðar,0,ls,,Eintala,,,,,,,,first-order,0,,,,,,,,1565
fyrstu stéttar,0,ls,,Eintala,,,,,,,order,first-order,0,,,,,,,,1566
fæðingaferli,0,na,hk,Eintala,,,,,,,,birth process,0,,,,,,,,1046
fæðingar- og dánarferli,0,na,hk,Eintala,,,,,,,,birth-and-death process,0,,,,,,,,1047
fæðingatíðni,0,na,kvk,Eintala,,,,,,,,birth rate,0,,,,,,,,1048
færsla,0,na,kvk,Eintala,,,,,,,,record,0,,,,,,,,1049
færslufylki,0,na,hk,Eintala,,,,,,,,(in probability theory) transition matrix,0,,,,,,,,1050
færslugrúpa,0,na,kvk,Eintala,,,,,,,,"group of transformations, transformation group",0,,,,,,,,1051
færslulíkindi,0,na,hk,Fleirtala,,,,,,,,"transition probability, transition function",0,,,,,,,,6579
földun,0,na,kvk,Eintala,,,,,,,,"convolution, resultant",0,,,,,,,,1330
földunarjafna,0,na,kvk,Eintala,,,,,,,,convolution equation,0,,,,,,,,1331
"föst færslulíkindi, stöðug færslulíkindi",0,na,hk,Fleirtala,,,,,,,,constant transition probability,0,,,,,,,,1387
gagnabanki,0,na,kk,Eintala,,,,,,,,data bank,0,,,,,,,,1568
gagnasafnsfræði,0,na,kvk,Eintala,,,,,,,,data base theory,0,,,,,,,,1570
"gagnasafn, gagnagrunnur",0,na,,Eintala,,,,,,,,data base,0,,,,,,,,1569
gagnavinnsla,0,na,kvk,Eintala,,,,,,,,data processing,0,,,,,,,,1571
gagnfágaður,0,ls,kk,Eintala,,,,,,,,biholomorphic,0,,,,,,,,1572
gagnkvæmnissetning,0,na,kvk,Eintala,,,,,,,,reciprocity law,0,,,,,,,,1573
gagnkvæmur,0,ls,kk,Eintala,,,,,,,,reciprocal,0,,,,,,,,1574
gagnræður,0,ls,kk,Eintala,,,,,,,,birational,0,,,,,,,,1575
gagnsnið,0,na,hk,Eintala,,,,,,,,transversality,0,,,,,,,,1576
gagnsniða,0,ls,,Eintala,,,,,,,intersect transversally,transversal,0,,,,,,,,1577
gagnsniðill,0,na,kk,Eintala,,,,,,,,transversal,0,,,,,,,,1579
gagnsniðsskilyrði,0,na,hk,Eintala,,,,,,,,transversality condition,0,,,,,,,,1580
gagnsníða,0,ls,,,,,,,,,transversal,intersect transversally,0,,,,,,,,1578
gagnstæður,0,ls,kk,Eintala,,,,,,,,antipodal,0,,,,,,,,1583
"gagnstæð stefna, gagnstæð átt",0,ls,kvk,Eintala,,,,,,,,opposite direction,0,,,,,,,,1581
gagnstæð tala,0,na,kvk,Eintala,,,,,,,,opposite number,0,,,,,,,,1582
gagnstætt formerki,0,na,hk,Eintala,,,,,,,,opposite sign,0,,,,,,,,1584
"gagntekt, gagntaka",0,na,kvk,Eintala,,,,,,,,bijectivity,0,,,,,,,,1588
gagntilgáta,0,na,kvk,Eintala,,,,,,,,alternative hypothesis,0,,,,,,,,1589
gagntækur,0,ls,kk,Eintala,,,,,,,,"bijective, biunique, one-one, one-to-one, one-to-one onto",0,,,,,,,,1587
"gagntæk samsvörun, gagnkvæm samsvörun",0,na,kvk,Eintala,,,,,,,,one-to-one correspondence,0,,,,,,,,1585
gagntæk vörpun,0,na,kvk,Eintala,<ref idTerm=3282>Vörpun</ref> sem er bæði <ref idTerm=965>eintæk</ref> og <ref idTerm=351>átæk</ref>.,Eftirfarandi mynd sýnir gagntæka vörpun:\n\n\begin{center}\n\includegraphics[width=150px]{myndir/gagntaek_vorpun.png}\n\end{center},,,,,,bijection,0,,,,,,,,1586
gagnvegafjarlægð,0,na,kvk,Eintala,,,,,,,,geodesic distance,0,,,,,,,,1591
gagnvegafullkominn,0,ls,kk,Eintala,,,,,,,,geodesically complete,0,,,,,,,,1592
gagnvegahnit,0,na,hk,Fleirtala,,,,,,,,"central coordinates, geodesic coordinates",0,,,,,,,,1593
gagnvegastreymi,0,na,hk,Eintala,,,,,,,,geodesic flow,0,,,,,,,,1594
gagnvega-,0,pref,,,,,,,,,,geodesic,0,,,,,,,,1590
gagnvegur,0,na,kk,Eintala,,,,,,,,"geodesic line, geodesic",0,,,,,,,,6580
Galois-grúpa,0,na,kvk,Eintala,,,,,,,,Galois group,0,,,,,,,,6581
Galois-kenning,0,na,kvk,Eintala,,,,,,,,Galois theory,0,,,,,,,,6582
"Galois-útvíkkun, Galois-víkkun",0,na,kvk,Eintala,,,,,,,,"Galois extension, normal separable extension",0,,,,,,,,6583
gammafall,0,na,hk,Eintala,,,,,,,factorial function,gamma function,0,,,,,,,,1598
ganga upp í,0,sag,,,Sagt er að <ref idTerm=3475>náttúruleg tala</ref> \(n\) \textit{gangi upp í} náttúrulegri tölu \(m\) ef hægt er að <ref idTerm=685>deila \(m\) með \(n\) án afgangs</ref>.,,,,,,,divide,0,,,,,,,,1599
"gangbestun, kvik bestun, hreyfibestun, hreyfin bestun",0,na,kvk,Eintala,,,,,,,,"dynamic programming, dynamic optimization",0,,,,,,,,1600
"gangkerfi, hreyfikerfi",0,na,hk,Eintala,,,,,,,,"dynamic system, dynamical system",0,,,,,,,,1601
gataður,0,ls,kk,Eintala,,,,,,,,punctured,0,,,,,,,,1602
"Gauss-dreifingarfall, normlegt dreifingarfall, normlegt dreififall",0,na,hk,Eintala,,,,,,,,"cumulative normal distribution, normal distribution function",0,,,,,,,,1604
"Gauss-dreifing, normleg dreifing",0,na,kvk,Eintala,,,,,,,,"Gauss distribution, normal distribution",0,,,,,,,,1603
"Gauss-ferill, normlegur dreififerill",0,na,kk,Eintala,,,,,,,,"curve of normal distribution, error curve, error distribution curve, Gaussian curve, Gaussian error curve, normal curve, normal distribution curve, normal error curve, normal frequency curve, normal probability curve",0,,,,,,,,1605
"Gauss-ferli, normlegt ferli",0,na,hk,Eintala,,,,,,,,"Gaussian process, normal process",0,,,,,,,,1606
"Gauss-krappi, Gauss-sveigja, heildarkrappi, heildarsveigja",0,na,,Eintala,,,,,,,,"Gauss curvature, total curvature",0,,,,,,,,1607
Gauss-Markov-metill,0,na,kk,Eintala,,,,,,,,"best unbiased linear estimator, best estimator, Gauss-Markov estimator",0,,,,,,,,1608
"Gauss-tala, Gauss-heiltala",0,na,kvk,Eintala,,,,,,,,"complex integer, Gaussian complex integer, Gaussian integer",0,,,,,,,,1609
gegnvirkni,0,na,kvk,Eintala,,,,,,,,transitivity,0,,,,,,,,1611
"gegnvirkniregla, gegnvirkniháttur",0,na,,Eintala,,,,,,,,modus barbara,0,,,,,,,,1612
"gegnvirkniregla, gegnvirknilögmál",0,na,kvk,Eintala,,,,,,,,transitive law,0,,,,,,,,1613
gegnvirkur,0,ls,kk,Eintala,,,,,,,,transitive,0,,,,,,,,1614
gegnvirk grúpa,0,na,kvk,Eintala,,,,,,,,transitive group,0,,,,,,,,1610
geirahorn,0,na,hk,Eintala,,,,,,,,sector angle,0,,,,,,,,1615
"geiri, hringgeiri",0,na,kk,Eintala,<ref idTerm=4891>Flatarmynd</ref> sem afmarkast af <ref idTerm=1130>ferilhorni</ref> og <ref idTerm=2276>boganum</ref> sem það <ref idTerm=1130>spannar</ref>.,,,,,,spherical sector,sector,0,,,,,,,,1616
geislahnit,0,na,hk,Eintala,,,,,,,,"polar radius, radius, radius vector",0,,,,,,,,1617
geislamarkgildi,0,na,hk,Eintala,,,,,,,,radial limit,0,,,,,,,,1618
"geisli, hringgeisli",0,na,kk,Eintala,\textit{Geisli} getur bæði átt við <ref idTerm=2958>línustrik</ref> frá miðju <ref idTerm=2295>hrings</ref> í einhvern <ref idTerm=4001>punkt</ref> hans eða <ref idTerm=2860>lengd</ref> línustriksins.,,,,,,,(of a circle) radius,0,,,,,,,,1619
"geisli, kúlugeisli",0,na,kk,Eintala,\textit{Geisli} getur bæði átt við <ref idTerm=2958>línustrik</ref> frá miðju <ref idTerm=2319>kúluhvels</ref> í einhvern <ref idTerm=4001>punkt</ref> á kúluhvelinu eða <ref idTerm=2860>lengd</ref> línustriksins.,,,,,,,(of a sphere) radius,0,,,,,,,,1620
"gera ráð fyrir, setja sem svo, ganga út frá, gefa sér",0,sag,,,,,,,,,,(a hypothesis) assume,0,,,,,,,,1621
gerðarfræði,0,na,kvk,Eintala,,,,,,,,type theory,0,,,,,,,,1624
gerðarsetning,0,na,kvk,Eintala,,,,,,,,structure theorem,0,,,,,,,,1625
gerðarstöðugleiki,0,na,kk,Eintala,,,,,,,,structural stability,0,,,,,,,,1626
gerð fylkis,0,na,kvk,Eintala,,,,,,,,matrix form,0,,,,,,,,1622
"gerð, tag",0,na,,Eintala,,,,,,,,type,0,,,,,,,,1623
gervihvel,0,na,hk,Eintala,,,,,,,,pseudosphere,0,,,,,,,,1628
gervikúptur,0,ls,kk,Eintala,,,,,,,,pseudoconvex,0,,,,,,,,1629
gervimál,0,na,hk,Eintala,,,,,,,,artificial language,0,,,,,,,,1630
gervislembitölur,0,na,kvk,Fleirtala,,,,,,,,pseudorandom numbers,0,,,,,,,,1631
gervi-,0,pref,,,,,,,,,,pseudo-,0,,,,,,,,1627
geyma,0,sag,,,,,,,,,,carry,0,,,,,,,,1632
geyma,0,sag,,,,,,,,,,retain,0,,,,,,,,1633
geymd,0,na,kvk,Eintala,,,,,,,,"carry, carry-over",0,,,,,,,,1634
geymdur tölustafur,0,na,kk,Eintala,,,,,,,,carry digit,0,,,,,,,,1636
"geymd, varðveisla",0,na,kvk,Eintala,,,,,,,,conservation,0,,,,,,,,1635
giftingarsetning,0,na,kvk,Eintala,,,,,,,,marriage theorem,0,,,,,,,,1637
giftingarverkefni,0,na,hk,Eintala,,,,,,,,"dancing problem, marriage problem",0,,,,,,,,1638
gildamengi,0,na,hk,Eintala,,,,,,,,value set,0,,,,,,,,1639
gildisdreifing,0,na,kvk,Eintala,,,,,,,,value distribution,0,,,,,,,,1641
gildisdreifingarfræði,0,na,kvk,Eintala,,,,,,,,value distribution theory,0,,,,,,,,1642
"gildi, mynd (staks)",0,na,,Eintala,,,,,,,,"(of an element) image, value",0,,,,,,,,1640
gildleiki,0,na,kk,Eintala,,,,,,,,(of a graph) girth,0,,,,,,,,1643
gjaldgeng lausn,0,na,kvk,Eintala,,,,,,,,feasible solution,0,,,,,,,,1644
"gjaldþrot, hrun",0,na,hk,Eintala,,,,,,,,(of a player in a game) ruin,0,,,,,,,,1645
"gleiðhyrndur, sljóhyrndur",0,ls,kk,Eintala,<ref idTerm=6438>Þríhyrningur</ref> kallast \textit{gleiðhyrndur} ef hann hefur eitt <ref idTerm=1647>gleitt</ref> <ref idTerm=2198>horn</ref>.,Eftirfarandi mynd sýnir gleiðhyrndan þríhyrning:\n\n\begin{center}\n\includegraphics[width=150px]{myndir/gleidhyrndur_thrihyrningur.png}\n\end{center},,,,,,(of a triangle) obtuse,0,,,,,,,,1646
"gleiður, sljór",0,ls,kk,Eintala,<ref idTerm=2198>Horn</ref> kallast \textit{gleitt} ef það <ref idTerm=2223>mælist</ref> stærra en <ref idTerm=4167>rétt horn</ref>.,Á eftirfarandi mynd er hornið \(\angle BOC\) gleitt:\n\n\begin{center}\n\includegraphics[width=150px]{myndir/hvasst_gleitt.png}\n\end{center},,,,,,(of an angle) obtuse,0,,,,,,,,1647
"gleitt horn, gleiðhorn, sljótt horn, sljóhorn",0,na,hk,Eintala,,,,,,,,obtuse angle,0,,,,,,,,1648
gleymskuvarpi,0,na,kk,Eintala,,,,,,,,forgetful functor,0,,,,,,,,1649
gleypið ástand,0,na,hk,Eintala,,,,,,,,absorbing state,0,,,,,,,,1650
gleypið mengi,0,na,hk,Eintala,,,,,,,,absorbing set,0,,,,,,,,1651
gleypilíkindi,0,na,hk,Fleirtala,,,,,,,,absorption probability,0,,,,,,,,1652
gleyping,0,na,kvk,Eintala,,,,,,,,absorption,0,,,,,,,,1653
gleypinn,0,ls,kk,Eintala,,,,,,,,absorbing,0,,,,,,,,1654
gleypinn tálmi,0,na,kk,Eintala,,,,,,,,absorbing barrier,0,,,,,,,,1655
gleypiregla,0,na,kvk,Eintala,,,,,,,,absorption law,0,,,,,,,,1656
gloppa,0,na,kvk,Eintala,,,,,,,,"exceptional value, lacunary value",0,,,,,,,,1657
"gloppa, eyða",0,na,kvk,Eintala,,,,,,,lacunary value,gap,0,,,,,,,,1658
"gloppuröð, eyðuröð",0,na,kvk,Eintala,,,,,,,,"gap series, lacunar series, lacunary series",0,,,,,,,,1659
"gloppusetning, eyðusetning",0,na,kvk,Eintala,,,,,,,,gap theorem,0,,,,,,,,1660
gná,0,na,kvk,Eintala,,,,,,,,dominance,0,,,,,,,,1661
gnæfur,0,ls,kk,Eintala,,,,,,,,dominant,0,,,,,,,,1662
grannalgebra,0,na,kvk,Eintala,,,,,,,,topological algebra,0,,,,,,,,1669
grannbaugur,0,na,kk,Eintala,,,,,,,,topological ring,0,,,,,,,,1670
grannfræði,0,na,kvk,Eintala,,,,,,,,"(theory of topological spaces) topology, analysis situs",0,,,,,,,,1671
"grannfræðilegur, grann-",0,,,,,,,,,,,topological,0,,,,,,,,1673
grannfræðileg óbreyta,0,na,kvk,Eintala,,,,,,,,topological invariant,0,,,,,,,,1672
grannfræðingur,0,na,kk,Eintala,,,,,,,,topologist,0,,,,,,,,1674
granngrúpa,0,na,kvk,Eintala,,,,,,,,topological group,0,,,,,,,,1675
"grannhnútur, grannstæður hnútur",0,na,kk,Eintala,,,,,,,,"(of a vertex in a graph) adjacent vertex, adjacent node",0,,,,,,,,1676
"grannhorn, aðlæg frændhorn",0,na,hk,Eintala,"Ef tvö <ref idTerm=2198>horn</ref> hafa einn sameiginlegan <ref idTerm=334>arm</ref> og hinir armarnir eru <ref idTerm=3400>gagnstæðar</ref> <reg idTerm=1840>hálflínur</ref>, þá er sagt að hornin séu \textit{grannhorn}",Á eftirfarandi mynd eru \(\angle COB\) og \(\angle BOA\) grannhorn:\n\n\begin{center}\n\includegraphics[width=150px]{myndir/grannhorn.png}\n\end{center},,,,,,adjacent supplementary angles,0,,,,,,,,1677
grannhvel,0,na,hk,Eintala,,,,,,,,topological sphere,0,,,,,,,,1678
"grannleggur, grannstæður leggur",0,na,kk,Eintala,,,,,,,,adjacent edge,0,,,,,,,,1679
grannmóta,0,ls,,,,,,,,,,"homeomorphic, topologically equivalent",0,,,,,,,,1680
grannmótun,0,na,kvk,Eintala,,,,,,,,"bicontinuous mapping, homeomorphic mapping, homeomorphism, topological homeomorphism, topological isomorphism, topological mapping",0,,,,,,,,1681
grannmynstur,0,na,hk,Eintala,,,,,,,,"topological structure, topology",0,,,,,,,,1682
grannnet,0,na,hk,Eintala,,,,,,,,topological graph,0,,,,,,,,1683
grannrúm,0,na,hk,Eintala,,,,,,,,topological space,0,,,,,,,,1685
grannstæður hornpunktur,0,na,kk,Eintala,,,,,,,,(of a vertex of a polyhedron) adjacent vertex,0,,,,,,,,1686
grannsvið,0,na,hk,Eintala,,,,,,,,topological field,0,,,,,,,,1687
grannvíðátta,0,na,kvk,Eintala,,,,,,,,topological manifold,0,,,,,,,,1688
"grannör, grannstæð ör",0,na,kvk,Eintala,,,,,,,arc,adjacent arc,0,,,,,,,,1684
"Grassmann-margfeldi, Grassmann-feldi, ytra margfeldi, útfeldi",0,na,hk,Eintala,,,,,,,,"alternating product, exterior product, Grassmann product, outer product, wedge product",0,,,,,,,,1689
Grassmann-víðátta,0,na,kvk,Eintala,,,,,,,,Grassmann manifold,0,,,,,,,,1690
"gráða, horngráða, bogagráða",0,na,kvk,Eintala,<ref idTerm=3072>Mælieining</ref> sem oft er notuð til að mæla stærð <ref idTerm=2276>hringboga</ref> og <ref idTerm=2198>horna</ref> sem er fengin með því að skipta <ref idTerm=2295>hring</ref> í 360 <ref idTerm=0>eins</ref> boga sem kallast \textit{gráður} og eru táknaðar með \(1^\circ\).,Eftirfarandi mynd sýnir ýmis horn <ref idTerm=887>einingarhrings</ref> auk stærð þeirra í bæði gráðum og <ref idTerm=478>radíönum</ref>:\n\n\begin{center}\n\includegraphics[width=150px]{myndir/hornamal.png}\n\end{center},,,,,deg,"angular degree, degree, degree of angle, degree of arc, sexagesimal degree",0,,,,,,,,1667
gráðubogi,0,na,kk,Eintala,,,,,,,,protractor,0,,,,,,,,1668
"greinargott mengi, Súslín-mengi",0,na,hk,Eintala,,,,,,,,"(in topology) analytic set, Souslin set, Suslin set",0,,,,,,,,1692
"greining, stærðfræðigreining, stærðfræðileg greining",0,na,kvk,Eintala,,,,,,,"analysis of covariance, analysis of dispersion, analysis of time series, analysis of variance, backward error analysis, calculus, combinatorial analysis, complex analysis, component analysis, constructive analysis, correlation analysis, covariance analysis, differential and integral calculus, differential calculus, diophantine analysis, discriminance analysis, discriminant analysis, discriminatory analysis, dispersion analysis, error analysis, factor analysis, Fourier analysis, functional analysis, global analysis, harmonic analysis, infinitesimal calculus, integral calculus, linear functional analysis, multivariate analysis, multivariate analysis of variance, non-standard analysis, numerical analysis, real analysis, regression analysis, sequential analysis, spectral analysis, spinor analysis, system analysis, tensor analysis, time series analysis, variance analysis, vector analysis","(a mathematical discipline) analysis, mathematical analysis",0,,,,,,,,1693
"grein breiðboga, grein gleiðboga",0,na,kvk,Eintala,,,,,,,,branch of a hyperbola,0,,,,,,,,1691
grennd,0,na,kvk,Eintala,,,,,,,,neighbourhood,0,,,,,,,,1694
"grenndagrunnur, grunnur af grenndum",0,na,kk,Eintala,,,,,,,,"(for a neighbourhood system) base, base at a point, local base, local basis, neighbourhood base, neighbourhood basis",0,,,,,,,,1695
grenndakerfi,0,na,hk,Eintala,,,,,,,,"neighbourhood system, system of neighbourhoods",0,,,,,,,,1696
grenndarinndragi,0,na,kk,Eintala,,,,,,,,neighbourhood retract,0,,,,,,,,1697
grenndasía,0,na,kvk,Eintala,,,,,,,,neighbourhood filter,0,,,,,,,,1698
grennsl,0,na,,,,,,,,,,adjacency,0,,,,,,,,1699
"grennslafylki, hnútafylki",0,na,hk,Eintala,,,,,,,,adjacency matrix,0,,,,,,,,1700
greyping,0,na,kvk,Eintala,,,,,,,,"embedding, imbedding",0,,,,,,,,1701
greyptur,0,ls,kk,Eintala,,,,,,,,imbedded,0,,,,,,,,1703
greypt frymið íðal,0,na,hk,Eintala,,,,,,,,imbedded primary ideal,0,,,,,,,,1702
grind,0,na,kvk,Eintala,,,,,,,,(type of partially ordered set) lattice,0,,,,,,,,1704
grind,0,na,kvk,Eintala,,,,,,,,(discrete subgroup in a vector space) lattice,0,,,,,,,,1705
grindafræði,0,na,kvk,Eintala,,,,,,,,lattice theory,0,,,,,,,,1706
grindamótun,0,na,kvk,Eintala,,,,,,,,lattice homomorphism,0,,,,,,,,1707
grindargrúpa,0,na,kvk,Eintala,,,,,,,,lattice group,0,,,,,,,,1708
"grófara grannmynstur, veikara grannmynstur",0,na,hk,Eintala,,,,,,,"finer topology, stronger topology","coarser topology, weaker topology",0,,,,,,,,1711
gróft mat,0,na,hk,Eintala,,,,,,,,rough estimate,0,,,,,,,,1712
gróf nálgun,0,na,kvk,Eintala,,,,,,,,rough approximation,0,,,,,,,,1709
"gróf tala, snyrt tala",0,na,kvk,Eintala,,,,,,,,round figure,0,,,,,,,,1710
grunnbaugur,0,na,kk,Eintala,,,,,,,,basic ring,0,,,,,,,,1714
grunneining,0,na,kvk,Eintala,,,,,,,,fundamental unit,0,,,,,,,,1715
grunnflötur,0,na,kk,Eintala,,,,,,,,(of a solid) base,0,,,,,,,,1716
grunnform,0,na,hk,Eintala,,,,,,,,fundamental form,0,,,,,,,,1717
grunnfylki,0,na,hk,Eintala,,,,,,,,fundamental matrix,0,,,,,,,,1718
grunnhorn,0,na,hk,Eintala,,,,,,,,base angle,0,,,,,,,,1719
grunnhringur,0,na,kk,Eintala,,,,,,,,(of a circular cone) base circle,0,,,,,,,,1720
grunnlausn,0,na,kvk,Eintala,,,,,,,,basic solution,0,,,,,,,,1721
"grunnlausn, stofnlausn",0,na,kvk,Eintala,,,,,,,,fundamental solution,0,,,,,,,,1722
grunnlína,0,na,kvk,Eintala,,,,,,,,(of a triangle) base,0,,,,,,,,1723
grunnlína,0,na,kvk,Eintala,,,,,,,,fundamental line,0,,,,,,,,1724
grunnlota,0,na,kvk,Eintala,,,,,,,,primitive period,0,,,,,,,,1725
"grunnlota, stofnlota, minnsta lota",0,na,kvk,Eintala,,,,,,,,fundamental period,0,,,,,,,,1726
grunnlotukerfi,0,na,hk,Eintala,,,,,,,,(of periods) fundamental system,0,,,,,,,,1727
grunnpunktur,0,na,kk,Eintala,,,,,,,,"base point, distinguished element",0,,,,,,,,1728
grunnpunktur,0,na,kk,Eintala,,,,,,,,fundamental point,0,,,,,,,,1729
"grunnpunktur, miðja",0,na,,Eintala,,,,,,,,(of a pencil) centre,0,,,,,,,,1730
grunnreikningsaðgerð,0,na,kvk,Eintala,,,,,,,arithmetic operation,elementary operation,0,,,,,,,,1731
grunnrúm,0,na,hk,Eintala,,,,,,,,base space,0,,,,,,,,1732
"grunnstak, stak í grunni",0,na,hk,Eintala,,,,,,,,"basic element, basis element",0,,,,,,,,1735
grunnstæð sönnun,0,na,kvk,Eintala,,,,,,,,elementary proof,0,,,,,,,,1733
grunnstætt fall,0,na,hk,Eintala,,,,,,,,elementary function,0,,,,,,,,1734
grunnsvið,0,na,hk,Eintala,,,,,,,,"base field, basic field, ground field",0,,,,,,,,1736
"grunntala náttúrlegs logra, stofntala náttúrlegs logra",0,na,kvk,Eintala,,,,,,,\(e\),(talan \(e\)) base of natural logarithms,0,,,,,,,,1737
"grunntala, stofntala",0,na,kvk,Eintala,,,,,,,,(of a logarith) base,0,,,,,,,,1738
"grunnur, opinn grunnur",0,na,kk,Eintala,,,,,,,,"(for a topology) base, basis, open base",0,,,,,,,,1740
grunnvigur,0,na,kk,Eintala,,,,,,,,"base vector, basis vector",0,,,,,,,,1741
"grunn-, undirstöðu-, meg\hbox{in{-}.}\ekkipunktur",0,ls,,Eintala,,,,,,,,fundamental,0,,,,,,,,6584
grúpa,0,na,kvk,Eintala,,,,,,,,(in algebra) group,0,,,,,,,,1742
grúpa með virkjum,0,na,kvk,Eintala,,,,,,,,group with operators,0,,,,,,,,1743
grúpuaðgerð,0,na,kvk,Eintala,,,,,,,,group law,0,,,,,,,,1744
grúpueinsmótun,0,na,kvk,Eintala,,,,,,,,group isomorphism,0,,,,,,,,1745
grúpufræði,0,na,kvk,Eintala,,,,,,,,group theory,0,,,,,,,,1746
"grúpumiðja, miðja",0,na,kvk,Eintala,,,,,,,,(of a group) centre,0,,,,,,,,1747
"grúpumótun, grúpusammótun",0,na,kvk,Eintala,,,,,,,,group homomorphism,0,,,,,,,,1748
grúpumynstur,0,na,hk,Eintala,,,,,,,,group structure,0,,,,,,,,1749
grúpuríki,0,na,hk,Eintala,,,,,,,,category of groups,0,,,,,,,,1750
grúputafla,0,na,kvk,Eintala,,,,,,,,group table,0,,,,,,,,1751
"grúpuútvíkkun, grúpuvíkkun",0,na,kvk,Eintala,,,,,,,,group extension,0,,,,,,,,1752
"grúpuverkun, verkun grúpu",0,na,kvk,Eintala,,,,,,,,"group action, group operation",0,,,,,,,,1753
grýpi,0,na,hk,Eintala,,,,,,,,groupoid,0,,,,,,,,1755
gullinn rétthyrningur,0,na,kk,Eintala,"<ref idTerm=4175>Rétthyrningur</ref> með <ref idTerm=2048>hliðarlengdir</ref> \(a,b\) þar sem \(b > a\) sem uppfylla\n\n\[ \n\frac{b-a}{a}=\frac{a}{b}\n.\]",,,,,,,golden rectangle,0,,,,,,,,1756
gullinsnið,0,na,hk,Eintala,"<ref idTerm=2072>Hlutfall</ref> <ref idTerm=2048>hliða</ref> í <ref idTerm=1756>gullnum rétthyrningi</ref>, sem hefur gildið \(\frac{1+\sqrt{5}}{2}\), oft táknað \(\varphi\).",,,,,,,golden section,0,,,,,,,,1757
gæðaeftirlit,0,na,hk,Eintala,,,,,,,,quality control,0,,,,,,,,1567
Gödel-tölusetning,0,na,kvk,Eintala,,,,,,,,gödelization,0,,,,,,,,1663
gögn,0,na,hk,Fleirtala,,,,,,,,data,0,,,,,,,,1664
götuð hringskífa,0,na,kvk,Eintala,,,,,,,,punctured disk,0,,,,,,,,1665
götuð tvinntalnaslétta,0,na,kvk,Eintala,,,,,,,,punctured complex plane,0,,,,,,,,1666
Haar-mál,0,na,hk,Eintala,,,,,,,,Haar measure,0,,,,,,,,1759
"hafa í för með sér, leiða af sér, leiða til",0,sag,,,,,,,,,,"entail, implicate, imply",0,,,,,,,,1805
hafa (lausn),0,sag,,,,,,,,,,(a solution) admit,0,,,,,,,,1804
"hafna, vísa frá",0,sag,,,,,,,,,,reject,0,,,,,,,,1807
hagstæður atburður,0,na,kk,Eintala,,,,,,,,favourable event,0,,,,,,,,1811
hagstætt tilfelli,0,na,hk,Eintala,,,,,,,,favourable case,0,,,,,,,,1812
hagtölfræði,0,na,kvk,Eintala,,,,,,,,econometrics,0,,,,,,,,1813
haldagripur,0,na,kk,Eintala,,,,,,,sphere with handles,handlebody,0,,,,,,,,1823
"haldahvel, kúluhvel með handföngum",0,na,hk,Eintala,,,,,,,handlebody,sphere with handles,0,,,,,,,,1824
hali,0,na,kk,Eintala,,,,,,,heads or tails,tail,0,,,,,,,,1859
hallahorn,0,na,hk,Eintala,,,,,,,,slope angle,0,,,,,,,,1860
halli,0,na,kk,Eintala,,,,,,,"inclination, slope",grade,0,,,,,,,,1861
halli,0,na,kk,Eintala,,,,,,,"grade, slope",inclination,0,,,,,,,,1862
"halli, hallatala",0,na,,Eintala,"Mælikvarði á halla <ref idTerm=2911>línu</ref> með tilliti til <ref idTerm=6252>x-áss</ref>. Ef \((x_1,y_1)\) og \((x_2,y_2)\) eru tveir <ref idTerm=4001>punktar</ref> sem liggja á línunni (sem má ekki vera <ref idTerm=4509>samsíða</ref> <ref idTerm=6253>y-ás</ref>, þ.e. \(x_1 \neq x_2\)) fæst \textit{hallatala} línunnar með\n\n\[\n\frac{y_2-y_1}{x_2-x_1}\n.\]",,,,,,"grade, inclination",slope,0,,,,,,,,1863
hamfarafræði,0,na,kvk,Eintala,,,,,,,,catastrophe theory,0,,,,,,,,1869
hamför,0,na,kvk,Eintala,,,,,,,,catastrophe,0,,,,,,,,1870
Hamilton-fertala,0,na,kvk,Eintala,,,,,,,quaternion,Hamilton quaternion,0,,,,,,,,1871
Hamilton-rás,0,na,kvk,Eintala,,,,,,,,"Hamilton circuit, Hamilton cycle, hamiltonian circuit, hamiltonian cycle",0,,,,,,,,1872
Hamilton-vegur,0,na,kk,Eintala,,,,,,,,hamiltonian path,0,,,,,,,,1873
Hamilton-virki,0,na,kk,Eintala,,,,,,,,Hamiltonian,0,,,,,,,,1874
handfang,0,na,hk,Eintala,,,,,,,,handle,0,,,,,,,,1876
happ,0,na,hk,Eintala,,,,,,,,success,0,,,,,,,,1877
harðger,0,ls,,Eintala,,,,,,,,robust,0,,,,,,,,1878
Hartogs-svæði,0,na,hk,Eintala,,,,,,,,Hartogs domain,0,,,,,,,,1881
Hausdorff-grannmynstur,0,na,hk,Eintala,,,,,,,,Hausdorff topology,0,,,,,,,,1889
Hausdorff-rúm,0,na,hk,Eintala,,,,,,,,"Hausdorff space, separated space",0,,,,,,,,1890
Hausdorff-vídd,0,na,kvk,Eintala,,,,,,,,Hausdorff dimension,0,,,,,,,,1891
haus eða sporður,0,,,,,,,,,,,heads or tails,0,,,,,,,,1888
háðar hendingar,0,na,kvk,Fleirtala,,,,,,,,"dependent random variables, dependent variates",0,,,,,,,,1760
háðir atburðir,0,na,kk,Fleirtala,,,,,,,,"dependent events, stochastically dependent events",0,,,,,,,,1761
háður,0,ls,kk,Eintala,,,,,,,"algebraically dependent, linearly dependent",dependent,0,,,,,,,,1762
háflötur,0,na,kk,Eintala,,,,,,,,hypersurface,0,,,,,,,,1806
hágildispunktur,0,na,kk,Eintala,,,,,,,,maximum point,0,,,,,,,,1808
"hágildissetning, hágildislögmál, háalgildissetning, háalgildislögmál",0,na,,Eintala,,,,,,,,"(for holomorphic functions) maximum principle, maximum modulus principle, principle of maximum",0,,,,,,,,1810
háíðalarúm,0,na,hk,Eintala,,,,,,,,maximal ideal space,0,,,,,,,,1815
"háíðal, óstækkanlegt íðal",0,na,hk,Eintala,,,,,,,,maximal ideal,0,,,,,,,,1814
"hákeðja, óstækkanleg keðja",0,na,kvk,Eintala,,,,,,,,maximal chain,0,,,,,,,,1816
hákeðjulögmál Hausdorffs,0,na,hk,Eintala,,,,,,,,"Hausdorff maximal principle, maximal chain principle",0,,,,,,,,1817
hálágmark,0,na,hk,Eintala,,,,,,,,minimax,0,,,,,,,,1818
hálágmarkslausn,0,na,kvk,Eintala,,,,,,,,minimax solution,0,,,,,,,,1819
"hálágmarksleikáætlun, hálágmarksáætlun",0,na,kvk,Eintala,,,,,,,,minimax strategy,0,,,,,,,,1820
"hálágmarkslögmál, fjalldalaregla",0,na,,Eintala,,,,,,,,"maximum-minimum principle, minimax principle",0,,,,,,,,1821
hálágmarkssetning,0,na,kvk,Eintala,,,,,,,,minimax theorem,0,,,,,,,,1822
hálfákveðinn,0,ls,kk,Eintala,,,,,,,,semidefinite,0,,,,,,,,1827
hálfás,0,na,kk,Eintala,,,,,,,,semi-axis,0,,,,,,,,1828
hálfbaugur,0,na,kk,Eintala,,,,,,,,semi-ring,0,,,,,,,,1829
hálfeinfaldur,0,ls,kk,Eintala,,,,,,,,semisimple,0,,,,,,,,1830
hálffirð,0,na,kvk,Eintala,,,,,,,,quasi-metric,0,,,,,,,,1831
hálffleygaður varpi,0,na,kk,Eintala,,,,,,,,half-exact functor,0,,,,,,,,1832
"hálfgildingsfirð, gervifirð",0,na,kvk,Eintala,,,,,,,,"pseudo-metric, semimetric",0,,,,,,,,1833
hálfgrúpa,0,na,kvk,Eintala,,,,,,,monoid,"demigroup, hemigroup, semigroup",0,,,,,,,,1834
hálfgrúpumótun,0,na,kvk,Eintala,,,,,,,,semigroup homomorphism,0,,,,,,,,1835
hálfhliðarregla,0,na,kvk,Eintala,,,,,,,,half-side formula,0,,,,,,,,1836
hálfhornrækinn,0,ls,kk,Eintala,,,,,,,,quasi-conformal,0,,,,,,,,1837
hálfhringur,0,na,kk,Eintala,<ref idTerm=2276>Hringbogi</ref> milli endapunkta <ref idTerm=3325>miðstrengs</ref> <ref idTerm=2295>hrings</ref>.,,,,,,,semicircle,0,,,,,,,,1838
hálfhvel,0,na,hk,Eintala,,,,,,,,hemisphere,0,,,,,,,,1839
hálflína,0,na,kvk,Eintala,<ref idTerm=457>Bil</ref> sem hefur nákvæmlega einn endapunkt.,"Eftirfarandi myndir sýna mismunandi gerðir hálflína:\n\n\begin{center}\n\includegraphics[width=150px]{myndir/lokud_halflina_pos.png}\n\end{center}\n\begin{center}\n\includegraphics[width=150px]{myndir/opin_halflina_pos.png}\n\end{center}\n\begin{center}\n\includegraphics[width=150px]{myndir/lokud_halflina_neg.png}\n\end{center}\n\begin{center}\n\includegraphics[width=150px]{myndir/opin_halflina_neg.png}\n\end{center}\n\nÁ fyrstu myndinni má sjá hálflínuna \([a,\infty)\), á annarri myndinni hálflínuna \((a,\infty)\), á þriðju myndinni hálflínuna \((-\infty,a]\) og á seinustu myndinni hálflínuna \((-\infty,a)\).",,,,,,"half-line, ray",0,,,,,,,,1840
hálflínulegur,0,ls,kk,Eintala,,,,,,,,semilinear,0,,,,,,,,1841
hálflograpappír,0,na,kk,Eintala,,,,,,,,semilogarithmic paper,0,,,,,,,,1842
hálflokað bil,0,na,hk,Eintala,Samheiti fyrir <ref idTerm=1844>hálfopið bil</ref>.,,,,,,half-open interval,"half-closed interval, semi-closed interval",0,,,,,,,,1843
hálfopið bil,0,na,hk,Eintala,<ref idTerm=457>Bil</ref> með tvo endapunkta sem inniheldur nákvæmlega einn þeirra.,Eftirfarandi myndir sína hálfopin bil:\n\n\begin{center}\n\includegraphics[width=150px]{myndir/halfopid_bil.png}\n\includegraphics[width=150px]{myndir/halflokad_bil.png}\n\end{center}\n\nÁ fyrri myndinni inniheldur bilið einungis hægri endapunkt sinn og á síðari myndinni inniheldur bilið einungis vinstri endapunkt sinn.,,,,,half-closed interval,"half-open interval, semi-open interval",0,,,,,,,,1844
hálfrúm,0,na,hk,Eintala,,,,,,,,half-space,0,,,,,,,,1845
hálfsamfelldni,0,na,kvk,Eintala,,,,,,,,semicontinuity,0,,,,,,,,1846
hálfsamfelldur,0,ls,kk,Eintala,,,,,,,,semicontinuous,0,,,,,,,,1847
hálfsamfelldur að neðan,0,ls,kk,Eintala,,,,,,,,"lower semi-continuous, lower continuous",0,,,,,,,,1848
hálfsamfelldur að ofan,0,ls,kk,Eintala,,,,,,,,"upper semi-continuous, upper continuous",0,,,,,,,,1849
hálfslétta,0,na,kvk,Eintala,,,,,,,,half-plane,0,,,,,,,,1850
"hálfstaðall, hálfgildingsstaðall",0,na,kk,Eintala,,,,,,,,"pseudonorm, seminorm",0,,,,,,,,1851
hálfstig,0,na,hk,Eintala,,,,,,,"in-degree, out-degree",semi-degree,0,,,,,,,,1852
hálftvílínulegur,0,ls,kk,Eintala,,,,,,,,sesquilinear,0,,,,,,,,1853
hálfur langás,0,na,kk,Eintala,,,,,,,major axis,semimajor axis,0,,,,,,,,1854
hálfur meginás,0,na,kk,Eintala,,,,,,,transverse axis,semitransverse axis,0,,,,,,,,1855
hálfur miðstrengur,0,na,kk,Eintala,,,,,,,,(of a conic) semi-diameter,0,,,,,,,,1856
hálfur skammás,0,na,kk,Eintala,,,,,,,minor axis,semiminor axis,0,,,,,,,,1857
hálfur þverás,0,na,kk,Eintala,,,,,,,conjugate axis,semiconjugate axis,0,,,,,,,,1858
"hálf lota, hálflota",0,na,kvk,Eintala,,,,,,,,half-period,0,,,,,,,,1825
"hálf-, næstum",0,,,,,,,,,,,quasi-,0,,,,,,,,1826
hámarka,0,sag,,,,,,,,,,maximize,0,,,,,,,,1864
hámarkalágmörkun,0,na,kvk,Eintala,,,,,,,,minimax,0,,,,,,,,1865
"hámarksleikáætlun, hámarksáætlun",0,na,kvk,Eintala,,,,,,,optimum strategy,maximum strategy,0,,,,,,,,1866
hámarksskekkja,0,na,kvk,Eintala,,,,,,,,"limit of error, maximum error, limiting error",0,,,,,,,,1867
hámarksstaðall,0,na,kk,Eintala,,,,,,,,supremum norm,0,,,,,,,,1868
hámörkun,0,na,kvk,Eintala,,,,,,,,maximization,0,,,,,,,,1875
háreisn,0,na,kvk,Eintala,,,,,,,,"leptokurtosis, peakedness",0,,,,,,,,1879
háreistur,0,ls,kk,Eintala,,,,,,,"kurtosis, mesokurtic, platikurtic","leptokurtic, peaked",0,,,,,,,,1880
háslétta,0,na,kvk,Eintala,,,,,,,,hyperplane,0,,,,,,,,1882
"hástak, óstækkanlegt stak",0,na,hk,Eintala,,,,,,,,maximal element,0,,,,,,,,1883
háttargrind,0,na,kvk,Eintala,,,,,,,,modular lattice,0,,,,,,,,1884
háttarlögmál,0,na,hk,Eintala,,,,,,,,"modular identity, modular axiom, modular law",0,,,,,,,,1885
háttarökfræði,0,na,kvk,Eintala,,,,,,,,modal logic,0,,,,,,,,1886
háttur,0,na,kk,Eintala,,,,,,,,"modality, mode",0,,,,,,,,1887
"hávísir, brjóstvísir",0,na,kk,Eintala,,,,,,,,"superscript, upper index",0,,,,,,,,1892
"há-, óstækkanlegur",0,,,,,,,,,,,maximal,0,,,,,,,,1758
hefja í annað veldi,0,sag,,,,,,,,,,square,0,,,,,,,,1894
hefja (í veldi),0,sag,,,,,,,,,,(to a power) raise,0,,,,,,,,1893
heilbaugur,0,na,kk,Eintala,,,,,,,,"(in algebra) domain, domain of integrity, entire ring, integral domain, integral ring",0,,,,,,,,1898
heild,0,na,kvk,Eintala,,,,,,,,whole,0,,,,,,,,1899
"heildajafna, tegurjafna",0,na,kvk,Eintala,,,,,,,,integral equation,0,,,,,,,,1902
"heildanlegur, tegranlegur",0,ls,kk,Eintala,,,,,,,,integrable,0,,,,,,,,1903
"heildanleikaskilyrði, tegranleikaskilyrði",0,na,hk,Eintala,,,,,,,,integrability condition,0,,,,,,,,1904
"heildanleiki, tegranleiki",0,na,kk,Eintala,,,,,,,,integrability,0,,,,,,,,1905
heildarafleiða,0,na,kvk,Eintala,,,,,,,derivative,total derivative,0,,,,,,,,1906
"heildareikningur, tegurreikningur",0,na,kk,Eintala,,,,,,,"differential and integral calculus, integration theory",integral calculus,0,,,,,,,,1907
heildarfylgni,0,na,kvk,Eintala,,,,,,,,"overall correlation, total correlation",0,,,,,,,,1908
"heildari, tegrari",0,na,kk,Eintala,,,,,,,,(in a Stieltes integral) integrator,0,,,,,,,,1909
"heildarlausn, almenn lausn, fullkomin lausn",0,na,kvk,Eintala,,,,,,,,"complete solution, general solution",0,,,,,,,,1910
heildarskekkja,0,na,kvk,Eintala,,,,,,,,total error,0,,,,,,,,1911
heildarsumma,0,na,kvk,Eintala,,,,,,,,grand total,0,,,,,,,,1912
"heildarsumma, lokasumma",0,na,kvk,Eintala,,,,,,,,"total, total sum",0,,,,,,,,1913
heildarvik,0,na,hk,Eintala,,,,,,,,total variation,0,,,,,,,,1914
"heilda, tegra",0,sag,,,,,,,,,,integrate,0,,,,,,,,1901
"heilda-, heildunar-, heildis-, tegur-",0,pref,,,,,,,,,,integral,0,,,,,,,,1900
"heildisformúla, tegurformúla",0,na,kvk,Eintala,,,,,,,,integral formula,0,,,,,,,,1917
"heildisfærsla, heildismyndun, heildisummyndun, tegurfærsla, tegurmyndun, tegurummyndun",0,na,kvk,Eintala,,,,,,,,integral transform,0,,,,,,,,1916
"heildismælir, tegurmælir",0,na,kk,Eintala,,,,,,,,integrimeter,0,,,,,,,,1918
"heildispróf, tegurpróf",0,na,hk,Eintala,,,,,,,,"integral convergence test, integral test",0,,,,,,,,1919
"heildissetning, tegursetning",0,na,kvk,Eintala,,,,,,,,integral theorem,0,,,,,,,,1920
"heildisstofn, tegurstofn",0,na,kk,Eintala,,,,,,,,integrand,0,,,,,,,,1921
"heildisteiknari, tegurteiknari",0,na,kk,Eintala,,,,,,,,integraph,0,,,,,,,,1922
"heildisvirki, heildunarvirki, tegurvirki, tegrunarvirki",0,na,kk,Eintala,,,,,,,,integral operator,0,,,,,,,,1924
heildisvíðátta,0,na,kvk,Eintala,,,,,,,,integral manifold,0,,,,,,,,1923
"heildi, tegur",0,na,hk,Eintala,,,,,,,,integral,0,,,,,,,,1915
"heildunarbil, tegrunarbil",0,na,hk,Eintala,,,,,,,,integration interval,0,,,,,,,,1927
"heildunarbreyta, tegrunarbreyta",0,na,kvk,Eintala,,,,,,,,integration variable,0,,,,,,,,1928
"heildunarfasti, tegrunarfasti",0,na,kk,Eintala,,,,,,,,integration constant,0,,,,,,,,1929
"heildunarferill, heildunarvegur, tegrunarferill, tegrunarvegur",0,na,kk,Eintala,,,,,,,,path of integration,0,,,,,,,,1930
"heildunarfræði, tegurfræði",0,na,kvk,Eintala,,,,,,,,integration theory,0,,,,,,,,1931
"heildunarsvæði, tegrunarsvæði",0,na,hk,Eintala,,,,,,,,domain of integration,0,,,,,,,,1932
"heildunarvirki, tegrunarvirki",0,na,kk,Eintala,,,,,,,,integration operator,0,,,,,,,,1933
"heildunarþáttur, tegrunarþáttur",0,na,kk,Eintala,,,,,,,,integrating factor,0,,,,,,,,1934
"heildun með innsetningu, tegrun með innsetningu, innsetningaraðferð",0,na,kvk,Eintala,,,,,,,,integration by substitution,0,,,,,,,,1925
"heildun, tegrun",0,na,kvk,Eintala,,,,,,,quadrature,integration,0,,,,,,,,1926
heill,0,ls,kk,Eintala,,,,,,,,"entire, integral",0,,,,,,,,1935
heillega lokaður,0,ls,kk,Eintala,,,,,,,,integrally closed,0,,,,,,,,1939
heillegur,0,ls,kk,Eintala,,,,,,,"integral closure, integral extension",integral,0,,,,,,,,1940
heilleg lokun,0,na,kvk,Eintala,,,,,,,,integral closure,0,,,,,,,,1937
"heilleg útvíkkun, heilleg baugsútvíkkun, heilleg víkkun, heilleg baugsvíkkun",0,na,kvk,Eintala,,,,,,,,"integral extension, integral ring extension",0,,,,,,,,1938
heill snúningur,0,na,kk,Eintala,,,,,,,,revolution,0,,,,,,,,1936
heilsteyptur töfraferningur,0,na,kk,Eintala,,,,,,,,"diabolic magic square, pandiagonal magic square, perfect magic square",0,,,,,,,,1944
"heilsteyptur, fullgerður",0,ls,kk,Eintala,,,,,,,,perfect,0,,,,,,,,1945
heilsteypt grúpa,0,na,kvk,Eintala,,,,,,,,perfect group,0,,,,,,,,1941
heilsteypt mengi,0,na,hk,Eintala,,,,,,,,perfect set,0,,,,,,,,1942
heilsteypt net,0,na,hk,Eintala,,,,,,,,perfect graph,0,,,,,,,,1943
heiltölubestun,0,na,kvk,Eintala,,,,,,,,integer programming,0,,,,,,,,1950
heiltölufylki,0,na,hk,Eintala,,,,,,,,integral matrix,0,,,,,,,,1951
heiltölugildur,0,ls,kk,Eintala,,,,,,,,integer-valued,0,,,,,,,,1952
heiltöluhjúpur,0,na,kk,Eintala,,,,,,,,integer hull,0,,,,,,,,1953
"heiltöluhlutafall, gólffall",0,na,hk,Eintala,,,,,,,"entier, integer part, integral part, ceiling function","floor function, greatest integer function, square bracket function",0,,,,,,,,1954
heiltöluhluti,0,na,kk,Eintala,,,,,,,"floor function, greatest integer function, square bracket function","entier, integer part, integral part",0,,,,,,,,1955
heiltölulausn,0,na,kvk,Eintala,,,,,,,,integer solution,0,,,,,,,,1956
heilt fall,0,na,hk,Eintala,,,,,,,,"entire function, integral function",0,,,,,,,,1946
"heilt margfeldi, margfeldi",0,na,hk,Eintala,,,,,,,,"integral multiple, multiple",0,,,,,,,,1947
"heilt rætt fall, margliða",0,na,,Eintala,"<ref idTerm=5097>Stæða</ref> af gerðinni \[a_{n}x^n + a_{n-1}x^{n-1} + \ldots + a_{1}x + a_{0},\] þar sem \(a_{0},\ldots,a_{n}\) eru <ref idTerm=4093>rauntölur</ref> og \(a_{n} \neq 0\), kallast \textit{margliða}. \n\nTölurnar \(a_{0}, \ldots, a_{n}\) kallast \textit{stuðlar} margliðunnar og kallast þá \(a_{n}\) \textit{forystustuðull} hennar og \(a_{0}\) \textit{fastastuðull} hennar. <ref idTerm=5102>Stærðirnar</ref> \(a_{i}x^i\) kallast \textit{liðir} margliðunnar og kallast þá \(a_{n}x^n\) \textit{forystuliður} hennar og \(a_{0}\) \textit{fastaliður} hennar.\n\nTalan \(n\) kallast \textit{stig} margliðunnar og er það táknað með \(\text{deg}(P)\).","Stuðlar margliðu þurfa ekki endilega að vera rauntölur. Almennt þarf <ref idTerm=3270>stuðlamengið</ref> bara að vera <ref idTerm=419>baugur</ref>. Þegar allir stuðlar gefinnar margliðu koma úr einhverju gefnu <ref idTerm=5415>talnakerfi</ref> \(\mathbb{K}\) sem hefur svipaða <ref idTerm=803>eiginleika</ref> og \(\mathbb{Z}\), \(\mathbb{Q}\), \(\mathbb{R}\) eða \(\mathbb{C}\), þá er sagt að hún sé \textit{margliða yfir \(\mathbb{K}\)}. Oft má líta á gefna margliðu sem margliðu yfir mörg mismunandi talnamengi.",,,,,,"entire rational function, polynomial",0,,,,,,,,1948
"heilt stak, heilstak",0,na,hk,Eintala,,,,,,,,integral element,0,,,,,,,,1949
heil línuleg færsla,0,na,kvk,Eintala,,,,,,,,entire linear transformation,0,,,,,,,,1895
"heil tala, heiltala",0,na,kvk,Eintala,<ref idTerm=3270>Mengið</ref> \(\mathbb{Z}=\mathbb{N} \cup (-\mathbb{N})\) kallast mengi \textit{heillra talna},,,,,,algebraic integer,"integer, integral number, rational integer, whole number",0,,,,,,,,1896
heil veldaröð,0,na,kvk,Eintala,,,,,,,,entire power series,0,,,,,,,,1897
heimfærður,0,ls,kk,Eintala,,,,,,,,applied,0,,,,,,,,1958
heimfærð stærðfræði,0,na,kvk,Eintala,,,,,,,,applied mathematics,0,,,,,,,,1957
heiti,0,na,hk,Eintala,,,,,,,,(in logic) term,0,,,,,,,,1959
helminga,0,sag,,,,,,,,,,bisect,0,,,,,,,,1960
helmingalína,0,na,kvk,Eintala,,,,,,,,"bisecting line, bisector, bisectrix",0,,,,,,,,1961
helmingalína horns,0,na,kvk,Eintala,<ref idTerm=2911>Lína</ref> sem fer í gegnum <ref idTerm=3661>oddpunkt</ref> <ref idTerm=2198>horns</ref> og skiptir horninu í tvö <ref idTerm=0>eins</ref> horn kallast \textit{helmingalína hornsins},Stundum á orðið helmingalína einungis við <ref idTerm=1840>hálflínuna</ref> með endapunkt í oddpunkti hornsins sem liggur innaní horninu. Eftirfarandi mynd sýnir helmingalínu hornsins \(A\):\n\n\begin{center}\n\includegraphics[width=150px]{myndir/helmingalina.png}\n\end{center} \n\nHelmingalínur horna <ref idTerm=6438>þríhyrnings</ref> <ref idTerm=4771>skerast</ref> allar í einum <ref idTerm=4001>punkti</ref> en <ref idTerm=4845>skurðpunkturinn</ref> er miðja <ref idTerm=2418>innritaðs hrings</ref> þríhyrningsins.,,,,,bisector,angle bisector,0,,,,,,,,1962
helmingaslétta,0,na,kvk,Eintala,,,,,,,,bisecting plane,0,,,,,,,,1963
helmingun,0,na,kvk,Eintala,,,,,,,,"bisection, halving",0,,,,,,,,1964
"hending, slembibreyta, slembistærð, slemba",0,na,kvk,Eintala,,,,,,,,"aleatory variable, chance variable, random variable, stochastic variable, variate",0,,,,,,,,1965
"herma, meðsveiflun",0,na,kvk,Eintala,,,,,,,,resonance,0,,,,,,,,1966
herming,0,na,kvk,Eintala,,,,,,,,simulation,0,,,,,,,,1967
"hermískt form, Hermite-form",0,na,hk,Eintala,,,,,,,"antihermitian form, antihermitian sesquilinear form, hermitian inner product, inner product, scalar product","hermitian sesquilinear form, hermitian bilinear form, hermitian form",0,,,,,,,,1969
"hermískt innfeldisrúm, hermískt rúm, innfeldisrúm",0,na,hk,Eintala,,,,,,,euclidean inner product space,"hermitian inner product space, hermitian space, inner product space, unitary space",0,,,,,,,,1971
"hermískt innfeldi, innfeldi",0,na,hk,Eintala,,,,,,,"euclidean inner product, hermitian sesquilinear form","hermitian inner product, inner product, scalar product",0,,,,,,,,1970
hermískur,0,ls,kk,Eintala,,Einnig ritað með upphafsstaf: {\it Hermitian},,,,,self-adjoint,hermitian,0,,,,,,,,1972
hermískur virki,0,na,kk,Eintala,,,,,,,symmetric operator,hermitian operator,0,,,,,,,,1973
"hermísk firð, Hermite-firð",0,na,kvk,Eintala,,,,,,,,hermitian metric,0,,,,,,,,1968
Heronsregla,0,na,kvk,Eintala,"Ef <ref idTerm=6438>þríhyrningur</ref> hefur <ref idTerm=0>hliðarlengdir</ref> \(a, b\) og \(c\) og \(s=\frac{1}{2}(a+b+c)\) er hálft <ref idTerm=5774>ummálið</ref>, þá segir \textit{regla Herons} að <ref idTerm=1265>flatarmál</ref> þríhyrningsins sé \(\) F = \sqrt{s (s - a)(s - b)(s - c)}. \(\)","\begin{center}\n\includegraphics[width=150px]{myndir/heron.png}\n\end{center}\n\nEf þríhyrningurinn hér að ofan hefur hliðarlengdir \(a=13\), \(b=16\) og \(c=21\) þá er \(s=25\) og við getum reiknað flatarmálið með \[ F = \sqrt{25\cdot (25-13)\cdot (25-16) \cdot (25-21)}=30\cdot \sqrt{15} .\]",,,,,,Heron's formula,0,,,,,,,,1974
"herping, samdráttur",0,na,,Eintala,,,,,,,,"contraction, contractive mapping",0,,,,,,,,1975
Hesse-ákveða,0,na,kvk,Eintala,,,,,,,,"Hessian determinant, Hessian",0,,,,,,,,1976
Hesse-fylki,0,na,hk,Eintala,,,,,,,,Hessian matrix,0,,,,,,,,1977
Hilbert-rúm,0,na,hk,Eintala,,,,,,,,Hilbert space,0,,,,,,,,1978
Hilbert-teningur,0,na,kk,Eintala,,,,,,,,Hilbert cube,0,,,,,,,,1979
"himinaflfræði, himinhreyfingafræði, hnatthreyfingafræði",0,na,kvk,Eintala,,,,,,,,celestial mechanics,0,,,,,,,,1980
"himinhvel, himinhvolf, himinhvelfing, himinkúla",0,na,hk,Eintala,,,,,,,,celestial sphere,0,,,,,,,,1981
hindranafræði,0,na,kvk,Eintala,,,,,,,,obstruction theory,0,,,,,,,,1982
hindrun,0,na,kvk,Eintala,,,,,,,,obstruction,0,,,,,,,,1983
"hitajafna, varmaleiðnijafna",0,na,kvk,Eintala,,,,,,,,heat equation,0,,,,,,,,1984
hjartaferill,0,na,kk,Eintala,,,,,,,,cardioid,0,,,,,,,,2007
"hjáaðoka, aðoka frá hægri",0,ls,,Eintala,,,,,,,"adjoint, left-adjoint","coadjoint, right-adjoint",0,,,,,,,,1985
hjáalgebra,0,na,kvk,Eintala,,,,,,,,coalgebra,0,,,,,,,,1986
hjáendanlegur,0,ls,kk,Eintala,,,,,,,,cofinite,0,,,,,,,,1987
"hjáfylki, bylt hjáþáttafylki, bylt fylgiþáttafylki",0,na,hk,Eintala,,,,,,,,"(transposed cofactor matrix) adjoint matrix, adjoint, adjugate matrix",0,,,,,,,,6585
hjágrúpa,0,na,kvk,Eintala,,,,,,,,cogroup,0,,,,,,,,1988
"hjáhæð, dýpt",0,na,kvk,Eintala,,,,,,,,"coheight, depth",0,,,,,,,,1989
hjájaðar,0,na,kk,Eintala,,,,,,,,coboundary,0,,,,,,,,1990
hjájaðarvirki,0,na,kk,Eintala,,,,,,,,coboundary operator,0,,,,,,,,1991
hjájaðra,0,ls,,Eintala,,,,,,,,cobordant,0,,,,,,,,1992
hjájöðrun,0,na,kvk,Eintala,,,,,,,,cobordism,0,,,,,,,,1993
hjákarteskur ferningur,0,na,kk,Eintala,,,,,,,,"cocartesian square, push-out diagram",0,,,,,,,,1994
hjákeðja,0,na,kvk,Eintala,,,,,,,,cochain,0,,,,,,,,1995
hjákeðjufléttingur,0,na,kk,Eintala,,,,,,,,cochain complex,0,,,,,,,,1996
hjákjarni,0,na,kk,Eintala,,,,,,,,cokernel,0,,,,,,,,1997
hjálokaður,0,ls,kk,Eintala,,,,,,,,coclosed,0,,,,,,,,1998
hjálparlína,0,na,kvk,Eintala,,,,,,,,auxiliary line,0,,,,,,,,1999
hjálparsetning,0,na,kvk,Eintala,,,,,,,,lemma,0,,,,,,,,2000
hjálparsetning Zorns,0,na,kvk,Eintala,,,,,,,,"principle of Zorn, Zorn's lemma",0,,,,,,,,2001
hjámagurt mengi,0,na,hk,Eintala,,,,,,,,residual set,0,,,,,,,,2002
"hjámargfeldi, summa",0,na,,Eintala,,,,,,,direct sum,"coproduct, sum",0,,,,,,,,2003
hjámengi,0,na,hk,Eintala,,,,,,,residue class,coset,0,,,,,,,,2004
hjámynd,0,na,kvk,Eintala,,,,,,,,coimage,0,,,,,,,,2005
hjárás,0,na,kvk,Eintala,,,,,,,,cocycle,0,,,,,,,,2006
hjásamtoga,0,ls,,,,,,,,,,cohomotopic,0,,,,,,,,2008
hjásamtogun,0,na,kvk,Eintala,,,,,,,,cohomotopy,0,,,,,,,,2009
hjásvipfræði,0,na,kvk,Eintala,,,,,,,,cohomology,0,,,,,,,,2010
hjásvipfræði,0,na,kvk,Eintala,,,,,,,,cohomology theory,0,,,,,,,,2011
hjásvipfræðibaugur,0,na,kk,Eintala,,,,,,,,cohomology ring,0,,,,,,,,2012
hjásvipfræðiflokkur,0,na,kk,Eintala,,,,,,,,cohomology class,0,,,,,,,,2013
hjásvipfræðigrúpa,0,na,kvk,Eintala,,,,,,,,cohomology group,0,,,,,,,,2014
"hjátrefjasumma, trefjasumma",0,na,kvk,Eintala,,,,,,,,"cofibred sum, fibre sum, fibred sum, push-out",0,,,,,,,,2015
hjátrefjun,0,na,kvk,Eintala,,,,,,,,co-fibering,0,,,,,,,,2016
"hjávarpi, andbrigður varpi, mótbrigður varpi",0,na,kk,Eintala,,,,,,,,"cofunctor, contravariant functor",0,,,,,,,,2017
"hjávigur, hjávektor",0,na,kk,Eintala,,,,,,,,covector,0,,,,,,,,2019
"hjávídd, fyllivídd",0,na,kvk,Eintala,,,,,,,,codimension,0,,,,,,,,2018
"hjáþáttafylki, fylgiþáttafylki",0,na,hk,Eintala,,,,,,,,cofactor matrix,0,,,,,,,,2020
"hjáþáttur, fylgiþáttur",0,na,kk,Eintala,,,,,,,,"algebraic adjunct, cofactor",0,,,,,,,,2021
hjól,0,na,hk,Eintala,,,,,,,,"(of a cycloid) generating circle, rolling circle",0,,,,,,,,2022
hjól,0,na,hk,Eintala,,,,,,,,wheel,0,,,,,,,,2023
hjólferill,0,na,kk,Eintala,,,,,,,,"common cycloid, cycloid",0,,,,,,,,2024
hjólflatarhnútur,0,na,kk,Eintala,,,,,,,,torus knot,0,,,,,,,,2025
"hjólflötungur, hjólþykkvi",0,na,kk,Eintala,,,,,,,,"solid torus, tore, torus",0,,,,,,,,2026
"hjólflötur, hringfeldi",0,na,,Eintala,,,,,,,,"anchor ring, ring surface, torus",0,,,,,,,,2027
hjúfrun,0,na,kvk,Eintala,,,,,,,,osculation,0,,,,,,,,2028
"hjúfurhringur, krappahringur, sveigjuhringur",0,na,kk,Eintala,,,,,,,,"circle of curvature, osculating circle",0,,,,,,,,2030
"hjúfurhvel, krappahvel, sveigjuhvel, hjúfurkúla, krappakúla, sveigjukúla",0,na,,Eintala,,,,,,,,"osculating sphere, sphere of curvature",0,,,,,,,,2031
hjúfurslétta,0,na,kvk,Eintala,,,,,,,,osculating plane,0,,,,,,,,2032
hjúfursnertill,0,na,kk,Eintala,,,,,,,,osculating tangent,0,,,,,,,,2033
hjúfur-,0,pref,,,,,,,,,,osculating,0,,,,,,,,2029
hjúpferill,0,na,kk,Eintala,,,,,,,,"envelope, enveloping curve",0,,,,,,,,2034
hjúpflötur,0,na,kk,Eintala,,,,,,,,"envelope, enveloping surface",0,,,,,,,,2035
hjúpur,0,na,kk,Eintala,,,,,,,,envelope,0,,,,,,,,2036
hjúpur,0,na,kk,Eintala,,,,,,,"closed hull, closed convex hull, convex hull",hull,0,,,,,,,,2037
hlaupakommureikningur,0,na,kk,Eintala,,,,,,,,floating point arithmetic,0,,,,,,,,2038
hlaupandi meðaltal,0,na,hk,Eintala,,,,,,,,"consecutive mean, moving average, running mean, sliding average",0,,,,,,,,2039
"hlaupandi, breytilegur",0,ls,kk,Eintala,,,,,,,variable,running,0,,,,,,,,2040
"hlaupavísir, breytilegur vísir",0,na,kk,Eintala,,,,,,,,"running index, variable index",0,,,,,,,,2041
hleðsla,0,na,kvk,Eintala,,,,,,,,charge,0,,,,,,,,2042
"hlekking, hlekkjafesti, festi",0,na,,Eintala,,,,,,,,link,0,,,,,,,,2043
"hlekkjaður, samhlekkjaður, samslunginn",0,ls,kk,Eintala,,,,,,,,"interlaced, linked, intertwined",0,,,,,,,,2044
hlekkjunartala,0,na,kvk,Eintala,,,,,,,,"linking number, looping coefficient",0,,,,,,,,2045
hlekkur,0,na,kk,Eintala,,,,,,,,link,0,,,,,,,,2046
hliðarhorn,0,na,hk,Eintala,,,,,,,,face angle,0,,,,,,,,2049
"hliðarsetning, samantekt",0,na,kvk,Eintala,,,,,,,,scholium,0,,,,,,,,2050
hliðarvirki,0,na,kk,Eintala,,,,,,,,face operator,0,,,,,,,,2051
hliðhjólferill,0,na,kk,Eintala,,,,,,,,paracycloid,0,,,,,,,,2052
hliðraður,0,ls,kk,Eintala,,,,,,,,"(of linear systems) inhomogeneous, non-homogeneous",0,,,,,,,,2053
hliðranagrúpa,0,na,kvk,Eintala,,,,,,,,"group of translations, translation group",0,,,,,,,,2054
"hliðruð línuleg deildajafna, hliðruð línuleg diffurjafna",0,na,kvk,Eintala,,,,,,,,"inhomogeneous linear differential equation, non-homogeneous linear differential equation",0,,,,,,,,2055
hliðrun,0,na,kvk,Eintala,"<ref idTerm=5779>Færsla</ref> \(\tau\) á tiltekinni <ref idTerm=4884>sléttu</ref> kallast \textit{hliðrun} ef hún hefur eftirfarandi tvo <ref idTerm=803>eiginleika</ref>:\n\n\begin{enumerate}\n    \item <ref idTerm=1204>fjarlægðin</ref> milli \(A\) og \(\tau(A)\) er sú sama fyrir alla <ref idTerm=4001>punkta</ref> \(A\),\n    \item <ref idTerm=1840>hálflínurnar</ref> frá \(A\) í gegnum \(\tau(A)\) tilgreina sömu <ref idTerm=5135>stefnuna</ref> fyrir alla punkta \(A \neq \tau(A)\)\n\end{enumerate}","Hlutlausa færslan telst líka til hliðrana; hún hefur hinsvegar enga tiltekna stefnu. Hliðranir hafa eftirfarandi eiginleika:\n\n\begin{enumerate}\n    \item Hliðranir varðveita lengdir allra <ref idTerm=2958>strika</ref> og eru því <ref idTerm=1328>flutningar</ref>.\n    \item Ef \(\tau\) er hliðrun, þá eru línurnar \(l\) og \(\tau(l)\) <ref idTerm=4509>samsíða</ref>. Einu flutningarnir sem hafa þennan eiginleika eru hliðranir og <ref idTerm=0>punktspeglanir</ref>.\n    \item Flutningur sem heldur engum punkti kyrrum er hliðrun.\n    \item Samskeyting tveggja hliðrana er hliðrun.\n\end{enumerate}",,,,,,"parallel displacement, translation",0,,,,,,,,2056
"hliðrun til hægri, hægri hliðrun",0,na,kvk,Eintala,,,,,,,,right translation,0,,,,,,,,2057
"hliðrun til vinstri, vinstri hliðrun",0,na,kvk,Eintala,,,,,,,,left translation,0,,,,,,,,2058
"hlið, hliðarlína, hliðarstrik",0,na,,Eintala,Sjá <ref idTerm=3161>marghyrningur</ref>.,,,,,,,(of a polygon) side,0,,,,,,,,2048
hlutafleiða,0,na,kvk,Eintala,,,,,,,partial differential coefficient,partial derivative,0,,,,,,,,2059
hlutafleiða (í punkti),0,na,kvk,Eintala,,,,,,,partial derivative,partial differential coefficient,0,,,,,,,,2060
hlutafleiðujafna,0,na,kvk,Eintala,,,,,,,,partial differential equation,0,,,,,,,,2061
hlutafleiðuvirki,0,na,kk,Eintala,,,,,,,,partial differential operator,0,,,,,,,,2062
hlutalgebra,0,na,kvk,Eintala,,,,,,,,subalgebra,0,,,,,,,,2064
hlutákveða,0,na,kvk,Eintala,,,,,,,,"minor, minor determinant, subdeterminant",0,,,,,,,,2063
hlutbaugur,0,na,kk,Eintala,,,,,,,,subring,0,,,,,,,,2065
hlutbil,0,na,hk,Eintala,,,,,,,,subinterval,0,,,,,,,,2066
hlutbrot,0,na,hk,Eintala,,,,,,,,partial quotient,0,,,,,,,,2067
"hlutdeildanlegur, hlutdiffranlegur",0,ls,kk,Eintala,,,,,,,,partially differentiable,0,,,,,,,,2068
"hlutdeildun, hlutdiffrun",0,na,kvk,Eintala,,,,,,,,partial differentiation,0,,,,,,,,2069
hluteinsfirðun,0,na,kvk,Eintala,,,,,,,,partial isometry,0,,,,,,,,2070
hluteinungur,0,na,kk,Eintala,,,,,,,,submonoid,0,,,,,,,,2071
hlutfall,0,na,hk,Eintala,\textit{Hlutfallið} milli tveggja <ref idTerm=5397>talna</ref> \(a\) og \(b \neq 0\) er fyrri talan <ref idTerm=0>deild</ref> með þeirri síðari.,,,,,,"fraction, quotient",ratio,0,,,,,,,,2072
hlutfallajafna,0,na,kvk,Eintala,,,,,,,,proportion,0,,,,,,,,2073
hlutfallslegt tíðnifall,0,na,hk,Eintala,,,,,,,"cumulative relative frequency function, probability density function",relative frequency function,0,,,,,,,,2076
hlutfallslegur vöxtur,0,na,kk,Eintala,,,,,,,,relative growth,0,,,,,,,,2077
hlutfallsleg skekkja,0,na,kvk,Eintala,,,,,,,,relative error,0,,,,,,,,2074
hlutfallsleg tíðni,0,na,kvk,Eintala,,,,,,,,"class frequency, relative frequency",0,,,,,,,,2075
hlutfallspróf,0,na,hk,Eintala,,,,,,,,ratio test,0,,,,,,,,2078
"hlutfallsstuðull, hlutfallsþáttur",0,na,kk,Eintala,,,,,,,,factor of proportionality,0,,,,,,,,2079
"hlutfallstala, hlutfallsþáttur",0,na,,Eintala,,,,,,,,constant of proportionality,0,,,,,,,,2080
hlutfjölskylda,0,na,kvk,Eintala,,,,,,,,subfamily,0,,,,,,,,2081
hlutflokkur,0,na,kk,Eintala,,,,,,,,subclass,0,,,,,,,,2082
hlutfylgni,0,na,kvk,Eintala,,,,,,,,partial correlation,0,,,,,,,,2083
hlutfylgnistuðull,0,na,kk,Eintala,,,,,,,,partial correlation coefficient,0,,,,,,,,2084
hlutfylki,0,na,hk,Eintala,,,,,,,,"minor array, partial matrix, submatrix",0,,,,,,,,2085
hlutgrind,0,na,kvk,Eintala,,,,,,,,sublattice,0,,,,,,,,2086
hlutgrúpa,0,na,kvk,Eintala,,,,,,,,subgroup,0,,,,,,,,2087
"hlutheildun, hluttegrun",0,na,kvk,Eintala,,,,,,,,"integration by parts, partial integration",0,,,,,,,,2088
"hluti, partur",0,na,kk,Eintala,,,,,,,,part,0,,,,,,,,2089
hlutíðal,0,na,hk,Eintala,,,,,,,,subideal,0,,,,,,,,2090
hlutkenning,0,na,kvk,Eintala,,,,,,,,subtheory,0,,,,,,,,2091
hlutkerfi,0,na,hk,Eintala,,,,,,,,subsystem,0,,,,,,,,2092
hlutlaus,0,ls,,Eintala,,,,,,,,neutral,0,,,,,,,,2093
hlutlaus rúmfræði,0,na,kvk,Eintala,,,,,,,,"absolute geometry, neutral geometry",0,,,,,,,,2094
"hlutleysa, hlutlaust stak",0,na,kvk,Eintala,,,,,,,,"(of a group or semigroup) identity element, identity, neutral element",0,,,,,,,,6586
hlutleysuþáttur,0,na,kk,Eintala,,,,,,,,identity component,0,,,,,,,,2095
hlutlíkan,0,na,hk,Eintala,,,,,,,,submodel,0,,,,,,,,2096
"hlutmargfeldi, margfeldisstúfur",0,na,,Eintala,,,,,,,,partial product,0,,,,,,,,2097
hlutmengi,0,na,hk,Eintala,<ref idTerm=3270>Mengi</ref> \(A\) er sagt vera \textit{hlutmengi} í mengi \(B\) ef sérhvert <ref idTerm=5128>stak</ref> í \(A\) er líka stak í \(B\). Þetta er táknað með \(A \subset B\).,Á <ref idTerm=6050>Venn-myndinni</ref> að neðan er \(A\) hlutmengi í \(B\) því <ref idTerm=5335>svæðið</ref> innan minni <ref idTerm=2295>hringsins</ref> (sem táknar stökin í \(A\)) er líka innan stærri hringsins (sem táknar stökin í \(B\)):\n\n\begin{center}\n\includegraphics[width=150px]{myndir/hlutmengi.png}\n\end{center},,,,,,"part, subset",0,,,,,,,,2098
"hlutmengjafrumsenda, hlutmengjafrumsetning, frumsenda um hlutmengi, frumsetning um hlutmengi",0,na,kvk,Eintala,,,,,,,,"axiom of subsets, axiom of separation",0,,,,,,,,6587
hlutmismunajafna,0,na,kvk,Eintala,,,,,,,,partial difference equation,0,,,,,,,,2099
hlutmismunur,0,na,kk,Eintala,,,,,,,,partial difference,0,,,,,,,,2100
hlutmótull,0,na,kk,Eintala,,,,,,,,submodule,0,,,,,,,,2101
hlutmynstur,0,na,hk,Eintala,,,,,,,,substructure,0,,,,,,,,2102
hlutnefnari,0,na,kk,Eintala,,,,,,,,partial denominator,0,,,,,,,,2103
hlutnet,0,na,hk,Eintala,,,,,,,,"partial graph, subgraph",0,,,,,,,,2104
hlutnet,0,na,hk,Eintala,,,,,,,,subnet,0,,,,,,,,2105
"hlutniðurstaða, hlutútkoma",0,na,kvk,Eintala,,,,,,,,partial result,0,,,,,,,,2106
hlutorð,0,na,hk,Eintala,,,,,,,,subword,0,,,,,,,,2107
hlutrakinn,0,na,kk,Eintala,,,,,,,,partially recursive,0,,,,,,,,2108
hlutreiknanlegur,0,ls,kk,Eintala,,,,,,,,partially computable,0,,,,,,,,2109
hlutríki,0,na,hk,Eintala,,,,,,,,subcategory,0,,,,,,,,2110
hlutruna,0,na,kvk,Eintala,,,,,,,,"partial sequence, subsequence",0,,,,,,,,2113
hlutrúm,0,na,hk,Eintala,,,,,,,,subspace,0,,,,,,,,2112
hlutröð,0,na,kvk,Eintala,,,,,,,,subseries,0,,,,,,,,2111
"hlutskilgreind aðgerð, hlutskilgreind reikniaðgerð",0,na,kvk,Eintala,,,,,,,,"partial algebraic operation, partial composition, partial operation",0,,,,,,,,2114
hlutskilgreind vörpun,0,na,kvk,Eintala,,,,,,,,partial mapping,0,,,,,,,,2115
hlutskilgreint fall,0,na,hk,Eintala,,,,,,,,"partial function, partially defined function",0,,,,,,,,2116
"hlutskilgreint rakið fall, hlutrakið fall",0,na,hk,Eintala,,,,,,,,"partially recursive function, partial recursive function",0,,,,,,,,2117
"hlutsumma, summustúfur",0,na,,Eintala,,,,,,,,partial sum,0,,,,,,,,2118
hlutsvið,0,na,hk,Eintala,,,,,,,,subfield,0,,,,,,,,2120
hlutsvæði,0,na,hk,Eintala,,,,,,,,subdomain,0,,,,,,,,2119
hlutteljari,0,na,kk,Eintala,,,,,,,,partial numerator,0,,,,,,,,2121
hluttré,0,na,hk,Eintala,,,,,,,,subtree,0,,,,,,,,2122
"hlutur, gripur",0,na,kk,Eintala,,,,,,,,object,0,,,,,,,,2123
hlutúrtak,0,na,hk,Eintala,,,,,,,,subsample,0,,,,,,,,2124
"hlutvera, hlutmengisvensl",0,na,,,,,,,,,,"(state or relation of being included) inclusion, inclusion relation, subset relation",0,,,,,,,,2125
hlutverutákn,0,na,hk,Eintala,,,,,,,,sign of inclusion,0,,,,,,,,2126
"hlutvigurrúm, línulegt hlutrúm",0,na,hk,Eintala,,,,,,,,vector subspace,0,,,,,,,,2129
hlutvíðátta,0,na,kvk,Eintala,,,,,,,,submanifold,0,,,,,,,,2127
hlutvíðerni,0,na,hk,Eintala,,,,,,,,subvariety,0,,,,,,,,2128
hlutþakning,0,na,kvk,Eintala,,,,,,,,subcovering,0,,,,,,,,2130
hnappelda,0,na,kvk,Eintala,,,,,,,,lemniscate,0,,,,,,,,2131
"hneppishraði, hnapphraði",0,na,kk,Eintala,,,,,,,,group velocity,0,,,,,,,,2132
hnig,0,na,hk,Eintala,,,,,,,,(in optimization) descent,0,,,,,,,,2133
hnigaðferð,0,na,kvk,Eintala,,,,,,,,"(in optimization) descent method, method of descent",0,,,,,,,,2134
hnigaðferð mesta bratta,0,na,kvk,Eintala,,,,,,,gradient method,"method of steepest descent, steepest descent method",0,,,,,,,,2135
hnigskref,0,na,hk,Eintala,,,,,,,,descent step,0,,,,,,,,2136
hnik,0,na,hk,Eintala,,,,,,,,(of a functional) variation,0,,,,,,,,2137
hnikaafleiða,0,na,kvk,Eintala,,,,,,,,variational derivative,0,,,,,,,,2138
hnikajafna,0,na,kvk,Eintala,,,,,,,,variational equation,0,,,,,,,,2139
hnikalögmál,0,na,hk,Eintala,,,,,,,,variational principle,0,,,,,,,,2140
hnikareikningur,0,na,kk,Eintala,,,,,,,,"calculus of variations, variational calculus",0,,,,,,,,2141
hnikaverkefni,0,na,hk,Eintala,,,,,,,,variational problem,0,,,,,,,,2142
hnit,0,na,hk,Eintala,Sjá <ref idTerm=2145>hnitakerfi</ref>.,,,,,,"abscissa, affine coordinates, amplitude, angular coordinate, anomaly, azimuth, barycentric coordinates, cartesian coordinates, central coordinates, curvilinear coordinates, cylindrical coordinates, ellipsoidal coordinates, geodesic coordinates, homogeneous coordinates, inhomogeneous coordinates, local coordinate, normal coordinates, oblique coordinates, ordinate, orthogonal coordinates, orthonormal coordinates, parabolic coordinates, parallel coordinates, plane coordinates, polar angle, polar coordinates, projective coordinates, radius vector, rectangular coordinates, spatial coordinates, spherical coordinates, spherical polar coordinates, tetrahedral coordinates, triangular coordinates, trilinear coordinates",coordinate,0,,,,,,,,2143
hnitakerfi,0,na,hk,Eintala,<ref idTerm=4541>Samsvörun</ref> milli <ref idTerm=4001>punkta</ref> í <ref idTerm=6087>\(n\)-víðu</ref> <ref idTerm=4266>rúmi</ref> og <ref idTerm=6>\(n\)-undar</ref> af <ref idTerm=5397>tölum</ref> sem kallast \textit{hnit}. Hnitin eru notuð til að staðsetja punkta í rúminu.,Fjalla um almennari hnitakerfi.,,,,,,"coordinate system, system of coordinates",0,,,,,,,,2145
hnitapappír,0,na,kk,Eintala,,,,,,,,graph paper,0,,,,,,,,2146
"hnitarúmfræði, hnitafræði",0,na,kvk,Eintala,,,,,,,,"(coordinate geometry) analytic geometry, analytical geometry, cartesian geometry, coordinate geometry",0,,,,,,,,2147
"hnitaskiptafylki, grunnskiptafylki",0,na,hk,Eintala,,,,,,,,(in linear algebra) transition matrix,0,,,,,,,,2149
hnitaskiptavörpun,0,na,kvk,Eintala,,,,,,,,transition function,0,,,,,,,,2150
"hnitaskipti, hnitafærsla",0,na,,,,,,,,,,"change of coordinates, coordinate change, coordinate transformation, transformation of coordinates",0,,,,,,,,2151
"hnitás, hnitaás",0,na,kk,Eintala,,,,,,,"axis, real axis",coordinate axis,0,,,,,,,,2148
"hnitfall, hnitafall",0,na,hk,Eintala,,,,,,,,coordinate function,0,,,,,,,,2152
"hnitgrennd, hnitagrennd",0,na,kvk,Eintala,,,,,,,,coordinate neighbourhood,0,,,,,,,,2153
"hnitrúm, hnitarúm",0,na,hk,Eintala,,,,,,,cartesian space,coordinate space,0,,,,,,,,2154
"hnitslétta, hnitaslétta",0,na,kvk,Eintala,,,,,,,cartesian plane,coordinate plane,0,,,,,,,,2155
"hnit, stak, stuðull",0,na,,Eintala,,,,,,,,(of an \(n\)-tuple) component,0,,,,,,,,2144
hnútafræði,0,na,kck,Eintala,,,,,,,,knot theory,0,,,,,,,,2157
hnútalitun,0,na,kvk,Eintala,,,,,,,,vertex colouration,0,,,,,,,,2158
hnútamengi,0,na,hk,Eintala,,,,,,,,vertex set,0,,,,,,,,2159
hnútflötur,0,na,kk,Eintala,,,,,,,,nodoid,0,,,,,,,,2160
hnútgrúpa,0,na,kvk,Eintala,,,,,,,,knot group,0,,,,,,,,2161
"hnútsnet, örnet",0,na,hk,Eintala,,,,,,,,trivial graph,0,,,,,,,,2162
hnútur,0,na,kk,Eintala,,,,,,,,knot,0,,,,,,,,2163
"hnútur, gálma",0,na,,Eintala,,,,,,,,(of a differiental equation) node,0,,,,,,,,2164
"hnútur, punktur",0,na,kk,Eintala,,,,,,,,"(of a graph) node, vertex",0,,,,,,,,2165
hnýttur,0,ls,kk,Eintala,,,,,,,,knotted,0,,,,,,,,2166
"hnöttóttur, kúlulaga",0,ls,kk,Eintala,,,,,,,,spherical,0,,,,,,,,2156
horn,0,na,hk,Eintala,Tvær <ref idTerm=1840>hálflínur</ref> með sama <ref idTerm=5850>upphafspunkt</ref> eru sagðar mynda \textit{horn}. Upphafspunktur hálflínanna kallast þá \textit{oddpunktur} hornsins og hálflínurnar kallast \textit{armar} þess. Horn með oddpunkt \(O\) er táknað \(\angle O\). Ef \(A\) og \(B\) eru tveir punktar sem liggja á sitthvorum armi hornsins þá er einnig hægt að tákna hornið \(\angle AOB\).,"Á eftirfarandi mynd sést horn með oddpunkt \(O\) og arma \(h\) og \(k\):\n\n\begin{center}\n\includegraphics[width=150px]{myndir/horn.png}\n\end{center}\n\nÞegar armar horns liggja ekki á sömu <ref idTerm=2911>línu</ref>, þá er sagt að hornið sé \textit{eiginlegt}. <ref idTerm=4001>Punktur</ref> sem ekki liggur á örmum eiginlegs horns er \textit{innaní} horninu ef hann liggur á <ref idTerm=2958>línustriki</ref> með endapunka á örmum þess, en \textit{utanvið} hornið annars. Athugið að sérhver tvö línustrik með sameiginlegan endapunkt sem eru innihaldin í horninu mynda jafnframt sama horn.",,,,,"adjacent angles, adjacent supplementary angles, alternate angles, alternate-exterior angles, alternate-interior angles, apex angle, apical angle, base angle, central angle, complementary angle, concave angle, conjugate angle, corresponding angles, degree of angle, described angle, dihedral angle, directed angle, direction angle, distortion angle, eccentric angle, edge angle, escribed angle, explement, explementary angle, exterior alternate angles, exterior angle, exterior opposite angles, exterior-interior angles, external angle, face angle, flat angle, full angle, full solid angle, included angle, inscribed angle, interior alternate angles, interior angle, mark off angles, measure of angle, minute of angle, oblique angle, obtuse angle, opposite angle, opposite angles, oriented angle, parallel angle, perigon, polar angle, polyhedral angle, preservation of angles, radian measure, reentrant angle, related angle, right angle, rotation angle, round angle, salient angle, second of angle, sector angle, slope angle, solid angle, spherical angle, straight angle, supplement, supplemental angle, supplementary angle, tetrahedral angle, vertex angle, vertical angles",angle,0,,,,,,,,2198
hornafall,0,na,hk,Eintala,,,,,,,,"circular function, trigonometric function",0,,,,,,,,2202
hornafallamargliða,0,na,kvk,Eintala,,,,,,,,trigonometric polynomial,0,,,,,,,,2203
hornafallaröð,0,na,kvk,Eintala,,,,,,,Fourier series,trigonometric series,0,,,,,,,,2204
hornafleiða,0,na,kvk,Eintala,,,,,,,,angular derivative,0,,,,,,,,2205
hornafræði,0,na,kvk,Eintala,,,,,,,,trigonometry,0,,,,,,,,2206
hornalína,0,na,kvk,Eintala,,,,,,,,diagonal,0,,,,,,,,2207
hornalínuaðferð,0,na,kvk,Eintala,,,,,,,Cantor's diagonal  method,"diagonal method, diagonal procedure, diagonal process",0,,,,,,,,2209
hornalínuaðferð Cantors,0,na,kvk,Eintala,,,,,,,diagonal method,Cantor's diagonal method,0,,,,,,,,2210
hornalínuaðhvarf,0,na,hk,Eintala,,,,,,,,diagonal regression,0,,,,,,,,2211
hornalínufylki,0,na,hk,Eintala,,,,,,,,diagonal matrix,0,,,,,,,,2212
"hornalínugera, hornalínufæra",0,sag,,,,,,,,,,diagonalize,0,,,,,,,,2213
hornalínugerð,0,na,kvk,Eintala,,,,,,,,diagonal form,0,,,,,,,,2214
hornalínugerlegur,0,ls,kk,Eintala,,,,,,,,diagonalizable,0,,,,,,,,2215
hornalínugerningur,0,na,kk,Eintala,,,,,,,,diagonalization,0,,,,,,,,2216
hornalínugná,0,na,kvk,Eintala,,,,,,,,diagonal dominance,0,,,,,,,,2217
hornalínugnæfur,0,ls,kk,Eintala,,,,,,,,diagonally dominant,0,,,,,,,,2218
hornalínureitur,0,na,kk,Eintala,,,,,,,,diagonal block,0,,,,,,,,2219
"hornalínustak, hornalínustuðull",0,na,,Eintala,,,,,,,,"diagonal element, diagonal coefficient",0,,,,,,,,2220
hornalínuvörpun,0,na,kvk,Eintala,,,,,,,,diagonal map,0,,,,,,,,2221
hornalínuþríhyrningur,0,na,kk,Eintala,,,,,,,,diagonal triangle,0,,,,,,,,2222
hornalínu-reitafylki,0,na,hk,Eintala,,,,,,,,block diagonal matrix,0,,,,,,,,2208
hornamál,0,na,hk,Eintala,"Til þess að bera saman tvö eiginleg <ref idTerm=2198>horn</ref>, þá flytjum við annað hornið þannig að annar <ref idTerm=334>armur</ref> hornanna sé sameiginlegur og þannig að sérhver <ref idTerm=4001>punktur</ref> innaní öðru horninu liggi líka innaní hinu horninu. Þá getur þrennt gerst:\n\n\begin{enumerate}\n    \item Hinn armur flutta hornsins fellur saman við hinn arm óhreyfða hornsins. Þá eru hornin \textit{jafn stór}, eða einfaldlega \textit{eins}\n    \item Hinn armur flutta hornsins lendir á milli arma óhreyfða hornsins. Þá er flutta hornið minna en óhreyfða hornið, sem er þá jafnframt \textit{stærra} en flutta hornið\n    \item Hinn armur flutta hornsins lendir utanvið óhreyfða hornið. Þá er flutta hornið stærra en óhreyfða hornið, sem er þá jafnframt \textit{minna} en flutta hornið\n\end{enumerate}",Stærð horns er oft mælt í <ref idTerm=1667>gráðum</ref> eða <ref idTerm=478>radíönum</ref>.,,,,,"angular degree, cc, centesimal minute, centesimal second, deg, degree, degree of angle, circular measure, grad, grade, min, min, minute, minute of angle, radian, radian measure, second of angle, sexagesimal degree, sexagesimal minute, sexagesimal second","angle measure, measure of angle",0,,,,,,,,2223
"hornamál, hornmál",0,na,hk,Eintala,,,,,,,,angular measure,0,,,,,,,,2224
hornasumma,0,na,kvk,Eintala,<ref idTerm=5320>Summa</ref> allra <ref idTerm=2198>horna</ref> í <ref idTerm=3161>marghyrningi</ref>.,"Auðvelt er að finna hornasummu marghyrnings með því að <ref idTerm=4814>skipta honum upp í þríhyrninga</ref>. Hægt er að skipta \(n\)-hyrningi upp í \(n-2\) þríhyrninga, svo að hornasumma \(n\)-hyrnings er \((n-2)\cdot 180\). Sem dæmi er hægt að skipta fimmhyrningnum \(A B C D E\) að neðan í þrjá þríhyrninga, svo að hornasumma hans er \((5 - 2) \cdot 180^\circ = 540^\circ\):\n\n\begin{center}\n\includegraphics[width=150px]{myndir/hornasumma.png}\n\end{center}",,,,,,angle sum,0,,,,,,,,2225
hornaukasetning,0,na,kvk,Eintala,,,,,,,,"argument principle, principle of argument, principle of the argument",0,,,,,,,,2226
"horna-, hornafræði-",0,pref,,,,,,,,,,"trigonometric, trigonometrical",0,,,,,,,,2201
hornfjarlægð,0,na,kvk,Eintala,,,,,,,,"angular distance, angular separation",0,,,,,,,,2227
hornhraði,0,na,kk,Eintala,,,,,,,,"angular velocity, angular speed",0,,,,,,,,2228
hornhröðun,0,na,kvk,Eintala,,,,,,,,angular acceleration,0,,,,,,,,2229
hornið á milli,0,na,,Eintala,,{\it A triangle is determined by two sides and the included angle}: þríhyrningur ákvarðast af  tveimur hliðum og horninu á milli þeirra ,,,,,,included angle,0,,,,,,,,6588
"hornklofamargfeldi, Lie-margfeldi",0,na,hk,Eintala,,,,,,,Lie bracket,bracket product,0,,,,,,,,2231
"hornklofamargföldun, Lie-margföldun",0,na,kvk,Eintala,,,,,,,Lie bracket,bracket operation,0,,,,,,,,2232
hornklofi,0,na,kk,Eintala,,,,,,,,bracket,0,,,,,,,,2233
hornmínúta,0,na,kvk,Eintala,,,,,,,minute of arc,minute of angle,0,,,,,,,,2234
"hornpunktur, oddpunktur",0,na,kk,Eintala,<ref idTerm=4001>Punktur</ref> þar sem tvær <ref idTerm=2048>hliðar</ref> <ref idTerm=3161>marghyrnings</ref> <ref idTerm=4771>skerast</ref> (í tveimur <ref idTerm=6087>víddum</ref>) eða punktur þar sem þrjár eða fleiri <ref idTerm=1325>hliðar</ref> <ref idTerm=3133>margflötungs</ref> skerast (í þrem víddum).,,,,,,,(of a polygon) vertex,0,,,,,,,,2235
hornréttur,0,ls,kk,Eintala,,,,,,,,rectangular,0,,,,,,,,2242
"hornrétt liðun, þverstæð liðun, þverliðun",0,na,kvk,Eintala,,,,,,,orthogonal series,orthogonal expansion,0,,,,,,,,2240
hornrétt ofanvarp,0,na,hk,Eintala,,,,,,,,orthogonal projection,0,,,,,,,,2241
hornrækinn,0,ls,kk,Eintala,,,,,,,,"angle-preserving, conformal, equiangular, isogonal",0,,,,,,,,2237
hornrækin vörpun,0,na,kvk,Eintala,,,,,,,,conformal mapping,0,,,,,,,,2236
hornrækni,0,na,kvk,Eintala,,,,,,,,"conformality, isogonality, preservation of angles",0,,,,,,,,2238
hornræknirúmfræði,0,na,kvk,Eintala,,,,,,,,conformal geometry,0,,,,,,,,2239
hornsekúnda,0,na,kvk,Eintala,,,,,,,second of arc,second of angle,0,,,,,,,,2243
"horn, stefnuhorn, áttarhorn, horngildi",0,na,hk,Eintala,,,,,,,,"(of a complex number) amplitude, argument",0,,,,,,,,2199
"horn, stefnuhorn, áttarhorn, hornhnit",0,na,hk,Eintala,,,,,,,,"(in polar coordinates) amplitude, angular coordinate, anomaly, azimuth, polar angle",0,,,,,,,,2200
hófur,0,na,kk,Eintala,,,,,,,,ungula,0,,,,,,,,2192
hóptíðni,0,na,kvk,Eintala,,,,,,,,group frequency,0,,,,,,,,2195
hópur,0,na,kk,Eintala,,,,,,,,(generally) group,0,,,,,,,,2196
"hópþáttur, flokksþáttur",0,na,kk,Eintala,,,,,,,,group factor,0,,,,,,,,2197
hraði,0,na,kk,Eintala,,,,,,,velocity,speed,0,,,,,,,,2244
hraði,0,na,kk,Eintala,,,,,,,speed,velocity,0,,,,,,,,2245
"hraðminnkandi, hraðfallandi",0,ls,,,,,,,,,,rapidly decreasing,0,,,,,,,,2246
hraður,0,ls,kk,Eintala,,,,,,,,rapid,0,,,,,,,,2247
"hraðvaxandi, hraðstækkandi",0,ls,,,,,,,,,,rapidly increasing,0,,,,,,,,2248
hreiðraður,0,ls,kk,Eintala,,,,,,,,nested,0,,,,,,,,2249
hreiðruð bil,0,na,hk,Fleirtala,,,,,,,,nested intervals,0,,,,,,,,2250
hreiðruð margföldun,0,na,kvk,Eintala,,,,,,,,nested multiplication,0,,,,,,,,2251
hreiðruð tvískipting,0,na,kvk,Eintala,,,,,,,,nested disection,0,,,,,,,,2252
hreiður,0,na,hk,Eintala,,,,,,,,nest,0,,,,,,,,2253
"hreinlega óaðskiljanleg útvíkkun, óaðskiljanleg útvíkkun, hreinlega óaðskiljanleg víkkun, óaðskiljanleg víkkun",0,na,kvk,Eintala,,,,,,,,"inseparable extension, purely inseparable extension",0,,,,,,,,2258
hreintóna deildajafna,0,na,kvk,Eintala,,,,,,,,harmonic differential equation,0,,,,,,,,2260
hreintóna hreyfing,0,na,kvk,Eintala,,,,,,,,simple harmonic motion,0,,,,,,,,2261
hreintóna sveifill,0,na,kk,Eintala,,,,,,,,harmonic oscillator,0,,,,,,,,2262
"hreintóna sveifla, hrein sveifla",0,na,kvk,Eintala,,,,,,,simple harmonic motion,harmonic motion,0,,,,,,,,2263
"hreint lotutugabrot, hreint umferðartugabrot",0,na,hk,Eintala,,,,,,,,"pure recurring decimal, purely periodic decimal",0,,,,,,,,2259
hreinvíður,0,ls,kk,Eintala,,,,,,,,"equidimensional, homogeneously dimensional, purely dimensional, unmixed",0,,,,,,,,2264
hreinvíður,0,ls,kk,Eintala,,,,,,,,pure dimensional,0,,,,,,,,2265
hrein algebra,0,na,kvk,Eintala,,,,,,,,abstract algebra,0,,,,,,,,2254
hrein rúmfræði,0,na,kvk,Eintala,,,,,,,,"pure geometry, synthetic geometry",0,,,,,,,,2255
hrein stærðfræði,0,na,kvk,Eintala,,,,,,,,"abstract mathematics, pure mathematics",0,,,,,,,,2256
"hrein torræð útvíkkun, hrein torræð víkkun",0,na,kvk,Eintala,,,,,,,,pure transcendental extension,0,,,,,,,,2257
"hreyfanleg sérstaða, hreyfanlegur sérstöðupunktur",0,na,,Eintala,,,,,,,,movable singularity,0,,,,,,,,2266
hreyfifræði,0,na,kvk,Eintala,,,,,,,,dynamics,0,,,,,,,,2267
hreyfihnitakerfi,0,na,hk,Eintala,,,,,,,,moving coordinate system,0,,,,,,,,2268
"hreyfilýsing, gangfræði",0,na,kvk,Eintala,,,,,,,,kinematics,0,,,,,,,,2269
hreyfing,0,na,kvk,Eintala,,,,,,,,(physical motion) motion,0,,,,,,,,2270
hreyfingarfasti,0,na,kk,Eintala,,,,,,,,constant of motion,0,,,,,,,,2271
"hreyfirammi, hreyfigrunnur",0,na,kk,Eintala,,,,,,,,moving frame,0,,,,,,,,2272
"hringabundin, bundin af hringjum",0,ls,,Eintala,,,,,,,,"bundle of circles, sheaf of circles",0,,,,,,,,2273
hringaðferð,0,na,kvk,Eintala,,,,,,,,circle method,0,,,,,,,,2274
hringbogaþríhyrningur,0,na,kk,Eintala,,,,,,,,circular triangle,0,,,,,,,,2275
"hringbogi, bogi, örk",0,na,,Eintala,Sá hluti <ref idTerm=2295>hrings</ref> sem liggur milli tveggja <ref idTerm=4001>punkta</ref> hans kallast \textit{hringbogi},Á eftirfarandi mynd má sjá hringbogana á milli \(A\) og \(B\). Sá þessara hringboga sem er innaní <ref idTerm=2198>horninu</ref> \(\angle AMB\) er dekkri:\n\n\begin{center}\n\includegraphics[width=150px]{myndir/hringbogi.png}\n\end{center} \n\nÞegar talað er um bogann \(AB\) er jafnan átt við þann minni.,,,,,,"(of a circle) arc, circular arc",0,,,,,,,,2276
hringfari,0,na,kk,Eintala,,,,,,,,"compass, pair of compasses",0,,,,,,,,2277
hringfeldisgrúpa,0,na,kvk,Eintala,,,,,,,,torus group,0,,,,,,,,2278
hringgrúpa,0,na,kvk,Eintala,,,,,,,,circle group,0,,,,,,,,2279
hringhreyfing,0,na,kvk,Eintala,,,,,,,,circular motion,0,,,,,,,,2280
"hringhverfing punkts, spegilmynd punkts í hring",0,na,kvk,Eintala,,,,,,,,inverse point,0,,,,,,,,2281
"hringhverfing, hringspeglun, speglun í hring",0,na,kvk,Eintala,,,,,,,,(with respect to a circle) inversion,0,,,,,,,,2282
"hringjaðar, hringferill",0,na,kk,Eintala,,,,,,,circle,circumference,0,,,,,,,,2283
"hringkragi, kragi",0,na,kk,Eintala,,,,,,,,"annulus, circular ring",0,,,,,,,,2284
"hringlaga, kringlóttur, hring-",0,,,,,,,,,,,circular,0,,,,,,,,2285
hringsamhverfni,0,na,kvk,Eintala,,,,,,,,"circular symmetry, radial symmetry",0,,,,,,,,2286
hringskiptijafna,0,na,kvk,Eintala,,,,,,,,cyclotomic equation,0,,,,,,,,2287
hringskiptimargliða,0,na,kvk,Eintala,,,,,,,,cyclotomic polynomial,0,,,,,,,,2288
hringskipting,0,na,kvk,Eintala,,,,,,,,"circular division, cyclotomy",0,,,,,,,,2289
hringskiptisvið,0,na,hk,Eintala,,,,,,,,cyclotomic field,0,,,,,,,,2290
"hringskífa, hringflötur",0,,,Eintala,<ref idTerm=4891>Sléttumynd</ref> sem afmarkast af <ref idTerm=2295>hring</ref>.,Eftirfarandi er mynd af hringskífu með miðju \(M\) og geisla \(r\). Skyggða <ref idTerm=5335>svæðið</ref> tilheyrir allt hringskífunni:\n\n\begin{center}\n\includegraphics[width=150px]{myndir/hringskifa.png}\n\end{center},,,,,,"circular disc, circle, disc, disk",0,,,,,,,,6589
"hringsneið, sneið",0,na,kvk,Eintala,<ref idTerm=3325>Miðstrengur</ref> í <ref idTerm=6589>hringskífu</ref> skiptir henni upp í tvo <ref idTerm=2089>hluta</ref> sem kallast \textit{sneiðar},,,,,,,"circular segment, segment",0,,,,,,,,2291
hringsvæði,0,na,hk,Eintala,,,,,,,,circular domain,0,,,,,,,,2292
hringur,0,na,kk,Eintala,,,,,,,circuit,(of a matroid) stigm,0,,,,,,,,2294
"hringur, hringferill, hringlína",0,na,,Eintala,<ref idTerm=3270>Mengi</ref> þeirra <ref idTerm=4001>punkta</ref> í tiltekinni <ref idTerm=4884>sléttu</ref> sem eru í sömu <ref idTerm=1204>fjarlægð</ref> frá punkti sem liggur á sléttunni sem kallast þá \textit{miðja} hringsins.,"Hring með geisla \(r\) má einnig skilgreina sem mengi punkta \((x,y)\) sem uppfylla <ref idTerm=2478>jöfnuna</ref> \[ x^2+y^2=r^2. \] Eftirfarandi mynd sýnir hring með miðju \(M\) og <ref idTerm=1619>geisla</ref> \(r\):\n\n\begin{center}\n\includegraphics[width=150px]{myndir/hringur.png}\n\end{center}",,,,,"asymptotic circle, auxiliary circle, base circle, bundle of circles, circumcircle, circumscribed circle, cycle, escribed circle, excircle, generating circle, great circle, imaginary circle, incircle, inscribed circle, nine-point circle, nine-point circle theorem, one-sphere, oriented circle, orthoptic circle, osculating circle, pencil of circles, polar circle, principal circle, quadrature of the circle, rolling circle, semicircle, sheaf of circles, small circle, squaring the circle, unit circle",circle,0,,,,,,,,2295
hringvik,0,na,hk,Eintala,,,,,,,,eccentricity,0,,,,,,,,2296
hringvika,0,ls,,Eintala,,,,,,,,eccentric,0,,,,,,,,2297
hringvikshorn,0,na,hk,Eintala,,,,,,,,eccentric angle,0,,,,,,,,2298
hrísla,0,na,kvk,Eintala,,,,,,,tree,arborescence,0,,,,,,,,2299
hröðun,0,na,kvk,Eintala,,,,,,,,acceleration,0,,,,,,,,2301
hröð samleitni,0,na,kvk,Eintala,,,,,,,,rapid convergence,0,,,,,,,,2300
hugarreikningur,0,na,kk,Eintala,,,,,,,,mental arithmetic,0,,,,,,,,2302
hugartilraun,0,na,kvk,Eintala,,,,,,,,"gedanken experiment, imaginary experiment, thought experiment",0,,,,,,,,2303
hugbúnaður,0,na,kk,Eintala,,,,,,,,software,0,,,,,,,,2304
hugsaður,0,ls,kk,Eintala,,,,,,,,ideal,0,,,,,,,,2305
hugtak,0,na,hk,Eintala,,,,,,,,concept,0,,,,,,,,2306
huldureikningur,0,na,kk,Eintala,,,,,,,,umbral calculus,0,,,,,,,,2307
hulduvísir,0,na,kk,Eintala,,,,,,,,umbral index,0,,,,,,,,2308
"hundraðshlutamark, hundraðsmark",0,na,hk,Eintala,,,,,,,"fractile, quantile","centile, percentile",0,,,,,,,,2309
hvarf,0,na,hk,Eintala,,,,,,,extremal surface,extremal,0,,,,,,,,2310
hvarf,0,na,hk,Eintala,,,,,,,,vanishing,0,,,,,,,,2311
hvarfflötur,0,na,kk,Eintala,,,,,,,,extremal surface,0,,,,,,,,2312
hvarfgildi,0,na,hk,Eintala,,,,,,,,"(in analysis) critical value, critical level",0,,,,,,,,2313
"hvarfgildi, stöðugildi",0,na,hk,Eintala,,,,,,,,stationary value,0,,,,,,,,2314
"hvarfpunktur, hvarf, jafnvægispunktur, stöðupunktur",0,na,,Eintala,,,,,,,,"critical point, equilibrium point, singular point, stationary point",0,,,,,,,,2315
hvarfsetning,0,na,kvk,Eintala,,,,,,,,vanishing theorem,0,,,,,,,,2316
hvass,0,ls,kk,Eintala,<ref idTerm=2198>Horn</ref> kallast \textit{hvasst} ef það <ref idTerm=2223>mælist</ref> minna en <ref idTerm=4167>rétt horn</ref>.,Á eftirfarandi mynd er \(\angle AOB\) hvasst horn:\n\n\begin{center}\n\includegraphics[width=150px]{myndir/hvasst_gleitt.png}\n\end{center},,,,,,(of an angle) acute,0,,,,,,,,2317
hvasshyrndur,0,ls,kk,Eintala,<ref idTerm=6438>Þríhyrningur</ref> kallast \textit{hvasshyrndur} ef öll <ref idTerm=2198>horn</ref> hans eru <ref idTerm=2317>hvöss</ref>.,Eftirfarandi mynd sýnir hvasshyrndan þríhyrning:\n\n\begin{center}\n\includegraphics[width=150px]{myndir/hvasshyrndur_thrihyrningur.png}\n\end{center},,,,,,(of a triangle) acute,0,,,,,,,,2318
hvelfdur,0,ls,kk,Eintala,,,,,,,,(of a function) concave,0,,,,,,,,2321
hvelft fall,0,na,hk,Eintala,,,,,,,,concave function,0,,,,,,,,2322
hvelft horn,0,na,hk,Eintala,,,,,,,,concave angle,0,,,,,,,,2323
"hvel, kúluhvel, kúluflötur, kúluyfirborð",0,na,,Eintala,<ref idTerm=3270>Mengi</ref> þeirra <ref idTerm=4001>punkta</ref> sem eru í sömu <ref idTerm=1204>fjarlægð</ref> frá tilteknum punkti sem kallast \textit{miðja} kúluhvelsins.,Eftirfarandi er mynd af kúluhveli:\n\n\begin{center}\n\includegraphics[width=150px]{myndir/kuluhvel.png}\n\end{center},,,,,"bundle of spheres, celestial sphere, circumscribed sphere, circumsphere, complex sphere, escribed sphere, exotic sphere, exsphere, hemisphere, horned sphere, horosphere, inscribed sphere, insphere, northern hemisphere, one-sphere, osculating sphere, pseudosphere, Riemann sphere, sheaf of spheres, southern hemisphere, topological sphere, unit sphere","(spherical surface) sphere, spherical surface",0,,,,,,,,2319
"hverfandi, sem hverfur",0,ls,kk,Eintala,,,,,,,,vanishing,0,,,,,,,,2326
"hverfa alls staðar, vera alls staðar núll",0,sag,,,,,,,,,,vanish identically,0,,,,,,,,2324
"hverfa, verða núll",0,sag,,,,,,,,,,vanish,0,,,,,,,,2325
"hverfipunktur, beygjuskil",0,na,,Eintala,,,,,,,,"flex point, flex, inflection point, inflexion point, point of inflection, point of inflexion",0,,,,,,,,2327
"hverfisnertill, beygjuskilasnertill",0,na,kk,Eintala,,,,,,,,"flex tangent, inflectional tangent, inflexional tangent, stationary tangent",0,,,,,,,,2328
"hverfitregða, tregðuvægi",0,na,,Eintala,,,,,,,,moment of inertia,0,,,,,,,,2329
hverfulleiki,0,na,kk,Eintala,,,,,,,,transience,0,,,,,,,,2331
"hverfull, svipull",0,ls,kk,Eintala,,,,,,,,transient,0,,,,,,,,2330
hverfult ástand,0,na,hk,Eintala,,,,,,,,transient state,0,,,,,,,,2332
"hvergi deildanlegur, hvergi diffranlegur",0,ls,kk,Eintala,,,,,,,,nowhere differentiable,0,,,,,,,,2333
hvergi núll,0,ls,,Eintala,,,,,,,,non-vanishing,0,,,,,,,,2334
hvergi samleitinn,0,ls,kk,Eintala,,,,,,,,nowhere convergent,0,,,,,,,,2335
hvergi þéttur,0,ls,kk,Eintala,,,,,,,,nowhere dense,0,,,,,,,,2336
hversdagsleg mengjafræði,0,na,kvk,Eintala,,,,,,,"Cantorian set theory, classical set theory",naive set theory,0,,,,,,,,2337
hversu lítill sem vera skal,0,,,,,,,,,,,arbitrarily small,0,,,,,,,,2338
hversu stór sem vera skal,0,,,,,,,,,,,arbitrarily great,0,,,,,,,,2339
hvirfilhringur,0,na,kk,Eintala,,,,,,,"auxiliary circle, eccentric",(of an ellipse or hyperbola) eccentric circle,0,,,,,,,,2340
hvirfilpunktur,0,na,kk,Eintala,,,,,,,"secondary vertex, vertex",(of a conic section) vertex,0,,,,,,,,2341
hvirfilpunktur,0,na,kk,Eintala,,,,,,,"four-vertex theorem, vertex",(of a plane curve) vertex,0,,,,,,,,2342
"hvirfilpunktur, miðja",0,na,,Eintala,,,,,,,,"(in differential equations) centre, vortex point",0,,,,,,,,2343
hyrna,0,na,kvk,Eintala,,,,,,,,simplex,0,,,,,,,,2344
hyrnt hvel,0,na,hk,Eintala,,,,,,,,horned sphere,0,,,,,,,,2345
hyrnuaðferð,0,na,kvk,Eintala,,,,,,,,simplex method,0,,,,,,,,2346
"hyrnubákn, hyrnuþyrping",0,na,,Eintala,,,,,,,,simplicial complex,0,,,,,,,,2347
hyrnufruma,0,na,kvk,Eintala,,,,,,,,simplicial cell,0,,,,,,,,2348
hyrnukeðja,0,na,kvk,Eintala,,,,,,,,simplicial chain,0,,,,,,,,2349
hyrnunálgun,0,na,kvk,Eintala,,,,,,,,simplicial approximation,0,,,,,,,,2350
hyrnurit,0,na,hk,Eintala,,,,,,,,simplex algorithm,0,,,,,,,,2351
hyrnusvipfræði,0,na,kvk,Eintala,,,,,,,,simplicial homology,0,,,,,,,,2352
hyrnuvörpun,0,na,kvk,Eintala,,,,,,,,simplicial mapping,0,,,,,,,,2353
hæð,0,na,kvk,Eintala,,,,,,,,"altitude, height",0,,,,,,,,1763
hæðafótpunktaþríhyrningur,0,na,kk,Eintala,,,,,,,,"orthic triangle, orthoptic triangle",0,,,,,,,,1764
hæðarflötur,0,na,kk,Eintala,,,,,,,,"contour surface, level surface",0,,,,,,,,1765
"hæðarlína, hæðarferill",0,na,,Eintala,,,,,,,,"contour line, depth contour, height contour, height line, isobath, isohypse, level curve, level line",0,,,,,,,,1767
hæðarsetning,0,na,kvk,Eintala,,,,,,,,(of a right triangle) altitude theorem,0,,,,,,,,1768
hæðarslétta,0,na,kvk,Eintala,,,,,,,,"first principal plane, height plane",0,,,,,,,,1769
hæðasetning,0,na,kvk,Eintala,,,,,,,,altitude theorem,0,,,,,,,,1770
"hæðaskurðpunktur, hæðapunktur",0,na,kk,Eintala,,,,,,,,"orthocentre, orthocenter",0,,,,,,,,1771
hæði,0,na,hk,Eintala,,,,,,,,dependence,0,,,,,,,,1772
hægra einingarstak,0,na,hk,Eintala,,,,,,,,right identity,0,,,,,,,,1773
hægra hjámengi,0,na,hk,Eintala,,,,,,,,right coset,0,,,,,,,,1774
hægra íðal,0,na,hk,Eintala,,,,,,,one-sided ideal,right ideal,0,,,,,,,,1775
hægrisnúinn,0,ls,kk,Eintala,,,,,,,,dextrorse,0,,,,,,,,1795
hægrisnúinn ferill,0,na,kk,Eintala,,,,,,,,"dextrorse curve, right-handed curve",0,,,,,,,,1796
hægrisnúin skrúflína,0,na,kvk,Eintala,,,,,,,,"dextrorse helix, right-handed helix",0,,,,,,,,1794
hægri aðoki,0,na,kk,Eintala,,,,,,,"left adjoint, right-adjoint",right adjoint,0,,,,,,,,1776
"hægri afleiða, afleiða frá hægri",0,na,kvk,Eintala,,,,,,,,"derivative on the right, forward derivative, right derivative, right-hand derivative, right-handed derivative",0,,,,,,,,1777
"hægri andhverfa, andhverfa frá hægri",0,na,kvk,Eintala,,,,,,,,(of a mapping) right inverse,0,,,,,,,,1778
"hægri deildanleiki, deildanleiki frá hægri, hægri diffranleiki, diffranleiki frá hægri",0,na,kk,Eintala,,,,,,,,"differentiability on the right, forward differentiability, right differentiability, right-hand differentiability",0,,,,,,,,1779
hægri dreifiregla,0,na,kvk,Eintala,Sjá <ref idTerm=723>dreifiregla</ref>.,,,,,,,right distributive law,0,,,,,,,,1780
hægri endapunktur,0,na,kk,Eintala,,,,,,,,"right end point, right extremity",0,,,,,,,,1781
hægri grennd,0,na,kvk,Eintala,,,,,,,,neighbourhood on the right,0,,,,,,,,1782
hægri handar hnitakerfi,0,na,hk,Eintala,,,,,,,,right-handed coordinate system,0,,,,,,,,1783
hægri hávísir,0,na,kk,Eintala,,,,,,,,post-superscript,0,,,,,,,,1784
hægri hlið,0,na,kvk,Eintala,,,,,,,,"right-hand side, right side",0,,,,,,,,1785
"hægri hlutleysa, hlutleysa frá hægri",0,ls,kk,Fleirtala,,,,,,,,"right neutral element, right identity",0,,,,,,,,6590
hægri hornklofi,0,na,kk,Eintala,,,,,,,,right bracket,0,,,,,,,,1786
hægri lágvísir,0,na,kk,Eintala,,,,,,,,post-subscript,0,,,,,,,,1787
hægri mótull,0,na,kk,Eintala,,,,,,,,right module,0,,,,,,,,1788
hægri oddklofi,0,na,kk,Eintala,,,,,,,pointed bracket,right pointed bracket,0,,,,,,,,1789
hægri oddsvigi,0,na,kk,Eintala,,,,,,,,"right brace, right curly bracket",0,,,,,,,,1790
hægri samsemdarmótun,0,na,kvk,Eintala,,,,,,,,right identity,0,,,,,,,,1791
hægri svigi,0,na,kk,Eintala,,,,,,,,right parenthesis,0,,,,,,,,1792
"hægri umhverfa, umhverfa frá hægri, hægri andhverfa, andhverfa frá hægri",0,na,kvk,Eintala,,,,,,,,(with respect to an operation) right inverse,0,,,,,,,,1793
"hægvaxandi, hægstígandi",0,ls,,Eintala,,,,,,,,slowly increasing,0,,,,,,,,1797
hækka upp,0,sag,,,,,,,,,,round up,0,,,,,,,,1798
hækkun,0,na,kvk,Eintala,,,,,,,,"round-up, rounding up",0,,,,,,,,1799
hækkunarskekkja,0,na,kvk,Eintala,,,,,,,,round-up error,0,,,,,,,,1800
hærri afleiða,0,na,kvk,Eintala,,,,,,,,"derivative of higher order, higher derivative, higher-order derivative",0,,,,,,,,1801
"hærri liður, liður af hærri röð, liður af hærra stigi",0,na,kk,Eintala,,,,,,,,higher-order term,0,,,,,,,,1802
"hæsta stig, hástig",0,na,hk,Eintala,,,,,,,,"maximal degree, maximal valency",0,,,,,,,,1803
"höfnunarfall, styrkleikafall, styrkfall",0,na,hk,Eintala,,,,,,,,(in statistics) power function,0,,,,,,,,2168
höfnunarhætta,0,na,kvk,Eintala,,,,,,,beta-risk,"alpha-risk, risk of the first kind, type I error probability, type I risk",0,,,,,,,,2169
"höfnunarlíkindi, frávísunarlíkindi",0,na,hk,Fleirtala,,,,,,,,"critical probability, critical level",0,,,,,,,,2170
"höfnunarlíkindi, frávísunarlíkindi",0,na,hk,Fleirtala,,,,,,,,rejection probability,0,,,,,,,,2171
"höfnunarlína, frávísunarlína",0,na,kvk,Eintala,,,,,,,,rejection line,0,,,,,,,,2172
"höfnunarmark, frávísunarmark",0,na,hk,Eintala,,,,,,,,"(in statistics) critical value, rejection boundary, rejection limit, significance point",0,,,,,,,,2173
höfnunarmistök,0,na,hk,Fleirtala,,,,,,,beta-error,"alpha-error, error of the first kind, type I error",0,,,,,,,,2174
"höfnunarsvæði, frávísunarsvæði",0,na,hk,Eintala,,,,,,,,critical region,0,,,,,,,,2175
"höfnun, frávísun",0,na,kvk,Eintala,,,,,,,,rejection,0,,,,,,,,2167
"höfuðásaaðferð, meginásaaðferð",0,na,kvk,Eintala,,,,,,,,method of principal axes,0,,,,,,,,2176
höfuðdeilir,0,na,kk,Eintala,,,,,,,,principal divisor,0,,,,,,,,2177
"höfuðgildi, megingildi",0,na,hk,Eintala,,,,,,,,"Cauchy principal value, main value, principal value",0,,,,,,,,2178
"höfuðgrein, megingrein",0,na,kvk,Eintala,,,,,,,,main branch,0,,,,,,,,2179
höfuðhlutákveða,0,na,kvk,Eintala,,,,,,,,principal minor,0,,,,,,,,2180
höfuðhluti,0,na,kk,Eintala,,,,,,,,"meromorphic part, principal part, singular part",0,,,,,,,,2181
höfuðíðal,0,na,hk,Eintala,,,,,,,,principal ideal,0,,,,,,,,2182
höfuðíðalbaugur,0,na,kk,Eintala,,,,,,,,"principal ideal domain, principal ideal ring",0,,,,,,,,2183
höfuðíðalsetning,0,na,kvk,Eintala,,,,,,,,principal ideal theorem,0,,,,,,,,2184
"höfuðkrappageisli, meginkrappageisli, höfuðsveigjugeisli, meginsveigjugeisli",0,na,kk,Eintala,,,,,,,,"principal radius of curvature, radius of principal curvature",0,,,,,,,,2185
"höfuðkrappamiðja, krappamiðja, sveigjumiðja",0,na,kvk,Eintala,,,,,,,,centre of principal curvature,0,,,,,,,,2186
"höfuðkrappi, meginkrappi, höfuðsveigja, meginsveigja",0,na,,Eintala,,,,,,,,principal curvature,0,,,,,,,,2187
höfuðlausn,0,na,kvk,Eintala,,,,,,,,principal solution,0,,,,,,,,2188
"höfuðsnertill, meginsnertill",0,na,kk,Eintala,,,,,,,,principal tangent,0,,,,,,,,2189
höfuðstóll,0,na,kk,Eintala,,,,,,,,principal,0,,,,,,,,2190
höfuðturn,0,na,kk,Eintala,,,,,,,,"chief series, principal series",0,,,,,,,,2191
höggbylgja,0,na,kvk,Eintala,,,,,,,,shock wave,0,,,,,,,,2193
högun,0,na,kvk,Eintala,,,,,,,,design,0,,,,,,,,2194
iða,0,na,kvk,Eintala,,,,,,,,turbulence,0,,,,,,,,2359
iðurfeldi,0,na,hk,Eintala,,,,,,,,interior product,0,,,,,,,,2366
illa framsett verkefni,0,na,hk,Eintala,,,,,,,,"ill-posed problem, mal-posed problem, not-well posed problem",0,,,,,,,,2375
ilpunktur,0,na,kk,Eintala,,,,,,,,nadir,0,,,,,,,,2376
innanmótun,0,na,kvk,Eintala,,,,,,,,endomorphism,0,,,,,,,,2378
"innanverð víxlhorn, innri víxlhorn",0,na,hk,Fleirtala,,,,,,,,"alternate-interior angles, interior alternate angles",0,,,,,,,,2379
innbyrðis óháðir atburðir,0,na,kk,Fleirtala,,,,,,,,mutually independent events,0,,,,,,,,2380
innbyrðis óháður,0,ls,kk,Eintala,,,,,,,pairwise independent,mutually independent,0,,,,,,,,2381
inndragi,0,na,kk,Eintala,,,,,,,,retract,0,,,,,,,,2382
inndráttur,0,na,kk,Eintala,,,,,,,,retraction,0,,,,,,,,2383
"inngeisli, geisli innritaðs hrings, geisli innritaðrar kúlu",0,na,kk,Eintala,,,,,,,,inradius,0,,,,,,,,2386
"inngeisli, innri geisli, skammgeisli",0,na,kk,Eintala,,,,,,,,"(of a regular polygon) apothem, short radius",0,,,,,,,,2387
innhjólferill,0,na,kk,Eintala,,,,,,,"asteroid, astroid, deltoid, tricuspid curve",hypocycloid,0,,,,,,,,2388
innhorn,0,na,hk,Eintala,,,,,,,,interior angle,0,,,,,,,,2389
innhyrndur,0,ls,kk,Eintala,,,,,,,,concave,0,,,,,,,,2390
innhyrndur marghyrningur,0,na,kk,Eintala,<ref idTerm=832>Einfaldur marghyrningur</ref> sem er ekki <ref idTerm=2717>kúptur</ref>.,,,,,,,concave polygon,0,,,,,,,,2391
"innifalinn, umlukinn",0,ls,kk,Eintala,,,,,,,,included,0,,,,,,,,2392
innihalda,0,sag,,,,,,,,,include,contain,0,,,,,,,,2394
innihaldslaus,0,ls,,Eintala,,,,,,,,vacuous,0,,,,,,,,2395
innihaldslaus staðhæfing,0,na,kvk,Eintala,,,,,,,,vacuous assertion,0,,,,,,,,2396
"innihald, Jordan-innihald",0,na,hk,Eintala,,,,,,,,"content, Jordan content",0,,,,,,,,2393
innliðavíxl,0,na,hk,Fleirtala,,,,,,,,(of a proportion) alternation,0,,,,,,,,2397
"innmengi, iður, innri kjarni, opinn kjarni",0,na,,Eintala,,,,,,,,"inside, interior, open kernel",0,,,,,,,,2398
"innmiðja, miðja innritaðs hrings, miðja innritaðrar kúlu",0,na,kvk,Eintala,,,,,,,,"incentre, incenter",0,,,,,,,,2399
"innmyndun, staðbundin greyping",0,na,kvk,Eintala,,,,,,,submersion,immersion,0,,,,,,,,2400
"innra innihald, innra Jordan-innihald",0,na,hk,Eintala,,,,,,,,"inner content, inner Jordan content, interior content, interior Jordan content",0,,,,,,,,2402
innra margfeldi,0,na,hk,Eintala,,,,,,,"contracted tensor, contraction, inner tensor multiplication, tensor product, transvection",(tensor product followed by contraction) inner product,0,,,,,,,,2404
"innra mál, innanmál",0,na,hk,Eintala,,,,,,,,"inner measure, interior measure, lower measure",0,,,,,,,,2403
"innra meðalfervik, innri dreifni",0,na,,Eintala,,,,,,,between-class variance,"internal variance, intra-class variance, within-class variance",0,,,,,,,,2405
innrita,0,sag,,,,,,,,,,inscribe,0,,,,,,,,2416
innritaður,0,ls,kk,Eintala,,,,,,,circumscribed,inscribed,0,,,,,,,,2417
"innritaður hringur, innanverður snertihringur",0,na,kk,Eintala,<ref idTerm=2295>Hringur</ref> er \textit{innritaður} í <ref idTerm=3161>marghyrning</ref> ef allar <ref idTerm=2048>hliðar</ref> marghyrningsins eru <ref idTerm=4912>snertlar</ref> við hringinn.,Eftirfarandi mynd sýnir þríhyrning með innrituðum hring:\n\n\begin{center}\n\includegraphics[width=150px]{myndir/innritaður_hringur.png}\n\end{center},,,,,,"incircle, inscribed circle",0,,,,,,,,2418
"innrituð kúla, innanverð snertikúla",0,na,kvk,Eintala,,,,,,,,"inscribed sphere, insphere",0,,,,,,,,2419
"innri aðgerð, innri reikniaðgerð",0,na,kvk,Eintala,,,,,,,"algebraic operation, law of composition, operation","internal operation, internal composition",0,,,,,,,,2406
innri eiginleiki,0,na,kk,Eintala,,,,,,,,"absolute property, intrinsic property",0,,,,,,,,2407
innri firð,0,na,kvk,Eintala,,,,,,,,intrinsic metric,0,,,,,,,,2408
innri fylgni,0,na,kvk,Eintala,,,,,,,between-class correlation,"intra-class correlation, within-class correlation",0,,,,,,,,2409
innri helmingalína,0,na,kvk,Eintala,,,,,,,,interior bisector,0,,,,,,,,2410
innri jafna,0,na,kvk,Eintala,,,,,,,,"intrinsic equation, natural equation",0,,,,,,,,2411
innri margföldun,0,na,kvk,Eintala,,,,,,,"contraction, inner product","inner tensor multiplication, inner multiplication, transvection",0,,,,,,,,2412
innri punktur,0,na,kk,Eintala,,,,,,,,"inner point, interior point",0,,,,,,,,2413
innri rúmfræði,0,na,kvk,Eintala,,,,,,,,"absolute geometry, intrinsic geometry",0,,,,,,,,2414
innri sjálfmótun,0,na,kvk,Eintala,,,,,,,,inner automorphism,0,,,,,,,,2415
innsetjanlegur,0,ls,kk,Eintala,,,,,,,,substitutable,0,,,,,,,,2423
innsetning,0,na,kvk,Eintala,,,,,,,substitution,replacement,0,,,,,,,,2424
innsetning,0,na,kvk,Eintala,,,,,,,"change of variables, integration by substitution",substitution,0,,,,,,,,2425
innsetningaraðferð,0,na,kvk,Eintala,<ref idTerm=41>Aðferð</ref> til þess að <ref idTerm=2870>leysa</ref> <ref idTerm=2548>jöfnuhneppi</ref> þar sem <ref idTerm=538>breytur</ref> eru einangraðar og síðan settar inn í aðrar <ref idTerm=2478>jöfnur</ref>.,,,,,,,substitution method,0,,,,,,,,2426
"innsetningarfrumsenda, innsetningarfrumsetning, frumsenda um innsetningu, frumsetning um innsetningu",0,na,kvk,Eintala,,,,,,,,"axiom of substitution, axiom of replacement",0,,,,,,,,2427
innsetningarregla,0,na,kvk,Eintala,,,,,,,,rule of substitution,0,,,,,,,,2428
innsetningarregla,0,na,kvk,Eintala,,,,,,,,substitution rule,0,,,,,,,,2429
"innstig, inngráða",0,na,,Eintala,,,,,,,,"in-degree, in-valence",0,,,,,,,,2434
"innstæður þvervigur, innstæður þverill, innri þvervigur, innri þverill",0,na,kk,Eintala,,,,,,,,inward normal,0,,,,,,,,2430
"innstæður, innri",0,ls,,Eintala,,,,,,,,inward,0,,,,,,,,2431
"innstæður, innri",0,ls,,Eintala,,,,,,,,outward,0,,,,,,,,2432
innstætt horn,0,na,hk,Eintala,,,,,,,,reentrant angle,0,,,,,,,,2433
innsveifarferill,0,na,kk,Eintala,,,,,,,,hypotrochoid,0,,,,,,,,2435
innsæiskenning,0,na,kvk,Eintala,,,,,,,,intuitionism,0,,,,,,,,2421
innsæisrökfræði,0,na,kvk,Eintala,,,,,,,,"intuitionist logic, intuitional logic",0,,,,,,,,2422
"innsæi, skjótsæi, snarskyggni",0,na,,Eintala,,,,,,,,intuition,0,,,,,,,,2420
innör,0,na,hk,Eintala,,,,,,,outgoing arc,"entering arc, incoming arc",0,,,,,,,,2401
íðal,0,na,hk,Eintala,,,,,,,,ideal,0,,,,,,,,2360
íðalflokkagrúpa,0,na,kvk,Eintala,,,,,,,,ideal class group,0,,,,,,,,2362
íðalflokkur,0,na,kk,Eintala,,,,,,,,ideal class,0,,,,,,,,2363
íðalgrúpa,0,na,kvk,Eintala,,,,,,,,ideal group,0,,,,,,,,2364
íðalkeðja,0,na,kvk,Eintala,,,,,,,,chain of ideals,0,,,,,,,,2365
íðal-,0,pref,,,,,,,,,,ideal,0,,,,,,,,2361
"íholur, íbjúgur",0,ls,kk,Eintala,,,,,,,,concave,0,,,,,,,,2367
ílag,0,na,hk,Eintala,,,,,,,,input,0,,,,,,,,2368
ílagsgögn,0,na,hk,Fleirtala,,,,,,,,input data,0,,,,,,,,2370
ílags-frálagsgreining,0,na,kvk,Eintala,,,,,,,,input-output analysis,0,,,,,,,,2369
ílangur sporvölusnúðflötur,0,na,kk,Eintala,,,,,,,,"ovary ellipsoid, prolate ellipsoid",0,,,,,,,,2371
ílangur sporvölusnúðflötur,0,na,kk,Eintala,,,,,,,oblate ellipsoid,"prolate ellipsoid, prolate spheroid",0,,,,,,,,2372
ílangur sporvölusnúður,0,na,kk,Eintala,,,,,,,,"ovary ellipsoid, prolate ellipsoid",0,,,,,,,,2373
ílangur sporvölusnúður,0,na,kk,Eintala,,,,,,,oblate ellipsoid,"prolate ellipsoid, prolate spheroid",0,,,,,,,,2374
ímyndaður hringur,0,na,kk,Eintala,,,,,,,,imaginary circle,0,,,,,,,,2377
ítreka,0,sag,,,,,,,,,,iterate,0,,,,,,,,2436
"ítrekað heildi, ítrekað tegur, endurtekið heildi, endurtekið tegur",0,na,hk,Eintala,,,,,,,multiple integral,"iterated integral, repeated integral",0,,,,,,,,2437
ítrekun,0,na,kvk,Eintala,,,,,,,iterate,"iteration, iterating, iteration process",0,,,,,,,,2438
ítrekunaraðferð,0,na,kvk,Eintala,,,,,,,,"iterative method, iteration method",0,,,,,,,,2440
ítrekunarfræði,0,na,kvk,Eintala,,,,,,,,iteration theory,0,,,,,,,,2441
"ítrekunarrás, ítrekunarhringur, ítrekunarlykkja",0,na,,Eintala,,,,,,,,"(iterative cycle) cycle, iterative cycle",0,,,,,,,,2442
ítrekunarreikningur,0,na,kk,Eintala,,,,,,,,iterative computation,0,,,,,,,,2443
ítrekunarskref,0,na,hk,Eintala,,,,,,,,"iterative step, iteration step",0,,,,,,,,2444
"ítrekun (vörpunar), ítrekuð vörpun",0,na,kvk,Eintala,,,,,,,iteration,"(result of iterating) iterate, iterated mapping",0,,,,,,,,2439
ívarp,0,sag,,Eintala,,,,,,,,"inclusion mapping, inclusion, inclusion function",0,,,,,,,,6591
ívera,0,na,kvk,Eintala,,,,,,,,membership,0,,,,,,,,2445
íverutákn,0,na,hk,Eintala,,,,,,,,"membership sign, set-membership symbol",0,,,,,,,,2446
íveruvensl,0,na,hk,Fleirtala,,,,,,,,membership relation,0,,,,,,,,2447
í hið óendanlega,0,,,,,,,,,,,ad infinitum,0,,,,,,,,2354
í jöfnum mæli,0,,,,,,,,,,,uniform,0,,,,,,,,2355
"í punkti, í hverjum punkti",0,,,,,,,,,,,punctual,0,,,,,,,,2357
"í samræmi við röðun, raðvís",0,,,,,,,,,,,order compatible,0,,,,,,,,2358
í öfugu hlutfalli við,0,,,,,,,,,,directly proportional,"inversely proportional, reciprocally proportional",0,,,,,,,,2356
jaðar,0,na,kk,Eintala,,,,,,,"circumference, contour, periphery","boundary, frontier",0,,,,,,,,2453
jaðar,0,na,kk,Eintala,,,,,,," boundary, circumference,  perimeter",periphery,0,,,,,,,,2454
jaðarbogi,0,na,kk,Eintala,,,,,,,,boundary arc,0,,,,,,,,2456
jaðarbútur,0,na,kk,Eintala,,,,,,,,boundary element,0,,,,,,,,2457
jaðardreifing,0,na,kvk,Eintala,,,,,,,,marginal distribution,0,,,,,,,,2458
jaðarferill,0,na,kk,Eintala,,,,,,,,boundary curve,0,,,,,,,,2459
jaðargildi,0,na,hk,Eintala,,,,,,,,boundary value,0,,,,,,,,2460
jaðargildisverkefni,0,na,hk,Eintala,,,,,,,,"boundary value problem, boundary problem",0,,,,,,,,2461
jaðarhegðun,0,na,kvk,Eintala,,,,,,,,boundary behaviour,0,,,,,,,,2462
jaðarhringur,0,na,kk,Eintala,,,,,,,,horocycle,0,,,,,,,,2463
jaðarkúla,0,na,kvk,Eintala,,,,,,,,horosphere,0,,,,,,,,2464
jaðarlag,0,na,hk,Eintala,,,,,,,,boundary layer,0,,,,,,,,2465
jaðarpunktur,0,na,kk,Eintala,,,,,,,,"boundary point, frontier point",0,,,,,,,,2466
jaðarskilyrði,0,na,hk,Eintala,,,,,,,,boundary condition,0,,,,,,,,2467
jaðarvirki,0,na,kk,Eintala,,,,,,,,boundary operator,0,,,,,,,,2469
jaðarvíðátta,0,na,kvk,Eintala,,,,,,,manifold with boundary,bounding manifold,0,,,,,,,,2468
jaðarvörpun,0,na,kvk,Eintala,,,,,,,,mapping of the boundary,0,,,,,,,,2470
jaðarþéttleiki,0,na,kk,Eintala,,,,,,,,marginal density,0,,,,,,,,2471
"jaðar, jaðarferill",0,na,kk,Eintala,,,,,,,boundary,contour,0,,,,,,,,2455
jaðraður,0,ls,kk,Eintala,,,,,,,manifold with boundary,(of a manifold) bounded,0,,,,,,,,2472
"jafnaðarmerki, jöfnunarmerki, samasemmerki, samsemdarmerki",0,na,hk,Eintala,,,,,,,,"equal sign, equals sign, sign of equality",0,,,,,,,,2479
jafnarma,0,ls,,Eintala,<ref idTerm=6438>Þríhyrningur</ref> kallast \textit{jafnarma} ef hann hefur tvær jafn <ref idTerm=2860>langar</ref> <ref idTerm=2048>hliðar</ref>.,Eftirfarandi er mynd af jafnarma þríhyrningi:\n\n\begin{center}\n\includegraphics[width=150px]{myndir/jafnarma_thrihyrningur.png}\n\end{center},,,,,,isosceles,0,,,,,,,,2480
jafna Pells,0,na,kvk,Eintala,,,,,,,,"Pell's equation, Pellian equation",0,,,,,,,,2476
jafna út,0,sag,,,,,,,,,,round off,0,,,,,,,,2477
"jafna, líking",0,na,kvk,Eintala,<ref idTerm=1515>Yrðing</ref> sem lýsir því að tvær <ref idTerm=5102>stærðir</ref> séu <ref idTerm=2474>jafnar</ref>.,"Dæmi um jöfnu er staðhæfingin \(q(x)\): „\(x^2 = 1\)“ sem er jafna með óþekktu <ref idTerm=5102>stærðina</ref> \(x\). Þegar talan \(-1\) er sett í stað óþekktu stærðarinnar fæst staðhæfingin \(p(-1)\): „\((-1)^2 = 1\)“, sem er <ref idTerm=6659>sönn</ref> yrðing. Þegar talan \(-2\) er sett í stað óþekktu stærðarinnar fæst hins vegar staðhæfingin \(p(-2)\): „\((-2)^2 = 1\)“, sem er <ref idTerm=6624>ósönn</ref> yrðing.",,,,,,equation,0,,,,,,,,2478
"jafnása breiðbogi, jafnhliða breiðbogi, réttstæður breiðbogi",0,na,kk,Eintala,,,,,,,,"equiangular hyperbola, equilateral hyperbola, rectangular hyperbola",0,,,,,,,,2481
jafnbreiður ferill,0,na,kk,Eintala,,,,,,,,"curve of constant breadth, orbiform curve",0,,,,,,,,2482
jafnbreytinn,0,ls,kk,Eintala,,,,,,,,equivariant,0,,,,,,,,2483
jafndreifður,0,ls,kk,Eintala,,,,,,,,"equally distributed, equidistributed, uniformly distributed",0,,,,,,,,2484
jafnfirðarferill,0,na,kk,Eintala,,,,,,,hypercycle,equidistance curve,0,,,,,,,,2485
jafnfirðarferill,0,na,kk,Eintala,,,,,,,equidistance curve,hypercycle,0,,,,,,,,2486
jafnfjarlægur,0,ls,kk,Eintala,,,,,,,,equidistant,0,,,,,,,,2487
jafngildi,0,na,hk,Eintala,,,,,,,"material equivalence, biconditional",equivalence,0,,,,,,,,2488
jafngildisflokkur,0,na,kk,Eintala,"<ref idTerm=2098>Hlutmengi</ref> \(A\) í <ref idTerm=3270>mengi</ref> \(X\) sem uppfyllir fyrir öll \(x,y \in A\) að \(x\) og \(y\) séu <ref idTerm=0>vensluð saman</ref> með tilliti til tiltekinna <ref idTerm=6592>jafngildisvensla</ref> og að \(x \in A\) sé ekki venslað saman við neitt <ref idTerm=5128>stak</ref> í \(X \setminus A\).",,,,,,,equivalence class,0,,,,,,,,2489
jafngildisvensl,0,na,hk,Fleirtala,"<ref idTerm=5705>Tvístæð vensl</ref> \(\sim\) á <ref idTerm=3270>mengi</ref> \(X\) sem uppfylla eftirfarandi þrjú <ref idTerm=4797>skilyrði</ref>: \n\n\begin{enumerate}\n    \item \(x \sim x\) fyrir öll \(x \in X\) (\textit{spegilvirkni})\n    \item Fyrir sérhver stök \(x,y \in X\) gildir að ef \(x \sim y\) þá gildir einnig \(y \sim x\) (\textit{samhverfni})\n    \item Fyrir sérhver stök \(x,y,z \in X\) gildir að ef \(x \sim y\) og \(y \sim z\), þá gildir einnig \(x \sim z\) (\textit{gegnvirkni})\n\end{enumerate}","Jafngildisvensl á mengi \(X\) eru ákveðin útvíkkun á hugtakinu að tvö <ref idTerm=5128>stök</ref> úr \(X\) séu <ref idTerm=2474>jöfn</ref>, enda uppfylla venslin \(=\) skilyrði þess að vera jafngildisvensl. Sérhver jafngildisvensl á \(X\) mynda <ref idTerm=5325>skiptingu</ref> á \(X\) í <ref idTerm=5329>sundurlæga</ref> <ref idTerm=2489>jafngildisflokka</ref>. Venslin \(=\) eru sértilfelli þar sem jafngildisflokkarnir eru allir <ref idTerm=963>einstökungar</ref>, með öðrum orðum eru tvö stök \(x,y \in X\) jöfn þá og því aðeins að þau séu sama stakið. Almenn jafngildisvensl gera manni hins vegar kleift að einblína á ákveðna <ref idTerm=803>eiginleika</ref> stakanna og líta á tvö stök sem eru vensluð saman sem jafngild þó að þau séu ekki jöfn stök. Dæmi um jafngildisvensl eru venslin ``eru <ref idTerm=4509>samsíða</ref>'' á mengi <ref idTerm=2911>lína</ref> í <ref idTerm=1031>evklíðskri sléttu</ref> en þá ákveðum við að einblína einungis á <ref idTerm=1863>halla</ref> línanna og hunsum alveg hvaða <ref idTerm=4001>punktar</ref> liggja á þeim.",,,,,,"equivalence relation, equivalence",0,,,,,,,,6592
jafngildur,0,ls,kk,Eintala,,,,,,,,equivalent,0,,,,,,,,2490
jafngildur í jöfnum mæli,0,ls,kk,Eintala,,,,,,,,uniformly equivalent,0,,,,,,,,2491
jafngilt fylki,0,na,hk,Eintala,,,,,,,,"associated matrix, equivalent matrix",0,,,,,,,,2492
jafnhallaferill,0,na,kk,Eintala,,,,,,,,isocline,0,,,,,,,,2493
jafnhallaferill,0,na,kk,Eintala,,,,,,,,slope line,0,,,,,,,,2494
jafnhliða,0,ls,,Eintala,,,,,,,,"(of a triangle, polygon etc.) equilateral",0,,,,,,,,2495
jafnhliða þríhyrningur,0,na,kk,Eintala,<ref idTerm=6438>Þríhyrningur</ref> með allar <ref idTerm=2048>hliðar</ref> jafn <ref idTerm=2860>langar</ref>.,"Öll <ref idTerm=2198>horn</ref> jafnhliða þríhyrnings eru <ref idTerm=2223>jafn stór</ref>, reyndar mælast þau öll \(\frac23\pi\) <ref idTerm=478>radíana</ref> eða 60 <ref idTerm=1667>gráður</ref>. Eftirfarandi er mynd af jafnhliða þríhyrningi:\n\n\begin{center}\n\includegraphics[width=150px]{myndir/jafnhlida_thrihyrningur.png}\n\end{center}",,,,,,"equilateral triangle, regular triangle",0,,,,,,,,2496
"jafnhlutfallaruna, kvótaruna",0,na,kvk,Eintala,,,,,,,,"geometric progression, geometric sequence",0,,,,,,,,2498
"jafnhlutfallaröð, kvótaröð, rúmkynja röð",0,na,kvk,Eintala,,,,,,,,geometric series,0,,,,,,,,2497
jafnhornaferill,0,na,kk,Eintala,,,,,,,,isogonal trajectory,0,,,,,,,,2500
"jafnhorna, sem mynda sama horn",0,ls,,,,,,,,,,isogonal,0,,,,,,,,2499
"jafnhyrndur, með öll horn jöfn",0,ls,kk,Eintala,,,,,,,,"(of a triangle, polygon etc.) equiangular, equiangled, isogonal",0,,,,,,,,2501
"jafnhyrningur, jafnhyrndur marghyrningur",0,na,kk,Eintala,,,,,,,,isogon,0,,,,,,,,2502
jafnlíklegur,0,ls,kk,Eintala,,,,,,,,equipossible,0,,,,,,,,2503
jafnmunaruna,0,na,kvk,Eintala,,,,,,,,"arithmetic progression, arithmetic sequence",0,,,,,,,,2511
jafnmunaröð,0,na,kvk,Eintala,,,,,,,,arithmetic series,0,,,,,,,,2510
jafnmælisgrannmynstur,0,na,hk,Eintala,,,,,,,,uniform topology,0,,,,,,,,2504
jafnmælismynstur,0,na,hk,Eintala,,,,,,,,"uniform structure, uniformity",0,,,,,,,,2505
jafnmælisrúm,0,na,hk,Eintala,,,,,,,,uniform space,0,,,,,,,,2506
jafnmælisskorða,0,na,kvk,Eintala,,,,,,,,uniform bound,0,,,,,,,,2507
jafnmættisflötur,0,na,kk,Eintala,,,,,,,,equipotential surface,0,,,,,,,,2508
jafnmættislína,0,na,kvk,Eintala,,,,,,,,equipotential line,0,,,,,,,,2509
jafnsamfelldni,0,na,kvk,Eintala,,,,,,,,equicontinuity,0,,,,,,,,2512
jafnsamfelldur,0,ls,kk,Eintala,,,,,,,,equicontinuous,0,,,,,,,,2513
jafnsamleitinn,0,ls,kk,Eintala,,,,,,,,equiconvergent,0,,,,,,,,2514
jafnsamleitni,0,na,kvk,Eintala,,,,,,,,equiconvergence,0,,,,,,,,2515
"jafnstæðni, jafnleiki, sléttleiki",0,na,kk,Eintala,,,,,,,,evenness,0,,,,,,,,2516
jafnstæðugrúpa,0,na,kvk,Eintala,,,,,,,,alternating group,0,,,,,,,,2517
jafnstæður,0,ls,kk,Eintala,<ref idTerm=1078>Fall</ref> \(f: X \to Y\) þar sem \(X\) og \(Y\) eru <ref idTerm=2098>hlutmengi</ref> í <ref idTerm=3270>mengi</ref> <ref idTerm=4093>rauntalna</ref> kallast \textit{jafnstætt} ef fyrir öll \(x \in X\) gildi að \[ f(-x) = f(x).\],<ref idTerm=2955>Graf</ref> jafnstæðs falls fellur í sjálft sig við <ref idTerm=4986>speglun</ref> um \(y\)-ásinn. Eftirfarandi mynd sýnir jafnstætt fall:\n\n\begin{center}\n\includegraphics[width=150px]{myndir/jafnstaett_fall.png}\n\end{center},,,,,odd,(of a function) even,0,,,,,,,,2518
jafnstæður,0,ls,kk,Eintala,,,,,,,odd,(of a permutation) even,0,,,,,,,,2519
jafntímaferill,0,na,kk,Eintala,,,,,,,cycloid,"isochronal, isochronal curve, isochrone, isochronous curve, tautochrone",0,,,,,,,,2520
jafnvíður,0,ls,kk,Eintala,,,,,,,,(equal in dimension) equidimensional,0,,,,,,,,2525
jafnvígur hnútur,0,na,kk,Eintala,,,,,,,,amphicheiral knot,0,,,,,,,,2526
jafnvægi,0,na,hk,Eintala,,,,,,,,equilibrium,0,,,,,,,,2522
jafnvægt mengi,0,na,hk,Eintala,,,,,,,,balanced set,0,,,,,,,,2523
jafnvægur,0,ls,kk,Eintala,,,,,,,,balanced,0,,,,,,,,2524
jafnvæg skekkja,0,na,kvk,Eintala,,,,,,,,balanced error,0,,,,,,,,2521
jafnþátta,0,sag,,,,,,,,,,homogenize,0,,,,,,,,2529
jafnþáttuð margliða,0,na,kvk,Eintala,,,,,,,,homogenized polynomial,0,,,,,,,,2530
"jafnþættur, einsleitur",0,ls,kk,Eintala,,,,,,,,(of a polynomial) homogeneous,0,,,,,,,,2528
"jafnþætt hnit, einsleit hnit",0,na,hk,Fleirtala,,,,,,,,homogeneous coordinates,0,,,,,,,,2527
"jafn að ummáli, ummálsjafn",0,ls,kk,Eintala,,,,,,,,isoperimetric,0,,,,,,,,2473
"jafn, jafnstór",0,ls,kk,Eintala,,,,,,,,equal,0,,,,,,,,2474
"jafn, sléttur",0,ls,kk,Eintala,,,,,,,odd,(of a number) even,0,,,,,,,,2475
japanskur baugur,0,na,kk,Eintala,,,,,,,,Japanese ring,0,,,,,,,,2540
"japönsk kúlnagrind, japönsk talnagrind, japönsk reiknigrind",0,na,kvk,Eintala,,,,,,,"abacus, calculating frame, counting frame","saroban, soroban",0,,,,,,,,2541
Jacobi-ákveða,0,na,kvk,Eintala,,,,,,,,"functional determinant, Jacobian, Jacobian determinant",0,,,,,,,,2448
Jacobi-fylki,0,na,hk,Eintala,,,,,,,,"functional matrix, Jacobian, Jacobian matrix",0,,,,,,,,2449
Jacobi-tákn,0,na,hk,Eintala,,,,,,,,Jacobi symbol,0,,,,,,,,2450
Jacobi-víðerni,0,na,hk,Eintala,,,,,,,,"Jacobian variety, Jacobian",0,,,,,,,,2451
Jacobson-rót,0,na,kvk,Eintala,,,,,,,,Jacobson radical,0,,,,,,,,2452
"jákvæður snúningur, snúningur rangsælis",0,na,kk,Eintala,,,,,,,,"anticlockwise rotation, counterclockwise rotation, left-handed rotation, positive rotation",0,,,,,,,,2533
"jákvæður snúningur, snúningur rangsælis",0,na,kk,Eintala,,,,,,,,left-handed rotation,0,,,,,,,,2534
"jákvæður, viðlægur",0,ls,kk,Eintala,<ref idTerm=4093>Rauntala</ref> kallast \textit{jákvæð} ef hún er stærri en 0.,,,,,,,positive,0,,,,,,,,2535
jákvæð fylgni,0,na,kvk,Eintala,,,,,,,,"direct correlation, positive correlation",0,,,,,,,,2531
jákvæð stríkkun,0,na,kvk,Eintala,,,,,,,,"direct homothety, direct similitude, positive homothety, positive similitude",0,,,,,,,,2532
jákvætt ákveðinn,0,ls,kk,Eintala,,,,,,,,positive definite,0,,,,,,,,2536
jákvætt áttaður,0,ls,kk,Eintala,,,,,,,,positively oriented,0,,,,,,,,2537
"jákvætt endurkvæmur, jákvætt afturkvæmur",0,ls,kk,Eintala,,,,,,,,positive recurrent,0,,,,,,,,2538
jákvætt hálfákveðinn,0,ls,kk,Eintala,,,,,,,,positive semidefinite,0,,,,,,,,2539
"Jordan-ferill, einfaldur lokaður ferill",0,na,kk,Eintala,,,,,,,,"Jordan curve, simple closed curve",0,,,,,,,,2549
jöðrun,0,na,kvk,Eintala,,,,,,,,bordism,0,,,,,,,,2542
jöðrunarfræði,0,na,kvk,Eintala,,,,,,,,bordism theory,0,,,,,,,,2543
jöfnuður,0,na,kk,Eintala,,,,,,,,equality,0,,,,,,,,2547
jöfnuhneppi,0,na,hk,Eintala,<ref idTerm=3744>Ogun</ref> á <ref idTerm=2478>jöfnum</ref> sem innihalda sameiginlegar <ref idTerm=538>breytur</ref> teknar úr sama <ref idTerm=3270>menginu</ref>.,,,,,,,"simultaneous equations, system of equations",0,,,,,,,,2548
jöfn dreifing,0,na,kvk,Eintala,,,,,,,rectangular distribution,uniform distribution,0,,,,,,,,2544
jöfn hröðun,0,na,kvk,Eintala,,,,,,,,uniform acceleration,0,,,,,,,,2545
"jöfn tala, slétt tala",0,na,kvk,Eintala,"<ref idTerm=1896>Heil tala</ref> sem er <ref idTerm=648>deilanleg</ref> með \(2\), þ.e. heil tala \(n\) sem rita má á forminu \(n = 2 \cdot k\) þar sem \(k\) er heil tala.",,,,,,odd number,"even number, even integer",0,,,,,,,,2546
"karteskt rúm, Kartesarrúm",0,na,hk,Eintala,,,,,,,"coordinate space, euclidean space, number space, real number space",cartesian space,0,,,,,,,,2556
karteskur ferningur,0,na,kk,Eintala,,,,,,,,"cartesian square, pull-back diagram",0,,,,,,,,2557
"karteskur, Descartes-, Kartes\hbox{ar-.}\ekkipunktur",0,ls,,Eintala,,Einnig ritað með upphafsstaf: {\it Cartesian},,,,,,cartesian,0,,,,,,,,6593
"kartesk hnit, Kartesarhnit",0,na,,Eintala,<ref idTerm=2143>Hnit</ref> í <ref idTerm=6596>karteskri sléttu</ref>.,,,,,,"affine coordinates, oblique coordinates, orthogonal coordinates, orthonormal coordinates, rectangular coordinates",cartesian coordinates,0,,,,,,,,2554
"kartesk slétta, Kartesarslétta",0,na,,Eintala,<ref idTerm=1031>Evklíðsk slétta</ref> með <ref idTerm=2145>hnitakerfi</ref> sem fæst með því að setja upp <ref idTerm=6469>þverstæðar</ref> <ref idTerm=5416>talnalínur</ref> sem kallast \textit{hnitaásar} og <ref idTerm=4771>skerast</ref> í núllpunktum sínum. Þessi <ref idTerm=4845>skurðpunktur</ref> kallast þá \textit{upphafspunktur} hnitakerfisins sem er yfirleitt táknaður með \(O\) og venja er að kalla aðra talnalínuna \(x\)-ás og hina \(y\)-ás.,"Eftirfarandi er mynd af kartesku hnitakerfi:\n\n\begin{center}\n\includegraphics[width=150px]{myndir/kartesk_hnit.png}\n\end{center}\n\nUpphafspunkturinn skiptir \(x\)-ás í tvær <ref idTerm=1840>hálflínur</ref>; þá sem hefur <ref idTerm=4001>punkta</ref> með <ref idTerm=981>frekar jákvæð</ref> hnit og kallast \textit{jákvæði \(x\)-ás}, og aðra sem hefur punkta með <ref idTerm=980>frekar neikvæð</ref> hnit og kallast \textit{neikvæði \(x\)-ás}. Sama á við um \(y\)-ás. Jákvæðu ásarnir tilgreina <ref idTerm=5135>stefnu</ref> á hnitaásunum. Á mynd er venja að gefa jákvæðu stefnu hnitaásanna til kynna með <ref idTerm=3810>ör</ref> og merkja ásana við örina með \(x\) eða \(y\).\n\nHnitaásarnir skipta sléttunni í fjóra \textit{fjórðunga}:\n\n\begin{enumerate}\n    \item Fyrsti fjórðungur samanstendur af þeim punktum sléttunnar sem eru innaní <ref idTerm=4167>rétta horninu</ref> sem hefur jákvæða \(x\)-ás og jákvæða \(y\)-ás fyrir <ref idTerm=334>arma</ref> sína,\n\n    \item Annar fjórðungur samanstendur af þeim punktum sléttunnar sem eru innaní rétta horninu sem hefur neikvæða \(x\)-ás og jákvæða \(y\)-ás fyrir arma sína,\n\n    \item Þriðji fjórðungur samanstendur af þeim punktum sléttunnar sem eru innaní rétta horninu sem hefur neikvæða \(x\)-ás og neikvæða \(y\)-ás fyrir arma sína,\n\n    \item Fjórði fjórðungur samanstendur af þeim punktum sléttunnar sem eru innaní rétta horninu sem hefur jákvæða \(x\)-ás og neikvæða \(y\)-ás fyrir arma sína,\n\end{enumerate}\n\nÞegar sléttan er <ref idTerm=0>áttuð</ref> er venja að velja hnitaásana þannig að <ref idTerm=5145>stefnuhornið</ref> sem hefur jákvæða \(x\)-ás sem fyrri arm og jákvæða \(y\)-ás fyrir seinni arm hafi jákvæða áttun. Þá fæst að þegar jákvæða \(x\)-ás er <ref idTerm=4954>snúið</ref> <ref idTerm=290>rangsælis</ref>, þá fer hann fyrst í gegnum fyrsta fjórðung áður en hann fellur í jákvæða \(y\)-ás. Þegar honum er snúið áfram, þá fer hann næst í gegnum annan fjórðung, þá þriðja og loks fjórða fjórðung.\n\nMeð hjálp hnitaásanna má samsama punktum sléttunnar við <ref idTerm=5627>tvenndir</ref> af <ref idTerm=4093>rauntölum</ref> með eftirfarandi hætti:\n\n\begin{enumerate}\n    \item Látum \(P\) vera punkt í sléttunni. Látum \(A\) vera <ref idTerm=1389>fótpunkt</ref> þverilsins á \(x\)-ás í gegnum \(P\). Hnit \(A\) á \(x\)-ásnum er rauntala \(a\) sem kallast \(x\)-hnit \(P\). Hún er stundum táknuð \(x(P)\). Eins látum við \(B\) vera fótpunkt <ref idTerm=2975>þverilsins</ref> á \(y\)-ás í gegnum \(P\). Hnit \(B\) á \(y\)-ásnum er rauntala \(b\) sem kallast \(y\)-hnit \(P\). Hún er stundum táknuð \(y(P)\). Talnatvenndin \((a,b)\) kallast einu nafni \textit{kartesk hnit} punktsins \(P\), eða einfaldlega hnit \(P\). Talan \(a\) er einnig kölluð \textit{láhnit} og talan \(b\) \textit{lóðhnit}.\n\n    \item Látum \((a,b)\) vera rauntalnatvennd. Látum \(A\) er punktinn á \(x\)-ás sem hefur hnit \(a\) og \(B\) vera punktinn á \(y\)-ás sem hefur hnit \(b\). Þverillinn á \(x\)-ás í gegnum punktinn \(A\) sker þverilinn á \(y\)-ás í gegnum punktinn \(B\). Látum \(P\) vera skurðpunktinn. Stundum er skurðpunkturinn einnig táknaður með \(P(a,b)\) til að gefa talnatvenndina til kynna.\n\end{enumerate}\n\n\begin{center}\n\includegraphics[width=150px]{myndir/kartesk_hnit_b.png}\n\end{center}",,,,,coordinate plane,cartesian plane,0,,,,,,,,6595
"kassi, kubbur, rétthyrndur samhliðungur",0,na,kk,Eintala,<ref idTerm=4625>Sexflötungur</ref> þar sem allar <ref idTerm=1325>hliðar</ref> eru <ref idTerm=4175>rétthyrningar</ref>.,"Eftirfarandi er mynd af kassa með hliðarlengdir \(l,b\) og \(h\):\n\n\begin{center}\n\includegraphics[width=150px]{myndir/kassi.png}\n\end{center}",,,,,,"block, rectangular parallelepiped",0,,,,,,,,2559
kast,0,na,hk,Eintala,,,,,,,,"cast, throw",0,,,,,,,,2560
"kápubrún, möttulbrún",0,na,kvk,Eintala,,,,,,,,lateral edge,0,,,,,,,,2550
"kápuflatarmál, möttulflatarmál",0,na,hk,Eintala,,,,,,,,lateral area,0,,,,,,,,2551
"kápuflötur, kápa, möttull, möttulflötur",0,na,,Eintala,,,,,,,,lateral surface,0,,,,,,,,2552
"kápuhlið, kápuhliðarflötur, möttulhlið, möttulhliðarflötur",0,na,,Eintala,,,,,,,,lateral face,0,,,,,,,,2553
keðja,0,na,kvk,Eintala,,,,,,,,(in topology) chain,0,,,,,,,,2561
keðjuályktun,0,na,kvk,Eintala,,,,,,,,"chain inference, sorites",0,,,,,,,,2562
keðjubrot,0,na,hk,Eintala,,,,,,,,continued fraction,0,,,,,,,,2563
"keðjubrotsliðun, liðun í keðjubrot",0,na,kvk,Eintala,,,,,,,,"continued fraction expansion, expansion into a continued fraction",0,,,,,,,,2564
keðjuferill,0,na,kk,Eintala,,,,,,,,catenary,0,,,,,,,,2565
keðjufléttingur,0,na,kk,Eintala,,,,,,,,chain complex,0,,,,,,,,2566
keðjuflötur,0,na,kk,Eintala,,,,,,,,catenoid,0,,,,,,,,2567
keðjugrúpa,0,na,kvk,Eintala,,,,,,,,chain group,0,,,,,,,,2568
keðjuherping,0,na,kvk,Eintala,,,,,,,,chain contraction,0,,,,,,,,2569
keðjujaðar,0,na,kk,Eintala,,,,,,,,chain boundary,0,,,,,,,,2570
keðjujafngildi,0,na,hk,Eintala,,,,,,,,chain equivalence,0,,,,,,,,2571
keðjuregla,0,na,kvk,Eintala,,,,,,,,chain rule,0,,,,,,,,2572
keðjusamtoga,0,ls,,,,,,,,,,chain homotopic,0,,,,,,,,2573
keðjusamtogun,0,na,kvk,Eintala,,,,,,,,chain homotopy,0,,,,,,,,2574
keðjuskilyrði,0,na,hk,Eintala,,,,,,,,chain condition,0,,,,,,,,2575
keila,0,na,kvk,Eintala,<ref idTerm=6532>Rúmmynd</ref> sem afmarkast af <ref idTerm=2579>fleti</ref> með <ref idTerm=488>sveigðum</ref> <ref idTerm=2453>jaðri</ref> og <ref idTerm=2579>fletinum</ref> sem fæst með því að draga <ref idTerm=2958>línustrik</ref> milli <ref idTerm=4001>punkta</ref> jaðarins og eins tiltekins punkts.,,,,,,"circular cone, right circular cone, right cone, conical surface",cone,0,,,,,,,,2576
keiluflötur,0,na,kk,Eintala,,,,,,,cone,conical surface,0,,,,,,,,2579
keilulaga,0,ls,,Eintala,,,,,,,,conic,0,,,,,,,,2580
keilulaga,0,ls,,,,,,,,,,conical,0,,,,,,,,2581
keilusnið,0,na,hk,Eintala,,,,,,,quadratic curve,"conic section, conic",0,,,,,,,,6596
"keilusnið með miðju, miðpunktskeilusnið",0,na,hk,Eintala,,,,,,,,central conic,0,,,,,,,,2582
keilustúfur,0,na,kk,Eintala,,,,,,,,conical frustum,0,,,,,,,,2583
"keilustúfur, stýfð keila",0,na,,Eintala,,,,,,,,"frustum of cone, truncated cone",0,,,,,,,,2584
keilu-,0,pref,,,,,,,,,,conic,0,,,,,,,,2577
keilu-,0,pref,,,,,,,,,,conical,0,,,,,,,,2578
kennifall,0,na,hk,Eintala,,,,,,,Fourier transform,(of a random variable) characteristic function,0,,,,,,,,2585
kenniferill,0,na,kk,Eintala,,,,,,,,"(of a partial differential equation) characteristic, characteristic curve",0,,,,,,,,2587
kenniferill,0,na,kk,Eintala,,,,,,,characteristic,characteristic curve,0,,,,,,,,2588
kenniflokkur,0,na,kk,Eintala,,,,,,,,characteristic class,0,,,,,,,,2589
kenniflötur,0,na,kk,Eintala,,,,,,,,"characteristic, characteristic surface",0,,,,,,,,2590
kenniflötur,0,na,kk,Eintala,,,,,,,characteristic,characteristic surface,0,,,,,,,,2591
"kennigrúpa, nykurgrúpa",0,na,kvk,Eintala,,,,,,,,"character group, dual group",0,,,,,,,,2592
kennijafna,0,na,kvk,Eintala,,,,,,,,characteristic equation,0,,,,,,,,2593
kennileg hlutgrúpa,0,na,kvk,Eintala,,,,,,,,characteristic subgroup,0,,,,,,,,2594
kennimargliða,0,na,kvk,Eintala,,,,,,,,"characteristic polynomial, characteristic function",0,,,,,,,,6597
kenning,0,na,kvk,Eintala,,,,,,,"complete theory, decidable theory, formalized theory, metatheory, object theory, stronger theory, subtheory, undecidable theory",theory,0,,,,,,,,2595
kenning um mikil frávik,0,na,kvk,Eintala,,,,,,,,theory of large deviations,0,,,,,,,,2596
kennirót,0,na,kvk,Eintala,,,,,,,characteristic value,characteristic root,0,,,,,,,,2599
"kennir, grúpukennir, kennimótun",0,na,,Eintala,,,,,,,,"(of a group) character, group character",0,,,,,,,,2597
"kennir, kennimótun",0,na,,Eintala,,,,,,,,(of an algebra) character,0,,,,,,,,2598
kennitala,0,na,kvk,Eintala,,,,,,,,(of a logarithm) characteristic,0,,,,,,,,2600
kennitala,0,na,kvk,Eintala,,,,,,,field characteristic,(of a ring or field) characteristic,0,,,,,,,,2601
kennitala sviðs,0,na,kvk,Eintala,,,,,,,characteristic,field characteristic,0,,,,,,,,2602
keppnisnet,0,na,hk,Eintala,,,,,,,,tournament,0,,,,,,,,2603
kerfi,0,na,hk,Eintala,,,,,,,"associated homogeneous system, axiom system, binary number system, binary numeration system, categorical axiom system, complete axiom system, complete residue system, complex number system, coordinate system, decimal number system, decimal numeration system, decimal system (of numeration), direct system, duodecimal numeration system, dynamic system, dynamical system, extended real number system, family, formal system, fundamental system, hexadecimal numeration system, indeterminate system of equations, left-handed coordinate system, linear system, linear system of equations, local coordinate system, minimal system of generators, moving coordinate system, neighbourhood system, number system, numeral system, numeration system, oblique coordinate system, octal numeration system, orthogonal coordinate system, orthonormal coordinate system, place value system, polar coordinate system, primitive period system, real number system, rectangular coordinate system, reduced residue system, residue system, right-handed coordinate system, sexadecimal numeration system, sexagesimal numeration system, subsystem, ternary number system, ternary numeration system, underdeterminate system, underdetermined system",system,0,,,,,,,,2604
"kerfisbundin skekkja, bjagi, vilhalli, hliðrunarskekkja, hlutdrægni",0,na,,Eintala,,,,,,,,"bias, fixed error, regular error, systematic error",0,,,,,,,,2605
kerfisbundin úrtakskönnun,0,na,kvk,Eintala,,,,,,,,"aligned sampling, systematic sampling",0,,,,,,,,2606
kerfisgreining,0,na,kvk,Eintala,,,,,,,,system analysis,0,,,,,,,,2607
kíkisröð,0,na,kvk,Eintala,,,,,,,,telescopic series,0,,,,,,,,2611
kím,0,na,hk,Eintala,,,,,,,,germ,0,,,,,,,,2612
kínverska leifasetningin,0,na,kvk,Eintala,,,,,,,,Chinese remainder theorem,0,,,,,,,,2614
"kínversk talnagrind, kínversk kúlnagrind, kínversk reiknigrind",0,na,kvk,Eintala,,,,,,,"abacus, calculating frame, counting frame",suan-pan,0,,,,,,,,2613
"kí-dreifing, \(\chi\)-dreifing",0,na,kvk,Eintala,,,,,,,,chi-distribution,0,,,,,,,,2608
"kí-í-öðru-dreifing, \(\chi^2\)-dreifing",0,na,kvk,Eintala,,,,,,,,"chi-squared distribution, chi-square distribution",0,,,,,,,,2609
"kí-í-öðru-próf, \(\chi^2\)-próf",0,na,hk,Eintala,,,,,,,,chi-squared test,0,,,,,,,,2610
kjarnafall,0,na,hk,Eintala,,,,,,,,kernel function,0,,,,,,,,2616
kjarngott rúm,0,na,hk,Eintala,,,,,,,,nuclear space,0,,,,,,,,2618
kjarngóður virki,0,na,kk,Eintala,,,,,,,,nuclear operator,0,,,,,,,,2617
kjarni,0,na,kk,Eintala,,,,,,,"Ker, null-space",kernel,0,,,,,,,,2619
kjarni,0,na,kk,Eintala,,,,,,,kernel,"(of a linear mapping) null-space, null space",0,,,,,,,,2620
kjálki,0,na,kk,Eintala,,,,,,,,(of a parabola) leg,0,,,,,,,,2615
"kjörgildisskilyrði, útgildisskilyrði",0,na,hk,Eintala,,,,,,,,optimality condition,0,,,,,,,,2622
"kjörgildi, besta gildi",0,na,hk,Eintala,,,,,,,,optimum,0,,,,,,,,2621
"kjörlausn, besta lausn",0,na,kvk,Eintala,,,,,,,,"optimal solution, optimum solution",0,,,,,,,,2623
"kjörpunktur, besti punktur",0,na,kk,Eintala,,,,,,,,optimum point,0,,,,,,,,2624
klasaúrtaka,0,na,kvk,Eintala,,,,,,,,cluster sampling,0,,,,,,,,2626
"klasaúrtak, hreiðrað úrtak",0,na,hk,Eintala,,,,,,,,"cluster sample, nested sample",0,,,,,,,,2625
klasi,0,na,kk,Eintala,,,,,,,,cluster,0,,,,,,,,2627
klasi,0,na,kk,Eintala,,,,,,,,(in topology) complex,0,,,,,,,,2628
Klein-flaska,0,na,kvk,Eintala,,,,,,,,Klein bottle,0,,,,,,,,2629
Klein-grúpa,0,na,kvk,Eintala,,,,,,,,Kleinian group,0,,,,,,,,2630
klifurferill,0,na,kk,Eintala,,,,,,,,cissoid,0,,,,,,,,2631
klofinn,0,ls,kk,Eintala,,,,,,,,split,0,,,,,,,,2634
klofin fleyguð lest,0,ls,kvk,Eintala,,,,,,,,split exact sequence,0,,,,,,,,2632
"klofin útvíkkun, klofin víkkun",0,na,kvk,Eintala,,,,,,,,split extension,0,,,,,,,,2633
"klofna, þættast",0,sag,,,,,,,,,,decompose,0,,,,,,,,2635
klofningssvið,0,na,hk,Eintala,,,,,,,,"decomposition field, field of decomposition, root field, splitting field",0,,,,,,,,2636
"klofningur, klofnun",0,na,,Eintala,,,,,,,,splitting,0,,,,,,,,2637
knappasti tæmandi metill,0,na,kk,Eintala,,,,,,,,minimum sufficient estimator,0,,,,,,,,2638
knippafræði,0,na,kvk,Eintala,,,,,,,,sheaf theory,0,,,,,,,,2639
knippamótun,0,na,kvk,Eintala,,,,,,,,sheaf homomorphism,0,,,,,,,,2640
knippi,0,na,hk,Eintala,,,,,,,,(in topology) sheaf,0,,,,,,,,2641
knippisrúm,0,na,hk,Eintala,,,,,,,,sheaf space,0,,,,,,,,2642
koma á eftir,0,sag,,,,,,,,,,succeed,0,,,,,,,,2643
koma á undan,0,sag,,,,,,,,,,precede,0,,,,,,,,2644
komma,0,na,kvk,Eintala,,,,,,,decimal point,(in a positional system) radix point,0,,,,,,,,2645
"komma, tugakomma",0,na,kvk,Eintala,,,,,,,,decimal point,0,,,,,,,,2646
kompáslína,0,na,kvk,Eintala,,,,,,,,"loxodrome, loxodromic curve, loxodromic line, loxodromic spiral, rhumb, rhumb line, spherical helix",0,,,,,,,,2647
"kompássjálfmótun, kompásfærsla",0,na,kvk,Eintala,,,,,,,,"loxodromic automorphism, loxodromic transformation",0,,,,,,,,2648
kortalitun,0,na,kvk,Eintala,,,,,,,,map-colouring,0,,,,,,,,2655
"kostnaðarfall, viðfangsfall",0,na,hk,Eintala,,,,,,,,"cost function, performance function, object function, objective function",0,,,,,,,,2659
kórbundin,0,ls,,Eintala,,,,,,,,canonical bundle,0,,,,,,,,2650
"kórfærsla, kórhnitaskipti",0,na,,,,,,,,,,canonical transformation,0,,,,,,,,2651
kórgerð,0,na,kvk,Eintala,,,,,,,Jordan canonical form,canonical form,0,,,,,,,,2652
"kórgerð Jordans, Jordan-kórgerð, Jordan-gerð",0,na,kvk,Eintala,,,,,,,canonical form,"Jordan canonical form, Jordan form, Jordan normal form",0,,,,,,,,2653
kórsamoka,0,ls,,,,,,,,,,canonically conjugate,0,,,,,,,,2654
kósekans,0,na,kk,Eintala,,,,,,,,cosecant,0,,,,,,,,2656
kósínus,0,na,kk,Eintala,"Fyrir <ref idTerm=4173>rétthyrndan þríhyrning</ref> \(ABC\) þar sem \(C\) er <ref idTerm=4167>rétt horn</ref> er <ref idTerm=2202>hornafallið</ref> \textit{kósínus} af <ref idTerm=2198>horninu</ref> \(A\), táknað \(\cos(A)\), skilgreint sem <ref idTerm=2072>hlutfallið</ref> milli <ref idTerm=2860>lengd</ref> <ref idTerm=65>aðlægrar</ref> <ref idTerm=4725>skammhliðar</ref> og lengd <ref idTerm=2789>langhliðar</ref>. Sjá eftirfarandi mynd: \n\n\begin{center}\n\includegraphics[width=150px]{myndir/hornafoll.png}\n\end{center}",Eftirfarandi mynd sýnir hluta <ref idTerm=2955>grafs</ref> kósínusarfallsins: \n\n\begin{center}\n\includegraphics[width=150px]{myndir/cos.png}\n\end{center},,,,,cos,cosine,0,,,,,,,,2657
kósínusregla,0,na,kvk,Eintala,"Um <ref idTerm=6438>þríhyrning</ref> \(\Delta A B C\) með <ref idTerm=0>hliðarlengdir</ref> \(a\), \(b\) og \(c\) gildir \textit{kósínusreglan} \(\) c^2 = a^2 + b^2 - 2 a b\, \cos(C). \(\)","Þegar <ref idTerm=2198>hornið</ref> \(C\) er <ref idTerm=4167>rétt</ref>, þá er síðasti liðurinn \(0\) og <ref idTerm=2478>jafnan</ref> gefur <ref idTerm=4002>reglu Pýþagórasar</ref>.",,,,,,"cosine law, cosine rule, law of cosines",0,,,,,,,,2658
kótangens,0,na,kk,Eintala,"<ref idTerm=2202>Hornafall</ref> sem er skilgreint sem \(\frac{1}{\tan(A)}\) fyrir \(A \neq k \pi,k\in\mathbb{Z}\), táknað \(\cot(A)\). Fyrir <ref idTerm=4173>rétthyrndan þríhyrning</ref> \(ABC\) þar sem \(C\) er <ref idTerm=4167>rétt horn</ref> er \textit{kótangens} af <ref idTerm=2198>horninu</ref> \(A\) <ref idTerm=2072>hlutfallið</ref> milli <ref idTerm=2860>lengd</ref> <ref idTerm=65>aðlægrar</ref> <ref idTerm=4725>skammhliðar</ref> og lengd <ref idTerm=3396>mótlægrar</ref> skammhliðar.",Eftirfarandi mynd sýnir hluta <ref idTerm=2955>grafs</ref> kótangensfallsins: \n\n\begin{center}\n\includegraphics[width=150px]{myndir/cot.png}\n\end{center},,,,,cot,cotangent,0,,,,,,,,2661
"kóta, dulrita, lykla",0,sag,,,,,,,,,decode,"code, encode",0,,,,,,,,2660
"kóti, lykill, dulmálslykill, lykilmál",0,na,kk,Eintala,,,,,,,,code,0,,,,,,,,2662
"kótunarfræði, lyklunarfræði, dulmálsfræði",0,na,kvk,Eintala,,,,,,,information theory,coding theory,0,,,,,,,,2664
"kótun, dulritun, lyklun",0,na,kvk,Eintala,,,,,,,,"coding, codification, encoding",0,,,,,,,,2663
krafa,0,na,kvk,Eintala,,,,,,,,requirement,0,,,,,,,,2665
"krappageisli, sveigjugeisli",0,na,kk,Eintala,,,,,,,,radius of curvature,0,,,,,,,,2666
"krappamiðja, sveigjumiðja",0,na,kvk,Eintala,,,,,,,,centre of curvature,0,,,,,,,,2667
krappamiðjuferill,0,na,kk,Eintala,,,,,,,,evolute,0,,,,,,,,2668
krappaþinur,0,na,kk,Eintala,,,,,,,,curvature tensor,0,,,,,,,,2669
"krappi, sveigja, dás ({\it hk.})",0,na,,Eintala,,,,,,,,curvature,0,,,,,,,,2670
"krefjast, gefa sem forsendu",0,sag,,,,,,,,,,postulate,0,,,,,,,,2671
kristalgrúpa,0,na,kvk,Eintala,,,,,,,,crystallographic group,0,,,,,,,,2672
Kronecker-tákn,0,na,hk,Eintala,,,,,,,,"Kronecker delta, Kronecker symbol",0,,,,,,,,2673
krosshlutfall,0,na,hk,Eintala,,,,,,,,"anharmonic ratio, cross ratio, double ratio",0,,,,,,,,2674
krosshúfa,0,na,kvk,Eintala,,,,,,,,cross-cap,0,,,,,,,,2675
"krossmargfeldi, vigurmargfeldi, vektormargfeldi, krossfeldi, vigurfeldi",0,na,hk,Eintala,,,,,,,,"alternating product, cross product, outer product, skew product, vector product",0,,,,,,,,2676
krosspunktur,0,na,kk,Eintala,,,,,,,,"(of a curve) node, nodal singularity",0,,,,,,,,2677
kúffeldi,0,na,hk,Eintala,,,,,,,cup product,cap product,0,,,,,,,,2678
kúfur,0,na,kk,Eintala,,,,,,,cup,(the symbol \(\cap\)) cap,0,,,,,,,,2679
"kúla, hnöttur, knöttur",0,na,,Eintala,<ref idTerm=6532>Rúmmynd</ref> sem afmarkast af <ref idTerm=2319>kúluhveli</ref>.,,,,,,,"ball, full sphere, solid sphere, sphere",0,,,,,,,,2680
"kúla, reiknikúla",0,na,kvk,Eintala,,,,,,,,"(of an abacus) bead, counter",0,,,,,,,,2681
kúlnarúmfræði,0,na,kvk,Eintala,,,,,,,,spherical geometry,0,,,,,,,,2682
kúlnatroðsla,0,na,kvk,Eintala,,,,,,,,"packing of spheres, sphere packing",0,,,,,,,,2683
kúlubelti,0,na,hk,Eintala,,,,,,,,"(of two bases) spherical zone, zone",0,,,,,,,,2685
"kúlufall, hvelfall",0,na,hk,Eintala,,,,,,,,spherical function,0,,,,,,,,2686
kúlufleygur,0,na,kk,Eintala,,,,,,,,spherical wedge,0,,,,,,,,2687
"kúluflutningur, kúluhreyfing",0,na,,Eintala,,,,,,,,spherical motion,0,,,,,,,,2688
kúlugeiri,0,na,kk,Eintala,,,,,,,,spherical sector,0,,,,,,,,2689
kúlugrennd,0,na,kvk,Eintala,,,,,,,,spherical neighbourhood,0,,,,,,,,2690
"kúluhattur, kúluhetta",0,na,,Eintala,,,,,,,,"cap, spherical calotte, spherical cap, spherical zone, zone",0,,,,,,,,2691
"kúluhelmingur, hálfkúla",0,na,,Eintala,,,,,,,,hemisphere,0,,,,,,,,2692
kúluhnit,0,na,hk,Fleirtala,,,,,,,,"spherical coordinates, spherical polar coordinates",0,,,,,,,,2693
kúluhornafræði,0,na,kvk,Eintala,,,,,,,,spherical trigonometry,0,,,,,,,,2695
"kúluhorn, hnatthorn",0,na,hk,Eintala,,,,,,,,spherical angle,0,,,,,,,,2694
kúluhringgeisli,0,na,kk,Eintala,,,,,,,,spherical radius,0,,,,,,,,2696
kúluhringmiðja,0,na,kvk,Eintala,,,,,,,,"pole, spherical centre",0,,,,,,,,2697
"kúluhverfing punkts, spegilmynd punkts í kúlu",0,na,kvk,Eintala,,,,,,,,inverse point,0,,,,,,,,2698
"kúluhverfing, kúluspeglun, speglun í kúlu",0,na,kvk,Eintala,,,,,,,,"(with respect to a sphere) inversion, spherical inversion",0,,,,,,,,2699
kúlulíki,0,na,hk,Eintala,,,,,,,"ellipsoid, ovoid",spheroid,0,,,,,,,,2700
"kúlumarghyrningur, kúluhyrningur",0,na,kk,Eintala,,,,,,,,spherical polygon,0,,,,,,,,2701
kúluofanvarp,0,na,hk,Eintala,,,,,,,,stereographic projection,0,,,,,,,,2702
kúlurúmfræði,0,na,kvk,Eintala,,,,,,,,"spherical geometry, spherics",0,,,,,,,,2703
kúlusamhverfni,0,na,kvk,Eintala,,,,,,,,"(in three or more dimensions) radial symmetry, spherical symmetry",0,,,,,,,,2704
kúluskel,0,na,kvk,Eintala,,,,,,,,spherical shell,0,,,,,,,,2705
kúluskífa,0,na,kvk,Eintala,,,,,,,,"(spherical, of two bases) segment, spherical layer, spherical segment, spherical segment of two bases",0,,,,,,,,2706
"kúlustrýta, kúlupíramíti",0,na,,Eintala,,,,,,,,spherical pyramid,0,,,,,,,,2707
kúluþríhyrningur,0,na,kk,Eintala,,,,,,,,spherical triangle,0,,,,,,,,2708
"kúlu-, hnatt-, hvel-",0,pref,,,,,,,,,,spherical,0,,,,,,,,2684
kúpni,0,na,kvk,Eintala,,,,,,,,convexity,0,,,,,,,,2709
kúpniskilyrði,0,na,hk,Eintala,,,,,,,,convexity condition,0,,,,,,,,2710
kúptur,0,ls,kk,Eintala,,,,,,,,convex,0,,,,,,,,2714
kúptur ferill,0,na,kk,Eintala,,,,,,,,convex curve,0,,,,,,,,2715
kúptur hjúpur,0,na,kk,Eintala,,,,,,,convex closure,convex hull,0,,,,,,,,2716
"kúptur marghyrningur, úthyrndur marghyrningur",0,na,kk,Eintala,<ref idTerm=3161>Marghyrningur</ref> kallast \textit{kúptur} ef öll <ref idTerm=2958>línustrik</ref> með endapunkta inni í honum liggja innan marghyrningsins.,,,,,,,convex polygon,0,,,,,,,,2717
kúptur þykkvi,0,na,kk,Eintala,,,,,,,,"convex body, convex solid, ovoid, ovoid body",0,,,,,,,,2718
kúpt fall,0,na,hk,Eintala,,,,,,,,convex function,0,,,,,,,,2711
kúpt línuleg samantekt,0,na,kvk,Eintala,,,,,,,,convex linear combination,0,,,,,,,,2712
kúpt mengi,0,na,hk,Eintala,,,,,,,,convex set,0,,,,,,,,2713
kúvending,0,na,kvk,Eintala,,,,,,,,complete pivoting,0,,,,,,,,2719
"kvarðagrúpa, kvörðunargrúpa",0,na,kvk,Eintala,,,,,,,,gauge group,0,,,,,,,,2720
kvarðahlutfall,0,na,hk,Eintala,,,,,,,,scale ratio,0,,,,,,,,2721
kvarðaskipting,0,na,kvk,Eintala,,,,,,,,scale division,0,,,,,,,,2722
kvarði,0,na,kk,Eintala,,,,,,,,gauge,0,,,,,,,,2723
"kvarði, mælikvarði, stigi",0,na,kk,Eintala,,,,,,,,scale,0,,,,,,,,2724
kvíslaður,0,ls,kk,Eintala,,,,,,,,ramified,0,,,,,,,,2728
"kvíslað fall, marggilt fall",0,na,hk,Eintala,,,,,,,,"branched function, many-valued function, multifunction, multiple-valued function, multivalued function",0,,,,,,,,2726
kvíslað þekjurúm,0,na,hk,Eintala,,,,,,,,ramified covering space,0,,,,,,,,2727
kvíslideilir,0,na,kk,Eintala,,,,,,,,branch divisor,0,,,,,,,,2729
"kvísliferli, kvíslunarferli",0,na,hk,Eintala,,,,,,,branching,branching process,0,,,,,,,,2730
"kvíslipunktur, kvíslunarpunktur",0,na,kk,Eintala,,,,,,,,"branch point, point of ramification, ramification point",0,,,,,,,,2731
kvíslisnið,0,na,hk,Eintala,,,,,,,,branch cut,0,,,,,,,,2732
"kvíslivísir, kvíslunarvísir",0,na,kk,Eintala,,,,,,,,index of multiplicity,0,,,,,,,,2733
kvísluð lausn,0,na,kvk,Eintala,,,,,,,,branched solution,0,,,,,,,,2734
"kvíslunarfræði, forkunarfræði",0,na,kvk,Eintala,,,,,,,,bifurcation theory,0,,,,,,,,2737
"kvíslun, forkun, tvíkvíslun",0,na,kvk,Eintala,,,,,,,,"bifurcation, branching, forking",0,,,,,,,,2736
"kvísl, grein",0,na,kvk,Eintala,,,,,,,,branch,0,,,,,,,,2725
"kvóti, hlutfall, hlutatala",0,na,,Eintala,,,,,,,"fraction, ratio",quotient,0,,,,,,,,2740
kvörðun,0,na,kvk,Eintala,,,,,,,,scaling,0,,,,,,,,2738
kvörðunaraðferð,0,na,kvk,Eintala,,,,,,,,scaling method,0,,,,,,,,2739
kyrragrúpa,0,na,kvk,Eintala,,,,,,,stability subgroup,"group of isotropy, isotropy group",0,,,,,,,,2742
kyrralína,0,na,kvk,Eintala,,,,,,,,nodal line,0,,,,,,,,2743
"kyrrapunktssetning Banachs, fastapunktssetning Banachs, herpingarsetning Banachs",0,na,kvk,Eintala,,,,,,,,Banach's fixed point theorem,0,,,,,,,,2744
"kyrrapunktssetning, fastapunktssetning",0,na,kvk,Eintala,,,,,,,Banach's fixed point theorem,fixed point theorem,0,,,,,,,,2745
"kyrrapunktur, kyrr punktur, fastapunktur",0,na,kk,Eintala,,,,,,,,"fixed point, invariant point",0,,,,,,,,2746
"kyrrastak, kyrrt stak, fastastak",0,na,hk,Eintala,,,,,,,,"fixed element, invariant element",0,,,,,,,,2747
"kyrrasvið, kyrrapunktasvið, fastapunktasvið",0,na,hk,Eintala,,,,,,,,fixed field,0,,,,,,,,2748
"kyrr, kyrra-, kyrrðar-, fastur, fasta-",0,,,,,,,,,,,fixed,0,,,,,,,,2741
könnun,0,na,kvk,Eintala,,,,,,,,survey,0,,,,,,,,2649
lag,0,na,hk,Eintala,,,,,,,,stratum,0,,,,,,,,2755
lagnet,0,na,hk,Eintala,,,,,,,plane graph,planar graph,0,,,,,,,,2770
lagsfylki,0,na,hk,Eintala,,,,,,,,companion matrix,0,,,,,,,,2774
lagshorn,0,na,hk,Eintala,,,,,,,,(of an angle) complement,0,,,,,,,,2775
lagshorn,0,na,hk,Eintala,Tvö <ref idTerm=2198>horn</ref> sem samanlagt <ref idTerm=2223>mælast</ref> 90 <ref idTerm=1667>gráður</ref>.,Á eftirfarandi mynd eru \(\angle BOA\) og \(\angle COB\) lagshorn:\n\n\begin{center}\n\includegraphics[width=150px]{myndir/lagshorn.png}\n\end{center},,,,,,complementary angle,0,,,,,,,,2776
lagskipting,0,na,kvk,Eintala,,,,,,,,stratification,0,,,,,,,,2778
lagskipt úrtak,0,na,hk,Eintala,,,,,,,,stratified sample,0,,,,,,,,2777
"landabréf, kort",0,na,hk,Eintala,,,,,,,,map,0,,,,,,,,2782
Landau-tákn,0,na,hk,Eintala,,,,,,,\(o\)-notation,"Landau order symbol, ordo-symbol",0,,,,,,,,2783
"landmæling, landmælingafræði",0,na,kvk,Eintala,,,,,,,,geodesy,0,,,,,,,,2784
langadeiling,0,na,kvk,Eintala,,,,,,,,long division,0,,,,,,,,2785
langalína,0,na,kvk,Eintala,,,,,,,,long line,0,,,,,,,,2786
langamargföldun,0,na,kvk,Eintala,,,,,,,,long multiplication,0,,,,,,,,2787
langás,0,na,kk,Eintala,,,,,,,"focal axis, minor axis, principal axis",(of an ellipse) major axis,0,,,,,,,,2788
langhlið,0,na,kvk,Eintala,Sú <ref idTerm=2048>hlið</ref> <ref idTerm=>rétthyrnds þríhyrnings</ref> sem er <ref idTerm=3396>mótlæg</ref> <ref idTerm=4167>rétta horninu</ref>.,Á eftirfarandi mynd er \(CA\) langhlið þríhyrningsins:\n\n\begin{center}\n\includegraphics[width=150px]{myndir/retthyrndur_thrihyrningur.png}\n\end{center}\n\nÞessi hlið er nefnd langhliðin vegna þess að hún er lengri en báðar hinar hliðarnar. <ref idTerm=6436>Þríhyrningsójafnan</ref> segir okkur að \(|AB| + |BC| \leq |CA|\) en af því leiðir að ef þríhyrningurinn er ekki <ref idTerm=5871>úrkynjaður</ref> þá er \(|AB|>0\) og \(|BC|>0\) og því gildir \(|AB|<|CA|\) og \(|BC|<|CA|\).,,,,,,hypotenuse,0,,,,,,,,2789
langsveifarferill,0,na,kk,Eintala,,,,,,,trochoid,"extended cycloid, prolate cycloid, prolate trochoid",0,,,,,,,,2790
"Laplace-færsla, Laplace-myndun, Laplace-ummyndun",0,na,kvk,Eintala,,,,,,,,Laplace transformation,0,,,,,,,,2791
Laplace-liðun,0,na,kvk,Eintala,,,,,,,,Laplace expansion,0,,,,,,,,2792
"Laplace-mynd, Laplace-færsla",0,na,kvk,Eintala,,,,,,,,Laplace transform,0,,,,,,,,2793
Laplace-virki,0,na,kk,Eintala,,,,,,,,"delta operator, Laplace operator, Laplacian",0,,,,,,,,2794
"latneskur ferningur, rómverskur ferningur",0,na,kk,Eintala,,,,,,,,latin square,0,,,,,,,,2798
lauf,0,na,hk,Eintala,,,,,,,,"(in graph theory) leaf, pendant vertex",0,,,,,,,,2799
laufaður,0,ls,kk,Eintala,,,,,,,,foliated,0,,,,,,,,2800
laufferill Descartes,0,na,kk,Eintala,,,,,,,,folium of Descartes,0,,,,,,,,2801
laufun,0,na,kvk,Eintala,,,,,,,,foliation,0,,,,,,,,2802
Laurent-röð,0,na,kvk,Eintala,,,,,,,,Laurent series,0,,,,,,,,2803
lausn,0,na,kvk,Eintala,,,,,,,,"(of a differential equation) integral, solution",0,,,,,,,,2804
lausnagrunnur,0,na,kk,Eintala,,,,,,,,(of solutions) fundamental system,0,,,,,,,,2807
lausnamengi,0,na,hk,Eintala,,,,,,,,solution set,0,,,,,,,,2808
"lausnarferill, heildisferill",0,na,kk,Eintala,,,,,,,,"integral curve, solution curve",0,,,,,,,,2809
"lausnarflötur, heildisflötur",0,na,kk,Eintala,,,,,,,,"integral surface, solution surface",0,,,,,,,,2810
lausnarformúla,0,na,kvk,Eintala,,,,,,,,solution formula,0,,,,,,,,2811
lausnartilgáta,0,na,kvk,Eintala,,,,,,,,Ansatz,0,,,,,,,,2812
lausnarúm,0,na,hk,Eintala,,,,,,,,solution space,0,,,,,,,,2813
lausn með rótardrætti,0,na,kvk,Eintala,,,,,,,,solution by radicals,0,,,,,,,,2805
"lausn, úrlausn",0,na,kvk,Eintala,,,,,,,,"resolving, solution, solving",0,,,,,,,,2806
lágflötur,0,na,kk,Eintala,,,,,,,,minimal surface,0,,,,,,,,2757
"lágfrumíðal, óminnkanlegt frumíðal",0,na,hk,Eintala,,,,,,,,minimal prime ideal,0,,,,,,,,2758
lággildispunktur,0,na,kk,Eintala,,,,,,,,minimum point,0,,,,,,,,2760
"lággildissetning, lággildislögmál, lágalgildissetning, lágalgildislögmál",0,na,,Eintala,,,,,,,,"minimum modulus principle, minimum principle, principle of minimum",0,,,,,,,,2762
"lággrunnur, óminnkanlegur grunnur, ósmækkanlegur grunnur",0,na,kk,Eintala,,,,,,,minimal system of generators,minimal basis,0,,,,,,,,2763
"lágíðal, óminnkanlegt íðal, ósmækkanlegt íðal",0,na,hk,Eintala,,,,,,,,minimal ideal,0,,,,,,,,2764
lágjafna,0,na,kvk,Eintala,,,,,,,minimal polynomial,minimal equation,0,,,,,,,,2765
lágmargliða,0,na,kvk,Eintala,,,,,,,minimal equation,minimal polynomial,0,,,,,,,,2766
lágmarka,0,sag,,,,,,,,,,minimize,0,,,,,,,,2767
"lágmarksleikáætlun, lágmarksáætlun",0,na,kvk,Eintala,,,,,,,optimum strategy,minimum strategy,0,,,,,,,,2768
lágmörkun,0,na,kvk,Eintala,,,,,,,,"minimization, minimizing",0,,,,,,,,2769
lágnet,0,na,hk,Eintala,,,,,,,,minimal graph,0,,,,,,,,2771
lágreisn,0,na,kvk,Eintala,,,,,,,,platikurtosis,0,,,,,,,,2772
lágreistur,0,ls,kk,Eintala,,,,,,,"kurtosis, leptokurtic, mesokurtic",platikurtic,0,,,,,,,,2773
"lágstak, óminnkanlegt stak, ósmækkanlegt stak",0,na,hk,Eintala,,,,,,,,minimal element,0,,,,,,,,2779
"lágvísir, knévísir",0,na,kk,Eintala,,,,,,,,"lower index, subscript",0,,,,,,,,2780
"lág-, óminnkanlegur, ósmækkanlegur",0,,,,,,,,,,,minimal,0,,,,,,,,2756
láhnit,0,na,hk,Eintala,Sjá skýringu við <ref idTerm=6595>kartesk slétta</ref>.,,,,,,ordinate,abscissa,0,,,,,,,,2781
láréttur,0,ls,kk,Eintala,,,,,,,vertical,horizontal,0,,,,,,,,2795
lásnertill,0,na,kk,Eintala,,,,,,,,subtangent,0,,,,,,,,2796
láta kyrrt,0,sag,,,,,,,,,,let invariant,0,,,,,,,,2797
láþverill,0,na,kk,Eintala,,,,,,,,subnormal,0,,,,,,,,2814
"Lebesgue-heildanlegur, Lebesgue-tegranlegur",0,ls,kk,Eintala,,,,,,,,Lebesgue integrable,0,,,,,,,,2815
"Lebesgue-heildi, Lebesgue-tegur",0,na,hk,Eintala,,,,,,,,Lebesgue integral,0,,,,,,,,2816
Lebesgue-mál,0,na,hk,Eintala,,,,,,,,Lebesgue measure,0,,,,,,,,2817
leg,0,na,hk,Eintala,,,,,,,set,"geometric locus, locus",0,,,,,,,,2818
lega,0,na,kvk,Eintala,,,,,,,,incidence,0,,,,,,,,2819
leggjalitun,0,na,kvk,Eintala,,,,,,,,edge colouration,0,,,,,,,,2822
leggjamengi,0,na,hk,Eintala,,,,,,,,edge set,0,,,,,,,,2823
"leggjanet, aðoka net, afleitt net",0,na,hk,Eintala,,,,,,,,"adjoint graph, adjoint, derived graph, edge graph, line graph",0,,,,,,,,6598
"leggjaruna, vegur",0,na,,Eintala,,,,,,,"path, trail","(of a graph) edge sequence, walk",0,,,,,,,,2824
leggja saman,0,sag,,,,,,,,,,add,0,,,,,,,,2820
"leggja við, bæta við",0,sag,,,,,,,,,,add,0,,,,,,,,2821
leggur,0,na,kk,Eintala,,,,,,,"arc, directed edge",(of a graph) edge,0,,,,,,,,2825
"legufrumsenda, legufrumsetning",0,na,kvk,Eintala,,,,,,,,"axiom of incidence, incidence axiom",0,,,,,,,,2826
legufylki,0,na,hk,Eintala,,,,,,,,"incidence matrix, matrix of incidence",0,,,,,,,,2827
legumynstur,0,na,hk,Eintala,,,,,,,,"incidence structure, partial plane",0,,,,,,,,2828
legurúmfræði,0,na,kvk,Eintala,,,,,,,,incidence geometry,0,,,,,,,,2829
leguvensl,0,na,hk,Fleirtala,,,,,,,,incidence relation,0,,,,,,,,2830
"Leibniz-próf, víxlmerkjapróf Leibniz",0,na,hk,Eintala,,,,,,,,"alternating series test, Leibniz test",0,,,,,,,,2831
Leibniz-röð,0,na,kvk,Eintala,,,,,,,,"alternating harmonic series, Leibniz series",0,,,,,,,,2832
leið,0,na,kvk,Eintala,,,,,,,"trail, walk",(edge-simple walk in a graph) path,0,,,,,,,,2833
leiða af,0,sag,,,,,,,,,,follow,0,,,,,,,,2834
leiðiliður,0,na,kk,Eintala,,,,,,,,(in logic) sequent,0,,,,,,,,2835
leiðing,0,na,kvk,Eintala,Fyrir sérhverjar <ref idTerm=1515>yrðingar</ref> \(p\) og \(q\) er \(p \implies q\) (lesið: „\(p\) leiðir að \(q\)“) sú yrðing sem segir að \(q\) sé <ref idTerm=4565>sönn</ref> ef \(p\) er það. Yrðingin \(p\) kallast þá \textit{skilyrði} og \(q\) \textit{ályktun},Leiðing \(p \implies q\) jafngildir \(\lnot p \lor q\).,,,,,"conditional, material implication",implication,0,,,,,,,,2836
leiðingarmerki,0,na,hk,Eintala,,,,,,,,"implication sign, sign of implication",0,,,,,,,,2837
leiðingarregla,0,na,kvk,Eintala,,,,,,,,implication rule,0,,,,,,,,2838
leiðréttandi,0,na,kk,Eintala,,,,,,,predictor-corrector method,corrector,0,,,,,,,,2839
leiðrétting,0,na,kvk,Eintala,,,,,,,,correction,0,,,,,,,,2840
leiðréttingarliður,0,na,kk,Eintala,,,,,,,,correction term,0,,,,,,,,2841
leiðréttingarþáttur,0,na,kk,Eintala,,,,,,,,correction factor,0,,,,,,,,2842
leif,0,na,kvk,Eintala,,,,,,,res,(in complex analysis) residue,0,,,,,,,,2843
leif,0,na,kvk,Eintala,,,,,,,,(in number theory) residue,0,,,,,,,,2844
leifaflokkasvið,0,na,hk,Eintala,,,,,,,residue class ring,"residue class field, residue field",0,,,,,,,,2845
leifaflokkur,0,na,kk,Eintala,,,,,,,coset,residue class,0,,,,,,,,2846
"leifajafna, samleifing",0,na,kvk,Eintala,,,,,,,,(in number theory) congruence,0,,,,,,,,2847
leifakerfi,0,na,hk,Eintala,,,,,,,,residue system,0,,,,,,,,2848
leifareikningur,0,na,kk,Eintala,,,,,,,,"calculus of residues, residue calculus",0,,,,,,,,2849
leifasetning,0,na,kvk,Eintala,,,,,,,,"residue theorem, theorem of residues",0,,,,,,,,2850
leifastofn,0,na,kk,Eintala,,,,,,,,(of a congruence) modulus,0,,,,,,,,2851
"leikáætlun, áætlun",0,na,kvk,Eintala,,,,,,,,"policy, strategy",0,,,,,,,,2852
"leikmaður, keppandi",0,na,kk,Eintala,,,,,,,,player,0,,,,,,,,2853
leikregla,0,na,kvk,Eintala,,,,,,,,game rule,0,,,,,,,,2854
leiktré,0,na,hk,Eintala,,,,,,,,game tree,0,,,,,,,,2855
leikur,0,na,kk,Eintala,,,,,,,,move,0,,,,,,,,2856
leit,0,na,kvk,Eintala,,,,,,,,search,0,,,,,,,,2857
leitaraðferð,0,na,kvk,Eintala,,,,,,,,search procedure,0,,,,,,,,2858
"leitni, hneigð",0,na,kvk,Eintala,,,,,,,,trend,0,,,,,,,,2859
lengd,0,na,kvk,Eintala,,,,,,,,length,0,,,,,,,,2860
lengdarbaugur,0,na,kk,Eintala,,,,,,,,"meridian, meridian curve, meridian line",0,,,,,,,,2863
lengdarfrymi,0,na,hk,Eintala,,,,,,,,"element of length, line element, linear element",0,,,,,,,,2864
lengdarsnið,0,na,hk,Eintala,,,,,,,meridian,meridian section,0,,,,,,,,2865
"lengd, algildi, tölugildi",0,na,,Eintala,,,,,,,absolute value,(of a complex number) modulus,0,,,,,,,,2861
"lengd, staðall, tölugildi",0,na,,Eintala,,,,,,,norm,(of a vector) absolute value,0,,,,,,,,2862
leppvísir,0,na,kk,Eintala,,,,,,,,dummy index,0,,,,,,,,2866
lest,0,na,kvk,Eintala,,,,,,,,(of spaces and mappings) sequence,0,,,,,,,,2867
leyfilegur,0,ls,kk,Eintala,,,,,,,,admissible,0,,,,,,,,2868
leyfilegur,0,ls,kk,Eintala,,,,,,,,permissible,0,,,,,,,,2869
leysa,0,sag,,,,,,,,,,solve,0,,,,,,,,2870
leysanlegur,0,ls,kk,Eintala,,,,,,,,"soluble, solvable",0,,,,,,,,2873
leysanleg grúpa,0,na,kvk,Eintala,,,,,,,,solvable group,0,,,,,,,,2871
leysanleg jafna,0,na,kvk,Eintala,,,,,,,,solvable equation,0,,,,,,,,2872
leysanleiki,0,na,kk,Eintala,,,,,,,,"solubility, solvability",0,,,,,,,,2874
leysifylki,0,na,hk,Eintala,,,,,,,,(of a matrix) resolvent,0,,,,,,,,2875
leysijafna,0,na,kvk,Eintala,,,,,,,,resolvent equation,0,,,,,,,,2876
leysikjarni,0,na,kk,Eintala,,,,,,,,"resolvent kernel, resolvent",0,,,,,,,,6599
leysimengi,0,na,hk,Eintala,,,,,,,,resolvent set,0,,,,,,,,2877
leysivirki,0,na,kk,Eintala,,,,,,,,"(of an operator) resolvent, resolvent operator",0,,,,,,,,2878
liða,0,sag,,,,,,,,,,expand,0,,,,,,,,2880
liðagreining,0,na,kvk,Eintala,,,,,,,,component analysis,0,,,,,,,,2881
liðhnútur,0,na,kk,Eintala,,,,,,,,articulation vertex,0,,,,,,,,2882
liðun,0,na,kvk,Eintala,,,,,,,,"development, expansion",0,,,,,,,,2883
liðun,0,na,kvk,Eintala,,,,,,,,resolving,0,,,,,,,,2884
liðun í beina summu,0,na,kvk,Eintala,,,,,,,,direct decomposition,0,,,,,,,,2885
liðun í Dirichlet-röð,0,na,kvk,Eintala,,,,,,,,Dirichlet expansion,0,,,,,,,,2886
liðun í rásir,0,na,kvk,Eintala,,,,,,,,cycle decomposition,0,,,,,,,,2887
"liðun í röð, raðarliðun",0,na,kvk,Eintala,,,,,,,,"development in a series, expansion in a series, series expansion",0,,,,,,,,2888
liður,0,na,kk,Eintala,,,,,,,,(of a proportion) term,0,,,,,,,,2889
"liður, þáttur",0,na,kk,Eintala,,,,,,,,"(of a vector) component, component vector",0,,,,,,,,2890
lið fyrir lið,0,,,,,,,,,,,"term-by-term, termwise",0,,,,,,,,2879
Lie-algebra,0,na,kvk,Eintala,,,,,,,,Lie algebra,0,,,,,,,,2891
Lie-grúpa,0,na,kvk,Eintala,,,,,,,,Lie group,0,,,,,,,,2892
"Lie-hornklofi, Lie-margfeldi",0,na,,Eintala,,,,,,,"bracket operation, bracket product",Lie bracket,0,,,,,,,,2893
linur,0,ls,kk,Eintala,,,,,,,,flabby,0,,,,,,,,2954
litamargliða,0,na,kvk,Eintala,,,,,,,,chromatic polynomial,0,,,,,,,,2964
litatala,0,na,kvk,Eintala,,,,,,,,chromatic number,0,,,,,,,,2965
litla Fermat-setningin,0,na,kvk,Eintala,,,,,,,,"Fermat's little theorem, little Fermat theorem",0,,,,,,,,2969
litun,0,na,kvk,Eintala,,,,,,,"edge colouration, vertex colouration","colouration, colouring",0,,,,,,,,2970
"litvísir, litaflokkur",0,na,kk,Eintala,,,,,,,,chromatic index,0,,,,,,,,2971
"lit-, lita-",0,pref,,,,,,,,,,chromatic,0,,,,,,,,2963
líftölfræði,0,na,kvk,Eintala,,,,,,,,"biometry, biostatistics",0,,,,,,,,2894
líkan,0,na,hk,Eintala,,,,,,,,model,0,,,,,,,,2895
líkanafræði,0,na,kvk,Eintala,,,,,,,,model theory,0,,,,,,,,2896
líkanagerð,0,na,kvk,Eintala,,,,,,,,modelling,0,,,,,,,,2897
líkindafall,0,na,hk,Eintala,,,,,,,,probability function,0,,,,,,,,2898
líkindaframleiðandi fall,0,na,hk,Eintala,,,,,,,,probability generating function,0,,,,,,,,2901
líkindafræði,0,na,kvk,Eintala,,,,,,,"probability calculus, stochastics","probability theory, theory of probability",0,,,,,,,,2899
líkindafræðingur,0,na,kk,Eintala,,,,,,,,probabilist,0,,,,,,,,2900
líkindafylki,0,na,hk,Eintala,,,,,,,,"probability matrix, stochastic matrix",0,,,,,,,,2902
líkindamál,0,na,hk,Eintala,,,,,,,,probability measure,0,,,,,,,,2903
líkindareikningur,0,na,kk,Eintala,,,,,,,probability theory,"calculus of probability, probability calculus",0,,,,,,,,2904
líkindarúm,0,na,hk,Eintala,,,,,,,,probability space,0,,,,,,,,2905
líkindavísir,0,na,kk,Eintala,,,,,,,,probability amplitude,0,,,,,,,,2906
"líkindaþéttleiki, dreifingarþéttleiki, þéttleiki",0,sag,,Eintala,,,,,,,,"density of probability, density, distribution density, probability density",0,,,,,,,,6600
"líkindi, líkur",0,na,,Fleirtala,,,,,,,likelihood,probability,0,,,,,,,,2907
líklegt frávik,0,na,hk,Eintala,,,,,,,,probable deviation,0,,,,,,,,2908
líming,0,na,kvk,Eintala,,,,,,,,gluing,0,,,,,,,,2909
lína,0,na,kvk,Eintala,,,,,,,,(of a matrix) row,0,,,,,,,,2910
"lína, bein lína",0,na,kvk,Eintala,,,,,,,"affine line, auxiliary line, axis, base line, bisecting line, broken line, bundle of lines, bundle of parallel lines, centre line, complex line, complex projective line, connecting line, continuum, convergence line, directed line, directing line, first principal line, focal line, fundamental line, generating line, geodesic line, half-line, ideal line, infinite line, line at infinity, long line, nodal line, normal line, number axis, number line, numeric line, numerical line, oriented line, parallel line, pencil of lines, pencil of parallel lines, perpendicular line, polar line, polygonal line, real axis, real line, real projective line, rectifying line, regression line, rejection line, secant line, sheaf of lines, sheaf of parallel lines, skew lines, slope line, supporting line, tangent line","line, straight line",0,,,,,,,,2911
"lína, ferill",0,na,kvk,Eintala,,,,,,,"base line, closed line, continuum, contour line, curve, equipotential line, flow line, geodesic line, height line, level line, loxodromic line, meridian line, rhumb line, screw line, stream line",line,0,,,,,,,,2912
línuaðgerð,0,na,kvk,Eintala,,,,,,,,row operation,0,,,,,,,,2913
línubundin,0,na,,Eintala,,,,,,,"bundle, vector bundle",line bundle,0,,,,,,,,2914
línuflötur,0,na,kk,Eintala,,,,,,,,ruled surface,0,,,,,,,,2915
"línufylki, einlínufylki",0,na,hk,Eintala,,,,,,,row vector,"row matrix, single-row matrix",0,,,,,,,,2916
línugera,0,sag,,,,,,,,,,linearize,0,,,,,,,,2917
línugerningur,0,na,kk,Eintala,,,,,,,,linearization,0,,,,,,,,2918
"línulega háður, línulega venslaður",0,ls,kk,Eintala,,,,,,,,linearly dependent,0,,,,,,,,2932
"línulega óháður, línulega óvenslaður",0,ls,kk,Eintala,,,,,,,,linearly independent,0,,,,,,,,2933
"línulega raðað mengi, fullraðað mengi, keðja",0,na,,Eintala,,,,,,,,"(in set theory) chain, linearly ordered set, ordered set, serially ordered set, simply ordered set, totally ordered set",0,,,,,,,,2934
línulegt aðhvarf,0,na,hk,Eintala,,,,,,,,linear regression,0,,,,,,,,2935
línulegt fall,0,na,hk,Eintala,,,,,,,"linear form, linear functional",linear function,0,,,,,,,,2936
"línulegt fall, línulegt form",0,na,hk,Eintala,,,,,,,"linear function, linear functional",linear form,0,,,,,,,,2937
línulegt felli,0,na,hk,Eintala,,,,,,,"linear form, linear function",linear functional,0,,,,,,,,2938
línulegt grannmynstur,0,na,hk,Eintala,,,,,,,,linear topology,0,,,,,,,,2939
línulegt grannrúm,0,na,hk,Eintala,,,,,,,,"linear topological space, topological linear space, topological vector space",0,,,,,,,,2940
línulegt hlutrúm,0,na,hk,Eintala,,,,,,,,linear subspace,0,,,,,,,,2942
línulegt hæði,0,na,hk,Eintala,,,,,,,,linear dependence,0,,,,,,,,2941
línulegt jöfnuhneppi,0,na,hk,Eintala,,,,,,,,linear system of equations,0,,,,,,,,2943
línulegt kerfi,0,na,hk,Eintala,,,,,,,,linear system,0,,,,,,,,2944
línulegt óhæði,0,na,hk,Eintala,,,,,,,,linear independence,0,,,,,,,,2945
"línulegt rúm, vigurrúm, vektorrúm",0,na,hk,Eintala,,,,,,,module,"linear space, vector space",0,,,,,,,,2946
línulegur,0,ls,kk,Eintala,,,,,,,,linear,0,,,,,,,,2947
línulegur á köflum,0,na,kk,Fleirtala,,,,,,,,piecewise linear,0,,,,,,,,2948
"línulegur grunnur, vigurgrunnur, Hamel-grunnur, grunnur",0,na,kk,Eintala,,,,,,,,"algebraic basis, basis, Hamel basis, linear basis, vector basis",0,,,,,,,,2949
línulegur kvarði,0,na,kk,Eintala,,,,,,,,linear scale,0,,,,,,,,2950
línulegur virki,0,na,kk,Eintala,,,,,,,linear mapping,linear operator,0,,,,,,,,2951
línuleg algebra,0,na,kvk,Eintala,,,,,,,,linear algebra,0,,,,,,,,2919
línuleg bestun,0,na,kvk,Eintala,,,,,,,,"linear programming, linear optimization",0,,,,,,,,2920
"línuleg deildajafna, línuleg diffurjafna",0,na,kvk,Eintala,,,,,,,,linear differential equation,0,,,,,,,,2921
"línuleg fellagreining, línuleg fallagreining",0,na,kvk,Eintala,,,,,,,functional analysis,linear functional analysis,0,,,,,,,,2922
línuleg grúpa,0,na,kvk,Eintala,,,,,,,,linear group,0,,,,,,,,2923
línuleg hlutafleiðujafna,0,na,kvk,Eintala,,,,,,,,linear partial differential equation,0,,,,,,,,2924
línuleg jafna,0,na,kvk,Eintala,,,,,,,,linear equation,0,,,,,,,,2925
línuleg lokun,0,na,kvk,Eintala,,,,,,,"linear span, affine closure",linear closure,0,,,,,,,,2926
"línuleg röðun, fullröðun",0,na,kvk,Eintala,,,,,,,,"linear ordering, linear order, order, ordering, order relation, simple order, simple ordering, total order, total ordering",0,,,,,,,,2927
línuleg samantekt,0,na,kvk,Eintala,,,,,,,,linear combination,0,,,,,,,,2928
"línuleg spönn, línulegur hjúpur",0,na,,Eintala,,,,,,,"linear closure, affine closure",linear span,0,,,,,,,,2929
línuleg útsetning,0,na,kvk,Eintala,,,,,,,,linear representation,0,,,,,,,,2930
"línuleg vörpun, línuleg færsla",0,na,kvk,Eintala,,,,,,,"linear operator, module homomorphism","linear mapping, linear map, linear transformation",0,,,,,,,,2931
línuleiki,0,na,kk,Eintala,,,,,,,,linearity,0,,,,,,,,2952
línumeðaltal,0,na,hk,Eintala,,,,,,,,"row mean, row average",0,,,,,,,,2953
"graf, línurit, fallrit, varprit, ferill (falls)",0,na,,Eintala,"Fyrir <ref idTerm=1078>fall</ref> \(f: I \to \mathbb{R}\) þar sem \(I \subseteq \mathbb{R}\) kallast <ref idTerm=3270>mengi</ref> allra <ref idTerm=5627>tvennda</ref> af gerðinni \((x,f(x))\), þar sem \(x \in I\) \textit{graf} fallsins \(f\) og er táknað með \n\n\[ G_f = \{(x,f(x)) \mid x \in I\}. \]\n\nGraf falls má teikna í <ref idTerm=5729>tvívítt</ref> <ref idTerm=2145>hnitakerfi</ref> með því að merkja inn alla <ref idTerm=4001>punkta</ref> sem hafa <ref idTerm=2143>hnit</ref> \((x,f(x))\).","Venja er að merkja grafið með <ref idTerm=2478>jöfnunni</ref> \(y = f(x)\), því hún lýsir hvernig \(y\)-hnit punktanna á grafinu fást út frá \(x\)-hnitum þeirra. Skoðum sem dæmi <ref idTerm=1078>fallið</ref> \(f: \mathbb{R} \to \mathbb{R}\); \(f(x) = x^2\). Graf þess er mengið sem samanstendur af öllum tvenndum af gerðinni \((x,f(x)) = (x,x^2)\) þar sem \(x \in \mathbb{R}\), þ.e. \[ G_f = \{(x,x^2) \mid x \in \mathbb{R}\}. \] Eins og lýst er að ofan má teikna grafið í hnitakerfi með því að merkja inn alla punkta sem hafa hnit \((x,x^2)\). Nokkur dæmi um punkta af þessari gerð eru \((-3,9)\), \((-2,4)\), \((-1,1)\), \((0,0)\), \((1,1)\), \((2,4)\) og \((3,9)\). Á myndinni að neðan hefur graf \(f\) verið teiknað í hnitakerfi með rauðum lit og eru punktarnir sjö að framan blálitaðir. Grafið er síðan merkt með jöfnunni \(y = x^2\):\n\n\begin{center}\n\includegraphics[width=150px]{myndir/graf.png}\n\end{center} \n\nAlmennt fyrir <ref idTerm=3282>vörpun</ref> \(f: X \to Y\) kallast <ref idTerm=3270>mengi</ref> allra <ref idTerm=5627>tvennda</ref> af gerðinni \((x,f(x))\), þar sem \(x \in X\) graf vörpunarinnar \(f\) og er táknað með \[ G_f = \{(x,f(x)) \mid x \in X\}. \] Graf vörpunnar er hlutmengi í <ref idTerm=3279>faldmenginu</ref> \(X \times Y\).",,,,,,"functional graph, graph",0,,,,,,,,2955
"línustallagerð, línuþrepagerð, línuþrepaskipan",0,na,,Eintala,,,,,,,echelon form,row-echelon form,0,,,,,,,,2956
línustétt,0,na,kvk,Eintala,,,,,,,,row rank,0,,,,,,,,2957
"línustrik, strik",0,na,hk,Eintala,Sá <ref idTerm=2089>hluti</ref> <ref idTerm=2911>línu</ref> sem liggur milli tveggja <ref idTerm=4001>punkta</ref> sem kallast \textit{endapunktar} línustriksins.,,,,,,,"line segment, segment",0,,,,,,,,2958
"línusumma, línusamtala",0,na,kvk,Eintala,,,,,,,,row total,0,,,,,,,,2959
"línuuppstokkun, línuumröðun",0,na,kvk,Eintala,,,,,,,,permutation of rows,0,,,,,,,,2960
línuvigur,0,na,kk,Eintala,,,,,,,row matrix,row vector,0,,,,,,,,2961
línuvísir,0,na,kk,Eintala,,,,,,,,row index,0,,,,,,,,2962
"lítið ríki, smáríki",0,na,hk,Eintala,,,,,,,,small category,0,,,,,,,,2966
lítið úrtak,0,na,hk,Eintala,,,,,,,,small sample,0,,,,,,,,2967
lítill,0,ls,kk,Eintala,,,,,,,,small,0,,,,,,,,2968
ljósgeislafræði,0,na,kvk,Eintala,,,,,,,,geometrical optics,0,,,,,,,,2972
loðið mengi,0,na,hk,Eintala,,,,,,,,fuzzy set,0,,,,,,,,2974
loftfall,0,na,hk,Eintala,,,,,,,floor function,ceiling function,0,,,,,,,,2980
lograafleiða,0,na,kvk,Eintala,,,,,,,,logarithmic derivative,0,,,,,,,,2993
lografall,0,na,hk,Eintala,,,,,,,log,"logarithm, logarithmic function",0,,,,,,,,2994
"lograheildi, logrategur",0,na,hk,Eintala,,,,,,,,logarithmic integral,0,,,,,,,,2995
lograkúptur,0,ls,kk,Eintala,,,,,,,,logarithmically convex,0,,,,,,,,2996
lograkvarði,0,na,kk,Eintala,,,,,,,,logarithmic scale,0,,,,,,,,2997
"lograkvíslipunktur, lograkvíslunarpunktur",0,na,kk,Eintala,,,,,,,,logarithmic branch point,0,,,,,,,,2998
lograpappír,0,na,kk,Eintala,,,,,,,,logarithmic paper,0,,,,,,,,2999
lograpróf,0,na,hk,Eintala,,,,,,,,logarithmic test,0,,,,,,,,3000
lograstuðull,0,na,kk,Eintala,,,,,,,,(of  logarithms) modulus,0,,,,,,,,3001
logratafla,0,na,kvk,Eintala,,,,,,,,"logarithm table, logarithmic table, table of logarithms",0,,,,,,,,3002
"logravefja, lograkuðungur, lograkuðungslína",0,na,,Eintala,,,,,,,,"equiangular spiral, logarithmic spiral, logistic spiral",0,,,,,,,,3003
logra-,0,pref,,,,,,,,,,logarithmic,0,,,,,,,,2992
logri,0,na,kk,Eintala,,,,,,,log,(of a number) logarithm,0,,,,,,,,3004
"logri með grunntölu, logri með stofntölu",0,na,kk,Eintala,,,,,,,,binary logarithm,0,,,,,,,,3005
lokaákvörðun,0,na,kvk,Eintala,,,,,,,,"final decision, terminal decision",0,,,,,,,,3008
lokaástand,0,na,hk,Eintala,,,,,,,,final state,0,,,,,,,,3009
lokaður,0,ls,kk,Eintala,,,,,,,,closed,0,,,,,,,,3015
"lokaður ferill, lokaður vegur, lykkja",0,na,,Eintala,<ref idTerm=1131>Ferill</ref> þar sem báðir <ref idTerm=0>endapunktar</ref> ferilsins eru sami punkturinn.,,,,,,,"circuit, closed contour, closed curve, closed line, closed path, contour, loop",0,,,,,,,,3016
"lokaður flötur, þjappaður flötur",0,na,kk,Eintala,,,,,,,,"closed surface, compact surface",0,,,,,,,,3017
lokaður gagnvegur,0,na,kk,Eintala,,,,,,,geodesic,closed geodesic,0,,,,,,,,3018
"lokaður hjúpur, lokun",0,na,,Eintala,,,,,,,,"adherence, closed hull, closure",0,,,,,,,,3019
"lokaður kúptur hjúpur, kúpt lokun",0,na,,Eintala,,,,,,,convex hull,"closed convex hull, convex closure",0,,,,,,,,3020
lokaður línulegur virki,0,na,kk,Eintala,,,,,,,,closed linear operator,0,,,,,,,,3021
"lokaður með tilliti til margföldunar, margföldunarlokaður",0,ls,kk,Eintala,,,,,,,,multiplicatively closed,0,,,,,,,,3022
"lokaður Riemann-flötur, þjappaður Riemann-flötur",0,na,kk,Eintala,,,,,,,,closed Riemann surface,0,,,,,,,,3023
lokaður straumur,0,na,kk,Eintala,,,,,,,,closed current,0,,,,,,,,3024
lokað bil,0,na,hk,Eintala,<ref idTerm=457>Bil</ref> með tvo endapunkta sem inniheldur þá báða.,Eftirfarandi er mynd af lokuðu bili:\n\n\begin{center}\n\includegraphics[width=150px]{myndir/lokad_bil.png}\n\end{center},,,,,,closed interval,0,,,,,,,,3010
"lokað deildaform, lokað diffurform",0,na,hk,Eintala,,,,,,,,closed differential form,0,,,,,,,,3011
lokað hálfrúm,0,na,hk,Eintala,,,,,,,,closed half-space,0,,,,,,,,3012
lokað hlutrúm,0,na,hk,Eintala,,,,,,,,closed subspace,0,,,,,,,,3013
"lokað mengi, lokað hlutmengi",0,na,hk,Eintala,,,,,,,,"closed set, closed subset",0,,,,,,,,3014
lokagrannmynstur,0,na,hk,Eintala,,,,,,,,final topology,0,,,,,,,,3025
lokahlutur,0,na,kk,Eintala,,,,,,,,"coinitial object, final object, terminal object",0,,,,,,,,3026
lokahnútur,0,na,kk,Eintala,,,,,,,,terminal vertex,0,,,,,,,,3027
lokajafna,0,na,kvk,Eintala,,,,,,,,eliminant,0,,,,,,,,3028
lokanlegur,0,ls,kk,Eintala,,,,,,,,closable,0,,,,,,,,3029
lokapunktur,0,na,kk,Eintala,,,,,,,,terminal point,0,,,,,,,,3030
lokastaða,0,na,kvk,Eintala,,,,,,,,terminal position,0,,,,,,,,3031
lokastak,0,na,hk,Eintala,,,,,,,,final element,0,,,,,,,,3032
loka-,0,pref,,,,,,,,,,"(in category theory) coinitial, final, terminal",0,,,,,,,,3007
lokuð fullyrðing,0,na,kvk,Eintala,,,,,,,,"sentence, closed statement",0,,,,,,,,3033
lokuð hringskífa,0,na,kvk,Eintala,,,,,,,,closed disc,0,,,,,,,,3034
lokuð kúla,0,na,kvk,Eintala,,,,,,,,closed ball,0,,,,,,,,3035
"lokuð segð, lokuð fullyrðing, lokuð yrðing",0,na,kvk,Eintala,<ref idTerm=1515>Yrðing</ref> sem inniheldur engar óþekktar <ref idTerm=5102>stærðir</ref>.,,,,,,,"closed formula, closed statement, sentence",0,,,,,,,,3036
lokuð vörpun,0,na,kvk,Eintala,,,,,,,,closed mapping,0,,,,,,,,3037
lokuð þakning,0,na,kvk,Eintala,,,,,,,,closed covering,0,,,,,,,,3038
lokunarvirki,0,na,kk,Eintala,,,,,,,,closure operator,0,,,,,,,,3039
"lota, raðstig",0,na,,Eintala,,,,,,,,"(of an element in a group) order, period",0,,,,,,,,3040
"lota, umferð",0,na,kvk,Eintala,,,,,,,,period,0,,,,,,,,3041
lotubinding,0,na,kvk,Eintala,,,,,,,,periodicity,0,,,,,,,,3042
lotubundið flökt,0,na,hk,Eintala,,,,,,,,"(periodic fluctuation) cycle, periodic fluctuation",0,,,,,,,,3043
lotubundið keðjubrot,0,na,hk,Eintala,,,,,,,,"periodic continued fraction, recurrent continued fraction, recurring continued fraction",0,,,,,,,,3044
"lotubundinn, umferðar-",0,,,,,,,,,,,"periodic, periodical",0,,,,,,,,3048
lotubundin framlenging,0,na,kvk,Eintala,,,,,,,,periodic continuation,0,,,,,,,,3045
"lotubundin Markov-keðja, rásuð Markov-keðja",0,na,kvk,Eintala,,,,,,,,cyclic Markov chain,0,,,,,,,,3046
lotubundin úrtakskönnun,0,na,kvk,Eintala,,,,,,,,rotation sampling,0,,,,,,,,3047
"lotufall, lotubundið fall",0,na,hk,Eintala,<ref idTerm=1078>Fall</ref> \(f: \mathbb{R} \to \mathbb{R}\) er sagt vera \textit{lotubundið} ef til er <ref idTerm=4093>rauntala</ref> \(p > 0\) þannig að fyrir öll \(x \in \mathbb{R}\) gildi: \[ f(x + p) = f(x). \] Talan \(p\) kallast þá \textit{lota} fallsins.,<ref idTerm=5673>Tvinngild föll</ref> geta verið lotubundin meðfram <ref idTerm=5416>raunásnum</ref> annars vegar eða <ref idTerm=6473>þverásnum</ref> hins vegar. Ef fall er lotubundið meðfram báðum ásum kallast það \textit{tvílotubundið},,,,,,periodic function,0,,,,,,,,3049
lotugrind,0,na,kvk,Eintala,,,,,,,"group of periods, period group",lattice of periods,0,,,,,,,,3050
lotugrunnur,0,na,kk,Eintala,,,,,,,,primitive period system,0,,,,,,,,3051
lotugrúpa,0,na,kvk,Eintala,,,,,,,lattice of periods,"group of periods, period group",0,,,,,,,,3052
loturæma,0,na,kvk,Eintala,,,,,,,,period strip,0,,,,,,,,3053
lotusamhliðungur,0,na,kk,Eintala,,,,,,,,period parallelotope,0,,,,,,,,3054
lotusamsíðungur,0,na,kk,Eintala,,,,,,,,"parallelogram of periods, period parallelogram",0,,,,,,,,3055
"lotusamsíðungur, lotusamhliðungur",0,na,kk,Eintala,,,,,,,,periodogram,0,,,,,,,,3056
lotusvæði,0,na,hk,Eintala,,,,,,,,period region,0,,,,,,,,3057
"lotutugabrot, umferðartugabrot",0,na,hk,Eintala,,,,,,,,"circulating decimal, periodic decimal, recurring decimal, repeating decimal",0,,,,,,,,3058
lotutvennd,0,na,kvk,Eintala,,,,,,,,period pair,0,,,,,,,,3059
lóðhnit,0,na,hk,Eintala,Sjá skýringu við <ref idTerm=6595>kartesk slétta</ref>.,,,,,,abscissa,ordinate,0,,,,,,,,2973
"lóðlína, þverlína, þverill",0,na,kvk,Eintala,\textit{Þverill} á <ref idTerm=2911>línu</ref> \(l\) er lína \(m\) sem myndar <ref idTerm=4167>rétt horn</ref> við \(l\).,,,,,,,"perpendicular, perpendicular line",0,,,,,,,,2975
lóðmengi,0,na,hk,Eintala,,,,,,,,ordinate set,0,,,,,,,,2976
lóðréttur,0,ls,kk,Eintala,,,,,,,,perpendicular,0,,,,,,,,2978
lóðréttur,0,ls,kk,Eintala,,,,,,,horizontal,vertical,0,,,,,,,,2979
lóðrétt ofanvarp,0,na,hk,Eintala,,,,,,,,vertical projection,0,,,,,,,,2977
lúpa,0,na,kvk,Eintala,,,,,,,,(in algebra) loop,0,,,,,,,,3060
lyfta,0,sag,,,,,,,,,,lift,0,,,,,,,,3061
lyfting,0,na,kvk,Eintala,,,,,,,,"lifting, lift",0,,,,,,,,6601
lygaraþversögn,0,na,kvk,Eintala,,,,,,,,liar paradox,0,,,,,,,,3062
"lykkjuheildi, lykkjutegur, heildi yfir lokaðan feril, tegur yfir lokaðan feril",0,na,hk,Eintala,,,,,,,"line integral, path integral",contour integral,0,,,,,,,,3063
lykkjurúm,0,na,hk,Eintala,,,,,,,,loop space,0,,,,,,,,3064
lýsandi tölfræði,0,na,kvk,Eintala,,,,,,,,descriptive statistics,0,,,,,,,,3065
"lægri miðjuruna, lægri miðjuturn",0,na,,Eintala,,,,,,,,lower central series,0,,,,,,,,2750
"lægsta stak, neðsta stak, fyrsta stak, minnsta stak",0,na,hk,Eintala,,,,,,,min,"first element, least element, minimum, minimum element, smallest element",0,,,,,,,,2751
lækka niður,0,sag,,,,,,,,,,round down,0,,,,,,,,2752
lækkun,0,na,kvk,Eintala,,,,,,,,"round-down, rounding down",0,,,,,,,,2753
lækkunarskekkja,0,na,kvk,Eintala,,,,,,,,round-down error,0,,,,,,,,2754
"lögbundinn, orsaka-, orsakar-",0,,,,,,,,,,,causal,0,,,,,,,,2981
löggengur,0,ls,kk,Eintala,,,,,,,,deterministic,0,,,,,,,,2983
löggeng bestun,0,na,kvk,Eintala,,,,,,,,deterministic optimization,0,,,,,,,,2982
"lögmál Bortkiewicz, markgildissetning Poissons, lögmál lítils fjölda, lögmál sjaldgæfra atburða",0,na,,Eintala,,,,,,,,"Bortkiewicz law, law of rare events, law of small numbers, Poisson's limit theorem",0,,,,,,,,2984
"lögmál mikils fjölda, meðalgildislögmál",0,na,hk,Eintala,,,,,,,,law of large numbers,0,,,,,,,,2985
lögmál minnstu verkunar,0,na,hk,Eintala,,,,,,,,law of least action,0,,,,,,,,2986
lögmál um annað tveggja,0,na,hk,Eintala,<ref idTerm=1452>Frumsenda</ref> í <ref idTerm=4642>sígildri rökfræði</ref> sem segir að um allar <ref idTerm=1515>yrðingar</ref> \(p\) gildi annaðhvort að \(p\) sé <ref idTerm=6659>sönn</ref> eða að \(\lnot p\) sé sönn.,,,,,,,"law of excluded middle, principle of the excluded middle, tertium non datur",0,,,,,,,,2987
lögmál um ofurendanlega þrepun,0,na,hk,Eintala,,,,,,,,principle of transfinite induction,0,,,,,,,,2988
"lögmál um stærðfræðilega þrepun, þrepunarlögmál",0,na,hk,Eintala,,,,,,,induction axiom,"induction principle, principle of complete induction, principle of induction, principle of mathematical induction",0,,,,,,,,2989
"lögmál um takmörkun í jöfnum mæli, lögmál um skorðun í jöfnum mæli, jafnmælisskorðunarlögmál",0,na,hk,Eintala,,,,,,,,"principle of uniform boundedness, uniform-boundedness principle",0,,,,,,,,2990
"lögmál, regla",0,na,,Eintala,,,,,,,theorem,law,0,,,,,,,,2991
"lögun, snið, gerð, mót",0,na,,Eintala,,,,,,,,"form, shape",0,,,,,,,,3006
l'Hôpital-regla,0,na,kvk,Eintala,,,,,,,,"l'Hôpital's rule, L'Hospital's rule",0,,,,,,,,2749
magn,0,na,hk,Eintala,,,,,,,,amount,0,,,,,,,,3080
magn,0,na,hk,Eintala,,,,,,,"absolute value, area, content, estimate, length, measure, modulus, norm, quantity, volume",magnitude,0,,,,,,,,3081
magnaralaus,0,ls,,Eintala,,,,,,,,quantifier-free,0,,,,,,,,3082
"magnari, magnvirki, kvantari, kvöðull",0,na,kk,Eintala,,,,,,,,quantifier,0,,,,,,,,3083
magur,0,ls,kk,Eintala,,,,,,,,meagre,0,,,,,,,,3084
"magurt mengi, magurt hlutmengi",0,na,hk,Eintala,,,,,,,,"meagre set, meagre subset, set of the first category, thin set",0,,,,,,,,3085
margblaða flötur,0,na,kk,Eintala,,,,,,,,many-sheeted surface,0,,,,,,,,3098
"margbreytuaðhvarf, fjölbreytuaðhvarf",0,na,hk,Eintala,,,,,,,,multiple regression,0,,,,,,,,3099
margein samsvörun,0,na,kvk,Eintala,,,,,,,,many-one correspondence,0,,,,,,,,3100
margfalda,0,sag,,,,,,,,,,multiply,0,,,,,,,,3101
margfaldanlegur,0,ls,kk,Eintala,,,,,,,,multipliable,0,,,,,,,,3105
margfaldari,0,na,kk,Eintala,,,,,,,"factor, multiplicand","multiplier, multiplicator",0,,,,,,,,3106
margfalda í kross,0,sag,,,,,,,,,,cross-multiply,0,,,,,,,,3102
margfalda í kross,0,sag,,,,,,,,,,multiply crosswise,0,,,,,,,,3103
margfalda upp úr sviga,0,sag,,,,,,,,,,multiply out,0,,,,,,,,3104
margfaldlega,0,at,,,,,,,,,,multiply,0,,,,,,,,3107
"margfaldlega samanhangandi, margfaldlega samhangandi",0,ls,kk,Eintala,,,,,,,,multiply connected,0,,,,,,,,3108
margfaldur,0,ls,kk,Eintala,,,,,,,,(of an eigenvalue) degenerate,0,,,,,,,,3109
margfaldur,0,ls,kk,Eintala,,,,,,,,multiple,0,,,,,,,,3110
margfaldur leggur,0,na,kk,Eintala,,,,,,,parallel edge,multiple edge,0,,,,,,,,3111
margfaldur punktur,0,na,kk,Eintala,,,,,,,,"multiple point, singular point",0,,,,,,,,3112
margfaldur samanburður,0,na,kk,Eintala,,,,,,,,multiple comparison,0,,,,,,,,3113
margfaldur snertill,0,na,kk,Eintala,,,,,,,,multiple tangent,0,,,,,,,,3114
"margfalt heildi, margfalt tegur",0,na,hk,Eintala,,,,,,,"iterated integral, repeated integral",multiple integral,0,,,,,,,,3115
margfalt próf,0,na,hk,Eintala,,,,,,,,multiple test,0,,,,,,,,3116
margfeldi,0,na,hk,Eintala,,,,,,,law of composition,composition,0,,,,,,,,3117
margfeldi,0,na,hk,Eintala,<ref idTerm=5102>Stærðin</ref> sem fæst með því að <ref idTerm=3141>margfalda</ref> tvær <ref idTerm=5397>tölur</ref> saman.,,,,,,,multiple,0,,,,,,,,3118
margfeldið fall,0,na,hk,Eintala,,,,,,,,multiplicative function,0,,,,,,,,3120
margfeldinn,0,ls,kk,Eintala,,,,,,,,multiplicative,0,,,,,,,,3121
"margfeldisfrumsenda, margfeldisfrumsetning",0,na,kvk,Eintala,,,,,,,axiom of choice,multiplicative axiom,0,,,,,,,,3122
"margfeldisgrannmynstur, faldgrannmynstur",0,na,hk,Eintala,,,,,,,,product topology,0,,,,,,,,3123
margfeldisregla,0,na,kvk,Eintala,,,,,,,,(for differentiation) product rule,0,,,,,,,,3124
"margfeldistákn, feldistákn, faldtákn",0,na,hk,Eintala,,,,,,,"multiplication sign, sign of multiplication",(the symbol \(\prod\)) product sign,0,,,,,,,,3125
"margfeldi, feldi, fald",0,na,hk,Eintala,,,,,,,"alternating product, bracket product, cartesian product, Cauchy product, continued product, cross product, direct product, dot product, dyadic product, exterior product, fibre product, fibred product, free product, Grassmann product, hermitian inner product, infinite product, inner product, interior product, logical product, matrix product, outer product, scalar product, set product, skew product, tensor product, torsion product, triple product, vector product, wedge product",product,0,,,,,,,,3119
margfeldni,0,na,kvk,Eintala,,,,,,,,(of an eigenvalue) degeneracy,0,,,,,,,,3126
margfeldni,0,na,kvk,Eintala,,,,,,,,multiplicity,0,,,,,,,,3127
margfeldni,0,na,kvk,Eintala,,,,,,,,(of a zero) order,0,,,,,,,,3128
margflötungsgrúpa,0,na,kvk,Eintala,,,,,,,,polyhedral group,0,,,,,,,,3129
margflötungshorn,0,na,hk,Eintala,,,,,,,,polyhedral angle,0,,,,,,,,3130
margflötungsnet,0,na,hk,Eintala,,,,,,,,polyhedral graph,0,,,,,,,,3131
margflötungstala,0,na,kvk,Eintala,,,,,,,figurate number,polyhedral number,0,,,,,,,,3132
"margflötungur, flötungur",0,na,kk,Eintala,,,,,,,,polyhedron,0,,,,,,,,3133
margföldun,0,na,kvk,Eintala,"\textit{Margföldun} tveggja <ref idTerm=3475>náttúrulegra talna</ref> \(n\) og \(m\), táknað \(n\cdot m\) eða \(nm\), er endurtekin <ref idTerm=4411>samlagning</ref> \(n\) við sjálfa sig \(m\) sinnum, þ.e.\n\n\[ m \cdot n = n + n + \cdots + n \quad (\text{\(m\) sinnum}). \] \n\nÞessi skilgreining útvíkkast í <ref idTerm=1896>heiltölur</ref> með því að skilgreina \((-n)\cdot m = n\cdot (-m) = -(n \cdot m)\) og \((-n)\cdot (-m)=n\cdot m\). Í framhaldi er auðvelt að útvikka skilgreininguna í <ref idTerm=4039>ræðar tölur</ref> með því að skilgreina\n\n\[ \frac{a}{b} \cdot \frac{c}{d} = \frac{a\cdot c}{b \cdot d} \] fyrir \(a,b,c,d \in \mathbb{Z}\), \(b,d\neq0\).",,,,,,multiplication law,multiplication,0,,,,,,,,3141
margföldunargrúpa,0,na,kvk,Eintala,,,,,,,,multiplicative group,0,,,,,,,,3148
margföldunarmerki,0,na,hk,Eintala,,,,,,,product sign,"multiplication sign, sign of multiplication",0,,,,,,,,3149
margföldunarsetning,0,na,kvk,Eintala,,,,,,,,multiplication theorem,0,,,,,,,,3150
margföldunarstofn,0,na,kk,Eintala,,,,,,,multiplier,multiplicand,0,,,,,,,,3151
margföldunartafla,0,na,kvk,Eintala,,,,,,,,multiplication table,0,,,,,,,,3152
margföldunar-,0,ls,,Eintala,,,,,,,,multiplicative,0,,,,,,,,6602
margföldun fjöldatalna,0,na,kvk,Eintala,,,,,,,,cardinal multiplication,0,,,,,,,,6603
"margföldun frá hægri, hægri margföldun",0,na,kvk,Eintala,,,,,,,,"multiplication on the right, postmultiplication, right multiplication",0,,,,,,,,6604
"margföldun frá vinstri, vinstri margföldun",0,na,kvk,Eintala,,,,,,,,"left multiplication, multiplication on the left, premultiplication",0,,,,,,,,6605
margföldun í kross,0,na,kvk,Eintala,,,,,,,,cross multiplication,0,,,,,,,,6606
"margföldun, reikniaðgerð rituð sem margföldun",0,na,kvk,Eintala,,,,,,,"multiplication, law of composition",multiplication law,0,,,,,,,,6607
margföld flokkun,0,na,kvk,Eintala,,,,,,,,"manifold classification, multiple classification",0,,,,,,,,6608
margföld núllstöð,0,,,Eintala,,,,,,,multiple root,multiple zero,0,,,,,,,,6609
margföld rakning,0,na,kvk,Eintala,,,,,,,,multiple recursion,0,,,,,,,,6610
margföld rót,0,na,kvk,Eintala,,,,,,,multiple zero,"multiple root, repeated root",0,,,,,,,,6611
margföld runa,0,ls,hk,Fleirtala,,,,,,,,multiple sequence,0,,,,,,,,6612
margföld röð,0,na,kvk,Eintala,,,,,,,,multiple series,0,,,,,,,,6613
margföld ör,0,na,kvk,Eintala,,,,,,,,multiple arc,0,,,,,,,,6614
marggildni,0,na,kvk,Eintala,,,,,,,,"many-valuedness, multiple-valuedness",0,,,,,,,,3156
marggildur,0,ls,kk,Eintala,,,,,,,,"many-valued, multiple-valued, multivalent, multivalued",0,,,,,,,,3157
marggild rökfræði,0,na,kvk,Eintala,,,,,,,,"many-valued logic, multivalued logic",0,,,,,,,,3154
marggild vörpun,0,na,kvk,Eintala,,,,,,,many-valued function,"many-valued mapping, multiple-valued mapping, multivalued mapping",0,,,,,,,,3155
marghliðungur,0,na,kk,Eintala,,,,,,,,"multilateral, polylateral",0,,,,,,,,3158
marghyrninganet,0,na,hk,Eintala,,,,,,,,polygonal net,0,,,,,,,,3159
marghyrningstala,0,na,kvk,Eintala,,,,,,,figurate number,polygonal number,0,,,,,,,,3160
"marghyrningur, hyrningur",0,na,kk,Eintala,<ref idTerm=4891>Flatarmynd</ref> sem samanstendur af <ref idTerm=1009>endanlega</ref> mörgum <ref idTerm=2958>línustrikum</ref> (sem kallast \textit{hliðar} marghyrningsins) þannig að sérhvert línustrik deili endapunkti með nákvæmlega einu öðru línustriki.,Hugtakið marghyrningur er oft notað til að vísa í <ref idTerm=832>einfalda marghyrninga</ref> en almennt mega hliðar marghyrnings skera hvor aðra.,,,,,"concave polygon, convex polygon, decagon, digon, dodecagon, enneagon, heptagon, hexagon, isogon, nonagon, octagon, pentadecagon, pentagon, quadrangle, reflex polygon, regular polygon, self-intersecting polygon, simple polygon, skew polygon, spherical digon, spherical polygon, triangle",polygon,0,,,,,,,,3161
margkynjuð tala,0,na,kvk,Eintala,,,,,,,,compound number,0,,,,,,,,3162
margliða með mörgum breytum,0,na,kvk,Eintala,,,,,,,,"multinomial, polynomial in several variables",0,,,,,,,,3163
margliðuaðhvarf,0,na,hk,Eintala,,,,,,,,polynomial regression,0,,,,,,,,3164
margliðubaugur,0,na,kk,Eintala,,,,,,,,polynomial ring,0,,,,,,,,3165
margliðufall,0,na,hk,Eintala,,,,,,,,polynomial function,0,,,,,,,,3166
margliðuíðal,0,na,hk,Eintala,,,,,,,,polynomial ideal,0,,,,,,,,3167
margliðujafna,0,na,kvk,Eintala,,,,,,,algebraic equation,polynomial equation,0,,,,,,,,3168
margliðujafna,0,na,kvk,Eintala,,,,,,,,polynomial identity,0,,,,,,,,3169
margliðuliðun,0,na,kvk,Eintala,,,,,,,,polynomial expansion,0,,,,,,,,3170
margliðunálgun,0,na,kvk,Eintala,,,,,,,,polynomial approximation,0,,,,,,,,3171
margliðuvöxtur,0,na,kk,Eintala,,,,,,,,polynomial growth,0,,,,,,,,3172
margliðuþáttun,0,na,kvk,Eintala,,,,,,,,polynomial factorization,0,,,,,,,,3173
"marglínulegur, fjöllínulegur",0,ls,kk,Eintala,,,,,,,,multilinear,0,,,,,,,,3175
"marglínuleg algebra, fjöllínuleg algebra",0,na,kvk,Eintala,,,,,,,,multilinear algebra,0,,,,,,,,3174
margra manna spil,0,na,hk,Eintala,,,,,,,,multi-person game,0,,,,,,,,3176
margræðni,0,na,kvk,Eintala,,,,,,,,non-uniqueness,0,,,,,,,,3178
margræð jafna,0,na,kvk,Eintala,,,,,,,,indeterminate equation,0,,,,,,,,3177
"margrætt jöfnukerfi, margrætt jöfnuhneppi",0,na,hk,Eintala,,,,,,,,indeterminate system of equations,0,,,,,,,,3179
"margstæð umsögn, umsögn með mörgum breytum",0,na,kvk,Eintala,,,,,,,relation,"many-place predicate, multiplace predicate",0,,,,,,,,3180
margtækur,0,ls,kk,Eintala,,,,,,,,multivalent,0,,,,,,,,3181
"margviðbætinn, margsamleggjandi",0,ls,kk,Eintala,,,,,,,,multi-additive,0,,,,,,,,3186
margvíður,0,ls,kk,Eintala,,,,,,,multivariate,"many-dimensional, multidimensional",0,,,,,,,,3187
margvíður,0,ls,kk,Eintala,,,,,,,multidimensional,multivariate,0,,,,,,,,3188
margvíð dreifing,0,na,kvk,Eintala,,,,,,,,"multidimensional distribution, multivariate distribution",0,,,,,,,,3182
margvíð dreifing,0,na,kvk,Eintala,,,,,,,,multivariate distribution,0,,,,,,,,3183
"margvíð fervikagreining, fjölbreytufervikagreining",0,na,kvk,Eintala,,,,,,,MANOVA,"analysis of dispersion, dispersion analysis, multivariate analysis of variance",0,,,,,,,,3184
margvíð tölfræði,0,na,kvk,Eintala,,,,,,,,multivariate statistics,0,,,,,,,,3185
margvítt rúm,0,na,hk,Eintala,,,,,,,,multidimensional space,0,,,,,,,,3189
margþrepa aðferð,0,na,kvk,Eintala,,,,,,,,multi-step method,0,,,,,,,,3191
"margþrepa bestun, margþrepabestun",0,na,kvk,Eintala,,,,,,,,multistage programming,0,,,,,,,,3192
margþrepa leikur,0,na,kk,Eintala,,,,,,,,multistage game,0,,,,,,,,3193
margþætt tala,0,na,kvk,Eintala,,,,,,,,highly composite number,0,,,,,,,,3190
"markfall, markgildisfall",0,na,hk,Eintala,,,,,,,,limit function,0,,,,,,,,3194
markgildi,0,na,hk,Eintala,,,,,,,,limit,0,,,,,,,,3195
markgildispunktur,0,na,kk,Eintala,,,,,,,"accumulation point, cluster point","limit point, limiting point",0,,,,,,,,3199
markgildissetning,0,na,kvk,Eintala,,,,,,,central limit theorem,limit theorem,0,,,,,,,,3200
"markgildissetning Bernoullis, Bernoulli-lögmál mikils fjölda",0,na,,Eintala,,,,,,,,Bernoulli's law of large numbers,0,,,,,,,,3201
markgildisstak,0,na,hk,Eintala,,,,,,,,limit element,0,,,,,,,,3202
markgildistaka,0,na,kvk,Eintala,,,,,,,,passage to the limit,0,,,,,,,,3203
"markgildi frá hægri, hægra markgildi",0,na,hk,Eintala,,,,,,,,"limit on the right, limit from above, limit from the right, limit to the right, right limit, right-hand limit",0,,,,,,,,3196
"markgildi frá vinstri, vinstra markgildi",0,na,hk,Eintala,,,,,,,,"left limit, left-hand limit, limit from below, limit from the left, limit on the left, limit to the left",0,,,,,,,,3197
markgildi í jöfnum mæli,0,na,hk,Eintala,,,,,,,,uniform limit,0,,,,,,,,3198
markmeðaltal,0,na,hk,Eintala,,,,,,,,"arithmetic-geometric mean, arithmetico-geometric mean",0,,,,,,,,3204
Markov-ferli,0,na,hk,Eintala,,,,,,,,"Markov process, Markov stochastic process, Markovian process",0,,,,,,,,3205
Markov-keðja,0,na,kvk,Eintala,,,,,,,,Markov chain,0,,,,,,,,3206
Markov-reiknanlegur,0,ls,kk,Eintala,,,,,,,,Markov-computable,0,,,,,,,,3207
markraðtala,0,na,kvk,Eintala,,,,,,,,"limit ordinal, limiting ordinal, ordinal of the second kind",0,,,,,,,,3208
markstaða,0,na,kvk,Eintala,,,,,,,,limiting position,0,,,,,,,,3209
marktekt,0,na,kvk,Eintala,,,,,,,,significance,0,,,,,,,,3212
"marktektarstig, prófstig",0,na,hk,Eintala,,,,,,,,significance level,0,,,,,,,,3213
marktilfelli,0,na,hk,Eintala,,,,,,,,limit case,0,,,,,,,,3214
marktækur,0,ls,kk,Eintala,,,,,,,,significant,0,,,,,,,,3210
marktækur tölustafur,0,na,kk,Eintala,,,,,,,valid digit,significant digit,0,,,,,,,,3211
"marktökulíkur, prófstig",0,na,,,,,,,,,,level of significance,0,,,,,,,,3215
markverður,0,ls,kk,Eintala,,,,,,,,non-trivial,0,,,,,,,,3216
massi,0,na,kk,Eintala,,,,,,,,mass,0,,,,,,,,3217
mat,0,na,hk,Eintala,,,,,,,,estimate,0,,,,,,,,3218
mat,0,na,hk,Eintala,,,,,,,,estimation,0,,,,,,,,3219
matsfræði,0,na,kvk,Eintala,,,,,,,,estimation theory,0,,,,,,,,3229
"mat að ofan, yfirmat",0,na,hk,Eintala,,,,,,,,"majorization, upper estimate",0,,,,,,,,3221
"mat, stikabundið mat",0,na,hk,Eintala,,,,,,,,"(in statistics) estimation, parametric estimation",0,,,,,,,,3222
mál,0,na,hk,Eintala,,,,,,,,measure,0,,,,,,,,3086
málalgebra,0,na,kvk,Eintala,,,,,,,,measure algebra,0,,,,,,,,3089
"málfræði, mælifræði",0,na,kvk,Eintala,,,,,,,,measure theory,0,,,,,,,,3090
málrúm,0,na,hk,Eintala,,,,,,,measurable space,measure space,0,,,,,,,,3092
"málrækinn, málheldinn",0,ls,kk,Eintala,,,,,,,,measure preserving,0,,,,,,,,3091
"málsamleitni, samleitni í máli",0,na,kvk,Eintala,,,,,,,,convergence in measure,0,,,,,,,,3093
málskipan,0,na,kvk,Eintala,,,,,,,,syntax,0,,,,,,,,3094
málskipanarbreyta,0,na,kvk,Eintala,,,,,,,metavariable,syntactic variable,0,,,,,,,,3095
málskipanarfræði,0,na,kvk,Eintala,,,,,,,,syntax,0,,,,,,,,3096
málskipti,0,na,hk,Fleirtala,,,,,,,,change of measure,0,,,,,,,,3097
mál fyrstu stéttar,0,na,hk,Eintala,,,,,,,,first-order language,0,,,,,,,,3087
"mál, tungumál",0,na,hk,Eintala,,,,,,,"artificial language, formal language, formalized language, machine language, metalanguage, object language",language,0,,,,,,,,3088
mát,0,na,hk,Eintala,,,,,,,,(of an elliptic function) modulus,0,,,,,,,,3220
mátað við,0,,,,,,,,,,,modulo,0,,,,,,,,3223
mátfall,0,na,hk,Eintala,,,,,,,,modular function,0,,,,,,,,3224
mátform,0,na,hk,Eintala,,,,,,,,modular form,0,,,,,,,,3225
mátgrúpa,0,na,kvk,Eintala,,,,,,,,modular group,0,,,,,,,,3227
mátgæði,0,na,hk,Fleirtala,,,,,,,,goodness of fit,0,,,,,,,,3226
mátrúm,0,na,hk,Eintala,,,,,,,,moduli space,0,,,,,,,,3228
mátstikar,0,na,kk,Fleirtala,,,,,,,,moduli,0,,,,,,,,3230
mátverkefni,0,na,hk,Eintala,,,,,,,,moduli problem,0,,,,,,,,3231
meðalferskekkja,0,na,kvk,Eintala,,,,,,,"root-mean-square error, standard error",mean square error,0,,,,,,,,3235
"meðalfervik úrtaks, úrtaksdreifni",0,na,,Eintala,,,,,,,,"sample variance, sample dispersion",0,,,,,,,,3236
"meðalfervik, dreifni, brigði",0,na,,Eintala,,,,,,,,"dispersion, variance, mean square deviation",0,,,,,,,,3237
meðalframleiðslugæði,0,na,hk,Fleirtala,,,,,,,,average outgoing quality,0,,,,,,,,3238
meðalfrávik,0,na,hk,Eintala,,,,,,,,"average deviation, mean deviation",0,,,,,,,,3239
meðalgildi,0,na,hk,Eintala,,,,,,,"average, mean","average value, mean value",0,,,,,,,,3240
meðalgildiseiginleiki,0,na,kk,Eintala,,,,,,,,mean value property,0,,,,,,,,3241
meðalgildissetning,0,na,kvk,Eintala,,,,,,,,mean value theorem,0,,,,,,,,3242
"meðalkrappi, meðalsveigja",0,na,,Eintala,,,,,,,,mean curvature,0,,,,,,,,3243
meðalmunur,0,na,kk,Eintala,,,,,,,,mean difference,0,,,,,,,,3244
meðalreisn,0,na,kvk,Eintala,,,,,,,,mesokurtosis,0,,,,,,,,3245
meðalreistur,0,ls,kk,Eintala,,,,,,,"kurtosis, leptokurtic, platikurtic",mesokurtic,0,,,,,,,,3246
"meðalsamleitni, meðaltalssamleitni, samleitni í \(L_1\)-staðli",0,na,kvk,Eintala,,,,,,,,convergence in the mean,0,,,,,,,,3247
meðalskekkja,0,na,kvk,Eintala,,,,,,,,"average error, mean error",0,,,,,,,,3248
meðalstærð úrtaks,0,na,kvk,Eintala,,,,,,,,average sample number,0,,,,,,,,3249
"meðaltal, hreint meðaltal, venjulegt meðaltal",0,na,hk,Eintala,,,,,,,,"arithmetic mean, arithmetic average, ordinary arithmetic mean",0,,,,,,,,3251
meðaltap,0,na,hk,Eintala,,,,,,,,"average loss, expected loss",0,,,,,,,,3252
meðalþéttleiki,0,na,kk,Eintala,,,,,,,,mean density,0,,,,,,,,3253
"meðal-, meðaltals-, að meðaltali",0,,,,,,,,,,,average,0,,,,,,,,3234
með endanleg gildi,0,,,,,,,,,,,"finitely valued, finite-valued",0,,,,,,,,3232
með sömu brennipunkta,0,,,,,,,,,,,confocal,0,,,,,,,,3233
"meginákveða, höfuðákveða",0,na,kvk,Eintala,,,,,,,,principal determinant,0,,,,,,,,3255
meginás,0,na,kk,Eintala,,,,,,,"conjugate axis, focal axis, minor axis, principal axis","(of a hyperbola) major axis, transverse axis",0,,,,,,,,3256
"meginásafærsla, höfuðásafærsla",0,na,kvk,Eintala,,,,,,,,principal axis transformation,0,,,,,,,,3258
meginásasetning,0,na,kvk,Eintala,,,,,,,,principal axes theorem,0,,,,,,,,3259
megináslausn,0,na,kvk,Eintala,,,,,,,,principal axis solution,0,,,,,,,,3260
"meginás, höfuðás",0,na,kk,Eintala,,,,,,,,principal axis,0,,,,,,,,3257
"megingrein, höfuðgrein",0,na,kvk,Eintala,,,,,,,,principal branch,0,,,,,,,,3261
meginhorn,0,na,hk,Eintala,,,,,,,,principal argument,0,,,,,,,,3262
meginhringur,0,na,kk,Eintala,,,,,,,,principal circle,0,,,,,,,,3263
"meginhringur, meginhvirfilhringur, hjálparhringur",0,na,kk,Eintala,,,,,,,"eccentric circle, minor circle","(of a conic) auxiliary circle, major circle",0,,,,,,,,3264
"meginkrappastefna, höfuðkrappastefna, meginsveigjustefna, höfuðsveigjustefna",0,na,kvk,Eintala,,,,,,,,"direction of principal curvature, principal direction",0,,,,,,,,3265
"meginmarkgildissetning tölfræðinnar, höfuðsetning tölfræðinnar",0,na,kvk,Eintala,,,,,,,,central limit theorem,0,,,,,,,,3266
meginþáttur,0,na,kk,Eintala,,,,,,,,principal component,0,,,,,,,,3267
"meginþverill, höfuðþverill",0,na,kk,Eintala,,,,,,,,"first normal, principal normal",0,,,,,,,,3268
"megin-, höfuð-, aðal-",0,pref,,,,,,,,,,principal,0,,,,,,,,3254
meirihlutaákvörðun,0,na,kvk,Eintala,,,,,,,,majority decision,0,,,,,,,,3269
mengjaaðgerð,0,na,kvk,Eintala,,,,,,,,"set operation, set-theoretical operation",0,,,,,,,,3271
mengjaalgebra,0,na,kvk,Eintala,,,,,,,,"algebra of subsets, field of sets",0,,,,,,,,3272
mengjaalgebra,0,na,kvk,Eintala,,,,,,,,set algebra,0,,,,,,,,3273
mengjafall,0,na,hk,Eintala,,,,,,,,set function,0,,,,,,,,3274
mengjafræði,0,na,kvk,Eintala,,,,,,,"axiomatic set theory, Cantorian set theory, classical set theory, naive set theory",set theory,0,,,,,,,,3275
mengjafræðilegur,0,ls,kk,Eintala,,,,,,,,"set-theoretical, set-theoretic",0,,,,,,,,3276
mengjagildur,0,ls,kk,Eintala,,,,,,,,set-valued,0,,,,,,,,3277
mengjahlutvera,0,na,kvk,Eintala,,,,,,,inclusion,set-inclusion,0,,,,,,,,3278
"mengjamargfeldi, faldmengi, Kartesarmargfeldi, karteskt margfeldi",0,na,hk,Eintala,"\textit{Faldmengi} tveggja <ref idTerm=3270>mengja</ref> \(X\) og \(Y\), táknað \(X \times Y\), er mengi <ref idTerm=5627>para</ref> \((x,y)\) þannig að \(x \in X\) og \(y \in Y\).",Almennt ef \(I \subseteq \mathbb{N}\) er <ref idTerm=457>bil</ref> og \(\left(X_i\right)_{i \in I}\) er <ref idTerm=3684>runa</ref> af mengjum þá er faldmengi þeirra skilgreint sem mengi runa \((x_i)_{i \in I}\) þannig að \(x_i \in X_i\) fyrir öll \(i \in I\).,,,,,direct product,"cartesian product, cross product, outer product, set product",0,,,,,,,,3279
"mengjamunur, mengjamismunur",0,na,kk,Eintala,\textit{Mengjamunur} tveggja <ref idTerm=3270>mengja</ref> \(A\) og \(B\) er mengi þeirra <ref idTerm=5128>staka</ref> sem eru í \(A\) en ekki í \(B\). Þetta mengi er táknað með \(A \setminus B\) (lesið: \(A\) án \(B\)) og það má rita á forminu \[ A \setminus B = \{x \in A \mid x \notin B\}. \],"Óformlega má segja að mengjamunurinn \(A \setminus B\) sé sá hluti mengisins \(A\) sem er utan mengisins \(B\) og á <ref idTerm=6050>Venn-myndinni</ref> hér að neðan er hann litaður rauður:\n\n\begin{center}\n\includegraphics[width=150px]{myndir/mengjamunur.png}\n\end{center}\n\nFyrir öll mengi \(A\) og \(B\) má rita mengjamuninn \(A \setminus B\) sem <ref idTerm=4928>sniðmengi</ref> \(A\) og <ref idTerm=1553>fyllimengis</ref> \(B\), þ.e. \[ A \setminus B = A \cap B^c. \] Jafnframt gildir fyrir öll mengi \(A\) að \(A \setminus \varnothing = A\) og \(A \setminus A = \varnothing\).",,,,,complement,"(of sets) difference, relative complement",0,,,,,,,,3280
mengjaríki,0,na,hk,Eintala,,,,,,,,category of sets,0,,,,,,,,3281
vörpun,0,na,kvk,Eintala,\textit{Vörpun} \(f: X \to Y\) frá <ref idTerm=3270>mengi</ref> \(X\) yfir í mengið \(Y\) er forskrift eða regla sem úthlutar sérhverju <ref idTerm=5128>staki</ref> úr \(X\) nákvæmlega einu staki úr \(Y\). Mengið \(X\) kallast \textit{skilgreiningarmengi} vörpunarinnar og mengið \(Y\) kallast \textit{bakmengi} hennar.,"Í <ref idTerm=3275>mengjafræði</ref> er vörpun \(f : X \to Y\) skilgreind sem <ref idTerm=6051>vensl</ref> sem uppfylla eftirfarandi tvö <ref idTerm=4797>skilyrði</ref>:\n\n\begin{enumerate}\n    \item Sérhvert stak \(x \in X\) er <ref idTerm=0>venslað við</ref> eitthvert stak \(y \in Y\)\n    \item Ef \(x \in X\) er venslað við \(y \in Y\) og \(x\) er einnig venslað við \(z \in Y\), þá gildir \(y = z\) \n\end{enumerate}\n\nFyrra skilyrðið tryggir að vörpunin sé skilgreind á öllu <ref idTerm=1343>formengi</ref> sínu og seinna skilyrðið tryggir það að vörpunin taki ekki mörg <ref idTerm=5968>gildi</ref> í einum <ref idTerm=4001>punkti</ref>.",,,,,,mapping of sets,0,,,,,,,,3282
merkingafræði,0,na,kvk,Eintala,,,,,,,,semantics,0,,,,,,,,3283
Mersenne-frumtala,0,na,kvk,Eintala,,,,,,,,Mersenne prime,0,,,,,,,,3284
meta,0,sag,,,,,,,,,,estimate,0,,,,,,,,3285
"metakerfi, stigveldi",0,na,hk,Eintala,,,,,,,,hierarchy,0,,,,,,,,3287
"meta að ofan, yfirmeta",0,sag,,,,,,,,,,majorize,0,,,,,,,,3286
metill,0,na,kk,Eintala,,,,,,,,"estimator, estimating function",0,,,,,,,,3288
mettaður,0,ls,kk,Eintala,,,,,,,,saturated,0,,,,,,,,3290
mettað mengi,0,na,hk,Eintala,,,,,,,,saturated set,0,,,,,,,,3289
mettun,0,na,kvk,Eintala,,,,,,,,saturation,0,,,,,,,,3291
"miðalína, jafnveldislína",0,na,kvk,Eintala,,,,,,,,radical axis,0,,,,,,,,3295
"miðamiðja, jafnveldismiðja",0,na,kvk,Eintala,,,,,,,,radical center,0,,,,,,,,3296
"miðaslétta, jafnveldisslétta",0,na,kvk,Eintala,,,,,,,,radical plane,0,,,,,,,,3297
miðbaugur,0,na,kk,Eintala,,,,,,,,equator,0,,,,,,,,3298
miðgildispróf,0,na,hk,Eintala,,,,,,,,median test,0,,,,,,,,3300
"miðgildi, miðtala",0,na,,Eintala,,,,,,,,(in statistics) median,0,,,,,,,,3299
"miðhlutfallajafna, samfelld hlutfallajafna",0,na,kvk,Eintala,,,,,,,,"proportion with equal means, proportion by extreme and mean ratio",0,,,,,,,,3302
miðhlutfalla stærð,0,na,kvk,Eintala,,,,,,,"geometric average, geometric mean",mean proportional,0,,,,,,,,3301
"miðja sjónhorfsmyndunar, sjónhorfsmiðja",0,na,kvk,Eintala,,,,,,,centre of perspective,"centre of perspectivity, centre of homology",0,,,,,,,,3303
"miðja, miðdepill, miðpunktur",0,na,,Eintala,,,,,,,,"(in geometry) centre, central point, centrum",0,,,,,,,,3304
miðjufjarlægð,0,na,kvk,Eintala,,,,,,,,centre-to-centre distance,0,,,,,,,,3305
"miðjuhorn, miðpunktshorn",0,na,hk,Eintala,,,,,,,,central angle,0,,,,,,,,3306
miðjungur,0,na,kk,Eintala,,,,,,,,"centralizer, commutant",0,,,,,,,,3307
"miðjuofanvarp, miðjuvarp, keiluofanvarp",0,na,hk,Eintala,,,,,,,,"central projection, conic projection",0,,,,,,,,3308
"miðjuruna, miðjuturn",0,na,,Eintala,,,,,,,,central series,0,,,,,,,,3309
"miðjusamhverfni, miðjusamhvarf",0,na,,Eintala,,,,,,,,central symmetry,0,,,,,,,,3310
"miðjusamhverfur, samhverfur um punkt",0,ls,kk,Eintala,,,,,,,,"centrosymmetric, centrally symmetric, centrally symmetrical, centrosymmetrical",0,,,,,,,,3311
miðjusjónhorf,0,na,hk,Eintala,,,,,,,,central perspective,0,,,,,,,,3312
miðjustak,0,na,hk,Eintala,,,,,,,,central element,0,,,,,,,,3313
miðjuvíðátta,0,na,kvk,Eintala,,,,,,,,centre manifold,0,,,,,,,,3314
miðliður,0,na,kk,Eintala,,,,,,,,middle term,0,,,,,,,,3315
miðlína,0,na,kvk,Eintala,,,,,,,,"(of a trapezoid) median, meanline, midline",0,,,,,,,,3316
miðlína,0,na,kvk,Eintala,<ref idTerm=2911>Lína</ref> sem fer í gegnum <ref idTerm=3661>oddpunkt</ref> <ref idTerm=6438>þríhyrnings</ref> og <ref idTerm=3319>miðpunkt</ref> <ref idTerm=3396>mótlægrar hliðar</ref>.,,,,,,,(of a triangle or tetrahedron) median,0,,,,,,,,3317
miðmunur,0,na,kk,Eintala,,,,,,,,central difference,0,,,,,,,,3318
miðpunktur,0,na,kk,Eintala,<ref idTerm=4001>Punktur</ref> á <ref idTerm=2958>línustriki</ref> sem er í sömu fjarlægð frá endapunktum þess.,,,,,,,"bisecting point, middle point, midpoint",0,,,,,,,,3319
miðsettur,0,ls,kk,Eintala,,,,,,,,centred,0,,,,,,,,3323
"miðsett hending, miðsett slembibreyta",0,na,kvk,Eintala,,,,,,,,"centralized random variable, centred random variable",0,,,,,,,,3320
miðsett úrtak,0,na,hk,Eintala,,,,,,,,centred sample,0,,,,,,,,3321
miðsett vikbil,0,na,hk,Eintala,,,,,,,,central confidence interval,0,,,,,,,,3322
miðslétta,0,na,kvk,Eintala,,,,,,,,"median plane, middle plane, midplane",0,,,,,,,,3324
miðstrengur,0,na,kk,Eintala,Sjá skýringu við <ref idTerm=5261>strengur</ref>.,,,,,,,(of a central conic) diameter,0,,,,,,,,3325
miðtengilína,0,na,kvk,Eintala,,,,,,,,centre line,0,,,,,,,,3326
"miðþverill, miðþverlína",0,na,,Eintala,<ref idTerm=2911>Lína</ref> sem liggur í gegnum <ref idTerm=3319>miðpunkt</ref> annarrar línu og er <ref idTerm=6469>hornrétt</ref> á hana.,,,,,,,(of a line segment in the plane)) mid-perpendicular,0,,,,,,,,3328
miðþverslétta,0,na,kvk,Eintala,,,,,,,,(of a line segment in space) mid-perpendicular,0,,,,,,,,3329
"mið (punkts) við kúlu, veldi (punkts) við kúlu",0,na,hk,Eintala,,,,,,,power,spherical power,0,,,,,,,,3292
"mið, veldi",0,na,hk,Eintala,,,,,,,spherical power,(of a point with respect to a circle or sphere) power,0,,,,,,,,3294
"mið-, miðju-, miðpunkts-",0,pref,,,,,,,,,,central,0,,,,,,,,3293
miklu minni,0,ls,,,,,,,,,,"much less, much smaller",0,,,,,,,,3330
miklu stærri,0,ls,,,,,,,,,,"much greater, much larger",0,,,,,,,,3331
milligildi,0,na,hk,Eintala,,,,,,,,intermediate value,0,,,,,,,,3333
milligildissetning,0,na,kvk,Eintala,,,,,,,,intermediate value theorem,0,,,,,,,,3334
milliliðalaus fáguð framlenging,0,na,kvk,Eintala,,,,,,,,direct analytic continuation,0,,,,,,,,3335
"milliliður, innliður",0,na,kk,Eintala,,,,,,,,"(of a proportion) mean, mean term",0,,,,,,,,3336
millimetrapappír,0,na,kk,Eintala,,,,,,,,millimeter squared paper,0,,,,,,,,3337
millireikningur,0,na,kk,Eintala,,,,,,,,intermediate calculation,0,,,,,,,,3338
millisvið,0,na,hk,Eintala,,,,,,,,intermediate field,0,,,,,,,,3339
"milli, á milli",0,,,,,,,,,,,between,0,,,,,,,,3332
millumleikafrumsenda,0,na,kvk,Eintala,,,,,,,"axiom of order, order axiom","axiom of betweenness, betweenness axiom",0,,,,,,,,3340
"millumleikafrumsenda, millumleikafrumsetning",0,na,,Eintala,,,,,,,"axiom of order, order axiom","betweenness axiom, axiom of betweenness",0,,,,,,,,6616
millumleikavensl,0,na,hk,Fleirtala,,,,,,,,betweenness relation,0,,,,,,,,3341
millumleiki,0,na,kk,Eintala,,,,,,,,betweenness,0,,,,,,,,3342
Minkowski-rúm,0,na,hk,Eintala,,,,,,,,Minkowski space,0,,,,,,,,3343
Minkowski-rúmfræði,0,na,kvk,Eintala,,,,,,,,Minkowski geometry,0,,,,,,,,3344
minni,0,na,hk,Eintala,,,,,,,,memory,0,,,,,,,,3345
"minni eða jafn, minni en eða jafn og, frekar minni",0,,,,,,,,,,,less than or equal to,0,,,,,,,,3346
"minni, smærri",0,ls,,,,,,,,,smaller,less,0,,,,,,,,3347
"minni, smærri",0,ls,,,,,,,,,less,smaller,0,,,,,,,,3348
minnkandi atburðaruna,0,na,kvk,Eintala,,,,,,,,descending sequence of events,0,,,,,,,,3350
"minnkandi, fallandi, lækkandi",0,ls,,,,,,,,,strictly decreasing,"antitone, antitonic, decreasing, monotonically decreasing, non-increasing",0,,,,,,,,3351
"minnka, falla, lækka",0,sag,,,,,,,,,,decrease,0,,,,,,,,3349
minnsta frávik,0,na,hk,Eintala,,,,,,,,best approximation,0,,,,,,,,3352
"minnsta samfeldi, minnsta sameiginlega margfeldi",0,na,hk,Eintala,"<ref idTerm=3347>Minnsta</ref> <ref idTerm=4343>\textit{samfeldi}</ref> tveggja <ref idTerm=1896>heiltalna</ref> \(n\) og \(m\), táknað \(\text{lcm}(n,m)\).","Til þess að finna minnsta samfeldi talna \(n\) og \(m\) er byrjað á að <ref idTerm=5824>frumþátta</ref> þær. Ef \(p_{1},\ldots,p_{k}\) eru allir þeir frumþættir sem tilheyra að minnsta kosti annarri tölunni \(n\) eða \(m\), og \(a_{1},\ldots,a_{k}\) og \(b_{1},\ldots,b_{k}\) eru margfeldni þeirra í \(n\) og \(m\), þá er minnsta samfeldi þeirra:\n\n\[ \text{lcm}(n,m) = {p_{1}}^{c_{1}} \cdot {p_{2}}^{c_{2}} \cdot \ldots \cdot {p_{k-1}}^{c_{k-1}} \cdot {p_{k}}^{c_{k}} \] \n\nþar sem \(c_{i}=\max\{a_{i}, b_{i}\}\).",,,,,l. c. m.\ekkipunktur,"least common multiple, lowest common multiple, smallest common multiple",0,,,,,,,,3353
"minnsta stig, lágstig",0,na,hk,Eintala,,,,,,,,"minimal degree, minimal valency",0,,,,,,,,3354
minnsti samnefnari,0,na,kk,Eintala,,,,,,,,"least common denominator, lowest common denominator",0,,,,,,,,3355
misgeng ósamfelldni,0,na,kvk,Eintala,,,,,,,,jump discontinuity,0,,,,,,,,3360
"misgilding, misgildi",0,na,,Eintala,,,,,,,,"alternation, alternative, exclusive disjunction, material non-equivalence, non-equivalence",0,,,,,,,,3361
"mishverft fall, misvíxlið fall",0,na,hk,Eintala,,,,,,,antisymmetric function,alternating function,0,,,,,,,,3363
"mishverft fylki, misvíxlið fylki",0,na,hk,Eintala,,,,,,,antisymmetric matrix,alternating matrix,0,,,,,,,,3364
"mishverft tvílínulegt form, misvíxlið tvílínulegt form",0,na,hk,Eintala,,,,,,,"antisymmetric bilinear form, inner product, scalar product","alternating bilinear form, symplectic bilinear form",0,,,,,,,,3365
mishverfur hnútur,0,na,kk,Eintala,,,,,,,,alternating knot,0,,,,,,,,3366
"mishverfur, misvíxlinn",0,ls,kk,Eintala,,,,,,,,alternating,0,,,,,,,,3367
"mishverf marglínuleg vörpun, misvíxlin marglínuleg vörpun",0,na,kvk,Eintala,,,,,,,,alternating multilinear mapping,0,,,,,,,,3362
misleitur,0,ls,kk,Eintala,,,,,,,,"(of coordinates) inhomogeneous, non-homogeneous",0,,,,,,,,3370
misleit hnit,0,na,hk,Fleirtala,,,,,,,,inhomogeneous coordinates,0,,,,,,,,3369
mislægar línur,0,na,kvk,Fleirtala,,,,,,,,skew lines,0,,,,,,,,3368
mismunaaðferð,0,na,kvk,Eintala,,,,,,,,difference method,0,,,,,,,,3371
mismunaaðferð,0,na,kvk,Eintala,,,,,,,,finite difference method,0,,,,,,,,3372
"mismunahlutfall, mismunakvóti",0,na,,Eintala,,,,,,,"gradient, rate of change","difference quotient, divided difference",0,,,,,,,,3373
mismunajafna,0,na,kvk,Eintala,,,,,,,,difference equation,0,,,,,,,,3374
mismunareikningur,0,na,kk,Eintala,,,,,,,,"calculus of finite differences, calculus of differences",0,,,,,,,,3375
mismunavirki,0,na,kk,Eintala,,,,,,,,difference operator,0,,,,,,,,3376
"missamhverfur, mishverfur",0,ls,kk,Eintala,,,,,,,,"asymmetric, asymmetrical",0,,,,,,,,3378
"missamhverf vensl, mishverf vensl",0,na,hk,Fleirtala,,,,,,,,asymmetric relation,0,,,,,,,,3377
"misstór, misjafn",0,ls,kk,Eintala,,,,,,,,unequal,0,,,,,,,,3379
"mínus, mínusmerki, frádráttarmerki",0,na,,Eintala,,,,,,,,"minus, minus mark, minus sign, minus symbol, sign of subtraction, subtraction sign",0,,,,,,,,3356
"mínus, mínusmerki, mínusformerki, neikvætt formerki",0,na,,Eintala,,,,,,,,"minus, minus mark, minus sign, minus symbol, negative sign",0,,,,,,,,3357
mínúta,0,na,kvk,Eintala,,,,,,,"centesimal minute, sexagesimal minute, min",minute,0,,,,,,,,3358
"mínúta, hornmínúta, bogamínúta",0,na,kvk,Eintala,,,,,,,"minute of angle, minute of arc",sexagesimal minute,0,,,,,,,,3359
mjúkt knippi,0,na,hk,Eintala,,,,,,,,soft sheaf,0,,,,,,,,3380
mjúkur,0,ls,kk,Eintala,,,,,,,,soft,0,,,,,,,,3381
Monte-Carlo-aðferð,0,na,kvk,Eintala,,,,,,,,Monte Carlo method,0,,,,,,,,3386
"Monte-Carlo-útreikningur, hermiútreikningur",0,na,kk,Eintala,,,,,,,,"calculation by Monte Carlo method, computation by Monte Carlo method",0,,,,,,,,3387
"mótanaríki, örvaríki",0,na,hk,Eintala,,,,,,,,"category of morphisms, category of arrows",0,,,,,,,,3394
"mótdæmi, gagndæmi",0,na,hk,Eintala,,,,,,,,counterexample,0,,,,,,,,3395
mótlægt horn,0,na,hk,Eintala,Sjá <ref idTerm=5568>gagnstæð horn</ref>.,,,,,,,opposite angle,0,,,,,,,,3398
"mótlægur hliðarflötur, öndverður hliðarflötur",0,na,kk,Eintala,,,,,,,,opposite face,0,,,,,,,,3399
"mótlægur, mótstæður, gagnstæður, öndverður, andstæður, öfugur",0,ls,kk,Eintala,,,,,,,,opposite,0,,,,,,,,3400
"mótlæg hlið, öndverð hlið, gagnstæð hlið",0,na,kvk,Eintala,<ref idTerm=2048>Hlið</ref> <ref idTerm=6438>þríhyrnings</ref> kallast \textit{mótlæg} <ref idTerm=2198>horni</ref> ef hún er ekki <ref idTerm=65>aðlæg</ref> því horni. Fyrir <ref idTerm=1127>ferhyrning</ref> kallast tvær hliðar \textit{mótlægar} ef þær eru ekki aðlægar.,,,,,,,opposite side,0,,,,,,,,3396
mótlæg horn,0,na,hk,Fleirtala,,,,,,,,opposite angles,0,,,,,,,,3397
"mótsagnakenndur, í mótsögn",0,,,,,,,,,,,contradictory,0,,,,,,,,3401
mótskilyrðing,0,na,kvk,Eintala,Fyrir <ref idTerm=2836>leiðingu</ref> \(p \implies q\) kallast leiðingin \(\lnot q \implies \lnot p\) \textit{mótskilyrðing} hennar.,Mótskilyrðing leiðingar hefur sama <ref idTerm=4560>sanngildi</ref> og leiðingin sjálf.,,,,,,"contrapositive, contraposition",0,,,,,,,,3402
mótsögn,0,na,kvk,Eintala,Það að <ref idTerm=1515>yrðing</ref> \(r\) og <ref idTerm=3507>neitun</ref> hennar \(\lnot r\) séu báðar <ref idTerm=6659>sannar</ref> samtímis kallast \textit{mótsögn},,,,,,,contradiction,0,,,,,,,,3403
mótulfræði,0,na,kvk,Eintala,,,,,,,,module theory,0,,,,,,,,3404
mótulgrunnur,0,na,kk,Eintala,,,,,,,,"module basis, module base",0,,,,,,,,3405
mótulinnanmótun,0,na,kvk,Eintala,,,,,,,,module endomorphism,0,,,,,,,,3406
mótull,0,na,kk,Eintala,,,,,,,"linear space, vector space",module,0,,,,,,,,3407
"mótulmótun, línuleg vörpun",0,na,kvk,Eintala,,,,,,,linear mapping,module homomorphism,0,,,,,,,,3408
mótun,0,na,kvk,Eintala,,,,,,,"antiautomorphism, antiendomorphism, antihomomorphism, antiisomorphism, arrow, automorphism, diffeomorphism, endomorphism, epimorphism, homeomorphism, homomorphism, isomorphism, map, mapping, meromorphism, monomorphism",morphism,0,,,,,,,,3409
"mótun, sammótun",0,na,kvk,Eintala,,,,,,,"algebra homomorphism, antihomomorphism, canonical homomorphism, connecting homomorphism, group homomorphism, lattice homomorphism, module homomorphism, monoid homomorphism, morphism, natural homomorphism, restriction homomorphism, ring homomorphism, semigroup homomorphism","homomorphism, homomorphic mapping",0,,,,,,,,3410
"munur, mismunur, afgangur (í frádrætti)",0,na,kk,Eintala,,Orðið {\it afgangur} er einkum notað í samhengi sem þessu: {\it If we subtract \(5\)from \(7\) the remainder is \(2\): Þegar \(5\)eru dregnir frá \(7\)er afgangurinn (mismunurinn) \(2\),,,,,,"difference, remainder",0,,,,,,,,3411
mynd,0,na,kvk,Eintala,,,,,,,"geometric figure, plane geometric figure",(in geometry) figure,0,,,,,,,,3412
mynd,0,na,kvk,Eintala,,,,,,,,transform,0,,,,,,,,3413
"mynda, setja upp",0,sag,,,,,,,,,,form,0,,,,,,,,3416
"myndmengi, mynd",0,na,,Eintala,Fyrir <ref idTerm=3282>vörpun</ref> \(f: X \to Y\) kallast <ref idTerm=3270>mengi</ref> allra <ref idTerm=5968>gilda</ref> sem vörpunin tekur \textit{mynd} vörpunarinnar \(f\). Hana má rita á forminu \[ f(X) = \{ f(x) \in Y \mid x \in X \}. \],"Myndina \(f(X)\) má einnig skilgreina sem mengi allra \(y \in Y\) þannig að <ref idTerm=2478>jafnan</ref> \(y = f(x)\) hafi lausn úr \(X\) og þannig má rita hana á forminu \[ f(X) = \{y \in Y \mid \text{til er}\; x \in X \;\text{þ.a.}\; y = f(x)\}. \] <ref idTerm=6050>Venn-myndin</ref> að neðan sýnir vörpunina \(f: X \to Y\) og mynd hennar \(f(X)\):\n\n\begin{center}\n\includegraphics[width=150px]{myndir/myndmengi.png}\n\end{center}\n\nMyndin \(f(X)\) er alltaf <ref idTerm=2098>hlutmengi</ref> í bakmenginu \(Y\), en eins og Venn-myndin sýnir þurfa þau ekki að vera <ref idTerm=2474>jöfn</ref>, þ.e. til geta verið <ref idTerm=5128>stök</ref> í bakmenginu sem eru ekki í myndinni. Með sama móti má tala um mynd vörpunar af hlutmengi í skilgreiningarmenginu. Ef \(A \subseteq X\) þá kallast mengi allra gilda sem \(f\) tekur á menginu \(A\) (táknað með \(f(A)\)) mynd vörpunarinnar \(f\) af menginu \(A\). Hana má rita á forminu \[ f(A) = \{f(x) \in Y \mid x \in A\}. \] Venn-myndin að neðan sýnir vörpunina \(f: X \to Y\), hlutmengið \(A\) í \(X\) og mynd þess \(f(A)\):\n\n\begin{center}\n\includegraphics[width=150px]{myndir/myndhlutmengi.png}\n\end{center}\n\nMyndir af <ref idTerm=4464>sammengjum</ref> og <ref idTerm=4928>sniðmengjum</ref> fullnægja eftirfarandi <ref idTerm=4150>reiknireglum</ref>, sem segja að fyrir sérhver hlutmengi \(A_1\) og \(A_2\) í \(X\) gildi:\n\n\begin{enumerate}\n    \item \(f(A_1 \cup A_2) = f(A_1) \cup f(A_2)\)\n    \item \(f(A_1 \cap A_2) \subseteq f(A_1) \cap f(A_2)\)\n\end{enumerate}\n\nEf \(A\) er hlutmengi í \(X\) og \(B\) er hlutmengi í \(Y\) fást jafnframt eftirfarandi reiknireglur um samspil mynda og <ref idTerm=1366>frummynda</ref>:\n\n\begin{enumerate}\n    \item \(A \subseteq f^{-1}(f(A))\)\n    \item \(f(f^{-1}(B)) \subseteq B\)\n\end{enumerate}",,,,,latent range,"(of a mapping) actual range, image, image set, range",0,,,,,,,,3417
"myndmengi, seiling",0,na,,Eintala,,,,,,,latent range,"(of a correspondence or relation) actual range, counterdomain, range, right domain",0,,,,,,,,3418
myndrit,0,na,hk,Eintala,,,,,,,,pictogram,0,,,,,,,,3419
myndtala,0,na,kvk,Eintala,,,,,,,"heptagonal number, hexagonal number, nonagonal number, octagonal number, pentagonal number, perfect square, polygonal number, square number, tetrahedral number, triangular number",figurate number,0,,,,,,,,3420
myndunarregla,0,na,kvk,Eintala,,,,,,,,"formation rule, law of formation",0,,,,,,,,3422
"myndun, uppsetning",0,na,kvk,Eintala,,,,,,,,formation,0,,,,,,,,3421
"mynd, rit",0,na,,Eintala,,,,,,,"alignment chart, band chart, bar chart, circular chart, control chart, flow chart, nomographic chart, pie chart",chart,0,,,,,,,,3414
"mynd, rúmmynd",0,na,kvk,Eintala,,,,,,,"figure, plane geometric figure",geometric figure,0,,,,,,,,3415
mynstur,0,na,hk,Eintala,,,,,,,,structure,0,,,,,,,,3423
mynsturgrúpa,0,na,kvk,Eintala,,,,,,,,structure group,0,,,,,,,,3424
mynsturknippi,0,na,hk,Eintala,,,,,,,,structure sheaf,0,,,,,,,,3425
mælanlegt fall,0,na,hk,Eintala,,,,,,,,measurable function,0,,,,,,,,3067
mælanlegt mengi,0,na,hk,Eintala,,,,,,,,measurable set,0,,,,,,,,3068
mælanlegt rúm,0,na,hk,Eintala,,,,,,,measure space,measurable space,0,,,,,,,,3069
mælanlegur,0,ls,kk,Eintala,,,,,,,,measurable,0,,,,,,,,3070
mælanleg vörpun,0,na,kvk,Eintala,,,,,,,,"measurable mapping, measurable transformation",0,,,,,,,,3066
mælanleiki,0,na,kk,Eintala,,,,,,,,measurability,0,,,,,,,,3071
mælieining,0,na,kvk,Eintala,\textit{Mælieining} er ákveðið <ref idTerm=3081>magn</ref> tiltekinnar <ref idTerm=5102>stærðar</ref> sem er notað sem viðmið við mælingu slíkra stærða. Þannig er magni sérhverjar stærðar hægt að lýsa sem margfeldi mælieiningarinnar.,Mælieiningar eru oft staðlaðar en til að mynda heldur \textit{Bureau international des poids et mesures} (BIPM) utan um SI-einingakerfið sem er mikið notað í vísindum.,,,,,,unit,0,,,,,,,,3072
mælingarskekkja,0,na,kvk,Eintala,,,,,,,,measuring error,0,,,,,,,,3073
mælirúmfræði,0,na,kvk,Eintala,,,,,,,,metric geometry,0,,,,,,,,3074
"mæliskekkja, athugunarskekkja",0,na,kvk,Eintala,,,,,,,,observational error,0,,,,,,,,3075
mælistika,0,na,kvk,Eintala,,,,,,,,"measuring rule, rule",0,,,,,,,,3076
mætti,0,na,hk,Eintala,,,,,,,,potential,0,,,,,,,,3077
mættisfall,0,na,hk,Eintala,,,,,,,,potential function,0,,,,,,,,3078
mættisfræði,0,na,kvk,Eintala,,,,,,,,potential theory,0,,,,,,,,3079
"Möbíusarrúmfræði, hringarúmfræði",0,na,kvk,Eintala,,,,,,,,"conformal geometry, Möbius geometry, inversive geometry",0,,,,,,,,3383
Möbíusarræma,0,na,kvk,Eintala,,,,,,,,"Möbius strip, Möbius band",0,,,,,,,,3382
Möbíusarslétta,0,na,kvk,Eintala,,,,,,,,"inversive plane, Möbius plane",0,,,,,,,,3384
möndulslétta,0,na,kvk,Eintala,,,,,,,,meridian plane,0,,,,,,,,3385
mörkuð reglustika,0,na,kvk,Eintala,,,,,,,,marked ruler,0,,,,,,,,3388
"mörkun, tölusetning",0,na,kvk,Eintala,,,,,,,,labelling,0,,,,,,,,3389
"möskvahnútur, hnútur",0,na,kk,Eintala,,,,,,,,mesh point,0,,,,,,,,3390
möskvaskipting,0,na,kvk,Eintala,,,,,,,,mesh,0,,,,,,,,3391
möskvastærð,0,na,kvk,Eintala,,,,,,,,mesh,0,,,,,,,,3392
möskvi,0,na,kk,Eintala,,,,,,,,"(of an embedded graph) face, region",0,,,,,,,,3393
naflapunktur,0,na,kk,Eintala,,,,,,,,"spherical point, umbilic, umbilical point",0,,,,,,,,3446
"nafla, naflavirki",0,na,,Eintala,,,,,,,,"del operator, del, Hamiltonian, nabla, nabla operator",0,,,,,,,,3445
nauðsyn,0,na,kvk,Eintala,,,,,,,,necessity,0,,,,,,,,3486
"nauðsynlegt og nægjanlegt skilyrði, nauðsynlegt og fullnægjandi skilyrði",0,na,hk,Eintala,,,,,,,,"characteristic condition, necessary and sufficient condition",0,,,,,,,,3487
nauðsynlegur,0,ls,kk,Eintala,,,,,,,,necessary,0,,,,,,,,3488
"nágranni, granni",0,na,kk,Eintala,,,,,,,,neighbour,0,,,,,,,,3447
"nákvæmni, hittni",0,na,kvk,Eintala,,,,,,,,"accuracy, precision",0,,,,,,,,3450
nákvæmt deildaform,0,na,hk,Eintala,,,,,,,,exact differential form,0,,,,,,,,3451
"nákvæmt deildi, fleygað deildi",0,na,hk,Eintala,,,,,,,,"complete differential, exact differential, perfect differential, total differential",0,,,,,,,,3452
nákvæmur,0,ls,kk,Eintala,,,,,,,,exact,0,,,,,,,,3453
nákvæm deildajafna,0,na,kvk,Eintala,,,,,,,,exact differential equation,0,,,,,,,,3448
nákvæm lausn,0,na,kvk,Eintala,,,,,,,,exact solution,0,,,,,,,,3449
nálgast,0,sag,,,,,,,,,,approach,0,,,,,,,,3457
nálgast,0,sag,,,,,,,,,,approximate,0,,,,,,,,3458
"nálga, nálægja, námunda",0,sag,,,,,,,,,,approximate,0,,,,,,,,3456
nálgunaraðferð,0,na,kvk,Eintala,,,,,,,,approximation method,0,,,,,,,,3462
nálgunarbrot,0,na,hk,Eintala,,,,,,,,"approximant, convergent",0,,,,,,,,3463
nálgunareining,0,na,kvk,Eintala,,,,,,,,"approximate identity, approximate unit",0,,,,,,,,3464
nálgunarfall,0,na,hk,Eintala,,,,,,,,"approximating function, approximation function",0,,,,,,,,3465
nálgunarfræði,0,na,kvk,Eintala,,,,,,,,approximation theory,0,,,,,,,,3466
nálgunargildi,0,na,hk,Eintala,,,,,,,,approximate value,0,,,,,,,,3467
nálgunarlausn,0,na,kvk,Eintala,,,,,,,,approximate solution,0,,,,,,,,3468
nálgunarsetning,0,na,kvk,Eintala,,,,,,,,approximation theorem,0,,,,,,,,3469
nálgunarskekkja,0,na,kvk,Eintala,,,,,,,,approximation error,0,,,,,,,,3470
"nálgunarstaðall, nákvæmd",0,na,,Eintala,,,,,,,,standard of approximation,0,,,,,,,,3471
nálgunar-,0,pref,,,,,,,,,,approximate,0,,,,,,,,3461
nálgun í jöfnum mæli,0,na,kvk,Eintala,,,,,,,,uniform approximation,0,,,,,,,,3459
"nálgun, námundun",0,na,kvk,Eintala,,,,,,,,approximation,0,,,,,,,,3460
"nálægð, nánd",0,na,kvk,Eintala,,,,,,,,"accuracy, closeness",0,,,,,,,,3454
nálægur,0,ls,kk,Eintala,,,,,,,,approximate,0,,,,,,,,3455
náttúrlegt grannmynstur,0,na,hk,Eintala,,,,,,,metric topology,natural topology,0,,,,,,,,3477
náttúrlegt ívarp,0,ls,hk,Eintala,,,,,,,,"canonical injection, natural injection",0,,,,,,,,3478
"náttúrlegt jafngildi, varpajafngildi",0,na,hk,Eintala,,,,,,,,natural equivalence,0,,,,,,,,3479
náttúrlegt ofanvarp,0,na,hk,Eintala,,,,,,,,"canonical projection, natural projection",0,,,,,,,,3480
náttúrlegur logri,0,na,kk,Eintala,,,,,,,"ln, logarithm","natural logarithm, Napierian logarithm",0,,,,,,,,3481
"náttúrlegur, náttúrulegur, eðlilegur",0,ls,kk,Eintala,,,,,,,"canonical, functorial",natural,0,,,,,,,,3482
"náttúrlegur, varpa-",0,,,,,,,,,,"canonical, natural",functorial,0,,,,,,,,3483
"náttúrlegur, viðtekinn, sjálfgefinn, aðallegur, eðlilegur, kór-",0,,,,,,,,,,"functorial, natural",canonical,0,,,,,,,,3484
náttúrleg einsmótun,0,na,kvk,Eintala,,,,,,,,canonical isomorphism,0,,,,,,,,3472
"náttúrleg færsla, varpafærsla, varpamótun",0,na,kvk,Eintala,,,,,,,,"functorial map, functorial transformation, morphism of functors, natural transformation",0,,,,,,,,3473
náttúrleg mótun,0,na,kvk,Eintala,,,,,,,,"canonical homomorphism, natural homomorphism",0,,,,,,,,3474
náttúrleg tala,0,na,kvk,Eintala,"<ref idTerm=5128>Stak</ref> í <ref idTerm=3270>menginu</ref> \(\{0, 1, 2, \dots\}\) (stundum er <ref idTerm=5397>talan</ref> <ref idTerm=3549>0</ref> ekki tekin með), táknað með \(\mathbb{N}\).","Fyrsta tilraun til að skilgreina náttúrulegar tölur formlega var gerð af ítalska <ref idTerm=5117>stærðfræðingnum</ref> Giuseppe Peano árið 1889. Hann setti fram eftirfarandi fimm <ref idTerm=1452>frumsendur</ref>:\n\n\begin{enumerate}\n    \item \textit{Núll} er náttúruleg tala, táknuð með 0\n    \item Sérhver náttúruleg tala \(n\) á sér <ref idTerm=759>eftirfara</ref> sem er náttúruleg tala, táknað með \(S(n)\)\n    \item Núll er ekki eftirfari neinnar náttúrulegrar tölu, það er að segja \(0 \neq S(n)\) fyrir neina náttúrulega tölu \(n\)\n    \item Ef eftirfarar tveggja náttúrulegra talna \(n\) og \(m\) eru jafnir, þá eru \(n\) og \(m\) jafnar, í táknmáli \(S(n)=S(m)\implies n=m\)\n    \item Ef mengi inniheldur núll og það að náttúruleg tala \(n\) sé innihaldin í menginu hafi í för með sér að \(S(n)\) sé einnig innihaldið í menginu, þá inniheldur mengið náttúrulegu tölurnar\n\end{enumerate}\n\nSeinasta frumsendan er kölluð \textit{þrepunarfrumsendan} en hún gerir okkur kleift að tala um <ref idTerm=803>eiginleika</ref> allra náttúrulegra talna (sem eru óendanlega margar) í endanlega mörgum skrefum. Ef \(P : \mathbb{N} \to \{\bot,\top\}\) er <ref idTerm=3800>opin yrðing</ref> og við skoðum mengið \[ X = \{ n \in \mathbb{N} \mid P(n)\} \] þá segir frumsendan að ef \(P(0)\) sé <ref idTerm=6659>sönn</ref> og \(P(S(n))\) sé sönn að því gefnu að \(P(n)\) sé sönn fyrir einhverja náttúrulega tölu \(n\), þá er \(X = \mathbb{N}\) og þar með gildir \(P\) fyrir allar náttúrulegar tölur.",,,,,,natural number,0,,,,,,,,3475
náttúrleg vörpun,0,na,kvk,Eintala,,,,,,,,"canonical mapping, natural mapping",0,,,,,,,,3476
náttúrleiki,0,na,kk,Eintala,,,,,,,,naturality,0,,,,,,,,3485
"neðra heildi, neðra tegur",0,na,hk,Eintala,,,,,,,,lower integral,0,,,,,,,,3489
"neðra markgildi, minnsti þéttipunktur, neðsti þéttipunktur",0,na,,Eintala,,,,,,,,"inferior limit, limes inferior, limit inferior, lower limit",0,,,,,,,,3491
"neðra mark, lágmark",0,na,hk,Eintala,\textit{Neðra mark} <ref idTerm=4093>rauntölu</ref><ref idTerm=3270>mengis</ref> er stærsta <ref idTerm=5818>undirtala</ref> þess.,,,,,,"bound, lower bound, meet","greatest lower bound, infimum",0,,,,,,,,3490
neðra þríhyrningsfylki,0,na,hk,Eintala,,,,,,,,lower triangular matrix,0,,,,,,,,3493
neðra öryggisbil,0,na,hk,Eintala,,,,,,,,lower confidence interval,0,,,,,,,,3492
"neðri stallagerð, neðri þrepagerð, neðri þrepaskipan",0,na,,Eintala,,,,,,,,lower echelon form,0,,,,,,,,3494
neðri þríhyrningsgrúpa,0,na,kvk,Eintala,,,,,,,,lower triangular group,0,,,,,,,,3495
"neðsta gildi, lægsta gildi, minnsta gildi, minnsta lággildi, víðfeðmt lággildi",0,na,hk,Eintala,,,,,,,minimum,"absolute minimum, global minimum, least value, lowest value, minimal value, minimum in the large, minimum value, smallest value",0,,,,,,,,3496
nefnari,0,na,kk,Eintala,Sjá <ref idTerm=234>almennt brot</ref>.,,,,,,numerator,denominator,0,,,,,,,,3497
"neikvæður atburður, óhapp, bilun",0,na,,Eintala,,,,,,,,failure,0,,,,,,,,3500
neikvæður hluti,0,na,kk,Eintala,,,,,,,,negative part,0,,,,,,,,3501
"neikvæður snúningur, snúningur réttsælis",0,na,kk,Eintala,,,,,,,,"clockwise rotation, negative rotation, right-handed rotation",0,,,,,,,,3502
"neikvæður, frádrægur",0,ls,kk,Eintala,,,,,,,,negative,0,,,,,,,,3503
neikvæð fylgni,0,na,kvk,Eintala,,,,,,,,"antithetic correlation, inverse correlation, negative correlation",0,,,,,,,,3498
neikvæð stefna,0,na,kvk,Eintala,,,,,,,,negative direction,0,,,,,,,,3499
neikvætt ákveðinn,0,ls,kk,Eintala,,,,,,,,"negative definite, negatively definite",0,,,,,,,,3504
neikvætt áttaður,0,ls,kk,Eintala,,,,,,,,negatively oriented,0,,,,,,,,3505
neikvætt hálfákveðinn,0,ls,kk,Eintala,,,,,,,,"negative semidefinite, negatively semidefinite",0,,,,,,,,3506
neitun,0,na,kvk,Eintala,Fyrir sérhverja <ref idTerm=1515>yrðingu</ref> \(p\) er \(\neg p\) (lesið: „ekki \(p\)“) sú yrðing sem fæst með því að \textit{neita} yrðingunni \(p\).,"Þessari staðreynd má lýsa með eftirfarandi töflu, sem sýnir <ref idTerm=4560>sanngildi</ref> \(\neg p\) eftir ólíkum sanngildum \(p\):.",,,,,,negation,0,,,,,,,,3507
neitunarháttur,0,na,kk,Eintala,,,,,,,,modus tollens,0,,,,,,,,3508
neitunarmerki,0,na,hk,Eintala,,,,,,,,negation sign,0,,,,,,,,3509
net,0,na,hk,Eintala,,,,,,,multigraph,(in graph theory) graph,0,,,,,,,,3510
net,0,na,hk,Eintala,,,,,,,transportation network,network,0,,,,,,,,3511
"netafræði, netjafræði, graffræði",0,na,kvk,Eintala,,,,,,,,graph theory,0,,,,,,,,3512
Newton-aðferð,0,na,kvk,Eintala,,,,,,,,Newton method,0,,,,,,,,3513
niðji,0,na,kk,Eintala,,,,,,,,descendant,0,,,,,,,,3514
niðurstaða,0,na,kvk,Eintala,,,,,,,"outcome, result",solution,0,,,,,,,,3516
"niðurstaða, ályktun, lokaályktun",0,na,kvk,Eintala,Sjá <ref idTerm=2836>leiðing</ref>.,,,,,,,conclusion,0,,,,,,,,3517
niðurstigningaraðferð,0,na,kvk,Eintala,,,,,,,,"(method of proof) descent method, descent, method of descent",0,,,,,,,,6617
"niðurstigning, niðurstigningaraðferð",0,na,kvk,Eintala,,,,,,,,"(method of proof) method of descent, descent, descent method",0,,,,,,,,6618
"níhyrningstala, níhyrnd tala",0,na,kvk,Eintala,,,,,,,figurate number,nonagonal number,0,,,,,,,,3518
níhyrningur,0,na,kk,Eintala,,,,,,,,"enneagon, nonagon",0,,,,,,,,3519
níupróf,0,na,hk,Eintala,,,,,,,,"casting out nines, nine test",0,,,,,,,,3520
níupunktahringur,0,na,kk,Eintala,,,,,,,,nine-point circle,0,,,,,,,,3521
níusetning,0,na,kvk,Eintala,,,,,,,,nine lemma,0,,,,,,,,3522
"noetherskur, Noether-",0,,,,,Einnig ritað með upphafsstaf: {\it Noetherian},,,,,,noetherian,0,,,,,,,,3525
Noether-baugur,0,na,kk,Eintala,,,,,,,,noetherian ring,0,,,,,,,,3523
Noether-mótull,0,na,kk,Eintala,,,,,,,,noetherian module,0,,,,,,,,3524
"norðurskaut, norðurpóll",0,na,,Eintala,,,,,,,,north pole,0,,,,,,,,3526
normgera,0,sag,,,,,,,,,,normalize,0,,,,,,,,3527
normlegt fylki,0,na,hk,Eintala,,,,,,,,normal matrix,0,,,,,,,,3533
normlegt grannmynstur,0,na,hk,Eintala,,,,,,,,normal topology,0,,,,,,,,3534
normlegt rúm,0,na,hk,Eintala,,,,,,,,normal space,0,,,,,,,,3535
normlegt svið,0,na,hk,Eintala,,,,,,,,normal field,0,,,,,,,,3536
normlegt tíðnifall,0,na,hk,Eintala,,,,,,,,normal frequency function,0,,,,,,,,3537
normlegt víðerni,0,na,hk,Eintala,,,,,,,,normal variety,0,,,,,,,,3538
normlegt þýði,0,na,hk,Eintala,,,,,,,,normal population,0,,,,,,,,3539
normlegur,0,ls,kk,Eintala,,,,,,,,normal,0,,,,,,,,3540
normlegur ferill,0,na,kk,Eintala,,,,,,,,(in algebraic geometry) normal curve,0,,,,,,,,3541
normlegur flötur,0,na,kk,Eintala,,,,,,,,normal surface,0,,,,,,,,3542
normlegur grunnur,0,na,kk,Eintala,,,,,,,,normal basis,0,,,,,,,,3543
normlegur turn,0,na,kk,Eintala,,,,,,,,"normal series, normal tower",0,,,,,,,,3544
normlegur virki,0,na,kk,Eintala,,,,,,,,normal operator,0,,,,,,,,3545
normleg hending,0,na,kvk,Eintala,,,,,,,,"normal random variable, normal variate",0,,,,,,,,3528
"normleg hlutgrúpa, óbreytt hlutgrúpa",0,na,kvk,Eintala,,,,,,,,"distinguished subgroup, invariant subgroup, normal subgroup",0,,,,,,,,3529
normleg hnit,0,na,hk,Fleirtala,,,,,,,,normal coordinates,0,,,,,,,,3530
normleg jafna,0,na,kvk,Eintala,,,,,,,,(in algebra) normal equation,0,,,,,,,,3531
"normleg útvíkkun, normleg víkkun",0,na,kvk,Eintala,,,,,,,,normal extension,0,,,,,,,,3532
normleikafrumsenda,0,na,kvk,Eintala,,,,,,,,normality axiom,0,,,,,,,,3546
normleikagrúpa,0,na,kvk,Eintala,,,,,,,,normalizer,0,,,,,,,,3547
normleiki,0,na,kk,Eintala,,,,,,,,normality,0,,,,,,,,3548
núllbaugur,0,na,kk,Eintala,,,,,,,,"null ring, nullring",0,,,,,,,,3550
"núllbaugur, örbaugur",0,na,kk,Eintala,,,,,,,,"trivial ring, zero ring",0,,,,,,,,3551
núlldeilir,0,na,kk,Eintala,,,,,,,,"divisor of zero, zero divisor",0,,,,,,,,3552
núllendurkvæmur,0,ls,kk,Eintala,,,,,,,,null recurrent,0,,,,,,,,3553
"núllendurkvæmur, núllafturkvæmur",0,ls,kk,Eintala,,,,,,,,null-recurrent,0,,,,,,,,3554
núllfall,0,na,hk,Eintala,,,,,,,,"null function, zero function",0,,,,,,,,3555
núllfylki,0,na,hk,Eintala,,,,,,,,"null matrix, zero matrix",0,,,,,,,,3556
núllgagnvegur,0,na,kk,Eintala,,,,,,,,null geodesic,0,,,,,,,,3557
núllgild margliða,0,na,kvk,Eintala,,,,,,,,vanishing polynomial,0,,,,,,,,3558
núllhlutur,0,na,kk,Eintala,,,,,,,,"null object, zero object",0,,,,,,,,3559
núllíðal,0,na,hk,Eintala,,,,,,,,"null ideal, zero ideal",0,,,,,,,,3560
núlllausn,0,na,kvk,Eintala,,,,,,,,null solution,0,,,,,,,,3561
núlllausn,0,na,kvk,Eintala,,,,,,,trivial solution,zero solution,0,,,,,,,,3562
núllmargliða,0,na,kvk,Eintala,<ref idTerm=0>Fastamargliðan</ref> 0 kallast \textit{núllmargliðan}.,,,,,,,"null polynomial, zero polynomial",0,,,,,,,,3563
núllmengi,0,na,hk,Eintala,,,,,,,,"null set, set of measure zero",0,,,,,,,,3564
núllrót,0,na,kvk,Eintala,,,,,,,,nil-radical,0,,,,,,,,3565
núllrót,0,na,kvk,Eintala,,,,,,,,null-radical,0,,,,,,,,3566
núllsamtoga,0,ls,,,,,,,,,,"homotopically trivial, inessential, null homotopic, nullhomotopic",0,,,,,,,,3568
núllsamtogun,0,na,kvk,Eintala,,,,,,,,null homotopy,0,,,,,,,,3569
núllstætt fall,0,na,hk,Eintala,,,,,,,,nullary function,0,,,,,,,,3570
núllstöð,0,na,kvk,Eintala,,,,,,,,"(of a function) null, zero",0,,,,,,,,3571
núllstöðvamengi,0,na,hk,Eintala,,,,,,,,"set of zeros, zero set",0,,,,,,,,3572
núllstöðvasetning,0,na,kvk,Eintala,,,,,,,,Nullstellensatz,0,,,,,,,,3573
núllsummuleikur,0,na,kk,Eintala,,,,,,,,zero-sum game,0,,,,,,,,3574
núllsækin runa,0,na,kvk,Eintala,,,,,,,,null sequence,0,,,,,,,,3567
núlltilgáta,0,na,kvk,Eintala,,,,,,,,null hypothesis,0,,,,,,,,3575
núllvalda,0,ls,,,,,,,,,,nilpotent,0,,,,,,,,3576
"núllvigur, núllvektor",0,na,kk,Eintala,,,,,,,,"null vector, zero vector",0,,,,,,,,3578
núllvíður,0,ls,kk,Eintala,,,,,,,,zero-dimensional,0,,,,,,,,3577
nútímarökfræði,0,na,kvk,Eintala,,,,,,,mathematical logic,modern logic,0,,,,,,,,3579
nykra,0,sag,,,,,,,,,,dualize,0,,,,,,,,3581
"nykraður, nykur-",0,,,,,,,,,,,dual,0,,,,,,,,3583
"nykrað vigurrúm, nykurrúm",0,na,hk,Eintala,,,,,,,,dual vector space,0,,,,,,,,3582
nykruð samlínumótun,0,na,kvk,Eintala,,,,,,,,dual collineation,0,,,,,,,,3584
nykrun,0,na,kvk,Eintala,,,,,,,,dualization,0,,,,,,,,3585
nykrunarsetning,0,na,kvk,Eintala,,,,,,,,duality theorem,0,,,,,,,,3586
nykrunarvarpi,0,na,kk,Eintala,,,,,,,,dualizing functor,0,,,,,,,,3587
nykurbundin,0,na,,Eintala,,,,,,,,dual bundle,0,,,,,,,,3588
nykurferill,0,na,kk,Eintala,,,,,,,,dual curve,0,,,,,,,,3590
nykurfærsla,0,na,kvk,Eintala,,,,,,,,dual transformation,0,,,,,,,,3589
nykurgrind,0,na,kvk,Eintala,,,,,,,,dual lattice,0,,,,,,,,3591
nykurgrunnur,0,na,kk,Eintala,,,,,,,,"dual basis, dual base",0,,,,,,,,3592
"nykurgrúpa, nykurvíxlgrúpa",0,na,kvk,Eintala,,,,,,,,dual abelian group,0,,,,,,,,3593
"nykurlögmál, nykurvensl",0,na,hk,,,,,,,,,duality,0,,,,,,,,3595
nykurnet,0,na,hk,Eintala,,,,,,,,"dual graph, medial graph",0,,,,,,,,3596
nykurríki,0,na,hk,Eintala,,,,,,,,"dual category, opposite category",0,,,,,,,,3597
nykurrúm,0,na,hk,Eintala,,,,,,,,"adjoint space, adjoint, conjugate, conjugate space, dual, dual space",0,,,,,,,,6619
"nykursetning, nykruð setning",0,na,kvk,Eintala,,,,,,,,dual theorem,0,,,,,,,,3598
"nykurvarpslétta, nykurslétta",0,na,kvk,Eintala,,,,,,,,dual projective plane,0,,,,,,,,3599
nykurverkefni,0,na,hk,Eintala,,,,,,,,dual problem,0,,,,,,,,3600
nykurvirki,0,na,kk,Eintala,,,,,,,,dual operator,0,,,,,,,,3601
"nykurvörpun, nykruð vörpun",0,na,kvk,Eintala,,,,,,,,dual mapping,0,,,,,,,,3602
"nyrðra hálfhvel, norðurhvel",0,na,hk,Eintala,,,,,,,,northern hemisphere,0,,,,,,,,3605
nyt,0,na,kvk,Eintala,,,,,,,,utility,0,,,,,,,,3607
nytjafall,0,na,hk,Eintala,,,,,,,,utility function,0,,,,,,,,3608
nytjafræði,0,na,kvk,Eintala,,,,,,,,utility theory,0,,,,,,,,3609
nýgráða,0,na,kvk,Eintala,,,,,,,,"grad, grade",0,,,,,,,,3580
nýmínúta,0,na,kvk,Eintala,,,,,,,min,centesimal minute,0,,,,,,,,3603
nýraferill,0,na,kk,Eintala,,,,,,,,nephroid,0,,,,,,,,3604
nýsekúnda,0,na,kvk,Eintala,,,,,,,cc,centesimal second,0,,,,,,,,3606
"nægjanlegt skilyrði, fullnægjandi skilyrði, tæmandi skilyrði",0,na,hk,Eintala,,,,,,,,sufficient condition,0,,,,,,,,3427
"nægjanlegur, fullnægjandi, tæmandi",0,ls,kk,Eintala,,,,,,,,sufficient,0,,,,,,,,3428
"nægjanleg hending, tæmandi hending, nægjanleg reiknihending, tæmandi reiknihending",0,na,kvk,Eintala,,,,,,,,sufficient statistic,0,,,,,,,,3426
nægjanleiki,0,na,kk,Eintala,,,,,,,,sufficiency,0,,,,,,,,3429
"nægjanleiki, tæmanleiki",0,na,kk,Eintala,,,,,,,,(in statistics) sufficiency,0,,,,,,,,3430
nærbaugur,0,na,kk,Eintala,,,,,,,,near-ring,0,,,,,,,,3431
nærfágaður,0,ls,kk,Eintala,,,,,,,,meromorphic,0,,,,,,,,3434
nærfágað deildi,0,na,hk,Eintala,,,,,,,,meromorphic differential,0,,,,,,,,3432
nærfágað fall,0,na,hk,Eintala,,,,,,,,meromorphic function,0,,,,,,,,3433
nærfáguð vörpun,0,na,kvk,Eintala,,,,,,,,"meromorphic mapping, meromorphism",0,,,,,,,,3435
nærfágun,0,na,kvk,Eintala,,,,,,,,meromorphy,0,,,,,,,,3436
nærsvið,0,na,hk,Eintala,,,,,,,,near-field,0,,,,,,,,3437
nærþjappaður,0,ls,kk,Eintala,,,,,,,,paracompact,0,,,,,,,,3438
nærþjappleiki,0,na,kk,Eintala,,,,,,,,paracompactness,0,,,,,,,,3439
"næstum alls staðar, nærri alls staðar",0,,,,,,,,,,a. e.,almost everywhere,0,,,,,,,,3440
næstum lotubundið fall,0,na,hk,Eintala,,,,,,,,almost periodic function,0,,,,,,,,3441
næstum sjálfoka,0,ls,,Eintala,,,,,,,,essentially self-adjoint,0,,,,,,,,3444
næstum örugglega,0,,,,,,,,,,a. s.,"almost surely, almost certainly",0,,,,,,,,3442
"næstum öruggur, öruggur með líkindum",0,ls,kk,Eintala,,,,,,,,"almost certain, almost sure",0,,,,,,,,3443
"oddatala, ójöfn tala, hvöss tala",0,na,kvk,Eintala,"<ref idTerm=1896>Heil tala</ref> sem ekki <ref idTerm=648>deilanleg</ref> með \(2\), þ.e. heil tala \(n\) sem rita má á forminu \(n = 2 \cdot k + 1\) þar sem \(k\) er heil tala.",,,,,,even number,"odd number, odd integer, uneven integer, uneven number",0,,,,,,,,3659
"odda-, ójafn, hvass",0,,,,,,,,,,even,(of a number) odd,0,,,,,,,,3658
oddklofi,0,na,kk,Eintala,,,,,,,,"angle bracket, broken bracket, pointed bracket",0,,,,,,,,3660
"oddpunktur, topppunktur, broddur",0,na,kk,Eintala,Sjá <ref idTerm=2198>horn</ref>.,,,,,,,(of an angle) vertex,0,,,,,,,,3661
"oddstæðni, oddleiki, hvassleiki",0,na,,Eintala,,,,,,,,oddness,0,,,,,,,,3662
oddstæður,0,ls,kk,Eintala,<ref idTerm=1078>Fall</ref> \(f: X \to Y\) þar sem \(X\) og \(Y\) eru <ref idTerm=2098>hlutmengi</ref> í <ref idTerm=3270>mengi</ref> <ref idTerm=4093>rauntalna</ref> kallast \textit{oddstætt} ef fyrir öll \(x \in X\) gildir að \[ f(-x) = - f(x). \],<ref idTerm=2955>Graf</ref> oddstæðs falls fellur í sjálft sig þegar því er <ref idTerm=4986>speglað</ref> um <ref idTerm=6253>\(y\)-ásinn</ref> og spegilmyndinni síðan speglað um <ref idTerm=6252>\(x\)-ásinn</ref>. Þetta má einnig orða svo að graf oddstæðs falls falli í sjálft sig ef því er snúið um <ref idTerm=1838>hálfhring</ref>. Eftirfarandi mynd sýnir oddstætt fall:\n\n\begin{center}\n\includegraphics[width=150px]{myndir/oddstaett_fall.png}\n\end{center},,,,,even,(of a function) odd,0,,,,,,,,3663
oddstæður,0,ls,kk,Eintala,,,,,,,even,(of a permutation) odd,0,,,,,,,,3664
oddsvigi,0,na,kk,Eintala,,,,,,,,"brace, curly bracket",0,,,,,,,,3665
ofanvarp,0,na,hk,Eintala,\textit{Ofanvarp <ref idTerm=4001>punkts</ref>} \(P\) á <ref idTerm=2911>línu</ref> \(l\) er <ref idTerm=4845>skurðpunktur</ref> línunnar \(l\) og <ref idTerm=2975>þverilsins</ref> á \(l\) gegnum \(P\). \textit{Ofanvarp <ref idTerm=2958>striks</ref>} á línu er <ref idTerm=3270>mengið</ref> af ofanvörpum allra punkta striksins á línuna.,,,,,,"canonical projection, central projection, conditional expectation, conic projection, natural projection, orthogonal projection, parallel projection, projection operator, stereographic projection",projection,0,,,,,,,,3710
"ofanvarpi, ofanvarp",0,na,,Eintala,,,,,,,projection,"projection operator, projector",0,,,,,,,,3711
ofanvarpslína,0,na,kvk,Eintala,,,,,,,,projector,0,,,,,,,,3712
"ofanvarpsmiðja, varpmiðja",0,na,kvk,Eintala,,,,,,,,"centre of projection, centre of perspective",0,,,,,,,,6620
"ofaukinn, óþarfur",0,ls,kk,Eintala,,,,,,,,redundant,0,,,,,,,,3713
ofhorn,0,na,hk,Eintala,,,,,,,angular defect,"angular excess, excess",0,,,,,,,,3714
ofurbreiðger,0,ls,,,,,,,,,,ultrahyperbolic,0,,,,,,,,3722
ofurendanlegur,0,ls,kk,Eintala,,,,,,,infinite,transfinite,0,,,,,,,,3727
ofurendanleg rakning,0,na,kvk,Eintala,,,,,,,transfinite induction,transfinite recursion,0,,,,,,,,3723
ofurendanleg tala,0,na,kvk,Eintala,,,,,,,"transfinite cardinal, transfinite ordinal",transfinite number,0,,,,,,,,3724
ofurendanleg þrepun,0,na,kvk,Eintala,,,,,,,transfinite recursion,transfinite induction,0,,,,,,,,3725
"ofurendanleg þrepunarsönnun, ofurendanleg þrepasönnun",0,na,kvk,Eintala,,,,,,,,proof by transfinite induction,0,,,,,,,,3726
ofurfirð,0,na,kvk,Eintala,,,,,,,,ultrametric,0,,,,,,,,3728
"ofurfirðarójafna, sterk þríhyrningsójafna",0,na,kvk,Eintala,,,,,,,,ultrametric triangle inequality,0,,,,,,,,3729
ofurfirðrúm,0,na,hk,Eintala,,,,,,,,ultrametric space,0,,,,,,,,3730
"ofurmargfeldi, ofurfeldi",0,na,hk,Eintala,,,,,,,,"ultra-product, ultra product",0,,,,,,,,3731
ofurnet,0,na,hk,Eintala,,,,,,,,hypergraph,0,,,,,,,,3732
ofurrúmkynja fall,0,na,hk,Eintala,,,,,,,,hypergeometric function,0,,,,,,,,3733
ofurrúmkynja röð,0,na,kvk,Eintala,,,,,,,,hypergeometric series,0,,,,,,,,3734
ofursía,0,na,kvk,Eintala,,,,,,,,ultrafilter,0,,,,,,,,3735
ofurveldi,0,na,hk,Eintala,,,,,,,,ultra power,0,,,,,,,,3736
"ofurvirðing, óarkimedísk virðing",0,na,kvk,Eintala,,,,,,,"additive valuation, exponential valuation, valuation","non-archimedean valuation, ultrametric valuation",0,,,,,,,,3737
ofurþéttipunktur,0,na,kk,Eintala,,,,,,,,"condensation point, point of condensation",0,,,,,,,,3738
og,0,sam,,,,,,,,,conjunction,and,0,,,,,,,,3739
ogun,0,na,kvk,Eintala,"Fyrir sérhverjar <ref idTerm=1515>yrðingar</ref> \(p\) og \(q\) er \(p \wedge q\) (lesið: „\(p\) \textit{og} \(q\)“) sú yrðing sem segir að \(p\) og \(q\) séu báðar <ref idTerm=4565>sannar</ref>. Yrðingin \(p \wedge q\) er þess vegna sönn þegar yrðingarnar \(p\) og \(q\) eru báðar sannar, en annars er hún <ref idTerm=3890>ósönn</ref>.","Þessu má lýsa með eftirfarandi töflu, sem sýnir <ref idTerm=4560>sanngildi</ref> yrðingarinnar \(p \wedge q\) eftir ólíkum sanngildum \(p\) annars vegar og \(q\) hins vegar: \n\n\begin{center}\n\includegraphics[width=150px]{myndir/ogun.png}\n\end{center}",,,,,,"conjunction, logical product",0,,,,,,,,3744
"ogunarhluti, ogunarþáttur",0,na,kk,Eintala,,,,,,,,"conjunct, partial conjunction",0,,,,,,,,3745
og-tákn,0,na,hk,Eintala,,,,,,,,conjunction sign,0,,,,,,,,3740
opið bil,0,na,hk,Eintala,<ref idTerm=457>Bil</ref> sem inniheldur ekki endapunkta sína.,Eftirfarandi er myndir af opnum bilum:\n\n\begin{center}\n\includegraphics[width=150px]{myndir/opid_bil.png}\n\end{center}\n\begin{center}\n\includegraphics[width=150px]{myndir/opin_halflina_pos.png}\n\end{center}\n\begin{center}\n\includegraphics[width=150px]{myndir/opin_halflina_neg.png}\n\end{center},,,,,,open interval,0,,,,,,,,3793
opið hálfrúm,0,na,hk,Eintala,,,,,,,,open half-space,0,,,,,,,,3794
opið hlutrúm,0,na,hk,Eintala,,,,,,,,open subspace,0,,,,,,,,3795
"opið mengi, opið hlutmengi",0,na,hk,Eintala,,,,,,,,"open set, open subset, region",0,,,,,,,,3796
opinleiki,0,na,kk,Eintala,,,,,,,,openness,0,,,,,,,,3803
opinn,0,ls,kk,Eintala,,,,,,,,open,0,,,,,,,,3804
opinn ferill,0,na,kk,Eintala,,,,,,,,open curve,0,,,,,,,,3805
opinn flötur,0,na,kk,Eintala,,,,,,,,open surface,0,,,,,,,,3806
opinn forgrunnur,0,na,kk,Eintala,,,,,,,,open subbase,0,,,,,,,,3807
opinn og lokaður,0,,,,,,,,,,,clopen,0,,,,,,,,3808
opin grennd,0,na,kvk,Eintala,,,,,,,,open neighbourhood,0,,,,,,,,3797
opin hringskífa,0,na,kvk,Eintala,,,,,,,,open disk,0,,,,,,,,3798
opin kúla,0,na,kvk,Eintala,,,,,,,,open ball,0,,,,,,,,3799
"opin segð, opin fullyrðing, opin yrðing",0,na,kvk,Eintala,<ref idTerm=1515>Yrðing</ref> sem inniheldur eina eða fleiri <ref idTerm=538>breytur</ref>.,"Staðhæfingin \(p(x)\): ``\(x\) er <ref idTerm=2546>slétt tala</ref>'' er opin yrðing með óþekktu stærðina \(x\). Þegar talan 1 er sett í stað óþekktu stærðarinnar fæst staðhæfingin \(p(1)\): ``1 er slétt tala'', sem er <ref idTerm=6624>ósönn</ref> yrðing. Þegar talan 2 er sett í stað óþekktu stærðarinnar fæst hins vegar staðhæfingin \(p(2)\): ``\(2\) er slétt tala'', sem er <ref idTerm=6659>sönn</ref> yrðing. \n\nLátum \(p(x)\) vera opna yrðingu og \(X\) vera <ref idTerm=3270>mengi</ref>. Þau <ref idTerm=5128>stök</ref> úr \(X\) sem gera \(p(x)\) að sannri yrðingu þegar þau eru sett í stað óþekktu stærðarinnar kallast \textit{lausnir} opnu yrðingarinnar \(p(x)\) í menginu \(X\). Ennfremur kallast mengi allra lausna \(p(x)\) í \(X\) \textit{lausnamengi} \(p(x)\) í \(X\) og það er táknað með \[ P = \{x \in X \mid p(x)\} .\]",,,,,non-closed formula,"open formula, open statement",0,,,,,,,,3800
opin vörpun,0,na,kvk,Eintala,,,,,,,,open mapping,0,,,,,,,,3801
opin þakning,0,na,kvk,Eintala,,,,,,,,open covering,0,,,,,,,,3802
orð,0,na,hk,Eintala,,,,,,,string,word,0,,,,,,,,3817
orðalengd,0,na,kvk,Eintala,,,,,,,,word length,0,,,,,,,,3818
orðaverkefni,0,na,hk,Eintala,,,,,,,,word problem,0,,,,,,,,3819
óabelskur,0,ls,kk,Eintala,,,,,,,,(of a field extension) non-abelian,0,,,,,,,,3610
óaðgengilegur jaðarpunktur,0,na,kk,Eintala,,,,,,,,inaccessible boundary point,0,,,,,,,,3612
óaðgengileg fjöldatala,0,na,kvk,Eintala,,,,,,,,inaccessible cardinal,0,,,,,,,,3611
"óaðlægur, ósamlægur, ósamliggjandi, grunnstæður",0,ls,,,,,,,,,,non-adjacent,0,,,,,,,,3613
óaðskiljanlegt net,0,na,hk,Eintala,,,,,,,biconnected graph,non-separable graph,0,,,,,,,,3614
óaðskiljanlegur,0,ls,kk,Eintala,,,,,,,,inseparable,0,,,,,,,,3615
óaðskiljanleikaröð,0,na,kvk,Eintala,,,,,,,,order of inseparability,0,,,,,,,,3616
óaðskiljanleikastig,0,na,hk,Eintala,,,,,,,index of inseparability,"degree of inseparability, inseparability degree, inseparable degree",0,,,,,,,,3617
óaðskiljanleikavísir,0,na,kk,Eintala,,,,,,,degree of inseparability,"exponent of inseparability, index of inseparability",0,,,,,,,,3618
óaðskiljanleiki,0,na,kk,Eintala,,,,,,,inseparable degree,inseparability,0,,,,,,,,3619
óafmáanlegur,0,ls,kk,Eintala,,,,,,,,non-removable,0,,,,,,,,3620
óafsannanlegur,0,ls,kk,Eintala,,,,,,,,irrefutable,0,,,,,,,,3621
óandhverfanlegur,0,ls,kk,Eintala,,,,,,,,non-invertible,0,,,,,,,,3629
óargeskur,0,ls,kk,Eintala,,,,,,,,non-Desarguesian,0,,,,,,,,3630
óarkimedískur,0,ls,kk,Eintala,,Einnig ritað: {\it non-Archimedean},,,,,,non-archimedean,0,,,,,,,,3632
óarkimedísk rúmfræði,0,na,kvk,Eintala,,,,,,,,non-archimedean geometry,0,,,,,,,,3631
óaugljós,0,ls,,,,,,,,,,non-trivial,0,,,,,,,,3636
"óákvarðaður, óákveðinn",0,ls,kk,Eintala,,,,,,,,indeterminate,0,,,,,,,,3622
óákveðið form,0,na,hk,Eintala,,,,,,,,indeterminate form,0,,,,,,,,3623
"óákveðið heildi, óákveðið tegur",0,na,hk,Eintala,,,,,,,"antiderivative, primitive",indefinite integral,0,,,,,,,,3624
óákveðinn stuðull,0,na,kk,Eintala,,,,,,,,undetermined coefficient,0,,,,,,,,3626
"óákveðinn, óákvarðaður",0,ls,kk,Eintala,,,,,,,,undetermined,0,,,,,,,,3627
óákveðin stærð,0,na,kvk,Eintala,,,,,,,,indeterminate,0,,,,,,,,3625
óákveðnipunktur,0,na,kk,Eintala,,,,,,,,point of indeterminacy,0,,,,,,,,3628
óáttaður,0,ls,kk,Eintala,,,,,,,,non-oriented,0,,,,,,,,3633
"óáttaður, óstefndur, óstefnubundinn",0,ls,kk,Eintala,,,,,,,,"non-directed, non-oriented, undirected",0,,,,,,,,3634
óáttanlegur,0,ls,kk,Eintala,,,,,,,,non-orientable,0,,,,,,,,3635
óbein ályktun,0,na,kvk,Eintala,,,,,,,reductio ad absurdum,conclusion ex absurdo,0,,,,,,,,3637
"óbein deildun, óbein diffrun, fólgin deildun, fólgin diffrun",0,na,kvk,Eintala,,,,,,,,implicit differentiation,0,,,,,,,,3638
"óbein skilgreining, fólgin skilgreining",0,na,kvk,Eintala,,,,,,,,implicit definition,0,,,,,,,,3639
óbein sönnun,0,na,kvk,Eintala,"<ref idTerm=4964>Sönnun</ref> á <ref idTerm=1515>yrðingingu</ref> \(p\) með því að gera ráð fyrir \(\lnot p\) og sýna að það leiði til <ref idTerm=3403>mótsagnar</ref>, það er að einhver yrðing \(r\) og \(\lnot r\) séu báðar <ref idTerm=6659>sannar</ref> samtímis.","Til þess að geta gert ráð fyrir því að \(p\) sé <ref idTerm=6624>ósönn</ref> þarf að nota <ref idTerm=1452>frumsendu</ref> sem kallast <ref idTerm=2987>lögmál um annað tveggja</ref> sem segir að fyrir allar yrðingar \(p\) gildi annaðhvort \(p\) eða \(\lnot p\). Í <ref idTerm=4642>sígildri rökfræði</ref>, sem er sú rökfræði sem <ref idTerm=5117>stærðfræðingar</ref> nota allra mest, er gert ráð fyrir þessari frumsendu og því eru óbeinar sannanir notaðar óspart þegar það einfaldar hlutina. Í svokallaðri <ref idTerm=2422>innsæisrökfræði</ref> hins vegar er ekki gert ráð fyrir þessari frumsendu og því einungis hægt að styðjast við <ref idTerm=425>beinar sannanir</ref>. Vert er að nefna að yrðing af taginu \(p \implies \lnot q\) er hægt að sanna í innsæisrökfræði með því að gera ráð fyrir \(p\) og \(q\) og sýna að það leiði til mótsagnar. Það krefst ekki lögmáls um annað tveggja vegna þess að neitun \(\lnot q\) er skilgreind sem \(q \implies \bot\) þar sem \(\bot\) merkir mótsögn. Því jafngildir \(p \implies \lnot q\) yrðingunni \(p \implies q \implies \bot\).",,,,,,"indirect proof, proof by contradiction, reductio ad absurdum",0,,,,,,,,3640
óbein úrtaka,0,na,kvk,Eintala,,,,,,,,indirect sampling,0,,,,,,,,3641
"óbjagaður metill, meðalgildisréttur metill",0,na,kk,Eintala,,,,,,,,unbiased estimator,0,,,,,,,,3645
óbjagað próf,0,na,hk,Eintala,,,,,,,,unbiased test,0,,,,,,,,3642
óbjagað úrtak,0,na,hk,Eintala,,,,,,,,unbiased sample,0,,,,,,,,3643
"óbjagað vikbil, óbjagað öryggisbil",0,na,hk,Eintala,,,,,,,,unbiased confidence interval,0,,,,,,,,3644
óbjöguð úrtaka,0,na,kvk,Eintala,,,,,,,,unbiased sampling,0,,,,,,,,3646
óblandaður,0,ls,kk,Eintala,,,,,,,,unmixed,0,,,,,,,,3647
óbreyta,0,na,kvk,Eintala,,,,,,,,invariant,0,,,,,,,,3648
óbreytni,0,na,kvk,Eintala,,,,,,,,invariance,0,,,,,,,,3649
óbreyttur,0,ls,kk,Eintala,,,,,,,,invariant,0,,,,,,,,3652
óbreyttur eiginleiki,0,na,kk,Eintala,,,,,,,,"invariant property, invariance property",0,,,,,,,,3653
óbreyttur frá hægri,0,ls,kk,Eintala,,,,,,,,"right-invariant, right invariant",0,,,,,,,,3654
óbreyttur frá vinstri,0,ls,kk,Eintala,,,,,,,,"left-invariant, left invariant",0,,,,,,,,3655
"óbreyttur við hliðrun, óháður hliðrun",0,ls,kk,Eintala,,,,,,,,translation invariant,0,,,,,,,,3656
óbreytt hlutrúm,0,na,hk,Eintala,,,,,,,,invariant subspace,0,,,,,,,,3650
óbreytt mengi,0,na,hk,Eintala,,,,,,,,invariant set,0,,,,,,,,3651
ódeilanlegur,0,ls,kk,Eintala,,,,,,,,indivisible,0,,,,,,,,3666
"ódeilishluti, hluti en ekki deilir",0,na,kk,Eintala,,,,,,,,non-aliquot part,0,,,,,,,,3667
óðal,0,na,hk,Eintala,,,,,,,latent domain,"(of a correspondence) actual domain, domain, left domain",0,,,,,,,,3657
"óeiginlega heildanlegur, óeiginlega tegranlegur",0,ls,kk,Eintala,,,,,,,,improperly integrable,0,,,,,,,,3673
óeiginlegt brot,0,na,hk,Eintala,,,,,,,,improper fraction,0,,,,,,,,3674
"óeiginlegt heildi, óeiginlegt tegur",0,na,hk,Eintala,,,,,,,,improper integral,0,,,,,,,,3675
óeiginlegt rætt fall,0,na,hk,Eintala,,,,,,,,improper rational function,0,,,,,,,,3676
óeiginlegur,0,ls,kk,Eintala,,,,,,,,improper,0,,,,,,,,3677
óeiginlegur flokkur,0,na,kk,Eintala,,,,,,,,improper class,0,,,,,,,,3678
óeiginlegur strengur,0,na,kk,Eintala,,,,,,,,improper chord,0,,,,,,,,3679
óeiginleg afleiða,0,na,kvk,Eintala,,,,,,,,"improper derivative, infinite derivative",0,,,,,,,,3668
"óeiginleg deildun, óeiginleg diffrun",0,na,kvk,Eintala,,,,,,,,improper differentiability,0,,,,,,,,3669
óeiginleg evklíðsk hreyfing,0,na,kvk,Eintala,,,,,,,,improper Euclidean motion,0,,,,,,,,3670
óeiginleg ósamleitni,0,na,kvk,Eintala,,,,,,,,"improper divergence, oscillating divergence",0,,,,,,,,3671
"óeiginleg þverstaðalvörpun, snúspeglun",0,na,kvk,Eintala,,,,,,,orientation-reversing isometry,"improper orthogonal transformation, reversal, rotary reflection",0,,,,,,,,3672
óeind,0,na,kvk,Eintala,,,,,,,,non-unit,0,,,,,,,,3680
óendanlega lítill,0,ls,kk,Eintala,,,,,,,"infinite, infinitesimal",infinitely small,0,,,,,,,,3689
óendanlega margir,0,ls,kk,Fleirtala,,,,,,,infinite,infinitely many,0,,,,,,,,3690
"óendanlega oft deildanlegur, óendanlega oft diffranlegur, þjáll",0,ls,kk,Eintala,,,,,,,,"infinitely differentiable, smooth",0,,,,,,,,3691
óendanlega stór,0,ls,kk,Eintala,,,,,,,infinite,infinitely great,0,,,,,,,,3692
óendanlega vaxandi,0,ls,,,,,,,,,,"indefinitely increasing, infinitely increasing",0,,,,,,,,3693
óendanlega víður,0,ls,kk,Eintala,,,,,,,,infinite-dimensional,0,,,,,,,,3694
óendanlegt margfeldi,0,na,hk,Eintala,,,,,,,,"continued product, infinite product",0,,,,,,,,3695
óendanlegt mengi,0,na,hk,Eintala,,,,,,,,infinite set,0,,,,,,,,3696
óendanlegt tugabrot,0,na,hk,Eintala,,,,,,,,"infinite decimal, non-terminating decimal",0,,,,,,,,3697
óendanlegur,0,ls,kk,Eintala,<ref idTerm=3270>Mengi</ref> kallast \textit{óendanlegt} ef það er ekki <ref idTerm=1009>endanlegt</ref>.,,,,,,"infinitely many, infinitely great, infinitely small, transfinite",infinite,0,,,,,,,,3698
óendanlegur fjöldi,0,na,kk,Eintala,,,,,,,infinite cardinal,infinite number,0,,,,,,,,3699
"óendanlegur, endalaus",0,ls,kk,Eintala,,,,,,,,non-terminating,0,,,,,,,,3700
"óendanleg fjöldatala, ofurendanleg fjöldatala",0,na,kvk,Eintala,,,,,,,"aleph, infinite number","infinite cardinal, transfinite cardinal",0,,,,,,,,3681
"óendanleg raðtala, ofurendanleg raðtala",0,na,kvk,Eintala,,,,,,,,"infinite ordinal, transfinite ordinal",0,,,,,,,,3682
"óendanleg runa, runa",0,na,kvk,Eintala,"\textit{Runa} af <ref idTerm=5128>stökum</ref> úr <ref idTerm=3270>mengi</ref> \(X\) er <ref idTerm=3282>vörpun</ref> \(f:\mathbb{N} \to X\). Ef við skrifum \(x_i = f(i)\) er runan ýmist táknuð \((x_1,x_2,\dots)\), \(\left(x_i\right)_{i=1}^\infty\), \(\left(x_i\right)_{i\geq 1}\) eða \(\left(x_i\right)_{i\in\mathbb{N}}\).",,,,,,sequence,"infinite sequence, sequence",0,,,,,,,,3684
"óendanleg röð, röð",0,na,kvk,Eintala,,,,,,,series,"infinite series, series",0,,,,,,,,3683
óendanleg slétta,0,na,kvk,Eintala,,,,,,,,infinite plane,0,,,,,,,,3685
óendanleg stærð,0,na,kvk,Eintala,,,,,,,infinite number,"infinite quantity, infinity",0,,,,,,,,3686
óendanleg tala,0,na,kvk,Eintala,,,,,,,"infinite quantity, infinity",infinite number,0,,,,,,,,3687
"óendanleg þáttun, margfeldisliðun, feldisliðun",0,na,kvk,Eintala,,,,,,,,"expansion in an infinite product, product expansion",0,,,,,,,,3688
"óendanleikafrumsenda, óendanleikafrumsetning, frumsenda um óendanleika, frumsetning um óendanleika",0,na,kvk,Eintala,,,,,,,,"axiom of infinity, infinity axiom",0,,,,,,,,3701
óendanleikapunktur,0,na,kk,Eintala,,,,,,,,point of infinity,0,,,,,,,,3702
óendanleiki,0,na,kk,Eintala,,,,,,,,"infinity, infinitude",0,,,,,,,,3703
"óendurkvæmur, óafturkvæmur",0,ls,kk,Eintala,,,,,,,,non-recurrent,0,,,,,,,,3704
óevklíðskur,0,ls,kk,Eintala,,Einnig ritað: {\it non-Euclidean},,,,,,non-euclidean,0,,,,,,,,3706
"óevklíðskur flutningur, óevklíðsk hreyfing",0,na,,Eintala,,,,,,,,non-euclidean motion,0,,,,,,,,3707
óevklíðsk rúmfræði,0,na,kvk,Eintala,<ref idTerm=4271>Rúmfræði</ref> sem byggir á fyrstu fjórum <ref idTerm=1030>frumsendum Evklíðs</ref> en hafnar þeirri fimmtu. Það eru tvær gerðir óevklíðskar rúmfræðar en þær eru <ref idTerm=520>breiðger rúmfræði</ref> og <ref idTerm=5008>sporger rúmfræði</ref>.,,,,,,"absolute geometry, conformal geometry, elliptic geometry, euclidean geometry, hyperbolic geometry, inversive geometry, Minkowski geometry, Möbius geometry, neutral geometry, non-archimedean geometry, parabolic geometry, projective geometry, Riemannian geometry, spherical geometry, spherics",non-euclidean geometry,0,,,,,,,,3705
ófullgerður,0,ls,kk,Eintala,,,,,,,,imperfect,0,,,,,,,,3718
ófullkominn,0,ls,kk,Eintala,,,,,,,,incomplete,0,,,,,,,,3720
ófullkomin tala,0,na,kvk,Eintala,,,,,,,,imperfect number,0,,,,,,,,3719
ófullkomleikasetning Gödels,0,na,kvk,Eintala,,,,,,,,Gödel's incompleteness theorem,0,,,,,,,,3721
"ófærusönnun, ómöguleikasönnun",0,na,kvk,Eintala,,,,,,,,impossibility proof,0,,,,,,,,3709
"ófær, ómögulegur",0,ls,kk,Eintala,,,,,,,,impossible,0,,,,,,,,3708
ógegnvirkur,0,ls,kk,Eintala,,,,,,,,non-transitive,0,,,,,,,,3741
"ógegnvirkur, ekki gegnvirkur",0,ls,kk,Eintala,,,,,,,,intransitive,0,,,,,,,,3742
"óháðar frumsendur, óháðar frumsetningar",0,na,kvk,Fleirtala,,,,,,,,independent axioms,0,,,,,,,,3747
óháðar hendingar,0,na,kvk,Fleirtala,,,,,,,,"independent random variables, independent variates",0,,,,,,,,3748
óháðir atburðir,0,na,kk,Fleirtala,,,,,,,,"independent events, stochastically independent events",0,,,,,,,,3749
óháðir tveir og tveir,0,,,,,,,,,,mutually independent,pairwise independent,0,,,,,,,,3750
óháður,0,ls,kk,Eintala,,,,,,,"algebraically independent, independent variable, linearly independent",independent,0,,,,,,,,3751
óháð úrtaka,0,na,kvk,Eintala,,,,,,,,independent sampling,0,,,,,,,,3746
óhliðraður,0,ls,kk,Eintala,,,,,,,,(of a linear equation) homogeneous,0,,,,,,,,3755
óhliðrað jöfnuhneppi,0,na,hk,Eintala,,,,,,,,homogeneous system of equations,0,,,,,,,,3754
"óhliðruð línuleg deildajafna, óhliðruð línuleg diffurjafna",0,na,kvk,Eintala,,,,,,,,"homogeneous linear differential equation, homogeneous differential equation",0,,,,,,,,6621
óhliðruð línuleg jafna,0,na,kvk,Eintala,,,,,,,,homogeneous linear equation,0,,,,,,,,3756
óhlutbundinn hyrnuklasi,0,na,kk,Eintala,,,,,,,,abstract simplicial complex,0,,,,,,,,3757
óhlutvera,0,na,kvk,Eintala,,,,,,,,non-inclusion,0,,,,,,,,3758
óhnýttur,0,ls,kk,Eintala,,,,,,,,unknotted,0,,,,,,,,3759
óhæði,0,na,hk,Eintala,,,,,,,,independence,0,,,,,,,,3752
óhæðisönnun,0,na,kvk,Eintala,,,,,,,,independence proof,0,,,,,,,,3753
ójafn,0,ls,kk,Eintala,,,,,,,odd,uneven,0,,,,,,,,3760
ójafna,0,na,kvk,Eintala,,,,,,,,inequality,0,,,,,,,,3762
ójafnaðarmerki,0,na,hk,Eintala,,,,,,,,not-equal sign,0,,,,,,,,3763
"ójafnarma þríhyrningur, mishliða þríhyrningur",0,na,kk,Eintala,,,,,,,,"scalene triangle, scalenous triangle",0,,,,,,,,3764
ójafnhliða og skakkur samsíðungur,0,na,kk,Eintala,,,,,,,,rhomboid,0,,,,,,,,3765
"ójafn, ólíkur",0,ls,kk,Eintala,,,,,,,,unequal,0,,,,,,,,3761
ójöfnumerki,0,na,hk,Eintala,,,,,,,,inequality sign,0,,,,,,,,3766
"ójöfnumerki, ójöfnutákn",0,na,hk,Eintala,,,,,,,,sign of inequality,0,,,,,,,,3767
ójöfnuþvingun,0,na,kvk,Eintala,,,,,,,,inequality constraint,0,,,,,,,,3768
"ókleyfi, óþættanleiki, ókljúfanleiki",0,na,,Eintala,,,,,,,,irreducibility,0,,,,,,,,3769
ókleyft tilvik,0,na,hk,Eintala,,,,,,,,"casus irreducibilis, irreducible case",0,,,,,,,,3770
ókljúfanleg algebrulegt mengi,0,na,hk,Eintala,,,,,,,,irreducible algebraic set,0,,,,,,,,3771
ókvíslaður,0,ls,kk,Eintala,,,,,,,,"non-ramified, unramified",0,,,,,,,,3772
óleysanlegur,0,ls,kk,Eintala,,,,,,,,"insoluble, irresoluble, unsolvable",0,,,,,,,,3773
óleysanlegur,0,ls,kk,Eintala,,,,,,,,non-solvable,0,,,,,,,,3774
ólínulegt aðhvarf,0,na,hk,Eintala,,,,,,,,curvilinear regression,0,,,,,,,,3776
ólínulegur,0,ls,kk,Eintala,,,,,,,,non-linear,0,,,,,,,,3777
ólínuleg hneigð,0,na,kvk,Eintala,,,,,,,,"curvilinear trend, non-linear trend",0,,,,,,,,3775
ólínuleiki,0,na,kk,Eintala,,,,,,,,non-linearity,0,,,,,,,,3778
"ólokuð segð, ólokuð fullyrðing, ólokuð yrðing",0,na,kvk,Eintala,,,,,,,"open formula, open statement",non-closed formula,0,,,,,,,,3779
"ólotubundið ástand, lotulaust ástand",0,na,hk,Eintala,,,,,,,,aperiodic state,0,,,,,,,,3780
ólotubundinn,0,ls,kk,Eintala,,,,,,,,non-recurrent,0,,,,,,,,3781
"ólotubundinn, lotulaus",0,ls,kk,Eintala,,,,,,,,non-periodic,0,,,,,,,,3782
"ómagurt mengi, ómagurt hlutmengi",0,ls,hk,Eintala,,,,,,,,"non-meagre set, non-meagre subset, set of the second category",0,,,,,,,,3785
"ómagur, ekki magur",0,ls,kk,Eintala,,,,,,,,non-meagre,0,,,,,,,,3784
"ómarkverður, fánýtur, klénn",0,ls,kk,Eintala,,,,,,,,trivial,0,,,,,,,,3786
ómega-fullkominn,0,ls,kk,Eintala,,,,,,,,omega-complete,0,,,,,,,,3787
óminnkanleiki,0,na,kk,Eintala,,,,,,,,minimality,0,,,,,,,,3788
ómælanlegur,0,ls,kk,Eintala,,,,,,,,non-measurable,0,,,,,,,,3783
ómögulegur atburður,0,na,kk,Eintala,,,,,,,,impossible event,0,,,,,,,,3789
"óráðið form, óákveðið form",0,na,hk,Eintala,,,,,,,,indefinite form,0,,,,,,,,3811
óráðið stærðtákn,0,na,hk,Eintala,,,,,,,,indeterminate form,0,,,,,,,,3812
"órásaður fléttingur, óhringaður fléttingur",0,na,kk,Eintala,,,,,,,,acyclic complex,0,,,,,,,,3815
"órásaður, óhringaður",0,ls,kk,Eintala,,,,,,,,acyclic,0,,,,,,,,3816
óreglulegur,0,ls,kk,Eintala,,,,,,,,irregular,0,,,,,,,,3821
óreglulegur sérstöðupunktur,0,na,kk,Eintala,,,,,,,inessential singular point,"(in differential equations) essential singular point, irregular singular point, irregular singularity",0,,,,,,,,3822
óregluleg frumtala,0,na,kvk,Eintala,,,,,,,,irregular prime,0,,,,,,,,3820
óreiða,0,na,kvk,Eintala,,,,,,,,entropy,0,,,,,,,,3823
óreiknanlegur,0,ls,kk,Eintala,,,,,,,,"incalculable, non-computable",0,,,,,,,,3824
óreiknanleiki,0,na,kk,Eintala,,,,,,,,"incalculability, non-computability",0,,,,,,,,3825
órífkandi,0,ls,,,,,,,,,,non-expansive,0,,,,,,,,3828
óræðni,0,na,kvk,Eintala,,,,,,,,irrationality,0,,,,,,,,3813
óræður,0,ls,kk,Eintala,<ref idTerm=4093>Rauntala</ref> kallast \textit{óræð} ef hún er ekki <ref idTerm=4039>ræð</ref>.,,,,,,,irrational,0,,,,,,,,3814
óræð tala,0,ls,hk,Fleirtala,,,,,,,,"irrational number, irrational",0,,,,,,,,6622
óröðuð tvennd,0,na,kvk,Eintala,,,,,,,,"non-ordered pair, pair, plain pair, unordered pair",0,,,,,,,,3829
"ósamanhangandi, ósamhangandi",0,ls,,,,,,,,,,"disconnected, unconnected",0,,,,,,,,3854
ósambærilegur,0,ls,kk,Eintala,,,,,,,,non-comparable,0,,,,,,,,3855
ósamfelldni,0,na,kvk,Eintala,,,,,,,,discontinuity,0,,,,,,,,3856
ósamfelldnipunktur,0,na,kk,Eintala,,,,,,,,point of discontinuity,0,,,,,,,,3859
ósamfelldni frá hægri,0,na,kvk,Eintala,,,,,,,,discontinuity on the right,0,,,,,,,,3857
ósamfelldni frá vinstri,0,na,kvk,Eintala,,,,,,,,discontinuity on the left,0,,,,,,,,3858
ósamfelldur,0,ls,kk,Eintala,,,,,,,,discontinuous,0,,,,,,,,3860
ósamfelldur frá hægri,0,ls,kk,Eintala,,,,,,,,discontinuous on the left,0,,,,,,,,3861
ósamfelldur frá vinstri,0,ls,kk,Eintala,,,,,,,,discontinuous on the right,0,,,,,,,,3862
ósamfellt fall,0,na,hk,Eintala,,,,,,,,discontinuous function,0,,,,,,,,3863
ósamhverfur,0,ls,kk,Eintala,,,,,,,antisymmetric,asymmetric,0,,,,,,,,3865
ósamhverfur,0,ls,kk,Eintala,,,,,,,,non-symmetric,0,,,,,,,,3866
ósamhverf dreifing,0,na,kvk,Eintala,,,,,,,,asymmetric distribution,0,,,,,,,,3864
"ósamkvæmni, ósamrýmanleiki",0,na,,Eintala,,,,,,,,"incompatibility, inconsistency",0,,,,,,,,3867
ósamkvæmur metill,0,na,kk,Eintala,,,,,,,,inconsistent estimator,0,,,,,,,,3868
"ósamkvæmur, ósamrýmanlegur",0,ls,kk,Eintala,,,,,,,,"incompatible, inconsistent",0,,,,,,,,3869
ósamleifa,0,ls,,,,,,,,,,(in algebra) incongruent,0,,,,,,,,3870
ósamleitinn,0,ls,kk,Eintala,,,,,,,,divergent,0,,,,,,,,3871
ósamleitni,0,na,kvk,Eintala,,,,,,,,"(of a sequence or series) divergence, divergency",0,,,,,,,,3872
ósamleitnipunktur,0,na,kk,Eintala,,,,,,,,point of divergence,0,,,,,,,,3873
ósamlína,0,ls,,,,,,,,,,non-collinear,0,,,,,,,,3874
"ósammiðja, hjámiðja",0,na,kvk,Eintala,,,,,,,eccentric circle,eccentric,0,,,,,,,,3877
ósammælanlegur,0,ls,kk,Eintala,,,,,,,,incommensurable,0,,,,,,,,3875
ósammælanleiki,0,na,kk,Eintala,,,,,,,,incommensurability,0,,,,,,,,3876
ósampunkta,0,ls,,,,,,,,,,non-concurrent,0,,,,,,,,3878
"ósamrýmanlegir tveir og tveir, sundurlægir tveir og tveir",0,ls,kk,Fleirtala,,,,,,,,"mutually exclusive, mutually disjoint",0,,,,,,,,6623
ósamrýndur bútur,0,na,kk,Eintala,,,,,,,conforming element,nonconforming element,0,,,,,,,,3879
ósamsnið,0,na,hk,Eintala,,,,,,,,"incongruence, non-congruence",0,,,,,,,,3880
ósamsniða,0,ls,,,,,,,,,,"(in geometry) incongruent, incongruous",0,,,,,,,,3881
ósamsniða,0,ls,,,,,,,,,,non-congruent,0,,,,,,,,3882
"ósamþátta tveir og tveir, ósamþættir tveir og tveir",0,,,,,,,,,,mutually prime,mutually coprime,0,,,,,,,,3883
"ósamþátta, ósamþættur",0,ls,kk,Eintala,,,,,,,,"coprime, mutually prime, relatively prime",0,,,,,,,,3884
ósamþjappanlegur,0,ls,kk,Eintala,,,,,,,,incompressible,0,,,,,,,,3885
ósannanlegur,0,ls,kk,Eintala,,,,,,,,unprovable,0,,,,,,,,3886
ósannanleiki,0,na,kk,Eintala,,,,,,,,unprovability,0,,,,,,,,3887
ósanngjarn leikur,0,na,kk,Eintala,,,,,,,fair game,unfair game,0,,,,,,,,3888
"ósannindi, ósannleikur",0,na,,,,,,,,,,falsehood,0,,,,,,,,3889
ósannur,0,ls,kk,Eintala,Sjá <ref idTerm=4560>sanngildi</ref>.,,,,,,,FALSE,0,,,,,,,,6624
"ósérstæður algebrulegur ferill, reglulegur algebrulegur ferill",0,na,kk,Eintala,,,,,,,,"non-singular algebraic curve, regular algebraic curve",0,,,,,,,,3891
"ósérstæður algebrulegur flötur, reglulegur algebrulegur flötur",0,na,kk,Eintala,,,,,,,,"non-singular algebraic surface, regular algebraic surface",0,,,,,,,,3892
"ósérstæður fágaður ferill, reglulegur fágaður ferill",0,na,kk,Eintala,,,,,,,,"non-singular analytic curve, regular analytic curve",0,,,,,,,,3893
"ósérstæður fágaður flötur, reglulegur fágaður flötur",0,na,kk,Eintala,,,,,,,,"non-singular analytic surface, regular analytic surface",0,,,,,,,,3894
"ósérstæður, reglulegur",0,ls,kk,Fleirtala,,,,,,,regular curve,(of a curve) non-singular,0,,,,,,,,3895
"ósérstæður, reglulegur",0,ls,kk,Fleirtala,,,,,,,,(of an algebraic or analytic variety) non-singular,0,,,,,,,,3896
"ósérstætt algebrulegt víðerni, reglulegt algebrulegt víðerni",0,na,hk,Eintala,,,,,,,algebraic manifold,"non-singular algebraic variety, regular algebraic variety",0,,,,,,,,3897
"ósérstætt fágað víðerni, reglulegt fágað víðerni",0,na,hk,Eintala,,,,,,,analytic manifold,"non-singular analytic variety, regular analytic variety",0,,,,,,,,3898
óskilgreindur,0,ls,kk,Eintala,,,,,,,,undefined,0,,,,,,,,3899
óskilvirkur,0,ls,kk,Eintala,,,,,,,,inefficient,0,,,,,,,,3900
óskilvirkur metill,0,na,kk,Eintala,,,,,,,,inefficient estimator,0,,,,,,,,3901
óskilyrt ójafna,0,na,kvk,Eintala,,,,,,,,"absolute inequality, unconditional inequality",0,,,,,,,,3902
óslembdur,0,ls,kk,Eintala,,,,,,,,non-randomized,0,,,,,,,,3903
óslembinn,0,ls,kk,Eintala,,,,,,,,non-random,0,,,,,,,,3904
ósléttanlegur,0,ls,kk,Eintala,,,,,,,,non-planar,0,,,,,,,,3905
"ósmækkanlegt spannmengi, ósmækkanlegt spannandi mengi, óminnkanlegt spannmengi, óminnkanlegt spannandi mengi",0,na,hk,Eintala,,,,,,,,"irreducible generating set, minimal generating set, minimal set of generators, minimal system of generators",0,,,,,,,,3906
óspegilvirkur,0,ls,kk,Eintala,,,,,,,,non-reflexive,0,,,,,,,,3907
"óstefnt net, óáttað net",0,na,hk,Eintala,,,,,,,,"non-directed graph, non-oriented graph, undirected graph",0,,,,,,,,3909
óstrjáll,0,ls,kk,Eintala,,,,,,,,non-discrete,0,,,,,,,,3912
óstyttanleg frymin þáttun,0,na,kvk,Eintala,,,,,,,,irredundant primary decomposition,0,,,,,,,,3913
óstækkanleiki,0,na,kk,Eintala,,,,,,,,"maximality, maximal property",0,,,,,,,,3908
óstöðugleiki,0,na,kk,Eintala,,,,,,,,instability,0,,,,,,,,3910
óstöðugur,0,ls,kk,Eintala,,,,,,,,unstable,0,,,,,,,,3911
"ósundurlægur, skaraður",0,ls,kk,Eintala,,,,,,,,"non-disjoint, overlapping",0,,,,,,,,3914
"ós, svelgur",0,na,kk,Eintala,,,,,,,,sink,0,,,,,,,,3853
"ótakmarkaður virki, óskorðaður virki",0,na,kk,Eintala,,,,,,,,unbounded operator,0,,,,,,,,3917
"ótakmarkaður, óskorðaður",0,ls,kk,Eintala,,,,,,,,unbounded,0,,,,,,,,3918
"ótakmarkað bil, óskorðað bil",0,na,hk,Eintala,,,,,,,,unbounded interval,0,,,,,,,,3915
"ótakmarkað fall, óskorðað fall",0,na,hk,Eintala,,,,,,,,unbounded function,0,,,,,,,,3916
óteljanlegur,0,ls,kk,Eintala,,,,,,,,"non-denumerable, non-enumerable, uncountable",0,,,,,,,,3919
ótenginn,0,ls,kk,Eintala,,,,,,,,non-associative,0,,,,,,,,3920
ótiltekið stak,0,na,hk,Eintala,,,,,,,typical element,arbitrary element,0,,,,,,,,3921
ótiltekinn,0,ls,kk,Eintala,,,,,,,,indeterminate,0,,,,,,,,3922
"ótiltekinn, hver sem er",0,,,,,,,,,,,arbitrary,0,,,,,,,,3923
"ótvíræðnifrumsenda, ótvíræðnifrumsetning",0,na,kvk,Eintala,,,,,,,,uniqueness axiom,0,,,,,,,,3928
ótvíræðnisetning,0,na,kvk,Eintala,,,,,,,,uniqueness theorem,0,,,,,,,,3929
ótvíræðniskilyrði,0,na,hk,Eintala,,,,,,,,uniqueness condition,0,,,,,,,,3930
"ótvíræðni, einræðni",0,na,kvk,Eintala,,,,,,,,"unicity, uniqueness",0,,,,,,,,3927
"ótvíræður, einræður",0,ls,kk,Eintala,,,,,,,,unique,0,,,,,,,,3931
"ótvíræð lausn, ótvírætt ákvörðuð lausn",0,na,kvk,Eintala,,,,,,,,unique solution,0,,,,,,,,3924
ótvíræð skilgreining,0,na,kvk,Eintala,,,,,,,,unambiguous definition,0,,,,,,,,3925
ótvíræð þáttun,0,na,kvk,Eintala,,,,,,,,unique factorization,0,,,,,,,,3926
ótvírætt ákvarðaður,0,ls,kk,Eintala,"<ref idTerm=5102>Stærð</ref> \(A\) kallast \textit{ótvírætt ákvörðuð} af tilteknum <ref idTerm=4797>skilyrðum</ref> ef hún\n\n\begin{enumerate}\n    \item uppfyllir þau skilyrði (\(A\) er \textit{ákvörðuð} af skilyrðunum),\n    \item ef önnur stærð \(B\) uppfyllir sömu skilyrði þá gildir \(A=B\)\n\end{enumerate}",,,,,,,uniquely determined,0,,,,,,,,3932
óumhverfanlegur,0,ls,kk,Eintala,,,,,,,,non-invertible,0,,,,,,,,3933
óuppbyggjandi,0,ls,,,,,,,,,,non-constructive,0,,,,,,,,3934
óuppbyggjandi tilvistarsönnun,0,na,kvk,Eintala,,,,,,,,non-constructive existence proof,0,,,,,,,,3935
"óúrkynjaður, ósérstæður",0,ls,kk,Eintala,,,,,,,,"non-degenerate, non-singular",0,,,,,,,,3936
óúrskurðanlegur,0,ls,kk,Eintala,,,,,,,,undecidable,0,,,,,,,,3939
"óúrskurðanleg fullyrðing, óúrskurðanleg yrðing",0,na,kvk,Eintala,,,,,,,,undecidable proposition,0,,,,,,,,3937
óúrskurðanleg kenning,0,na,kvk,Eintala,,,,,,,,undecidable theory,0,,,,,,,,3938
óúrskurðanleikasetning,0,na,kvk,Eintala,,,,,,,,undecidability theorem,0,,,,,,,,3940
óúrskurðanleiki,0,na,kk,Eintala,,,,,,,,undecidability,0,,,,,,,,3941
óvanalegur,0,ls,kk,Eintala,,,,,,,,non-standard,0,,,,,,,,3944
"óvanaleg stærðfræðigreining, óvanaleg greining",0,na,kvk,Eintala,,,,,,,infinitesimal calculus,non-standard analysis,0,,,,,,,,3942
óvanaleg tala,0,na,kvk,Eintala,,,,,,,,non-standard number,0,,,,,,,,3943
óverulegur,0,ls,kk,Eintala,,,,,,,,inessential,0,,,,,,,,3945
óverulegur sérstöðupunktur,0,na,kk,Eintala,,,,,,,,"(in complex analysis) inessential singularity, inessential singular point, regular singular point, regular singularity",0,,,,,,,,3946
"óverulegur, hverfandi",0,ls,,,,,,,,,,negligible,0,,,,,,,,3947
óveruritháttur,0,na,kk,Eintala,,,,,,,"Landau order symbol, ordo-symbol",\(o\)-notation,0,,,,,,,,3948
óviðkennd tala,0,na,kvk,Eintala,,,,,,,,"abstract number, unnamed number",0,,,,,,,,3949
óviðkomandi rót,0,na,kvk,Eintala,,,,,,,,extraneous root,0,,,,,,,,3950
óvissa,0,na,kvk,Eintala,,,,,,,,uncertainty,0,,,,,,,,3951
óvíxlanlegur,0,ls,kk,Eintala,,,,,,,,"non-commuting, non-interchangeable, non-permutable",0,,,,,,,,3952
óvíxlinn,0,ls,kk,Eintala,,,,,,,non-abelian,non-commutative,0,,,,,,,,3953
"óvíxlinn, óabelskur",0,ls,kk,Eintala,,,,,,,non-commutative,(of a group) non-abelian,0,,,,,,,,3954
óþekktur,0,ls,kk,Eintala,,,,,,,,unknown,0,,,,,,,,3961
óþekkt stærð,0,na,kvk,Eintala,,,,,,,,"unknown, unknown quantity",0,,,,,,,,3960
óþjappaður,0,ls,kk,Eintala,,,,,,,,non-compact,0,,,,,,,,3962
"óþættanlegur, ókljúfanlegur, ókleyfur",0,ls,kk,Eintala,,,,,,,,indecomposible,0,,,,,,,,3957
óþættanleg margliða,0,na,kvk,Eintala,,,,,,,,irreducible polynomial,0,,,,,,,,6625
óþættanleg Markov-keðja,0,ls,hk,Fleirtala,,,,,,,,irreducible Markov chain,0,,,,,,,,6626
"óþættanleiki, ókljúfanleiki, ókleyfi",0,na,,Eintala,,,,,,,,indecomposability,0,,,,,,,,3959
"óþörf frumsenda, óþörf frumsetning",0,na,kvk,Eintala,,,,,,,,redundant axiom,0,,,,,,,,3963
Papposarregla,0,na,kvk,Eintala,,,,,,,,Pappus's rule,0,,,,,,,,3965
"Papposarsetning, setning Papposar",0,na,kvk,Eintala,,,,,,,,Pappus's theorem,0,,,,,,,,3966
"Papposarslétta, pappesk slétta",0,na,kvk,Eintala,,,,,,,,Pappian plane,0,,,,,,,,3967
"Papposar-, pappeskur",0,,,,,,,,,,,Pappian,0,,,,,,,,3964
paraður samanburður,0,na,kk,Eintala,,,,,,,,paired comparison,0,,,,,,,,3968
"Pascal-þríhyrningur, þríhyrningur Pascals",0,na,kk,Eintala,,,,,,,,Pascal's triangle,0,,,,,,,,3969
Peano-ferill,0,na,kk,Eintala,,,,,,,,Peano curve,0,,,,,,,,3970
"Peano-talnafræði, Peano-reikningur",0,na,,Eintala,,,,,,,,Peano arithmetic,0,,,,,,,,3971
Pfaff-ákveða,0,na,kvk,Eintala,,,,,,,,pfaffian,0,,,,,,,,3972
Pfaff-ferill,0,na,kk,Eintala,,,,,,,,pfaffian,0,,,,,,,,3973
"Pfaff-form, \(1\)-deildaform, \(1\)-diffurform",0,na,hk,Eintala,,Einnig ritað með upphafsstaf: {\it Pfaffian},,,,,,"pfaffian, pfaffian form",0,,,,,,,,3974
"Phragmén-Lindelöf-fall, vísifall",0,na,hk,Eintala,,,,,,,,"indicator function, Phragmén-Lindelöf function",0,,,,,,,,3975
"Picard-setningin meiri, stóra Picard-setningin",0,na,kvk,Eintala,,,,,,,little Picard theorem,great Picard theorem,0,,,,,,,,3977
"Picard-setningin minni, litla Picard-setningin",0,na,kvk,Eintala,,,,,,,great Picard theorem,little Picard theorem,0,,,,,,,,3978
pí (\(\pi\)),0,na,hk,Eintala,<ref idTerm=2072>Hlutfallið</ref> milli hálfs <ref idTerm=5774>ummáls</ref> <ref idTerm=2295>hrings</ref> og <ref idTerm=1619>geisla</ref> hans.,,,,,,,pi (\(\pi\)),0,,,,,,,,3976
platónskt net,0,na,hk,Eintala,,,,,,,,platonic graph,0,,,,,,,,3979
platónskur,0,ls,kk,Eintala,,Einnig ritað með upphafsstaf: {\it Platonic},,,,,,platonic,0,,,,,,,,3980
"plúsformerki, jákvætt formerki",0,na,hk,Eintala,,,,,,,,"plus, plus sign, positive sign",0,,,,,,,,3982
"plús, plúsmerki, samlagningarmerki",0,na,,Eintala,,,,,,,summation sign,"addition sign, plus, plus sign, sign of addition",0,,,,,,,,3981
Poisson-dreifing,0,na,kvk,Eintala,,,,,,,,Poisson distribution,0,,,,,,,,3983
Poisson-ferli,0,na,hk,Eintala,,,,,,,,Poisson process,0,,,,,,,,3984
pólskt rúm,0,na,hk,Eintala,,,,,,,,Polish space,0,,,,,,,,3985
próf,0,na,hk,Eintala,,,,,,,,criterion,0,,,,,,,,3986
próf,0,na,hk,Eintala,,,,,,,,test,0,,,,,,,,3987
prófhending,0,na,kvk,Eintala,,,,,,,,"critical function, test function",0,,,,,,,,3988
prófunarfall,0,na,hk,Eintala,,,,,,,,(in analysis) test function,0,,,,,,,,3989
prósenta,0,na,kvk,Eintala,<ref idTerm=5397>Tala</ref> \(a\) er \textit{\(p\) prósent} af tölunni \(b\) ef <ref idTerm=2072>hlutfall</ref> á milli \(a\) og \(b\) er \(\frac{p}{100}\).,,,,,,,percentage,0,,,,,,,,3991
prósentureikningur,0,na,kk,Eintala,,,,,,,,percentage calculation,0,,,,,,,,3992
"prósentustöplarit, hlutfallsstöplarit",0,na,hk,Eintala,,,,,,,,band chart,0,,,,,,,,3993
"prósent, hundraðshluti, hundraðstala",0,na,,Eintala,,,,,,,,percent,0,,,,,,,,3990
punktað mengi,0,na,hk,Eintala,,,,,,,,pointed set,0,,,,,,,,3994
punktað rúm,0,na,hk,Eintala,,,,,,,,pointed space,0,,,,,,,,3995
"punktamengi, mengi",0,na,hk,Eintala,,,,,,,set,point set,0,,,,,,,,3996
"punktaröð, punktavöndur",0,na,kvk,Eintala,,,,,,,,"point range, range of points",0,,,,,,,,3997
punktferli,0,na,hk,Eintala,,,,,,,,point process,0,,,,,,,,3998
"punktmat, stakt mat",0,na,hk,Eintala,,,,,,,,point estimate,0,,,,,,,,3999
punktur sem er ekki hvarfpunktur,0,na,kk,Eintala,,,,,,,critical point,non-critical point,0,,,,,,,,4000
"punktur, depill",0,na,kk,Eintala,,,,,,,"accessible boundary point, accumulation point, acnodal point, adherent point, base point, bending point, bisecting point, boundary point, branch point, break point, central point, cluster point, complex point, condensation point, conjugate point, critical point, decimal point, dividing point, double point, end point, equilibrium point, essential singular point, exterior point, extremal point, extreme point, extremum point, fixed point, flat point, flex point, frontier point, fundamental point, general point, generic point, global extremum point, global maximum point, global minimum point, hyperbolic point, ideal point, inaccessible boundary point, inessential singular point, infinite point, inflection point, inflexion point, initial end-point, initial point, inner point, interior point, invariant point, inverse point, irregular singular point, isolated point, isolated singular point, left end point, limit point, limiting point, logarithmic branch point, maximum point, median point, mesh point, middle point, midpoint, minimum point, multiple point, non-critical point, optimum point, ordinary point, parabolic point, planar point, polar point, proper point, radix point, ramification point, range of points, real point, regular point, regular singular point, removable singular point, right end point, running point, saddle point, self-intersection point, significance point, simple point, singular point, space point, spherical point, stationary point, terminal point, turning point, umbilical point, vortex point",point,0,,,,,,,,4001
"Pýþagórasarregla, setning Pýþagórasar",0,na,kvk,Eintala,\textit{Setning Pýþagórasar} segir að fyrir <ref idTerm=4173>rétthyrndan þríhyrning</ref> með <ref idTerm=4725>skammhliðar</ref> \(a\) og \(b\) og <ref idTerm=2789>langhlið</ref> \(c\) gildi \[c^2 = a^2 + b^2.\],,,,,,,"Pythagoras's theorem, Pythagorean theorem, theorem of Pythagoras",0,,,,,,,,4002
"Pýþagórasarsvið, pýþagórskt svið",0,na,hk,Eintala,,,,,,,,pythagorean field,0,,,,,,,,4003
pýþagórskur þríhyrningur,0,na,kk,Eintala,,,,,,,,pythagorean triangle,0,,,,,,,,4006
pýþagórsk aljafna,0,na,kvk,Eintala,,,,,,,,pythagorean identity,0,,,,,,,,4004
pýþagórsk þrennd,0,na,kvk,Eintala,,,,,,,,pythagorean triple,0,,,,,,,,4005
raða,0,sag,,,,,,,,,,arrange,0,,,,,,,,4007
raða,0,sag,,,,,,,,,,order,0,,,,,,,,4008
"raðaður grunnur, raðgrunnur",0,na,kk,Eintala,,,,,,,,ordered basis,0,,,,,,,,4011
"raðaður, hlutraðaður",0,ls,kk,Eintala,,,,,,,,partially ordered,0,,,,,,,,4012
"raðaður, rað-",0,,,,,,,,,,,ordered,0,,,,,,,,4013
"raðað mengi, raðmengi, hlutraðað mengi, hlaðmengi",0,na,hk,Eintala,,,,,,,,"ordered set, partially ordered set, poset",0,,,,,,,,4009
raðað úrtak,0,na,hk,Eintala,,,,,,,,ordered sample,0,,,,,,,,4010
raðanlegur,0,ls,kk,Eintala,,,,,,,,orderable,0,,,,,,,,4014
raðanleiki,0,na,kk,Eintala,,,,,,,,orderability,0,,,,,,,,4015
raðarlausn,0,na,kvk,Eintala,,,,,,,,series solution,0,,,,,,,,4016
raðeinsmótun,0,na,kvk,Eintala,,,,,,,,order-isomorphism,0,,,,,,,,4017
raðfylgni,0,na,kvk,Eintala,,,,,,,,"grade correlation, rank correlation",0,,,,,,,,4018
raðfylgnistuðull,0,na,kk,Eintala,,,,,,,"Kendall rank correlation coefficient, Spearman rank correlation coefficient","coefficient of rank correlation, rank correlation coefficient",0,,,,,,,,4019
raðfylgnistuðull Kendalls,0,na,kk,Eintala,,,,,,,,Kendall rank correlation coefficient,0,,,,,,,,4020
raðfylgnistuðull Spearmans,0,na,kk,Eintala,,,,,,,,Spearman rank correlation coefficient,0,,,,,,,,4021
raðgerð,0,na,kvk,Eintala,,,,,,,,order type,0,,,,,,,,4022
"raðgrúpa, röðuð grúpa",0,na,kvk,Eintala,,,,,,,,ordered group,0,,,,,,,,4023
"raðhending, sætishending",0,na,kvk,Eintala,,,,,,,,order statistic,0,,,,,,,,4024
raðhyrna,0,na,kvk,Eintala,,,,,,,,ordered simplex,0,,,,,,,,4025
"raðkvarði, raðstigi",0,na,,Eintala,,,,,,,,ordinal scale,0,,,,,,,,4027
raðmynstur,0,na,hk,Eintala,,,,,,,,order structure,0,,,,,,,,4028
raðrækinn,0,ls,kk,Eintala,,,,,,,increasing,"order preserving, order-preserving",0,,,,,,,,4029
raðslétta,0,na,kvk,Eintala,,,,,,,,ordered plane,0,,,,,,,,4030
raðstig,0,na,hk,Eintala,,,,,,,,(of a meromorphic function) order,0,,,,,,,,4031
"raðsvið, raðað svið, raðkroppur, raðaður kroppur",0,na,,Eintala,,,,,,,,ordered field,0,,,,,,,,4032
raðtala,0,na,kvk,Eintala,,,,,,,,"ordinal number, ordinal",0,,,,,,,,6627
raðtölureikningur,0,na,kk,Eintala,,,,,,,,ordinal arithmetic,0,,,,,,,,4034
raðtöluruna,0,na,kvk,Eintala,,,,,,,,ordinal series,0,,,,,,,,4035
raðtölu-,0,pref,,,,,,,,,,ordinal,0,,,,,,,,4033
"raðvarpslétta, röðuð varpslétta",0,na,kvk,Eintala,,,,,,,,ordered projective plane,0,,,,,,,,4036
"raðvildarslétta, röðuð vildarslétta",0,na,kvk,Eintala,,,,,,,,ordered affine plane,0,,,,,,,,4037
"raðþrennd, þrennd, röðuð þrennd",0,na,kvk,Eintala,,,,,,,,"ordered triple, ordered triplet",0,,,,,,,,4038
rakið fall,0,na,hk,Eintala,,,,,,,,recursive function,0,,,,,,,,4044
rakið mengi,0,na,hk,Eintala,,,,,,,,recursive set,0,,,,,,,,4045
rakið reiknirit,0,na,hk,Eintala,,,,,,,,recursive algorithm,0,,,,,,,,4046
rakinn,0,ls,kk,Eintala,,,,,,,,recursive,0,,,,,,,,4051
rakin nálgunaraðferð,0,na,kvk,Eintala,,,,,,,,method of successive approximations,0,,,,,,,,4047
rakin runa,0,na,kvk,Eintala,,,,,,,,recursive sequence,0,,,,,,,,4048
rakin umsögn,0,na,kvk,Eintala,,,,,,,,recursive predicate,0,,,,,,,,4049
rakin vensl,0,na,hk,Fleirtala,,,,,,,,recursive relation,0,,,,,,,,4050
rakning,0,na,kvk,Eintala,,,,,,,induction,"recursion, recurrence",0,,,,,,,,6628
rakningarformúla,0,na,kvk,Eintala,,,,,,,,"recursion formula, recurrence formula",0,,,,,,,,4052
rakningarfræði,0,na,kvk,Eintala,,,,,,,recursive function theory,recursion theory,0,,,,,,,,4053
ramma,0,sag,,,,,,,,,,parallelize,0,,,,,,,,4054
rammanlegur,0,ls,kk,Eintala,,,,,,,,parallelizable,0,,,,,,,,4055
rammanleiki,0,na,kk,Eintala,,,,,,,,parallelizability,0,,,,,,,,4056
rammasvið,0,na,hk,Eintala,,,,,,,,frame field,0,,,,,,,,4057
rammi,0,na,kk,Eintala,,,,,,,basis,frame,0,,,,,,,,4058
rangstöðuaðferð,0,na,kvk,Eintala,,,,,,,,"method of false position, regula falsi, rule of false position",0,,,,,,,,4059
raufasvæði,0,na,hk,Eintala,,,,,,,,slit-region,0,,,,,,,,4073
"raunbreyta, raunbreytistærð",0,na,kvk,Eintala,,,,,,,,real variable,0,,,,,,,,4075
"raundreifingarfall, hlutfallslegt safntíðnifall, mælt dreifingarfall",0,na,hk,Eintala,,,,,,,"cumulative frequency function, relative frequency function","cumulative relative frequency function, empirical distribution function",0,,,,,,,,4076
"raunfallagreining, raungreining",0,na,kvk,Eintala,,,,,,,,real analysis,0,,,,,,,,4083
"raunfall, raungilt fall, rauntölugilt fall",0,na,hk,Eintala,,,,,,,,"real function, real-valued function",0,,,,,,,,4082
raunfágaður,0,ls,kk,Eintala,,,,,,,,"analytic, analytical, real analytic",0,,,,,,,,4080
raunfágað fall,0,na,hk,Eintala,,,,,,,,"(of a real variable) analytic function, real analytic function",0,,,,,,,,4077
raunfágað mynstur,0,na,hk,Eintala,,,,,,,,"analytic structure, real analytic structure",0,,,,,,,,4078
raunfágað rúm,0,na,hk,Eintala,,,,,,,,"analytic space, real analytic space",0,,,,,,,,4079
raunfáguð víðátta,0,na,kvk,Eintala,,,,,,,,"analytic manifold, real analytic manifold",0,,,,,,,,4081
"raunfylki, rauntalnafylki",0,na,hk,Eintala,,,,,,,,real matrix,0,,,,,,,,4084
raungildur,0,ls,kk,Eintala,,,,,,,,real,0,,,,,,,,4085
"raungildur, rauntölugildur",0,ls,kk,Eintala,,,,,,,,"real-valued, real valued",0,,,,,,,,4086
raunhluti,0,na,kk,Eintala,,,,,,,Re,real part,0,,,,,,,,4087
raunlína,0,na,kvk,Eintala,,,,,,,,(line in a real space) real line,0,,,,,,,,4088
raunlokun,0,na,kvk,Eintala,,,,,,,,real closure,0,,,,,,,,4089
raunpunktur,0,na,kk,Eintala,,,,,,,,real point,0,,,,,,,,4090
raunrúmfræði,0,na,kvk,Eintala,,,,,,,,real geometry,0,,,,,,,,4091
raunslétta,0,na,kvk,Eintala,,,,,,,,real plane,0,,,,,,,,4092
rauntala,0,na,kvk,Eintala,,,,,,,,real number,0,,,,,,,,4093
rauntalnakerfi,0,na,hk,Eintala,,,,,,,real number field,real number system,0,,,,,,,,4094
rauntalnarúm,0,na,hk,Eintala,,,,,,,"cartesian space, complex number space, euclidean space, number space",real number space,0,,,,,,,,4095
rauntalnaslétta,0,na,kvk,Eintala,,,,,,,,real number plane,0,,,,,,,,4096
rauntalnasvið,0,na,hk,Eintala,,,,,,,,"field of real numbers, real field, real number field",0,,,,,,,,4097
"raunvarplína, varplína yfir rauntölurnar",0,na,kvk,Eintala,,,,,,,,real projective line,0,,,,,,,,4098
"raunvarprúm, varprúm yfir rauntölurnar",0,na,hk,Eintala,,,,,,,,real projective space,0,,,,,,,,4099
"raunvarpslétta, varpslétta yfir rauntölurnar",0,na,kvk,Eintala,,,,,,,,real projective plane,0,,,,,,,,4100
"raunvigurrúm, raunlínulegt rúm, vigurrúm yfir rauntölurnar, línulegt rúm yfir rauntölurnar",0,na,hk,Eintala,,,,,,,,"real vector space, real linear space",0,,,,,,,,4101
raun-,0,pref,,,,,,,,,,real,0,,,,,,,,4074
"ráðinn, ákveðinn",0,ls,kk,Eintala,,,,,,,"negative definite, positive definite",definite,0,,,,,,,,4026
rásaður,0,ls,kk,Eintala,,,,,,,,cyclic,0,,,,,,,,4066
"rásaður ferhyrningur, hringferhyrningur",0,na,kk,Eintala,,,,,,,,cyclic quadrangle,0,,,,,,,,4067
rásaður turn,0,na,kk,Eintala,,,,,,,,cyclic tower,0,,,,,,,,4068
"rásaður vigur, rásaður vektor",0,na,kk,Eintala,,,,,,,,cyclic vector,0,,,,,,,,4069
rásað hlutmengi,0,na,hk,Eintala,,,,,,,,cyclic subclass,0,,,,,,,,4063
rásað rúm,0,na,hk,Eintala,,,,,,,,cyclic space,0,,,,,,,,4064
rásað svið,0,na,hk,Eintala,,,,,,,,cyclic field,0,,,,,,,,4065
rásaframsetning,0,na,kvk,Eintala,,,,,,,,(of a permutation) cyclic form,0,,,,,,,,4070
rásuð grúpa,0,na,kvk,Eintala,,,,,,,,cyclic group,0,,,,,,,,4071
"rásuð útvíkkun, rásuð víkkun",0,na,kvk,Eintala,,,,,,,,cyclic extension,0,,,,,,,,4072
"rás, lokuð keðja",0,na,kvk,Eintala,,,,,,,,"closed chain, cycle",0,,,,,,,,4061
"rás, rásuð uppstokkun, rásuð umröðun",0,na,kvk,Eintala,,,,,,,,"circular permutation, cycle, cyclic permutation",0,,,,,,,,4062
refsifall,0,na,hk,Eintala,,,,,,,,penalty function,0,,,,,,,,4102
regla,0,na,kvk,Eintala,,,,,,,,rule,0,,,,,,,,4103
"regla, lögmál",0,na,,Eintala,,,,,,,,principle,0,,,,,,,,4104
reglulegt gildi,0,na,hk,Eintala,,,,,,,,"non-critical value, regular value",0,,,,,,,,4107
reglulegt keilusnið,0,na,hk,Eintala,,,,,,,,"non-degenerate conic section, regular conic section",0,,,,,,,,4108
reglulegt mál,0,na,hk,Eintala,,,,,,,,regular measure,0,,,,,,,,4109
reglulegt net,0,na,hk,Eintala,,,,,,,,"homogeneous graph, regular graph",0,,,,,,,,4110
reglulegt rúm,0,na,hk,Eintala,,,,,,,,regular space,0,,,,,,,,4111
reglulegt víðerni,0,na,hk,Eintala,,,,,,,,regular variety,0,,,,,,,,4112
reglulegur,0,ls,kk,Eintala,,,,,,,,regular,0,,,,,,,,4113
reglulegur að innan,0,ls,kk,Eintala,,,,,,,,(of a measure) inner regular,0,,,,,,,,4114
reglulegur að utan,0,ls,kk,Eintala,,,,,,,,outer regular,0,,,,,,,,4115
reglulegur áttflötungur,0,na,kk,Eintala,,,,,,,,regular octahedron,0,,,,,,,,4116
reglulegur ferilbogi,0,na,kk,Eintala,,,,,,,,regular arc,0,,,,,,,,4117
reglulegur ferill,0,na,kk,Eintala,,,,,,,"regular algebraic curve, regular analytic curve",regular curve,0,,,,,,,,4118
reglulegur fjórflötungur,0,na,kk,Eintala,,,,,,,simplex,regular tetrahedron,0,,,,,,,,4119
"reglulegur margflötungur, platónskur margflötungur",0,na,kk,Eintala,,,,,,,,"platonic body, platonic solid, regular polyhedron, regular solid",0,,,,,,,,4120
"reglulegur marghyrningur, reglulegur hyrningur",0,na,kk,Eintala,,,,,,,,regular polygon,0,,,,,,,,4121
reglulegur punktur,0,na,kk,Eintala,,,,,,,"ordinary point, simple point",regular point,0,,,,,,,,4122
reglulegur sérstöðupunktur,0,na,kk,Eintala,,,,,,,,"(in differential equations) inessential singularity, point of determinacy, point of determination, regular singular point, regular singularity",0,,,,,,,,4123
reglulegur strendingur,0,na,kk,Eintala,,,,,,,,regular prism,0,,,,,,,,4124
reglulegur tólfflötungur,0,na,kk,Eintala,,,,,,,,regular dodecahedron,0,,,,,,,,4125
reglulegur tvítugflötungur,0,na,kk,Eintala,,,,,,,,regular icosahedron,0,,,,,,,,4126
regluleg skilyrt dreifing,0,na,kvk,Eintala,,,,,,,,regular conditional distribution,0,,,,,,,,4105
"regluleg strýta, reglulegur píramíti",0,na,,Eintala,,,,,,,,regular pyramid,0,,,,,,,,4106
regluleiki,0,na,kk,Eintala,,,,,,,,regularity,0,,,,,,,,4127
reglustika,0,na,kvk,Eintala,,,,,,,,"ruler, straight-edge",0,,,,,,,,4128
reiknanlegur,0,ls,kk,Eintala,,,,,,,,calculable,0,,,,,,,,4131
reiknanleikafræði,0,na,kvk,Eintala,,,,,,,recursive function theory,computability theory,0,,,,,,,,4133
reiknanleiki,0,na,kk,Eintala,,,,,,,,computability,0,,,,,,,,4134
"reikna, reikna út",0,sag,,,,,,,,,,calculate,0,,,,,,,,4129
"reikna, reikna út",0,sag,,,,,,,,,,compute,0,,,,,,,,4130
reikniaðferð,0,na,kvk,Eintala,,,,,,,,calculating method,0,,,,,,,,4136
"reikniborð, reiknibretti",0,na,hk,Eintala,,,,,,,,abacus,0,,,,,,,,4137
"reiknihending, lýsifall",0,na,,Eintala,,,,,,,,statistic,0,,,,,,,,4138
"reiknimeistari, reikningsmaður, reikningsgarpur",0,na,kk,Eintala,,,,,,,,arithmetician,0,,,,,,,,4139
"reiknimeistari, reikningsmeistari",0,na,kk,Eintala,,,,,,,,calculator,0,,,,,,,,4140
reiknimynd,0,na,kvk,Eintala,,,,,,,,"alignment chart, nomograph, nomographic chart, nomogram, map",0,,,,,,,,4141
reiknimyndafræði,0,na,kvk,Eintala,,,,,,,,nomography,0,,,,,,,,4142
reikningsaðferð,0,na,kvk,Eintala,,,,,,,,method of computation,0,,,,,,,,4144
"reikningsaðgerð, grunnreikningsaðgerð",0,na,kvk,Eintala,,,,,,,elementary operation,arithmetic operation,0,,,,,,,,4145
reikningsdæmi,0,na,hk,Eintala,,,,,,,,arithmetic problem,0,,,,,,,,4146
"reiknings-, reikni-",0,pref,,,,,,,,,,"arithmetic, arithmetical",0,,,,,,,,4143
reikningur í tugakerfi,0,na,kk,Eintala,,,,,,,,decimal arithmetic,0,,,,,,,,4147
reikningur í tylftakerfi,0,na,kk,Eintala,,,,,,,,duodecimal arithmetic,0,,,,,,,,4148
"reikningur, talnareikningur, reikningslist, tölvísi",0,na,,Eintala,,,,,,,,(elementary) arithmetic,0,,,,,,,,4149
reikniregla,0,na,kvk,Eintala,,,,,,,,"calculating rule, computing rule, rule of arithmetic",0,,,,,,,,4150
"reiknirits-, reikni-",0,pref,,,,,,,,,,algorithmic,0,,,,,,,,4154
"reiknirit Evklíðs, keðjudeiling",0,na,,Eintala,,,,,,,,"algorithm of Euclid, euclidean algorithm",0,,,,,,,,4151
"reiknirit Gauss, útrýmingaraðferð Gauss, eyðingaraðferð Gauss",0,na,,Eintala,,,,,,,,"Gauss elimination method, Gaussian algorithm",0,,,,,,,,4152
"reiknirit, algórismi, reikningsaðferð",0,na,,Eintala,,,,,,,,"algorithm, algorism",0,,,,,,,,4153
reikniskekkja,0,na,kvk,Eintala,,,,,,,miscalculation,computational error,0,,,,,,,,4155
reiknistokkur,0,na,kk,Eintala,,,,,,,,slide rule,0,,,,,,,,4156
"reiknivél, reiknir",0,na,,Eintala,,,,,,,computer,"calculator, calculating machine, computing machine",0,,,,,,,,4157
reiknivilla,0,na,kvk,Eintala,,,,,,,computational error,miscalculation,0,,,,,,,,4158
reikni-,0,pref,,,,,,,,,,computational,0,,,,,,,,4135
"reikul runa, hvarflandi runa",0,na,kvk,Eintala,,,,,,,,"improperly divergent sequence, oscillating sequence",0,,,,,,,,4159
reisa,0,sag,,,,,,,,,,erect,0,,,,,,,,4160
reitafylki,0,na,hk,Eintala,,,,,,,,"block matrix, hypermatrix, partition matrix, partitioned matrix",0,,,,,,,,4161
reitahögun,0,na,kvk,Eintala,,,,,,,,block design,0,,,,,,,,4162
reitarit,0,na,hk,Eintala,,,,,,,"area histogram, bar chart, bar diagram, bar graph, column diagram, histogram",block diagram,0,,,,,,,,4163
reitur,0,na,kk,Eintala,,,,,,,,(of a block matrix) block,0,,,,,,,,4164
reitur (í töflu),0,na,kk,Eintala,,,,,,,,"table cell, cell",0,,,,,,,,6629
rekjanlega teljanlegur,0,ls,kk,Eintala,,,,,,,,recursively enumerable,0,,,,,,,,4166
réttanlegur,0,ls,kk,Eintala,,,,,,,,rectifiable,0,,,,,,,,4168
réttanlegur ferill,0,na,kk,Eintala,,,,,,,,rectifiable curve,0,,,,,,,,4169
rétthyrndur,0,ls,kk,Eintala,,,,,,,,rectangular,0,,,,,,,,4171
rétthyrndur,0,ls,kk,Eintala,,,,,,,,right-angled,0,,,,,,,,4172
rétthyrndur þríhyrningur,0,na,kk,Eintala,<ref idTerm=6438>Þríhyrningur</ref> með eitt <ref idTerm=4167>rétt horn</ref>.,Eftirfarandi er mynd af rétthyrndnum þríhyrningi:\n\n\begin{center}\n\includegraphics[width=150px]{myndir/retthyrndur_thrihyrningur.png}\n\end{center},,,,,,"right triangle, right-angled triangle",0,,,,,,,,4173
rétthyrnd dreifing,0,na,kvk,Eintala,,,,,,,,"continuous uniform distribution, rectangular distribution",0,,,,,,,,4170
rétthyrni,0,na,hk,Eintala,,,,,,,,rectangularity,0,,,,,,,,4174
rétthyrningur,0,na,kk,Eintala,<ref idTerm=1127>Ferhyrningur</ref> með öll <ref idTerm=2198>horn</ref> <ref idTerm=4167>rétt</ref>.,Eftirfarandi er mynd af rétthyrningi:\n\n\begin{center}\n\includegraphics[width=150px]{myndir/retthyrningur.png}\n\end{center},,,,,,rectangle,0,,,,,,,,4175
réttilína,0,na,kvk,Eintala,,,,,,,,rectifying line,0,,,,,,,,4176
réttislétta,0,na,kvk,Eintala,,,,,,,,rectifying plane,0,,,,,,,,4177
"réttsköpuð segð, segð",0,na,kvk,Eintala,,,,,,,"expression, formula, meaningful expression, proposition, sentence, statement","meaningful formula, well-formed formula",0,,,,,,,,4179
réttsköpuð stæða,0,na,kvk,Eintala,,,,,,,"expression, meaningful formula",meaningful expression,0,,,,,,,,4180
"sívalningur, réttstæður sívalningur",0,na,kk,Eintala,"<ref idTerm=6532>Rúmmynd</ref> sem afmarkast af tveimur jafnstórum <ref idTerm=6589>hringskífum</ref>, sem liggja í <ref idTerm=4509>samsíða</ref> <ref idTerm=4884>sléttum</ref> og hafa miðjur sem liggja á <ref idTerm=2911>línu</ref> sem er <ref idTerm=6469>hornrétt</ref> á skífurnar, og <ref idTerm=488>sveigðum</ref> <ref idTerm=4171>rétthyrndum</ref> <ref idTerm=4660>hliðarfleti</ref> sem fæst með því að tengja saman <ref idTerm=4001>punkta</ref> <ref idTerm=2295>hringjanna</ref> sem skífurnar afmarkast af með <ref idTerm=2958>línustriki</ref>.",Einnig er hægt að smíða sívalning með því að snúa <ref idTerm=4175>rétthyrningi</ref> heilan hring um eina af <ref idTerm=2048>hliðum</ref> sínum. <ref idTerm=2860>Lengd</ref> hliðarinnar sem rétthyrningnum var snúið um kallast þá \textit{hæð} sívalningsins og lengd hliðanna sem eru <ref idTerm=6469>þverstæðar</ref> á hana kallast \textit{geisli} sívalningsins. Sveigði flöturinn sem myndast við að rétthyrningnum er snúið kallast textit{möttull} sívalningsins. Hæð sívalnings er oft táknuð með bókstafnum \(h\) og geisli hans með bókstafnum \(r\). Eftirfarandi er mynd af sívalningi:\n\n\begin{center}\n\includegraphics[width=150px]{myndir/sivalningur.png}\n\end{center},,,,,right circular cylinder,right cylinder,0,,,,,,,,4184
"réttstæður snúðsívalningur, réttstæður hringsívalningur",0,na,kk,Eintala,,,,,,,"circular cylinder, right cylinder",right circular cylinder,0,,,,,,,,4185
réttstæð keila,0,na,kvk,Eintala,,,,,,,right circular cone,right cone,0,,,,,,,,4181
"réttstæð snúðkeila, réttstæð hringkeila",0,na,kvk,Eintala,,,,,,,"circular cone, right cone",right circular cone,0,,,,,,,,4182
"réttstæð strýta, réttstæður píramíti",0,na,,Eintala,,,,,,,,right pyramid,0,,,,,,,,4183
réttsýnishringur,0,na,kk,Eintala,,,,,,,,"director circle, orthoptic circle",0,,,,,,,,4186
"réttsælis, sólarsinnis",0,at,,,,,,,,,,clockwise,0,,,,,,,,4178
réttur,0,ls,kk,Eintala,,,,,,,,rectangular,0,,,,,,,,4187
réttur tölustafur,0,na,kk,Eintala,,,,,,,significant digit,valid digit,0,,,,,,,,4188
rétt horn,0,na,hk,Eintala,<ref idTerm=2198>Horn</ref> kallast \textit{rétt horn} ef <ref idTerm=334>armar</ref> þess eru <ref idTerm=6469>þverstæðir</ref>. Slíkt horn <ref idTerm=2223>mælist</ref> \(\frac{\pi}{2}\) <ref idTerm=478>radíana</ref> eða 90 <ref idTerm=1667>gráður</ref>.,Á eftirfarandi mynd er \(\angle AOB\) rétt horn (og þar með líka \(\angle BOC\)):\n\n\begin{center}\n\includegraphics[width=150px]{myndir/rett_horn.png}\n\end{center},,,,,,right angle,0,,,,,,,,4167
Riemann-firð,0,na,kvk,Eintala,,,,,,,,Riemannian metric,0,,,,,,,,4189
Riemann-flötur,0,na,kk,Eintala,,,,,,,,"Riemann surface, Riemannian surface",0,,,,,,,,4190
"Riemann-heildi, Riemann-tegur",0,na,hk,Eintala,,,,,,,,"Riemann integral, Riemannian integral",0,,,,,,,,4191
"Riemann-krappaþinur, Riemann-sveigjuþinur, krappaþinur Riemanns, sveigjuþinur Riemanns",0,na,kk,Eintala,,,,,,,,Riemann curvature tensor,0,,,,,,,,4192
Riemann-samgangur,0,na,kk,Eintala,,,,,,,,Riemannian connection,0,,,,,,,,4193
"Riemann-Stieltjes-heildi, Riemann-Stieltjes-tegur",0,na,hk,Eintala,,,,,,,,Riemann-Stieltjes integral,0,,,,,,,,4194
Riemann-víðátta,0,na,kvk,Eintala,,,,,,,,"Riemannian manifold, Riemannian space",0,,,,,,,,4195
Riesz-framsetningarsetning,0,na,kvk,Eintala,,,,,,,,Riesz representation theorem,0,,,,,,,,4196
rim,0,na,kvk,Eintala,,,,,,,,(of a triangle) transversal,0,,,,,,,,4202
ris,0,na,hk,Eintala,,,,,,,,ascent,0,,,,,,,,4203
risaðferð,0,na,kvk,Eintala,,,,,,,,ascent method,0,,,,,,,,4204
risaðferð,0,na,kvk,Eintala,,,,,,,"gradient method, method of steepest ascent",method of ascent,0,,,,,,,,4205
risaðferð mesta bratta,0,na,kvk,Eintala,,,,,,,gradient method,"method of steepest ascent, steepest ascent method",0,,,,,,,,4206
risskref,0,na,hk,Eintala,,,,,,,,ascent step,0,,,,,,,,4207
rit,0,na,hk,Eintala,,,,,,,"bar diagram, block diagram, column diagram, correlation diagram, dispersion diagram, Dynkin diagram, flow diagram, frequency diagram, scatter diagram",diagram,0,,,,,,,,4208
ritháttur,0,na,kk,Eintala,,,,,,,,notation,0,,,,,,,,4209
rífkandi,0,ls,,Eintala,,,,,,,,expansive,0,,,,,,,,4197
ríki,0,na,hk,Eintala,,,,,,,,category,0,,,,,,,,4198
"ríki af ríkjum, ríkjaríki",0,na,hk,Eintala,,,,,,,,category of categories,0,,,,,,,,4199
ríkjafræði,0,na,kvk,Eintala,,,,,,,,category theory,0,,,,,,,,4200
ríkuleg tala,0,na,kvk,Eintala,,,,,,,,"abundant number, superfluous number",0,,,,,,,,4201
"róffræði, litrófsfræði",0,na,kvk,Eintala,,,,,,,,spectral theory,0,,,,,,,,4221
rófgeisli,0,na,kk,Eintala,,,,,,,,spectral radius,0,,,,,,,,4222
rófgreining,0,na,kvk,Eintala,,,,,,,,spectral analysis,0,,,,,,,,4223
"rófheildi, róftegur",0,na,hk,Eintala,,,,,,,,spectral integral,0,,,,,,,,4224
rófliðun,0,na,kvk,Eintala,,,,,,,,spectral decomposition,0,,,,,,,,4225
rófmál,0,na,hk,Eintala,,,,,,,,spectral measure,0,,,,,,,,4226
rófsetning,0,na,kvk,Eintala,,,,,,,,spectral theorem,0,,,,,,,,4227
"róf, litróf",0,na,hk,Eintala,,,,,,,,spectrum,0,,,,,,,,4220
"rómverskar tölur, rómversk tölutákn",0,na,,Fleirtala,,,,,,,,Roman numerals,0,,,,,,,,4247
"rós, rósarferill",0,na,,Eintala,,,,,,,,"rhodonea, rose",0,,,,,,,,4248
rót,0,na,hk,Eintala,,,,,,,,"(of a vector field) curl, rotation",0,,,,,,,,4249
rót,0,na,kvk,Eintala,,,,,,,"solution by radicals, surd","(of a number) radical, radix, root",0,,,,,,,,4250
rót,0,na,kvk,Eintala,,,,,,,,(of an algebra) radical,0,,,,,,,,4251
rót,0,na,kvk,Eintala,,,,,,,,(of a rooted tree) root,0,,,,,,,,4252
rótarfall,0,na,hk,Eintala,"<ref idTerm=1078>Fall</ref> sem varpar sérhverju <ref idTerm=5128>staki</ref> \(x\) úr <ref idTerm=1343>skilgreiningarmenginu</ref> í \(n\)-tu <ref idTerm=4253>rót</ref> þess \(\sqrt[n]{x}\), þar sem \(n \geq 2\) er <ref idTerm=3475>náttúruleg tala</ref>.","Ef \(n\) er <ref idTerm=2546>slétt tala</ref> sýnir myndin að neðan hvernig <ref idTerm=2955>graf</ref> rótarfallsins \[ g_s: [0, \infty[ \to [0, \infty[; \quad g_s(x) = \sqrt[n]{x} \] lítur út. Eins og grafið endurspeglar er \(g_s\) <ref idTerm=5250>stranglega vaxandi</ref> og <ref idTerm=1586>gagntækt</ref> og þar með <ref idTerm=274>andhverfanlegt</ref>. Andhverfa þess er <ref idTerm=927>einskorðun</ref> \(n\)-ta <ref idTerm=6009>veldisfallsins</ref> við <ref idTerm=457>bilið</ref> \([0, \infty[\), þ.e. \[ f_s|_{[0,\infty[}: [0, \infty[ \to [0, \infty[; \quad f_s|_{[0,\infty[}(x) = x^n \] \n\n\begin{center}\n\includegraphics[width=150px]{myndir/slett_nta_rot.png}\n\end{center}\n\nEf \(n\) er <ref idTerm=3659>oddatala</ref> sýnir myndin að neðan hvernig graf rótarfallsins \[ g_o: \mathbb{R} \to \mathbb{R}; \quad g_o(x) = \sqrt[n]{x} \] lítur út. Eins og grafið endurspeglar er \(g_o\) stranglega vaxandi og gagntækt og því andhverfanlegt. Andhverfa þess er \(n\)-ta veldisfallið \[ f_o: \mathbb{R} \to \mathbb{R}; \quad f_o(x) = x^n \]\n\n\begin{center}\n\includegraphics[width=150px]{myndir/odda_nta_rot.png}\n\end{center}",,,,,,root function,0,,,,,,,,4255
rótaríðal,0,na,hk,Eintala,,,,,,,,radical ideal,0,,,,,,,,4256
rótarmerki,0,na,hk,Eintala,,,,,,,,"radical sign, radical, root sign",0,,,,,,,,6630
rótarpróf,0,na,hk,Eintala,,,,,,,,root test,0,,,,,,,,4257
rótarstofn,0,na,kk,Eintala,,,,,,,,radicand,0,,,,,,,,4259
rótarstæða,0,na,kvk,Eintala,,,,,,,radical,surd,0,,,,,,,,4258
rótartré,0,na,hk,Eintala,,,,,,,,rooted tree,0,,,,,,,,4260
rótarvísir,0,na,kk,Eintala,,,,,,,,(of a root) index,0,,,,,,,,4261
"rótlaus, rótvana, hvirflalaus",0,ls,,,,,,,,,,"irrotational, lamellar, non-rotational, non-vortical",0,,,,,,,,4262
"rót, núllstöð",0,na,kvk,Eintala,Fyrir <ref idTerm=1948>margliðu</ref> \(P\) kallast <ref idTerm=4093>rauntala</ref> \(r\) þannig að \(P(r)=0\) \textit{rót} eða \textit{núllstöð} margliðunnar.,Skilgreiningin á einnig við um margliður sem eru ekki raungildar. Sjá <ref idTerm=1948>margliða</ref>.,,,,,,(of a polynomial) root,0,,,,,,,,4254
rudd algebra,0,na,kvk,Eintala,,,,,,,,reduced algebra,0,,,,,,,,4263
"rudd stallagerð, rudd þrepagerð, rudd þrepaskipan",0,na,,Eintala,,,,,,,,reduced echelon form,0,,,,,,,,4264
ruðningur,0,na,kk,Eintala,,,,,,,,reduction,0,,,,,,,,4265
runa,0,na,kvk,Eintala,,,,,,,"finite sequence, progression",sequence,0,,,,,,,,4286
"runa, samstæða",0,na,kvk,Eintala,,,,,,,,"(in statistics) iteration, run",0,,,,,,,,4287
"runa, töluhlaup",0,na,,Eintala,,,,,,,"arithmetic progression, geometric progression, sequence, sequence",progression,0,,,,,,,,4288
runufullkominn,0,ls,kk,Eintala,,,,,,,,sequentially complete,0,,,,,,,,4289
runulokaður,0,ls,kk,Eintala,,,,,,,,sequentially closed,0,,,,,,,,4290
runurúm,0,na,hk,Eintala,,,,,,,,sequence space,0,,,,,,,,4291
runusamleitinn,0,ls,kk,Eintala,,,,,,,,sequentially continuous,0,,,,,,,,4292
runuþjappaður,0,ls,kk,Eintala,,,,,,,,sequentially compact,0,,,,,,,,4293
Russell-þversögn,0,na,kvk,Eintala,,,,,,,,"paradox of Russell, Russell's paradox",0,,,,,,,,4294
rutt leifakerfi,0,na,hk,Eintala,,,,,,,,reduced residue system,0,,,,,,,,4296
rúm,0,na,hk,Eintala,,,,,,,"adjoint space, affine space, algebraic space, analytic space, Banach space, barrelled space, base space, \(B\)-space, cartesian space, characteristic space, classifying space, closed half-space, closed subspace, compact space, complete metric space, complex analytic space, complex linear space, complex number space, complex projective space, complex vector space, complex space, configuration space, conjugate space, coset space, covering space, cyclic space, discrete space, dual space, dual vector space, eigenspace, etale space, euclidean inner product space, euclidean space, factor space, fibre space, first countable space, Fréchet space, function space, half-space, Hausdorff space, hermitian space, hermitian inner product space, Hilbert space, homogeneous space, hyperbolic space, identification space, inner product space, invariant subspace, isotropic space, linear space, linear subspace, linear topological space, locally ringed space, loop space, mapping space, maximal ideal space, measurable space, measure space, metric space, Minkowski space, moduli space, multidimensional space, normal space, normed linear space, normed space, normed vector space, nuclear space, null-space, number space, one-point space, open half-space, open subspace, orbit space, oriented space, orthogonal space, parameter space, path space, phase space, pointed space, prehilbert space, probability space, product space, projective space, proper subspace, quotient space, ramified covering space, real analytic space, real linear space, real number space, real projective space, real vector space, reflexive Banach space, regular space, representation space, Riemannian space, ringed space, sample space, separable metric space, separable topological space, separated space, sequence space, sheaf space, solution space, state space, subspace, tangent space, topological linear space, topological space, topological vector space, tunnelled space, uniform space, unitary space, universal covering space, vector space",space,0,,,,,,,,4266
"rúmferill, rúmlægur ferill, undinn ferill",0,na,kk,Eintala,,,,,,,,"skew curve, space curve, spatial curve, twisted curve",0,,,,,,,,4270
rúmfræði,0,na,kvk,Eintala,,,,,,,"absolute geometry, affine geometry, algebraic geometry, analytic geometry, analytical geometry, cartesian geometry, combinatorial geometry, complex geometry, conformal geometry, coordinate geometry, descriptive geometry, differential geometry, elementary geometry, elliptic geometry, enumerative geometry, euclidean geometry, hyperbolic geometry, incidence geometry, intrinsic geometry, inversive geometry, metric geometry, Minkowski geometry, Möbius geometry, neutral geometry, non-archimedean geometry, non-euclidean geometry, parabolic geometry, plane geometry, projective geometry, pure geometry, real geometry, Riemannian differential geometry, Riemannian geometry, solid geometry, spherical geometry, spherics, stereometry, synthetic geometry",geometry,0,,,,,,,,4271
"rúmfræðilegt meðaltal, faldmeðaltal",0,na,hk,Eintala,,,,,,,mean proportional,"geometric mean, geometric average",0,,,,,,,,4274
"rúmfræðilegur, rúmfræði-",0,,,,,,,,,,,"geometric, geometrical",0,,,,,,,,4275
"rúmfræði fjölda, talningarrúmfræði",0,na,kvk,Eintala,,,,,,,,enumerative geometry,0,,,,,,,,4272
rúmfræði talna,0,na,kvk,Eintala,,,,,,,,geometry of numbers,0,,,,,,,,4273
rúmheildi,0,na,hk,Eintala,,,,,,,,"space integral, volume integral",0,,,,,,,,4276
rúmhnit,0,na,hk,Fleirtala,,,,,,,,spatial coordinates,0,,,,,,,,4277
rúmhorn,0,na,hk,Eintala,,,,,,,,solid angle,0,,,,,,,,4278
rúmlægur ferhliðungur,0,na,kk,Eintala,,,,,,,,skew quadrilateral,0,,,,,,,,4279
rúmlægur marghyrningur,0,na,kk,Eintala,,,,,,,,skew polygon,0,,,,,,,,4280
rúmmálsform,0,na,hk,Eintala,,,,,,,volume element,volume form,0,,,,,,,,4282
rúmmálsfrymi,0,na,hk,Eintala,,,,,,,,"element of volume, volume element",0,,,,,,,,4283
"rúmmál, rúmtak, rýmd",0,na,,Eintala,,,,,,,,volume,0,,,,,,,,4281
"rúmpunktur, punktur í rúmi",0,na,kk,Eintala,,,,,,,,space point,0,,,,,,,,4284
"rúmstæða, stæða í rúmi",0,na,kvk,Eintala,,,,,,,,spatial configuration,0,,,,,,,,4285
rúm sem fullnægir fyrri teljanleikafrumsendu,0,na,hk,Eintala,,,,,,,,first countable space,0,,,,,,,,4267
rúm sem fullnægir seinni teljanleikafrumsendu,0,na,hk,Eintala,,,,,,,,second countable space,0,,,,,,,,4268
"rúm-, rúmstæður, rúmlægur",0,,,,,,,,,,,spatial,0,,,,,,,,4269
"rússnesk talnagrind, rússnesk kúlnagrind, rússnesk reiknigrind",0,na,kvk,Eintala,,,,,,,"abacus, calculating frame, counting frame",schety,0,,,,,,,,4295
ryðja,0,sag,,,,,,,,,,reduce,0,,,,,,,,4297
ræður,0,ls,kk,Eintala,,,,,,,,rational,0,,,,,,,,4040
ræður ferill,0,na,kk,Eintala,,,,,,,,"rational curve, unicursal curve",0,,,,,,,,4041
ræð tala,0,na,kvk,Eintala,<ref idTerm=4093>Rauntala</ref> sem er hægt að rita sem <ref idTerm=234>almennt brot</ref>.,,,,,,,rational number,0,,,,,,,,4039
ræma,0,na,kvk,Eintala,,,,,,,,strip,0,,,,,,,,4042
rætt fall,0,na,hk,Eintala,,,,,,,,rational function,0,,,,,,,,4043
röð,0,na,kvk,Eintala,,,,,,,,row,0,,,,,,,,4210
röð,0,na,kvk,Eintala,,,,,,,finite series,series,0,,,,,,,,4211
röðuð skipting,0,na,kvk,Eintala,,,,,,,,ordered partition,0,,,,,,,,4214
"röðuð \(n\)-d, röðuð \(n\)-und, \(n\)-d, \(n\)-und",0,,,Eintala,,,,,,,tuple,"ordered \(n\)-tuple, \(n\)-tuple",0,,,,,,,,6631
"röðunareinsmótun, raðeinsmótun",0,na,kvk,Eintala,,,,,,,,order isomorphism,0,,,,,,,,6632
"röðunarfrumsenda, raðfrumsenda, röðunarfrumsetning, raðfrumsetning",0,na,kvk,Eintala,,,,,,,"axiom of betweenness, betweenness axiom","axiom of order, order axiom",0,,,,,,,,6633
röðunargrannmynstur,0,na,hk,Eintala,,,,,,,,order topology,0,,,,,,,,6634
"röðunarsjálfmótun, raðsjálfmótun",0,na,kvk,Eintala,,,,,,,,order automorphism,0,,,,,,,,6635
"röðun, hlutröðun, raðvensl",0,na,kvk,Eintala,,,,,,,,"order, order relation, ordering, partial order, partial ordering",0,,,,,,,,6636
"röð, þrep",0,na,kvk,Eintala,,,,,,,,(of a derivative) order,0,,,,,,,,6637
"röð, þrep",0,na,kvk,Eintala,,,,,,,,(of a differential equation) order,0,,,,,,,,6638
rökaðgerð,0,na,kvk,Eintala,,,,,,,,logical operation,0,,,,,,,,6639
rökalgebra,0,na,kvk,Eintala,,,,,,,,logical algebra,0,,,,,,,,6640
rökbreyta,0,na,kvk,Eintala,,,,,,,,logical variable,0,,,,,,,,6641
rökfasti,0,,,Eintala,,,,,,,,logical constant,0,,,,,,,,6642
"rökfesta, stærðfræðileg rökfesta",0,na,kvk,Eintala,,,,,,,,"mathematical rigor, rigor",0,,,,,,,,6643
"rökfrumsenda, rökfrumsetning",0,na,kvk,Eintala,,,,,,,"axiom, mathematical axiom, non-logical axiom, proper axiom",logical axiom,0,,,,,,,,6644
rökfræði,0,na,kvk,Eintala,,,,,,,,logic,0,,,,,,,,6645
"rökfræðilegur, rök-, röklegur, rökrænn",0,ls,kk,Eintala,,,,,,,,logical,0,,,,,,,,6646
rökfræði annarrar stéttar,0,na,kvk,Eintala,,,,,,,,second-order logic,0,,,,,,,,6647
rökfræði fyrstu stéttar,0,na,kvk,Eintala,,,,,,,,first-order logic,0,,,,,,,,6648
rökhenda,0,na,kvk,Eintala,,,,,,,,syllogism,0,,,,,,,,6649
rökhyggja,0,na,kvk,Eintala,,,,,,,,logicism,0,,,,,,,,6650
"rökleiðsla, röksemdafærsla",0,na,kvk,Eintala,,,,,,,proof,(in logic) argument,0,,,,,,,,6651
"rökleiðsluregla, rökregla, ályktunarregla, afleiðsluregla",0,na,kvk,Eintala,,,,,,,,"deductive rule, derivative rule, inference rule, rule of derivation, rule of inference",0,,,,,,,,6652
rökreikningur,0,na,kk,Eintala,,,,,,,"predicate calculus, propositional calculus",calculus,0,,,,,,,,6653
röktákn,0,na,hk,Eintala,,,,,,,,logical symbol,0,,,,,,,,6654
"röktenging, röktengill, tengill, tenging",0,na,kvk,Eintala,,,,,,,,logical connective,0,,,,,,,,6655
rökvilla,0,na,kvk,Eintala,,,,,,,,"fallacy, paralogism",0,,,,,,,,6656
rökvirki,0,sag,,Eintala,,,,,,,,logical operator,0,,,,,,,,6657
safn,0,na,hk,Eintala,,,,,,,,ensemble,0,,,,,,,,4305
"safnast fyrir, hlaðast upp",0,sag,,,,,,,,,,accumulate,0,,,,,,,,4309
"safneðlisfræði, safnaflfræði",0,na,kvk,Eintala,,,,,,,,statistical mechanics,0,,,,,,,,4310
"safnferill, summuferill",0,na,kk,Eintala,,,,,,,,ogive,0,,,,,,,,4311
safntíðnifall,0,na,hk,Eintala,,,,,,,"cumulative distribution function, cumulative relative frequency function",cumulative frequency function,0,,,,,,,,4313
"safntíðni, hlaðin tíðni",0,na,kvk,Eintala,,,,,,,,cumulative frequency,0,,,,,,,,4312
"safn, mengi",0,na,hk,Eintala,,,,,,,,(in statistics) aggregate,0,,,,,,,,4306
"safn, samsafn, mengi",0,na,hk,Eintala,,,,,,,"collection, set",assemblage,0,,,,,,,,4307
"safn, samsafn, mengi",0,na,hk,Eintala,,,,,,,"assemblage, set",collection,0,,,,,,,,4308
samanburðarfall,0,na,hk,Eintala,,,,,,,,"contrast, linear contrast",0,,,,,,,,4316
"samanburðarhópur, viðmiðunarhópur",0,na,kk,Eintala,,,,,,,,control group,0,,,,,,,,4317
samanburðarpróf,0,na,hk,Eintala,,,,,,,,"comparison test, majorant criterion",0,,,,,,,,4318
samanburðarsetning,0,na,kvk,Eintala,,,,,,,,comparability theorem,0,,,,,,,,4319
samanburður,0,na,kk,Eintala,,,,,,,,comparison,0,,,,,,,,4320
"samanhangandi mengi, samhangandi mengi",0,na,hk,Eintala,,,,,,,,connected set,0,,,,,,,,4321
"samanhangandi, samhangandi, tengdur",0,ls,,,,,,,,,,connected,0,,,,,,,,4322
"samantekt, samtak, samtekt",0,na,,Eintala,,,,,,,"convex linear combination, linear combination, subset",combination,0,,,,,,,,4323
samása,0,ls,,Eintala,,,,,,,,"coaxial, coaxal",0,,,,,,,,4324
samblástur,0,na,kk,Eintala,,,,,,,,blowing-down,0,,,,,,,,4326
"sambrigðinn varpi, meðbrigðinn varpi",0,na,kk,Eintala,,,,,,,,covariant functor,0,,,,,,,,4328
"sambrigðinn þinur, meðbrigðinn þinur",0,na,kk,Eintala,,,,,,,,covariant tensor,0,,,,,,,,4329
sambrigðin afleiða,0,na,kvk,Eintala,,,,,,,,covariant derivative,0,,,,,,,,4327
sambrigðni,0,na,kvk,Eintala,,,,,,,,(in differential geometry) covariance,0,,,,,,,,4330
"sambrigður, meðbrigður",0,ls,kk,Eintala,,,,,,,,covariant,0,,,,,,,,4331
sambærilegur,0,ls,kk,Eintala,,,,,,,,comparable,0,,,,,,,,4325
samdeilir,0,na,kk,Eintala,,,,,,,greatest common divisor,"common divisor, common measure",0,,,,,,,,4332
samdráttur,0,na,kk,Eintala,,,,,,,"contracted tensor, inner tensor multiplication",(of a tensor) contraction,0,,,,,,,,4335
samdreginn þinur,0,na,kk,Eintala,,,,,,,"contraction, inner product",contracted tensor,0,,,,,,,,4336
samdreifing,0,na,kvk,Eintala,,,,,,,,joint distribution,0,,,,,,,,4337
"samdrægni, herpanleiki",0,na,,Eintala,,,,,,,,contractibility,0,,,,,,,,4333
"samdrægur, herpanlegur",0,ls,kk,Eintala,,,,,,,,contractible,0,,,,,,,,4334
sameiginlegt mál,0,na,hk,Eintala,,,,,,,,common measure,0,,,,,,,,4339
sameiginlegur þáttur,0,na,kk,Eintala,,,,,,,,(in factor analysis) common factor,0,,,,,,,,4340
"sameiginleg lóðlína, sameiginleg þverlína",0,na,kvk,Eintala,,,,,,,perpendicular,common perpendicular,0,,,,,,,,4338
sameinað úrtak,0,na,hk,Eintala,,,,,,,,combined sample,0,,,,,,,,4341
samfallandi,0,ls,,Eintala,,,,,,,,coincident,0,,,,,,,,4342
"samfeldi, sameiginlegt margfeldi",0,na,hk,Eintala,<ref idTerm=3475>Náttúruleg tala</ref> \(n\) kallast \textit{samfeldi} tveggja <ref idTerm=1896>heiltalna</ref> ef þær <ref idTerm=1599>ganga báðar upp í</ref> \(n\).,,,,,,least common multiple,common multiple,0,,,,,,,,4343
samfella,0,na,kvk,Eintala,,,,,,,,continuum,0,,,,,,,,4344
samfelldni,0,na,kvk,Eintala,,,,,,,,continuity,0,,,,,,,,4346
samfelldnibil,0,na,hk,Eintala,,,,,,,,continuity interval,0,,,,,,,,4350
samfelldnipunktur,0,na,kk,Eintala,,,,,,,,point of continuity,0,,,,,,,,4351
samfelldni frá hægri,0,na,kvk,Eintala,,,,,,,,continuity on the right,0,,,,,,,,4347
samfelldni frá vinstri,0,na,kvk,Eintala,,,,,,,,continuity on the left,0,,,,,,,,4348
"samfelldni í jöfnum mæli, jöfn samfelldni",0,na,kvk,Eintala,,,,,,,,uniform continuity,0,,,,,,,,4349
samfelldur,0,ls,kk,Eintala,,,,,,,,continuous,0,,,,,,,,4352
samfelldur á köflum,0,ls,kk,Eintala,,,,,,,,piecewise continuous,0,,,,,,,,4353
"samfelldur deildanleiki, samfelldur diffranleiki",0,na,kk,Eintala,,,,,,,,continuous differentiability,0,,,,,,,,4354
samfelldur frá hægri,0,ls,kk,Eintala,,,,,,,,"continuous on the right, right continuous, right-hand continuous",0,,,,,,,,4355
samfelldur frá vinstri,0,ls,kk,Eintala,,,,,,,,"continuous on the left, left continuous, left-hand continuous",0,,,,,,,,4356
samfelldur í jöfnum mæli,0,na,kk,Eintala,,,,,,,,uniformly continuous,0,,,,,,,,4357
samfelld hending,0,na,kvk,Eintala,,,,,,,random variable,continuous random variable,0,,,,,,,,4345
"samfellt deildanlegur, samfellt diffranlegur",0,ls,kk,Eintala,,,,,,,,continuously differentiable,0,,,,,,,,4358
samfellt fall,0,na,hk,Eintala,,,,,,,,continuous function,0,,,,,,,,4359
samfellt ferli,0,na,hk,Eintala,,,,,,,continuous stochastic process,continuous process,0,,,,,,,,4360
samfellt róf,0,na,hk,Eintala,,,,,,,,continuous spectrum,0,,,,,,,,4361
samfellt samleitinn,0,ls,kk,Eintala,,,,,,,,continuously convergent,0,,,,,,,,4362
samfellt slembiferli,0,na,hk,Eintala,,,,,,,continuous process,continuous stochastic process,0,,,,,,,,4363
"samfellufrumsenda Dedekinds, samfellufrumsetning Dedekinds, samfelldnifrumsenda Dedekinds, samfelldnifrumsetning Dedekinds",0,na,kvk,Eintala,,,,,,,,Dedekind continuity axiom,0,,,,,,,,4365
"samfellufrumsenda Cantors, samfellufrumsetning Cantors, samfelldnifrumsenda Cantors, samfelldnifrumsetning Cantors",0,na,kvk,Eintala,,,,,,,,Cantor continuity axiom,0,,,,,,,,4364
"samfellufrumsenda, samfellufrumsetning, samfelldnifrumsenda, samfelldnifrumsetning",0,na,kvk,Eintala,,,,,,,"Cantor continuity axiom, Dedekind continuity axiom","axiom of continuity, continuity axiom",0,,,,,,,,4366
samfellutilgáta,0,na,kvk,Eintala,,,,,,,"Cantor's continuum hypothesis, general continuum hypothesis, CH",continuum hypothesis,0,,,,,,,,4367
samfellutilgáta Cantors,0,na,kvk,Eintala,,,,,,,"continuum hypothesis, general continuum hypothesis, generalized continuum hypothesis",Cantor's continuum hypothesis,0,,,,,,,,4368
"samfylgnifall, samvikafall",0,na,hk,Eintala,,,,,,,,covariance function,0,,,,,,,,4370
"samfylgnifylki, samvikafylki",0,na,hk,Eintala,,,,,,,,"covariance matrix, dispersion matrix",0,,,,,,,,4371
"samfylgnigreining, samvikagreining",0,na,kvk,Eintala,,,,,,,,"analysis of covariance, covariance analysis",0,,,,,,,,4372
"samfylgnitala, samfylgnivísir",0,na,,Eintala,,,,,,,,dispersion index,0,,,,,,,,4373
"samfylgni, samdreifni, samvik",0,na,,Eintala,,,,,,,,(in statistics) covariance,0,,,,,,,,4369
samgangsform,0,na,hk,Eintala,,,,,,,,connection form,0,,,,,,,,4374
samgangshliðrun,0,na,kvk,Eintala,,,,,,,,(in differiential geometry) parallel displacement,0,,,,,,,,4375
samgangur,0,na,kk,Eintala,,,,,,,affine connection,"connection, connexion, transfer",0,,,,,,,,4376
samheldinn,0,na,kk,Eintala,,,,,,,,coherent,0,,,,,,,,4377
samheldni,0,na,kvk,Eintala,,,,,,,,coherence,0,,,,,,,,4378
samhending,0,na,kvk,Eintala,,,,,,,,joint random variable,0,,,,,,,,4379
samhengi,0,na,hk,Eintala,,,,,,,,connectivity,0,,,,,,,,4380
samhengi,0,na,hk,Eintala,,,,,,,,context,0,,,,,,,,4381
"samhengisþáttur, þáttur",0,na,kk,Eintala,,,,,,,,"(of a graph) component, connected component, maximal connected subgraph",0,,,,,,,,4382
samhliðungur,0,na,kk,Eintala,,,,,,,,"parallelepiped, parallelepipedon, parallelopiped, parallelopipedon",0,,,,,,,,4384
samhliðungur (í \(n\) víddum),0,na,kk,Eintala,,,,,,,,parallelotope,0,,,,,,,,4385
"samhlutfalla, í beinu hlutfalli við, í réttu hlutfalli við",0,,,,,,,,,,"inversely proportional, reciprocally proportional","directly proportional, proportional",0,,,,,,,,4386
"samhvarfsás, samhverfuás",0,na,kk,Eintala,,,,,,,,axis of symmetry,0,,,,,,,,4387
"samhverfa, samhvarf",0,na,,Eintala,,,,,,,,symmetry,0,,,,,,,,4392
samhverfing,0,na,kvk,Eintala,,,,,,,,symmetrization,0,,,,,,,,4393
samhverfni,0,na,kvk,Eintala,,,,,,,,symmetry,0,,,,,,,,4394
"samhverft deildaform, samhverft diffurform",0,na,hk,Eintala,,,,,,,,symmetric differential form,0,,,,,,,,4395
samhverft fall,0,na,hk,Eintala,,,,,,,,symmetric function,0,,,,,,,,4396
samhverft fylki,0,na,hk,Eintala,,,,,,,,symmetric matrix,0,,,,,,,,4397
samhverft tvílínulegt form,0,na,hk,Eintala,,,,,,,"inner product, scalar product",symmetric bilinear form,0,,,,,,,,4398
samhverfugrúpa,0,na,kvk,Eintala,,,,,,,,group of symmetries,0,,,,,,,,4399
samhverfugrúpa,0,na,kvk,Eintala,,,,,,,,symmetry group,0,,,,,,,,4400
"samhverfumiðja, samhvarfsmiðja",0,na,kvk,Eintala,,,,,,,,"centre of symmetry, symmetry centre",0,,,,,,,,4401
samhverfur,0,ls,kk,Eintala,,,,,,,,"symmetric, symmetrical",0,,,,,,,,4402
samhverfur mismunur,0,na,kk,Eintala,,,,,,,,symmetric difference,0,,,,,,,,4403
samhverfur virki,0,na,kk,Eintala,,,,,,,,symmetric operator,0,,,,,,,,4404
samhverfur þinur,0,na,kk,Eintala,,,,,,,,symmetric tensor,0,,,,,,,,4405
samhverfuslétta,0,na,kvk,Eintala,,,,,,,,plane of symmetry,0,,,,,,,,4406
samhverf algebra,0,na,kvk,Eintala,,,,,,,,symmetric algebra,0,,,,,,,,4388
samhverf grúpa,0,na,kvk,Eintala,,,,,,,,symmetric group,0,,,,,,,,4389
samhverf margliða,0,na,kvk,Eintala,,,,,,,,symmetric polynomial,0,,,,,,,,4390
samhverf vensl,0,na,hk,Fleirtala,,,,,,,,symmetric relation,0,,,,,,,,4391
samkvæmni,0,na,kvk,Eintala,,,,,,,,"consistency, consistence",0,,,,,,,,4407
samkvæmt mat,0,na,hk,Eintala,,,,,,,,consistent estimate,0,,,,,,,,4408
samkvæmt próf,0,na,hk,Eintala,,,,,,,,consistent test,0,,,,,,,,4409
"samkvæmur, mótsagnalaus",0,ls,,Eintala,,,,,,,,consistent,0,,,,,,,,4410
samlagning,0,na,kvk,Eintala,,,,,,,,addition,0,,,,,,,,4411
samlagning,0,na,kvk,Eintala,,,,,,,,summation,0,,,,,,,,4412
samlagningargrúpa,0,na,kvk,Eintala,,,,,,,,additive group,0,,,,,,,,4416
"samlagningarhlutleysa, núllstak, núll",0,,,,,,,,,,,"additive identity, null, null element, zero, zero element",0,,,,,,,,4417
"samlagningarlokaður, lokaður með tilliti til samlagningar",0,ls,kk,Eintala,,,,,,,,additively closed,0,,,,,,,,4418
samlagningarregla,0,na,kvk,Eintala,,,,,,,,"addition formula, addition theorem",0,,,,,,,,4419
samlagningarríki,0,na,hk,Eintala,,,,,,,,additive category,0,,,,,,,,4420
samlagningarsetning,0,na,kvk,Eintala,,,,,,,,addition theorem,0,,,,,,,,4421
samlagningartafla,0,na,kvk,Eintala,,,,,,,,addition table,0,,,,,,,,4422
"samlagningarumhverfa, samlagningarandhverfa",0,na,kvk,Eintala,"Fyrir gefna <ref idTerm=4093>rauntölu</ref> \(x\) kallast rauntala \(y\) þannig að \(x+y=0\) \textit{samlagningarandhverfa} \(x\), táknuð \(-x\).",Almennt ef \(X\) er <ref idTerm=17>víxlin grúpa</ref> með <ref idTerm=6586>hlutleysu</ref> \(e\) þar sem <ref idTerm=1744>grúpuaðgerðin</ref> er táknuð \(+\) kallast stak \(y\) þannig að \(x+y=e\) samlagningarandhverfa \(x\).,,,,,inverse,additive inverse,0,,,,,,,,4423
samlagningar-,0,pref,,,,,,,,,,additive,0,,,,,,,,4415
samlagning fjöldatalna,0,na,kvk,Eintala,,,,,,,,cardinal addition,0,,,,,,,,4413
"samlagning horna, hornasamlagning",0,na,kvk,Eintala,,,,,,,,angle addition,0,,,,,,,,4414
samlega,0,na,kvk,Eintala,,,,,,,,coincidence,0,,,,,,,,4424
"samleggjandi, liður",0,na,kk,Eintala,,,,,,,,"addend, summand, term",0,,,,,,,,4425
samleggjanlegur,0,ls,kk,Eintala,,,,,,,,summable,0,,,,,,,,4426
samleggjanleiki,0,na,kk,Eintala,,,,,,,,summability,0,,,,,,,,4427
samleguaðferð,0,na,kvk,Eintala,,,,,,,,collocation method,0,,,,,,,,4428
samleifa,0,ls,,,,,,,,,,"(in number theory) congruent, congruous, equiresidual",0,,,,,,,,4429
"samleitið heildi, samleitið tegur",0,na,hk,Eintala,,,,,,,,convergent integral,0,,,,,,,,4430
samleitinn,0,ls,kk,Eintala,,,,,,,,convergent,0,,,,,,,,4434
samleitinn í hverjum punkti,0,ls,kk,Eintala,,,,,,,,pointwise convergent,0,,,,,,,,4435
samleitinn í jöfnum mæli,0,na,kk,Eintala,,,,,,,,uniformly convergent,0,,,,,,,,4436
samleitin en ekki alsamleitin,0,ls,kk,Eintala,,,,,,,,non-absolutely convergent,0,,,,,,,,4431
samleitin runa,0,na,kvk,Eintala,,,,,,,,convergent sequence,0,,,,,,,,4433
samleitin röð,0,na,kvk,Eintala,,,,,,,,convergent series,0,,,,,,,,4432
samleitni,0,na,kvk,Eintala,,,,,,,,convergence,0,,,,,,,,4437
samleitnibil,0,na,hk,Eintala,,,,,,,,interval of convergence,0,,,,,,,,4441
samleitnigeisli,0,na,kk,Eintala,,,,,,,,radius of convergence,0,,,,,,,,4442
samleitnihálfslétta,0,na,kvk,Eintala,,,,,,,,half-plane of convergence,0,,,,,,,,4443
samleitnihegðun,0,na,kvk,Eintala,,,,,,,,convergence behaviour,0,,,,,,,,4444
samleitnihraði,0,na,kk,Eintala,,,,,,,,convergence rate,0,,,,,,,,4445
samleitnihringskífa,0,na,kvk,Eintala,,,,,,,,circle of convergence,0,,,,,,,,4447
samleitnihringur,0,na,kk,Eintala,,,,,,,,circle of convergence,0,,,,,,,,4448
samleitnilína,0,na,kvk,Eintala,,,,,,,,convergence line,0,,,,,,,,4449
"samleitnimark, samleitniláhnit",0,na,hk,Eintala,,,,,,,,abscissa of convergence,0,,,,,,,,4450
"samleitnimengi, samleitnisvæði",0,na,hk,Eintala,,,,,,,,region of convergence,0,,,,,,,,4451
samleitnipunktur,0,na,kk,Eintala,,,,,,,,point of convergence,0,,,,,,,,4452
"samleitniraðstig, samleitnistétt",0,na,,Eintala,,,,,,,,"convergence order, order of convergence",0,,,,,,,,4453
"samleitniskilyrði, samleitnipróf",0,na,hk,Eintala,,,,,,,,"convergence criterion, convergence test, criterion of convergence",0,,,,,,,,4454
samleitnisvæði,0,na,hk,Eintala,,,,,,,,convergence domain,0,,,,,,,,4455
samleitnisvæði,0,na,hk,Eintala,,,,,,,,domain of convergence,0,,,,,,,,4456
samleitni fyrstu stéttar,0,na,kvk,Eintala,,,,,,,,first-order convergence,0,,,,,,,,4438
samleitni í hverjum punkti,0,na,kvk,Eintala,,,,,,,,pointwise convergence,0,,,,,,,,4439
"samleitni í jöfnum mæli, jöfn samleitni",0,na,kvk,Eintala,,,,,,,,uniform convergence,0,,,,,,,,4440
samliggjandi heilar tölur (í vaxandi röð),0,na,kvk,Fleirtala,,,,,,,,successive integers,0,,,,,,,,4457
"samliggjandi, í röð",0,ls,,,,,,,,,,consecutive,0,,,,,,,,4458
"samlína, á sömu línu",0,,,,,,,,,,,collinear,0,,,,,,,,4459
"samlínuleiki, línulega ({\it kvk.})",0,na,,Eintala,,,,,,,,collinearity,0,,,,,,,,4460
"samlínumótun, samlínuvörpun",0,na,kvk,Eintala,,,,,,,"linear projective mapping, projectivity, projective mapping, projective transformation","collineation, collineatory transformation, homography",0,,,,,,,,4461
sammengi,0,na,hk,Eintala,\textit{Sammengi} tveggja <ref idTerm=3270>mengja</ref> \(A\) og \(B\) er mengi þeirra <ref idTerm=5128>staka</ref> sem eru að minnsta kosti í öðru þeirra. Þetta mengi er táknað með \(A \cup B\) (lesið: \(A\) sam \(B\)) og það má rita á forminu \[ A \cup B = \{x \mid x \in A \text{ eða } x \in B\}. \],"Á <ref idTerm=6050>Venn-myndinni</ref> hér að neðan er \(A \cup B\) litað rautt:\n\n\begin{center}\n\includegraphics[width=150px]{myndir/sammengi.png}\n\end{center}\n\nTil að einfalda rithátt er sammengi \(n\) mengja \(A_1 \cup A_2 \cup \cdots \cup A_n\) oft ritað á forminu \(\bigcup_{i=1}^n A_i\).\n\nSammengi eru <ref idTerm=5472>tengin</ref> og <ref idTerm=6228>víxlin</ref>, þ.e. fyrir öll mengi \(A\), \(B\) og \(C\) gildir að \[ (A \cup B) \cup C = A \cup (B \cup C) \quad \text{og} \quad A \cup B = B \cup A. \] Jafnframt eru sammengi <ref idTerm=722>dreifin</ref> yfir <ref idTerm=4928>sniðmengi</ref>, þ.e. fyrir öll mengi \(A\), \(B\) og \(C\) gildir að \[ A \cup (B \cap C) = (A \cup B) \cap (A \cup C) \quad \text{og} \quad (B \cap C) \cup A = (B \cup A) \cap (C \cup A). \] Loks gildir fyrir öll mengi \(A\) að \(A \cup \varnothing = A\) og \(A \cup A = A\).",,,,,,"(of sets) join, union",0,,,,,,,,4464
"sammengisfrumsenda, sammengisfrumsetning, frumsenda um sammengi, frumsetning um sammengi",0,na,kvk,Eintala,,,,,,,,axiom of union,0,,,,,,,,4465
"sammengismerki, sammengistákn",0,na,hk,Eintala,,,,,,,,sign of union,0,,,,,,,,4466
sammerking,0,na,kvk,Eintala,,,,,,,,parity,0,,,,,,,,4467
sammiðja,0,na,kvk,Eintala,,,,,,,,concentric,0,,,,,,,,4468
sammælanlegur,0,ls,kk,Eintala,,,,,,,,commensurable,0,,,,,,,,4462
sammælanleiki,0,na,kk,Eintala,,,,,,,,commensurability,0,,,,,,,,4463
samnefnari,0,na,kk,Eintala,,,,,,,,common denominator,0,,,,,,,,4469
samnefnd brot,0,na,hk,Fleirtala,,,,,,,,similar fractions,0,,,,,,,,4470
"samneitun, sameiginleg neitun",0,na,kvk,Eintala,,,,,,,,"joint denial, non-disjunction, rejection",0,,,,,,,,4471
samoka,0,ls,,,,,,,,,,conjugate,0,,,,,,,,4475
samoka algebruleg tala,0,na,kvk,Eintala,,,,,,,algebraic conjugate,conjugate algebraic number,0,,,,,,,,4476
samoka fylki,0,na,hk,Eintala,,,,,,,,conjugate matrix,0,,,,,,,,4477
samoka hlutgrúpa,0,na,kvk,Eintala,,,,,,,,conjugate subgroup,0,,,,,,,,4478
samoka latneskur ferningur,0,na,kk,Eintala,,,,,,,,conjugate Latin square,0,,,,,,,,4479
samoka miðstrengur,0,na,kk,Eintala,,,,,,,,(of a central conic) conjugate diameter,0,,,,,,,,4480
samoka röðun,0,na,kvk,Eintala,,,,,,,,conjugate ranking,0,,,,,,,,4481
samoka stak,0,na,hk,Eintala,,,,,,,,"conjugate element, conjugate",0,,,,,,,,6658
samoka virki,0,na,kk,Eintala,,,,,,,,conjugate operator,0,,,,,,,,4482
samoka þýtt fall,0,na,hk,Eintala,,,,,,,,conjugate harmonic function,0,,,,,,,,4483
samokun,0,na,kvk,Eintala,,,,,,,,"complex conjugation, conjugation",0,,,,,,,,4484
samokunarflokkur,0,na,kk,Eintala,,,,,,,,"conjugacy class, conjugate class, conjugation class",0,,,,,,,,4485
"samok, samoka fall",0,na,hk,Eintala,,,,,,,,"(of a function) complex conjugate, conjugate",0,,,,,,,,4472
"samok, samoka fylki",0,na,hk,Eintala,,,,,,,,"(of a matrix) complex conjugate, conjugate",0,,,,,,,,4473
"samok, samoka tala, samoka tvinntala",0,na,,Eintala,,,,,,,,"(of a number) complex conjugate, conjugate, conjugate complex number",0,,,,,,,,4474
"sampunkta, sem liggja gegnum sama punkt",0,,,,,,,,,,,"concurrent, copunctal",0,,,,,,,,4486
sampunktleiki,0,na,kk,Eintala,,,,,,,,concurrence,0,,,,,,,,4487
samruna,0,ls,,,,,,,,,,confluent,0,,,,,,,,4488
samrýmanlegur,0,ls,kk,Eintala,,,,,,,,compatible,0,,,,,,,,4489
samrýmanleiki,0,na,kk,Eintala,,,,,,,,compatibility,0,,,,,,,,4490
samrýndur bútur,0,na,kk,Eintala,,,,,,,nonconforming element,conforming element,0,,,,,,,,4492
samrýnd fjölskylda,0,na,kvk,Eintala,,,,,,,,normal family,0,,,,,,,,4491
samsama,0,sag,,,,,,,,,,identify,0,,,,,,,,4493
samsemd,0,na,kvk,Eintala,,,,,,,identity relation,"equality, identity",0,,,,,,,,4494
samsemdarmótun,0,na,kvk,Eintala,,,,,,,,identity morphism,0,,,,,,,,4495
samsemdarsetning,0,na,kvk,Eintala,,,,,,,,identity theorem,0,,,,,,,,4496
samsemdarvensl,0,na,hk,Fleirtala,,,,,,,"equality, identity",identity relation,0,,,,,,,,4497
samsemdarvörpun,0,na,kvk,Eintala,"<ref idTerm=3282>Vörpun</ref> \(f\) sem varpar sérhverju <ref idTerm=5128>staki</ref> úr <ref idTerm=3270>mengi</ref> \(X\) í sjálft sig, það er \(f(x)=x\) fyrir öll \(x \in X\). Táknuð \(\mathrm{id}_X\).",,,,,,,"identity mapping, identity function",0,,,,,,,,4498
samsettur atburður,0,na,kk,Eintala,,,,,,,,compound event,0,,,,,,,,4504
"samsettur, þættanlegur",0,ls,kk,Eintala,,,,,,,,composite,0,,,,,,,,4505
samsett dreifing,0,na,kvk,Eintala,,,,,,,,"compound distribution, composite distribution, mixed distribution, superposition of distributions",0,,,,,,,,4499
samsett Markoff-keðja,0,na,kvk,Eintala,,,,,,,,composite Markov chain,0,,,,,,,,4500
"samsett tala, þættanleg tala",0,na,kvk,Eintala,,,,,,,,composite number,0,,,,,,,,4501
samsett tilgáta,0,na,kvk,Eintala,,,,,,,,composite hypothesis,0,,,,,,,,4502
samsett þríliða,0,na,kvk,Eintala,,,,,,,,"chain method, compound rule of three",0,,,,,,,,4503
samsíða leggur,0,na,kk,Eintala,,,,,,,multiple edge,(in a graph) parallel edge,0,,,,,,,,4506
samsíða lína,0,na,kvk,Eintala,,,,,,,,parallel line,0,,,,,,,,4507
samsíða ofanvarp,0,na,hk,Eintala,,,,,,,,parallel projection,0,,,,,,,,4508
"samsíða, samhliða",0,ls,,,,,,,,,,parallel,0,,,,,,,,4509
"samsíðufrumsenda, samsíðufrumsetning, frumsetning um samsíða línur, frumsenda um samsíða línur",0,na,kvk,Eintala,,,,,,,,"axiom of parallels, parallel postulate",0,,,,,,,,4510
samsíðuhorn,0,na,hk,Eintala,,,,,,,,"angle of parallelism, parallel angle",0,,,,,,,,4511
samsíðungsjafna,0,na,kvk,Eintala,,,,,,,,parallelogram identity,0,,,,,,,,4512
samsíðungsregla,0,na,kvk,Eintala,,,,,,,,parallelogram law,0,,,,,,,,4513
samsíðungur,0,na,kk,Eintala,<ref idTerm=1127>Ferhyrningur</ref> þar sem sérhver <ref idTerm=2048>hlið</ref> er <ref idTerm=4509>samsíða</ref> <ref idTerm=3396>mótlægri hlið</ref> sinni.,Eftirfarandi er mynd af samsíðungi:\n\n\begin{center}\n\includegraphics[width=150px]{myndir/samsidungur.png}\n\end{center},,,,,,parallelogram,0,,,,,,,,4514
samsíðuskipan,0,na,hk,Eintala,,,,,,,,(in elementary geometry) parallelism,0,,,,,,,,4515
samskeytanlegur,0,ls,kk,Eintala,,,,,,,,composable,0,,,,,,,,4516
samskeyting,0,na,kvk,Eintala,,,,,,,"composite function, composite mapping",composite,0,,,,,,,,4517
samskeyting,0,na,kvk,Eintala,Fyrir <ref idTerm=3282>varpanir</ref> \(f: X \to Y\) og \(g: Y \to Z\) kallast vörpunin \(g \circ f: X \to Z\) sem skilgreind er með forskriftinni \((g \circ f)(x) = g(f(x))\) \textit{samskeyting} varpananna \(f\) og \(g\).,<ref idTerm=6050>Venn-myndin</ref> að neðan sýnir varpanir \(f: X \to Y\) og \(g: Y \to Z\) og samskeytingu þeirra \(g \circ f: X \to Z\):\n\n\begin{center}\n\includegraphics[width=150px]{myndir/samskeyting.png}\n\end{center},,,,,,composition,0,,,,,,,,4518
samskeyttur,0,ls,kk,Eintala,,,,,,,,composite,0,,,,,,,,4521
samskeytt fall,0,na,hk,Eintala,,,,,,,composite,composite function,0,,,,,,,,4519
samskeytt vörpun,0,na,kvk,Eintala,,,,,,,composite,composite mapping,0,,,,,,,,4520
samskrepping,0,na,kvk,Eintala,,,,,,,,shrinking,0,,,,,,,,4522
"samslétta, í sömu sléttu",0,ls,,,,,,,,,,coplanar,0,,,,,,,,4523
samslyngir,0,na,kk,Eintala,,,,,,,,intertwiner,0,,,,,,,,4524
"samslyngja, samhlekkja, hlekkja saman",0,sag,,,,,,,,,,"interlace, intertwine",0,,,,,,,,4525
samsniðafrumsenda,0,na,kvk,Eintala,,,,,,,,"axiom of congruence, congruence axiom",0,,,,,,,,4530
samsniða fylki,0,na,hk,Eintala,,,,,,,,congruent matrix,0,,,,,,,,4527
"samsniða myndir, aljafnar myndir, eins myndir",0,na,kvk,Fleirtala,,,,,,,,congruent figures,0,,,,,,,,4528
"samsniða, aljafn, eins",0,ls,,,,,,,,,"directly congruent, inversely congruent, oppositely congruent","(in geometry) congruent, congruous, superposable",0,,,,,,,,4529
"samsnið, aljöfnuður",0,na,,Eintala,,,,,,,,(in geometry) congruence,0,,,,,,,,4526
"samstak, ok",0,na,hk,Eintala,,,,,,,"least upper bound, lowest upper bound, meet, supremum",(in a lattice) join,0,,,,,,,,4532
samstétta,0,ls,,,,,,,,,cardinality,"equipotent, equipollent, equinumerous, equivalent",0,,,,,,,,4533
samstíga,0,ls,,,,,,,,,,simultaneous,0,,,,,,,,4534
samstíga hornalínugerningur,0,na,kk,Eintala,,,,,,,,simultaneous diagonalization,0,,,,,,,,4535
samstríkkaðar myndir,0,na,kvk,Fleirtala,,,,,,,,homothetic figures,0,,,,,,,,4536
samsvarandi,0,ls,,Eintala,,,,,,,,corresponding,0,,,,,,,,4537
samsvarandi horn,0,na,hk,Eintala,,,,,,,,corresponding angles,0,,,,,,,,4538
samsvipa,0,ls,,,,,,,,,,homologous,0,,,,,,,,4539
samsvipur,0,na,kk,Eintala,,,,,,,,(in topology) homology,0,,,,,,,,4540
samsvörun,0,na,kvk,Eintala,<ref idTerm=5705>Tvístæð vensl</ref> milli tveggja <ref idTerm=3270>mengja</ref> þar sem sérhvert <ref idTerm=5128>stak</ref> í öðru hvoru menginu er venslað við nákvæmlega eitt stak í hinu menginu.,Ef við lítum á <ref idTerm=3282>vörpun</ref> milli mengja \(X\) og \(Y\) sem vensl þá jafngildir samsvörun milli \(X\) og \(Y\) <ref idTerm=1586>gagntækri vörpun</ref>.,,,,,,correspondence,0,,,,,,,,4541
samsömun,0,na,kvk,Eintala,,,,,,,,identification,0,,,,,,,,4531
"samtakagrannfræði, samtektagrannfræði, fléttugrannfræði",0,na,kvk,Eintala,,,,,,,,combinatorial topology,0,,,,,,,,4542
"samtakarúmfræði, samtektarúmfræði, flétturúmfræði",0,na,kvk,Eintala,,,,,,,,combinatorial geometry,0,,,,,,,,4543
"samtenging, tenging, tengill",0,na,,Eintala,,,,,,,,"connective, connective symbol, propositional connective, sentential connective, truth-functional connective",0,,,,,,,,4544
samtoga,0,ls,,,,,,,,,,homotopic,0,,,,,,,,4545
"samtogunarflokkur, togflokkur",0,na,kk,Eintala,,,,,,,,homotopy class,0,,,,,,,,4547
"samtogunarlyfting, togunarlyfting",0,na,kvk,Eintala,,,,,,,,homotopy lifting,0,,,,,,,,4548
"samtogun, togun",0,na,kvk,Eintala,,,,,,,isotopy,"homotopy, homotopic deformation",0,,,,,,,,4546
samur,0,ls,kk,Eintala,,,,,,,"equal, identical",same,0,,,,,,,,4549
"samur, alsamur, aljafn",0,ls,kk,Eintala,,,,,,,same,"equal, identical, identically equal",0,,,,,,,,4550
"samþáttur, sameiginlegur þáttur",0,na,kk,Eintala,,,,,,,,(in number theory) common factor,0,,,,,,,,4553
samþætting,0,na,kvk,Eintala,,,,,,,,confounding,0,,,,,,,,4551
samþættur,0,ls,kk,Eintala,,,,,,,,confounded,0,,,,,,,,4552
sanna,0,sag,,,,,,,,,,"demonstrate, prove",0,,,,,,,,4554
sannanafræði,0,na,kvk,Eintala,,,,,,,,proof theory,0,,,,,,,,4555
sannanlegur,0,ls,kk,Eintala,,,,,,,,"demonstrable, provable",0,,,,,,,,4557
"sannanleg segð, sannanleg yrðing, sannanleg fullyrðing",0,na,kvk,Eintala,,,,,,,theorem,provable formula,0,,,,,,,,4556
sannanleiki,0,na,kk,Eintala,,,,,,,,"demonstrability, provability",0,,,,,,,,4558
sannfall,0,na,hk,Eintala,,,,,,,,truth function,0,,,,,,,,4559
sanngildi,0,na,hk,Eintala,Í <ref idTerm=4642>sígildri rökfræði</ref> er sérhver <ref idTerm=1515>yrðing</ref> annaðhvort \textit{sönn} eða \textit{ósönn} en kallast það \textit{sanngildi} yrðingarinnar.,"Sanngildi eru ýmist táknuð með \(1,T\) eða \(\top\) þegar um sannar yrðingar er að ræða en annars \(0,F\) eða \(\bot\).",,,,,,truth value,0,,,,,,,,4560
sanngjarn leikur,0,na,kk,Eintala,,,,,,,unfair game,fair game,0,,,,,,,,4561
"sannleikapróf, sannpróf",0,na,hk,Eintala,,,,,,,,truth criterion,0,,,,,,,,4562
sannleiki,0,na,kk,Eintala,,,,,,,,"truth, validity",0,,,,,,,,4563
sanntafla,0,na,kvk,Eintala,,,,,,,,truth table,0,,,,,,,,4564
sannur,0,ls,kk,Eintala,Sjá <ref idTerm=4560>sanngildi</ref>.,,,,,,,TRUE,0,,,,,,,,6659
sáldur,0,na,hk,Eintala,,,,,,,,sieve,0,,,,,,,,4314
sáldur Eratosþenesar,0,na,hk,Eintala,,,,,,,,"crib of Eratosthenes, sieve of Eratosthenes",0,,,,,,,,4315
segð,0,na,kvk,Eintala,,,,,,,"meaningful formula, proposition, sentence, statement, well-formed formula",(in logic) formula,0,,,,,,,,4566
seinni teljanleikafrumsendan,0,na,kvk,Eintala,,,,,,,,second axiom of countability,0,,,,,,,,4567
seintekinn,0,ls,kk,Eintala,,,,,,,coinitial,cofinal,0,,,,,,,,4568
sekans,0,na,kk,Eintala,,,,,,,sec,secant,0,,,,,,,,4569
sekúnda,0,na,kvk,Eintala,,,,,,,"centesimal second, sexagesimal second",second,0,,,,,,,,4570
"sekúnda, hornsekúnda, bogasekúnda",0,na,kvk,Eintala,,,,,,,"second of angle, second of arc",sexagesimal second,0,,,,,,,,4571
sem gera átti,0,,,,,,,,,,q. e. f.,quod erat faciendum,0,,,,,,,,4572
sem sanna átti,0,,,,,,,,,,q. e. d.,quod erat demonstrandum,0,,,,,,,,4573
"sem snertir að innan, sem snertir að innanverðu",0,,,,,,,,,,,internally tangent,0,,,,,,,,4574
"sem snertir að utan, sem snertir utan frá",0,,,,,,,,,,,externally tangent,0,,,,,,,,4575
sennileikaaðferð,0,na,kvk,Eintala,,,,,,,,method of maximum likelihood,0,,,,,,,,4576
"sennileikahlutfall, líknahlutfall",0,na,hk,Eintala,,,,,,,,likelihood ratio,0,,,,,,,,4577
sennileikamat,0,na,hk,Eintala,,,,,,,,maximum likelihood estimate,0,,,,,,,,4578
sennileikamat,0,na,hk,Eintala,,,,,,,,maximum likelihood estimation,0,,,,,,,,4579
sennileikametill,0,na,kk,Eintala,,,,,,,,maximum likelihood estimator,0,,,,,,,,4580
"sennileiki, líkur",0,na,,,,,,,,,probability,likelihood,0,,,,,,,,4581
"setafall Riemanns, zetafall Riemanns, \(\zeta\)-fall Riemanns",0,na,hk,Eintala,,,,,,,,"Riemann's zeta function, Riemann zeta function",0,,,,,,,,4604
"setafall, zetafall, \(\zeta\)-fall",0,na,hk,Eintala,,,,,,,,zeta function,0,,,,,,,,4605
setja,0,sag,,,,,,,,,,set,0,,,,,,,,4606
setja inn,0,sag,,,,,,,,,replace,substitute,0,,,,,,,,4609
"setja í staðinn, setja inn",0,sag,,,,,,,,,substitute,replace,0,,,,,,,,4607
setja í sviga,0,sag,,,,,,,,,,parenthesize,0,,,,,,,,4608
setja jafnt,0,sag,,,,,,,,,,equate,0,,,,,,,,4610
setja út horn,0,sag,,,,,,,,,,mark off angles,0,,,,,,,,4611
setja út strik,0,sag,,,,,,,,,,mark off segments,0,,,,,,,,4612
setning,0,na,kvk,Eintala,,,,,,,theorem,proposition,0,,,,,,,,4613
setning,0,na,kvk,Eintala,,,,,,,"proposition, provable formula",theorem,0,,,,,,,,4614
setningin um fjóra hvirfilpunkta,0,na,kvk,Eintala,,,,,,,vertex,four-vertex theorem,0,,,,,,,,4622
setningin um níupunktahringinn,0,na,kvk,Eintala,,,,,,,,"Feuerbach's theorem, nine-point circle theorem",0,,,,,,,,4623
setningin um ytra horn,0,na,kvk,Eintala,<ref idTerm=4621>Setning</ref> í <ref idTerm=1030>Evklíðskri rúmfræði</ref> sem segir að <ref idTerm=6295>ytra horn</ref> <ref idTerm=6438>þríhyrnings</ref> sé jafn <ref idTerm=2223>stórt</ref> og <ref idTerm=2225>summa</ref> <ref idTerm=1205>fjarlægari innri horna</ref>.,Látum \(ABC\) vera þríhyrning þar sem \(\angle BAC\) er \(35^\circ\) og \(\angle ACB\) er \(30^\circ\). Bæði <ref idTerm=1677>grannhorn</ref> \(\angle CBA\) eru þá \(35^\circ + 30^\circ = 65^\circ\) samkvæmt setningunni um ytra horn.,,,,,,exterior angle theorem,0,,,,,,,,4624
setning um einhalla samleitni,0,na,kvk,Eintala,,,,,,,,monotone convergence theorem,0,,,,,,,,4615
setning um fólgin föll,0,na,kvk,Eintala,,,,,,,,implicit function theorem,0,,,,,,,,4616
setning um lokað varprit,0,na,kvk,Eintala,,,,,,,,closed graph theorem,0,,,,,,,,4617
setning um opna vörpun,0,na,kvk,Eintala,,,,,,,,open mapping theorem,0,,,,,,,,4618
setning um ótvíræða þáttun,0,na,kvk,Eintala,,,,,,,,unique factorization theorem,0,,,,,,,,4619
setning um staðbundið markgildi,0,na,kvk,Eintala,,,,,,,,local limit theorem,0,,,,,,,,4620
"setning, meginsetning, höfuðsetning",0,na,kvk,Eintala,,,,,,,"addition theorem, altitude theorem, approximation theorem, Baire category theorem, Banach's fixed point theorem, Bayes's theorem, binomial theorem, category theorem of Baire, Cauchy's theorem, central limit theorem, Chinese remainder theorem, closed graph theorem, comparability theorem, completeness theorem, congruence theorem, dual theorem, duality theorem, exchange theorem, existence theorem, Fermat's last theorem, Fermat's little theorem, Feuerbach's theorem, fixed point theorem, four squares theorem, four-colour theorem, four-vertex theorem, fundamental theorem of algebra, fundamental theorem of arithmetic, fundamental theorem of calculus, gap theorem, Gödel's completeness theorem, Gödel's incompleteness theorem, great Picard theorem, identity theorem, implicit function theorem, index theorem, integral theorem, intermediate value theorem, inverse mapping theorem, inverse probability theorem, isomorphism theorem, isomorphy theorem, law, limit theorem, little Fermat theorem, little Picard theorem, local limit theorem, major theorem of Desargues, marriage theorem, matching theorem, mean value theorem, metatheorem, metrization theorem, minimax theorem, minor theorem of Desargues, monodromy theorem, monotone convergence theorem, multinomial theorem, multiplication theorem, nine-point circle theorem, object theorem, open mapping theorem, Pappus's theorem, Poisson's limit theorem, preparation theorem, prime number theorem, principal axes theorem, principal ideal theorem, Pythagoras's theorem, Pythagorean theorem, remainder theorem, residue theorem, Riemann mapping theorem, Riemann's rearrangement theorem, Riesz representation theorem, spectral theorem, Steinitz exchange theorem, structure theorem, Tauberian theorem, two squares theorem, undecidability theorem, uniformization theorem, unique existence theorem, unique factorization theorem, uniqueness theorem, well-ordering theorem",theorem,0,,,,,,,,4621
sexflötungur,0,na,kk,Eintala,<ref idTerm=3133>Margflötungur</ref> með sex <ref idTerm=1325>hliðar</ref>.,,,,,,,hexahedron,0,,,,,,,,4625
sexhyrndur,0,ls,kk,Eintala,,,,,,,,hexagonal,0,,,,,,,,4626
"sexhyrningstala, sexhyrnd tala",0,na,kvk,Eintala,,,,,,,figurate number,hexagonal number,0,,,,,,,,4627
sexhyrningur,0,na,kk,Eintala,<ref idTerm=3161>Marghyrningur</ref> með sex <ref idTerm=2048>hliðar</ref>.,,,,,,,hexagon,0,,,,,,,,4628
sexstrendingur,0,na,kk,Eintala,,,,,,,,hexagonal prism,0,,,,,,,,4629
sextándakerfi,0,na,hk,Eintala,"<ref idTerm=6668>Talnaritunarkerfi</ref> með grunntölu 16. Oft notað <ref idTerm=5538>tölustafina</ref> 0-9 og síðan \(A,B,C,D,E\) og \(F\) fyrir tölurnar \(10,11,12,13,14\) og 15.",,,,,,,"hexadecimal numeration system, sexadecimal numeration system",0,,,,,,,,4630
sextugakerfi,0,na,hk,Eintala,,,,,,,,sexagesimal numeration system,0,,,,,,,,4631
sexund,0,na,kvk,Eintala,,,,,,,,sextuple,0,,,,,,,,4632
sérfræðingur í algebru,0,na,kk,Eintala,,,,,,,,"algebraist, algebrist",0,,,,,,,,4582
sérfræðingur í stærðfræðigreiningu,0,na,kk,Eintala,,,,,,,,analyst,0,,,,,,,,4583
sérlausn,0,na,kvk,Eintala,,,,,,,,singular solution,0,,,,,,,,4584
"sérlausn, sérstök lausn",0,na,kvk,Eintala,,,,,,,particular solution,"particular integral, partial integral",0,,,,,,,,4585
"sérlausn, sérstök lausn",0,na,kvk,Eintala,,,,,,,particular integral,"particular solution, partial solution",0,,,,,,,,4586
"sérstaða, sérstæða",0,na,kvk,Eintala,,,,,,,,singularity,0,,,,,,,,4587
sérstakt gildi,0,ls,hk,Eintala,,,,,,,,"particular value, special value, specific value",0,,,,,,,,4596
sérstæður,0,ls,kk,Eintala,,,,,,,,singular,0,,,,,,,,4592
sérstæður ferill,0,na,kk,Eintala,,,,,,,,singular curve,0,,,,,,,,4593
"sérstæður línulegur virki, óandhverfanlegur línulegur virki",0,na,kk,Eintala,,,,,,,,singular linear operator,0,,,,,,,,4594
sérstæð hjásvipfræði,0,na,kvk,Eintala,,,,,,,,singular cohomology,0,,,,,,,,4588
sérstæð keðja,0,na,kvk,Eintala,,,,,,,,singular chain,0,,,,,,,,4589
sérstæð rás,0,na,kvk,Eintala,,,,,,,,singular cycle,0,,,,,,,,4590
sérstæð svipfræði,0,na,kvk,Eintala,,,,,,,,singular homology,0,,,,,,,,4591
"sérstætt fylki, óandhverfanlegt fylki, óumhverfanlegt fylki, óreglulegt fylki",0,na,hk,Eintala,,,,,,,,"non-invertible matrix, singular matrix",0,,,,,,,,4595
sérstöðuleg,0,na,hk,Eintala,,,,,,,,singular locus,0,,,,,,,,4597
sérstöðupunktur,0,na,kk,Eintala,,,,,,,isolated singular point,"singular point, singularity",0,,,,,,,,4598
sérstök línuleg grúpa,0,na,kvk,Eintala,,,,,,,unimodular group,special linear group,0,,,,,,,,4599
sértak,0,na,hk,Eintala,,,,,,,,abstraction,0,,,,,,,,4601
sértekinn,0,ls,kk,Eintala,,,,,,,,abstract,0,,,,,,,,4602
"sértekning, hlutfirring",0,na,kvk,Eintala,,,,,,,,abstraction,0,,,,,,,,4603
"sértækur, óhlutbundinn, hlutfirrtur",0,ls,kk,Eintala,,,,,,,,abstract,0,,,,,,,,4600
sigð,0,na,kvk,Eintala,,,,,,,biangle,lune,0,,,,,,,,4636
sigð Hippókratesar,0,na,kvk,Eintala,,,,,,,,"crescent of Hippocrates, Hippocrates's lune, lunula Hippocratis, lunula of Hippocrates",0,,,,,,,,4637
"sigð, hringbogasigð",0,na,kvk,Eintala,,,,,,,,circular lune,0,,,,,,,,4638
sigma-algebra,0,na,kvk,Eintala,,,,,,,,sigma-algebra,0,,,,,,,,4644
Simpson-regla,0,na,kvk,Eintala,,,,,,,,"parabolic method, parabolic rule, Simpson's rule",0,,,,,,,,4646
sía,0,na,kvk,Eintala,,,,,,,,filter,0,,,,,,,,4633
síaður,0,ls,kk,Eintala,,,,,,,,filtered,0,,,,,,,,4634
síðasta setning Fermats,0,na,kvk,Eintala,,,,,,,,Fermat's last theorem,0,,,,,,,,4635
sígild aflfræði,0,na,kvk,Eintala,,,,,,,,classical mechanics,0,,,,,,,,4639
sígild grúpa,0,na,kvk,Eintala,,,,,,,,classical group,0,,,,,,,,4640
"sígild mengjafræði, mengjafræði Cantors",0,na,kvk,Eintala,,,,,,,naive set theory,"Cantorian set theory, classical set theory",0,,,,,,,,4641
sígild rökfræði,0,na,kvk,Eintala,,,,,,,,classical logic,0,,,,,,,,4642
sígild yrðingarökfræði,0,na,kvk,Eintala,,,,,,,,classical propositional logic,0,,,,,,,,4643
síkveða,0,na,kvk,Eintala,,,,,,,,permanent,0,,,,,,,,4645
sínus,0,na,kk,Eintala,"Fyrir <ref idTerm=4173>rétthyrndan þríhyrning</ref> \(ABC\) þar sem \(C\) er <ref idTerm=4167>rétt horn</ref> er <ref idTerm=2202>hornafallið</ref> \textit{sínus} af <ref idTerm=2198>horninu</ref> \(A\), táknað \(\sin(A)\), skilgreint sem <ref idTerm=2072>hlutfallið</ref> milli <ref idTerm=2860>lengd</ref> <ref idTerm=3396>mótlægrar</ref> <ref idTerm=4725>skammhliðar</ref> og lengd <ref idTerm=2789>langhliðar</ref>. Sjá eftirfarandi mynd: \n\n\begin{center}\n\includegraphics[width=150px]{myndir/hornafoll.png}\n\end{center}",Eftirfarandi mynd sýnir hluta <ref idTerm=2955>grafs</ref> sínusarfallsins: \n\n\begin{center}\n\includegraphics[width=150px]{myndir/sin.png}\n\end{center},,,,,sin,sine,0,,,,,,,,4647
sínusferill,0,na,kk,Eintala,,,,,,,,"sine curve, sinusoid",0,,,,,,,,4648
sínusregla,0,na,kvk,Eintala,"Um <ref idTerm=6438>þríhyrning</ref> \(\Delta ABC\) gildir \textit{sínusreglan} \(\) \frac{\sin(A)}{a}=\frac{\sin(B)}{b}= \frac{\sin(C)}{c}, \(\) þ.e.~<ref idTerm=2072>hlutfallið</ref> <ref idTerm=3332>milli</ref> <ref idTerm=4647>sínusar</ref> af <ref idTerm=2198>horni</ref> þríhyrnings og <ref idTerm=3396>mótlægrar hliðar</ref> hornsins það sama fyrir öll hornin.",Þetta hlutfall er einnig jafnt \(\frac{1}{2 R}\) þar sem \(R\) er <ref idTerm=2295>geisli</ref> <ref idTerm=5784>umritaðs hrings</ref> þríhyrningsins.,,,,,,"law of sines, sine law, sine rule",0,,,,,,,,4649
sínusvefja,0,na,kvk,Eintala,,,,,,,,sine spiral,0,,,,,,,,4650
síósanna,0,na,kvk,Eintala,,,,,,,,"contradiction, identically false formula",0,,,,,,,,4651
sísanna,0,na,kvk,Eintala,,,,,,,,"identically true formula, tautology, universally valid formula",0,,,,,,,,4652
sísannur,0,ls,kk,Eintala,,,,,,,,tautological,0,,,,,,,,4653
"sístætt ástand, æstætt ástand",0,na,hk,Eintala,,,,,,,,stationary state,0,,,,,,,,4654
"sístætt ferli, æstætt ferli, jafnvægisferli, ferli í jafnvægi",0,na,hk,Eintala,,,,,,,,stationary process,0,,,,,,,,4655
"sístætt Markov-ferli, æstætt Markov-ferli, Markov-ferli í jafnvægi",0,na,hk,Eintala,,,,,,,,stationary Markov process,0,,,,,,,,4656
"sístætt streymi, æstætt streymi, jafnvægisstreymi",0,na,hk,Eintala,,,,,,,,stationary flow,0,,,,,,,,4657
síugrunnur,0,na,kk,Eintala,,,,,,,,filter base,0,,,,,,,,4658
síun,0,na,kvk,Eintala,,,,,,,,"filtering, filtration",0,,,,,,,,4659
sívalningsflötur,0,na,kk,Eintala,<ref idTerm=3279>Faldmengi</ref> \(\mathcal{C} \times I\) þar sem \(\mathcal{C} \in \mathbb{R}^2\) er <ref idTerm=1131>ferill</ref> og \(I \subseteq \mathbb{R}\).,,,,,,,cylindrical surface,0,,,,,,,,4660
sívalningshnit,0,na,hk,Fleirtala,,,,,,,,cylindrical coordinates,0,,,,,,,,4661
"sívalningsstúfur, stýfður sívalningur",0,na,kk,Eintala,,,,,,,,truncated cylinder,0,,,,,,,,4662
sívalningur,0,na,kk,Eintala,,,,,,,,cylinder,0,,,,,,,,4663
sjaldgæfur atburður,0,na,kk,Eintala,,,,,,,,rare event,0,,,,,,,,4664
sjálfgefin lausn,0,na,kvk,Eintala,,,,,,,,canonical solution,0,,,,,,,,4665
"sjálfhverfa, sjálfhverf vörpun",0,na,kvk,Eintala,,,,,,,,"involution, involutory mapping",0,,,,,,,,4667
"sjálfhverfni, spegilvirkni",0,na,kvk,Eintala,,,,,,,,reflexivity,0,,,,,,,,4668
sjálfhverft Banach-rúm,0,na,hk,Eintala,,,,,,,,reflexive Banach space,0,,,,,,,,4669
sjálfhverfumiðja,0,na,kvk,Eintala,,,,,,,,centre of involution,0,,,,,,,,4670
sjálfhverfur,0,ls,kk,Eintala,,,,,,,,involutory,0,,,,,,,,4671
"sjálfhverfur, spegilvirkur",0,ls,kk,Eintala,,,,,,,,"reflexive, reflective",0,,,,,,,,4672
"sjálfhverf vensl, spegilvirk vensl",0,na,hk,Fleirtala,,,,,,,,reflexive relation,0,,,,,,,,4666
sjálfmótanagrúpa,0,na,kvk,Eintala,,,,,,,,automorphism group,0,,,,,,,,4674
sjálfmótanagrúpa,0,na,kvk,Eintala,,,,,,,,group of automorphisms,0,,,,,,,,4675
sjálfmóta fall,0,na,hk,Eintala,,,,,,,,automorphic function,0,,,,,,,,4673
sjálfmótun,0,na,kvk,Eintala,,,,,,,,automorphism,0,,,,,,,,4676
sjálfnykraður,0,ls,kk,Eintala,,,,,,,,self-dual,0,,,,,,,,4677
"sjálfoka fylki, hermískt fylki",0,na,hk,Eintala,,,,,,,,"hermitian matrix, self-adjoint matrix",0,,,,,,,,4678
sjálfoka virki,0,na,kk,Eintala,,,,,,,,self-adjoint operator,0,,,,,,,,4679
"sjálfoka, sjálftengdur",0,ls,,,,,,,,,"adjoint, hermitian",self-adjoint,0,,,,,,,,4680
sjálfskautaður þríhyrningur,0,na,kk,Eintala,,,,,,,,self-polar triangle,0,,,,,,,,4681
sjálfskerandi,0,ls,,,,,,,,,,self-intersecting,0,,,,,,,,4682
sjálfskerandi ferhliðungur,0,ls,kk,Eintala,,,,,,,,reflex quadrilateral,0,,,,,,,,4683
sjálfskerandi marghyrningur,0,na,kk,Eintala,,,,,,,,"reflex polygon, self-intersecting polygon",0,,,,,,,,4684
sjálfskurðarpunktur,0,na,kk,Eintala,,,,,,,,self-intersection point,0,,,,,,,,4685
sjálfskurður,0,na,kk,Eintala,,,,,,,,self-intersection,0,,,,,,,,4686
sjálfstýring,0,na,kvk,Eintala,,,,,,,,automatic control,0,,,,,,,,4687
sjálfsvipaður,0,ls,kk,Eintala,,,,,,,,self-similar,0,,,,,,,,4688
sjálfsvipur,0,na,kk,Eintala,,,,,,,,selfsimilarity,0,,,,,,,,4689
sjálfvalda,0,ls,,,,,,,,,,idempotent,0,,,,,,,,4690
sjálfvalda stak,0,na,hk,Eintala,,,,,,,,idempotent element,0,,,,,,,,4691
sjálfvirki,0,na,kk,Eintala,,,,,,,,automaton,0,,,,,,,,4692
sjálfvirkjafræði,0,na,kvk,Eintala,,,,,,,,automata theory,0,,,,,,,,4693
sjálfvirkur,0,ls,kk,Eintala,,,,,,,,automatic,0,,,,,,,,4694
sjálfþver,0,ls,,,,,,,,,,isotropic,0,,,,,,,,4695
sjálfþver vigur,0,na,kk,Eintala,,,,,,,,"isotropic vector, null vector",0,,,,,,,,4696
sjóndeildarjaðar,0,na,kk,Eintala,,,,,,,,ideal boundary,0,,,,,,,,4700
sjóndeildarlína,0,na,kvk,Eintala,,,,,,,,"ideal line, infinite line, line at infinity",0,,,,,,,,4701
sjóndeildarpunktur,0,na,kk,Eintala,,,,,,,,"ideal point, infinite point, point at infinity",0,,,,,,,,4702
sjóndeildarslétta,0,na,kvk,Eintala,,,,,,,,"ideal plane, infinite plane, plane at infinity",0,,,,,,,,4703
sjóndeildarstak,0,na,hk,Eintala,,,,,,,,"element at infinity, ideal element",0,,,,,,,,4704
sjóndeildar-,0,pref,,,,,,,,,,ideal,0,,,,,,,,4699
sjónhorf,0,na,hk,Eintala,,,,,,,,perspective,0,,,,,,,,4705
sjónhorfsás,0,na,kk,Eintala,,,,,,,,axis of perspectivity,0,,,,,,,,4707
sjónhorfsmiðja,0,na,kvk,Eintala,,,,,,,centre of perspectivity,"centre of perspective, centre of vision",0,,,,,,,,4708
"sjónhorfsmótun, sjónhorfsfærsla",0,na,kvk,Eintala,,,,,,,,"central collineation, homology, perspective collineation",0,,,,,,,,4709
sjónhorfsmyndun,0,na,kvk,Eintala,,,,,,,perspective collineation,perspectivity,0,,,,,,,,4710
"sjónhorfs-, í sjónhorfi",0,,,,,,,,,,,perspective,0,,,,,,,,4706
"sjöhyrningstala, sjöhyrnd tala",0,na,kvk,Eintala,,,,,,,figurate number,heptagonal number,0,,,,,,,,4697
sjöhyrningur,0,na,kk,Eintala,,,,,,,,heptagon,0,,,,,,,,4698
sjötta stigs,0,ls,,,,,,,,,,sextic,0,,,,,,,,4711
sjötta stigs ferill,0,na,kk,Eintala,,,,,,,,"sextic, sextic curve",0,,,,,,,,4712
sjötta stigs flötur,0,na,kk,Eintala,,,,,,,,"sextic, sextic surface",0,,,,,,,,4713
sjötta stigs jafna,0,na,kvk,Eintala,,,,,,,,"sextic, sextic equation",0,,,,,,,,4714
sjöttungsmark,0,na,hk,Eintala,,,,,,,"fractile, quantile",sextile,0,,,,,,,,4715
skakkt ofanvarp,0,na,hk,Eintala,,,,,,,,"oblique projection, skew projection",0,,,,,,,,4722
"skakkur samhliðungur, skásettur samhliðungur",0,na,kk,Eintala,,,,,,,,oblique parallelepipedon,0,,,,,,,,4723
skammás,0,na,kk,Eintala,,,,,,,major axis,(of an ellipse) minor axis,0,,,,,,,,4724
skammhlið,0,na,kvk,Eintala,<ref idTerm=2048>Hlið</ref> <ref idTerm=4173>rétthyrnds þríhyrnings</ref> sem er aðlæg <ref idTerm=4167>rétta horninu</ref>.,Á eftirfarandi mynd eru \(AB\) og \(BC\) skammhliðar þríhyrningsins:\n\n\begin{center}\n\includegraphics[width=150px]{myndir/retthyrndur_thrihyrningur.png}\n\end{center},,,,,,"cathetus, leg, small side",0,,,,,,,,4725
"skammleiðarverkefni, verkefni skemmstu leiðar",0,na,hk,Eintala,,,,,,,,shortest-route problem,0,,,,,,,,4726
skammsveifarferill,0,na,kk,Eintala,,,,,,,trochoid,"contracted cycloid, curtate cycloid, curtate trochoid",0,,,,,,,,4727
skammtímaferill,0,na,kk,Eintala,,,,,,,cycloid,brachistochrone,0,,,,,,,,4728
skarast,0,sag,,,,,,,,,,overlap,0,,,,,,,,4729
skaut,0,na,hk,Eintala,,,,,,,,"(of a polarity) pole, polar point",0,,,,,,,,4738
"skautframsetning, skauthnitaframsetning, framsetning í skauthnitum (pólhnitum)",0,na,kvk,Eintala,,,,,,,,(of a complex number) polar form,0,,,,,,,,4741
skauthluti,0,na,kk,Eintala,,,,,,,,polar part,0,,,,,,,,4742
"skauthnitaferill, pólhnitaferill, ferill í skauthnitum (pólhnitum)",0,na,kk,Eintala,,,,,,,,polar curve,0,,,,,,,,4744
"skauthnitajafna, pólhnitajafna",0,na,kvk,Eintala,,,,,,,,polar equation,0,,,,,,,,4745
"skauthnitakerfi, pólhnitakerfi",0,na,hk,Eintala,<ref idTerm=2145>Hnitakerfi</ref> á <ref idTerm=1031>evklíðska sléttu</ref> þar sem <ref idTerm=4001>punktar</ref> eru staðsettir með því að tilgreina <ref idTerm=1204>fjarlægð</ref> þeirra og <ref idTerm=5135>stefnu</ref> séð frá gefnum punkti \(O\) sem er kallaður \textit{skaut} eða \textit{póll},"Eftirfarandi mynd sýnir hvernig hægt er að tilgreina staðsetningu punkts í <ref idTerm=2554>karteskum hnitum</ref> annars vegar og pólhnitum annars vegar:\n\n\begin{center}\n\includegraphics[width=150px]{myndir/polhnit.png}\n\end{center}\n\nLátum \(O=(0,0)\) vera <ref idTerm=5839>upphafspunkt</ref> karteska hnitakerfisins og \(E=(1,0)\) vera einingarpunktinn á \(x\)-ásnum. Ef \(P=(x,y)\) er punktur í sléttunni, þá mælir \(r=|OP|=\sqrt{x^2+y^2}\) fjarlægð \(P\) frá \(O\). Stefnu \(P\) séð frá \(O\) má tilgreina með <ref idTerm=483>bogamáli</ref> hornsins \(\angle EOP\), sem við köllum \textit{stefnuhorn} punktsins \(P\). Ef \(P\) liggur ekki á neikvæða \(x\)-ásnum, þá liggur stefnuhornið á <ref idTerm=457>bilinu</ref> \(\left]-\pi,\pi\right[\) og það er gefið með \(\arccos\left(x/\sqrt{x^2+y^2}\right)\) ef \(y \geq 0\) en annars með \(\arccos\left(x/\sqrt{x^2+y^2}\right)\).\n\nSkauthnit punktsins \(P=(x,y)\) eru því gefin með <ref idTerm=5627>tvenndinni</ref> \((r,\theta)\).\n\nEkki er hægt að útvíkka skilgreininguna á stefnuhorni með skynsamlegum hætti fyrir punkta á neikvæða \(x\)-ásnum eða skautpunktinn \(O\). Hinsvegar má snúa hnitakerfinu, og undanskilja í staðinn einhvera aðra hálflínu út frá \(O\). Þannig mætti til dæmis láta stefnuhornið vera á bilinu \(\left]-\pi/2,3\pi/2\right[\) og undanskilja í staðinn neikvæða hluta \(y\)-ássins.\n\nEf punktur hefur skauthnit \((r,\theta)\), þá eru kartesk hnit hans gefin með \[ x=r\,\cos\,\theta\qquad\text{og}\qquad y=r\,\sin\,\theta .\]",,,,,,polar coordinate system,0,,,,,,,,4746
"skauthnitás, skauthnitaás, pólhnitás, pólhnitaás",0,na,kk,Eintala,,,,,,,,polar axis,0,,,,,,,,4747
"skauthnit, pólhnit",0,na,hk,Fleirtala,<ref idTerm=2143>Hnit</ref> í <ref idTerm=4746>pólhnitakerfi</ref>.,,,,,,,polar coordinates,0,,,,,,,,4743
skauthringur,0,na,kk,Eintala,,,,,,,,polar circle,0,,,,,,,,4748
skautlína,0,na,kvk,Eintala,,,,,,,,"polar line, polar",0,,,,,,,,4749
skautun,0,na,kvk,Eintala,,,,,,,,polarity,0,,,,,,,,4750
skautunarjafna,0,na,kvk,Eintala,,,,,,,,polarization identity,0,,,,,,,,4751
skautunarmiðja,0,na,kvk,Eintala,,,,,,,,centre of polarity,0,,,,,,,,4752
"skautþáttun, pólþáttun",0,na,kvk,Eintala,,,,,,,,polar decomposition,0,,,,,,,,4753
skautþríhyrningur,0,na,kk,Eintala,,,,,,,,polar triangle,0,,,,,,,,4754
"skaut, póll",0,na,,Eintala,,,,,,,,(of a meromorphic function) pole,0,,,,,,,,4739
"skaut, póll, skauthnitamiðja, pólhnitamiðja",0,na,,Eintala,,,,,,,,(of a polar coordinate system) pole,0,,,,,,,,4740
skáhorn,0,na,hk,Eintala,,,,,,,,oblique angle,0,,,,,,,,4720
skáhyrndur þríhyrningur,0,na,kk,Eintala,,,,,,,,oblique triangle,0,,,,,,,,4721
skáhæð,0,na,kvk,Eintala,,,,,,,,"(of a cone) apothem, slant height",0,,,,,,,,4719
"skásettur hringsívalningur, skakkur hringsívalningur",0,na,kk,Eintala,,,,,,,,oblique circular cylinder,0,,,,,,,,4733
"skásettur, skakkur",0,ls,kk,Eintala,,,,,,,,oblique,0,,,,,,,,4734
"skásett hnitakerfi, skakkt hnitakerfi",0,na,hk,Eintala,,,,,,,,oblique coordinate system,0,,,,,,,,4731
"skásett hnit, skökk hnit",0,na,hk,Fleirtala,,,,,,,"affine coordinates, cartesian coordinates, parallel coordinates, orthogonal coordinates, rectangular coordinates",oblique coordinates,0,,,,,,,,4730
"skásett hringkeila, skökk hringkeila",0,na,kvk,Eintala,,,,,,,,oblique circular cone,0,,,,,,,,4732
"skástrendingur, skakkur strendingur",0,na,kk,Eintala,,,,,,,,oblique prism,0,,,,,,,,4735
skástýfður sívalningur,0,na,kk,Eintala,,,,,,,,obliquely truncated cylinder,0,,,,,,,,4737
skástýfð keila,0,na,kvk,Eintala,,,,,,,,obliquely truncated cone,0,,,,,,,,4736
skeifni,0,na,kvk,Eintala,,,,,,,,(in statistics) skewness,0,,,,,,,,4756
skeif dreifing,0,na,kvk,Eintala,,,,,,,,skew distribution,0,,,,,,,,4755
skekking,0,na,kvk,Eintala,,,,,,,,"shear, transvection",0,,,,,,,,4757
skekkja,0,na,kvk,Eintala,,,,,,,,error,0,,,,,,,,4758
skekkjubil,0,na,hk,Eintala,,,,,,,,error band,0,,,,,,,,4759
"skekkjufall, Gauss-skekkjufall",0,na,hk,Eintala,,,,,,,,error function,0,,,,,,,,4760
skekkjugreining,0,na,kvk,Eintala,,,,,,,,error analysis,0,,,,,,,,4761
skekkjuliður,0,na,kk,Eintala,,,,,,,,component of error,0,,,,,,,,4762
skekkjuliður,0,na,kk,Eintala,,,,,,,,error term,0,,,,,,,,4763
skekkjulíkindi,0,na,hk,Fleirtala,,,,,,,,error probability,0,,,,,,,,4764
"skekkjumark, skekkjuskorða",0,na,,Eintala,,,,,,,,error bound,0,,,,,,,,4765
skekkjumat,0,na,hk,Eintala,,,,,,,,error estimation,0,,,,,,,,4766
skekkjuútbreiðsla,0,na,kvk,Eintala,,,,,,,,"error propagation, propagation of errors",0,,,,,,,,4767
skelferill,0,na,kk,Eintala,,,,,,,,conchoid,0,,,,,,,,4768
skema,0,na,hk,Eintala,,,,,,,,scheme,0,,,,,,,,4769
"skerast, sníðast, skarast",0,sag,,,Ef <ref idTerm=4928>sniðmengi</ref> tveggja <ref idTerm=4001>punkta</ref><ref idTerm=3270>mengja</ref> er ekki <ref idTerm=5564>tómt</ref> er sagt að mengin \textit{skerist},,,,,,,intersect,0,,,,,,,,4771
"skera, sníða",0,sag,,,,,,,,,,intersect,0,,,,,,,,4770
skerðing,0,na,kvk,Eintala,,,,,,,,censoring,0,,,,,,,,4772
skert dreifing,0,na,kvk,Eintala,,,,,,,,censored distribution,0,,,,,,,,4773
skeyta saman,0,sag,,,,,,,,,,compose,0,,,,,,,,4774
skila,0,sag,,,,,,,,,,replace,0,,,,,,,,4776
skilapunktur,0,na,kk,Eintala,,,,,,,,dividing point,0,,,,,,,,4777
skilgreinandi,0,ls,,,,,,,,,,definitional,0,,,,,,,,4780
skilgreinandi jafna,0,na,kvk,Eintala,,,,,,,,definitional identity,0,,,,,,,,4781
"skilgreinandi, skilgreiningarorð",0,na,,Eintala,,,,,,,,definiens,0,,,,,,,,4782
skilgreinanlegur,0,ls,kk,Eintala,,,,,,,,definable,0,,,,,,,,4783
skilgreinanleiki,0,na,kk,Eintala,,,,,,,,definability,0,,,,,,,,4784
skilgreina með þrepun,0,sag,,,,,,,,,recursive definition,define recursively,0,,,,,,,,4778
"skilgreina, skýrgreina",0,sag,,,,,,,,,,define,0,,,,,,,,4779
skilgreiningarbil,0,na,hk,Eintala,,,,,,,"argument domain, domain, domain of definition, range of arguments, set of definition, source, source set",interval of definition,0,,,,,,,,4786
skilgreiningarefni,0,na,hk,Eintala,,,,,,,,definiendum,0,,,,,,,,4787
skilgreiningarmengi virkja,0,na,hk,Eintala,,,,,,,,operator domain,0,,,,,,,,4788
"skilgreining, skýrgreining",0,na,kvk,Eintala,,,,,,,,definition,0,,,,,,,,4785
skilorðslaust samleitinn,0,ls,kk,Eintala,,,,,,,,unconditionally convergent,0,,,,,,,,4790
skilorðslaus samleitni,0,na,kvk,Eintala,,,,,,,,unconditional convergence,0,,,,,,,,4789
skilun,0,na,kvk,Eintala,,,,,,,"drawing with replacement, drawing without replacement",replacement,0,,,,,,,,4791
skilvirkasti metill,0,na,kk,Eintala,,,,,,,,most efficient estimator,0,,,,,,,,4792
skilvirkni,0,na,kvk,Eintala,,,,,,,,efficiency,0,,,,,,,,4793
skilvirkt mat,0,na,hk,Eintala,,,,,,,,efficient estimate,0,,,,,,,,4794
skilvirkt próf,0,na,hk,Eintala,,,,,,,,efficient test,0,,,,,,,,4795
skilvirkur metill,0,na,kk,Eintala,,,,,,,,efficient estimator,0,,,,,,,,4796
skilyrði,0,na,hk,Eintala,Sjá <ref idTerm=2836>leiðingu</ref>.,,,,,,constraint,condition,0,,,,,,,,4797
skilyrðing,0,na,kvk,Eintala,,,,,,,implication,"conditional, material implication",0,,,,,,,,4800
"skilyrði um fallandi keðjur, skilyrði um minnkandi keðjur",0,na,hk,Eintala,,,,,,,d. c. c.\ekkipunktur,descending chain condition,0,,,,,,,,4798
"skilyrði um vaxandi keðjur, skilyrði um stígandi keðjur",0,na,hk,Eintala,,,,,,,a. c. c.\ekkipunktur,ascending chain condition,0,,,,,,,,4799
skilyrtur atburður,0,na,kk,Eintala,,,,,,,,conditional event,0,,,,,,,,4811
skilyrtur þéttleiki,0,na,kk,Eintala,,,,,,,conditional density function,conditional density,0,,,,,,,,4812
"skilyrtur, skilorðsbundinn",0,ls,kk,Eintala,,,,,,,,conditional,0,,,,,,,,4813
skilyrt dreifing,0,na,kvk,Eintala,,,,,,,,conditional distribution,0,,,,,,,,4801
skilyrt líkindi,0,na,hk,Fleirtala,,,,,,,,conditional probability,0,,,,,,,,4802
skilyrt mál,0,na,hk,Eintala,,,,,,,,conditional measure,0,,,,,,,,4803
skilyrt meðalgildi,0,na,hk,Eintala,,,,,,,"expectation, projection",conditional expectation,0,,,,,,,,4804
skilyrt meðalgildisfall,0,na,hk,Eintala,,,,,,,,conditional expectation,0,,,,,,,,4805
skilyrt óreiða,0,na,kvk,Eintala,,,,,,,,conditional entropy,0,,,,,,,,4806
skilyrt próf,0,na,hk,Eintala,,,,,,,,conditional test,0,,,,,,,,4807
"skilyrt samleitinn, skilorðssamleitinn",0,ls,kk,Eintala,,,,,,,,conditionally convergent,0,,,,,,,,4808
"skilyrt samleitni, skilorðsbundin samleitni",0,na,kvk,Eintala,,,,,,,,conditional convergence,0,,,,,,,,4809
skilyrt þéttleikafall,0,na,hk,Eintala,,,,,,,conditional density,conditional density function,0,,,,,,,,4810
skiptanlegur í þríhyrninga,0,ls,kk,Fleirtala,,,,,,,,(of a space) triangulable,0,,,,,,,,4816
skiptanleiki í þríhyrninga,0,na,kk,Eintala,,,,,,,,triangulability,0,,,,,,,,4817
skipta í þríhyrninga,0,sag,,,,,,,,,,triangulate,0,,,,,,,,4814
"skipta, hluta",0,sag,,,,,,,,,,partition,0,,,,,,,,4815
skiptihlutfall,0,na,hk,Eintala,,,,,,,,"affine ratio, division ratio",0,,,,,,,,4818
skipting,0,na,kvk,Eintala,,,,,,,,division,0,,,,,,,,4819
"skiptingarfall, hlutunarfall",0,na,hk,Eintala,,,,,,,,partition function,0,,,,,,,,4824
"skipting í tilfelli, skipting í tilvik",0,na,kvk,Eintala,,,,,,,,case division,0,,,,,,,,4820
"skipting, deildaskipting, flokkaskipting, hlutun",0,na,kvk,Eintala,,,,,,,,(of a set) partition,0,,,,,,,,4821
"skipting, hlutun",0,na,kvk,Eintala,,,,,,,,(of a number) partition,0,,,,,,,,4822
"skiptipunktur, hlutunarpunktur",0,na,kk,Eintala,,,,,,,,point of division,0,,,,,,,,4825
skipun,0,na,kvk,Eintala,,,,,,,,instruction,0,,,,,,,,4826
skífurit,0,na,hk,Eintala,,,,,,,,"circular chart, circular graph, pie chart, pie graph",0,,,,,,,,4775
"skorða, takmörkun",0,na,kvk,Eintala,,,,,,,"error bound, lower bound, upper bound, greatest lower bound, least upper bound",bound,0,,,,,,,,4828
skorðumynstur,0,na,hk,Eintala,,,,,,,,bornology,0,,,,,,,,4829
skorðun,0,na,kvk,Eintala,,,,,,,,boundedness,0,,,,,,,,4830
skorðurúm,0,na,hk,Eintala,,,,,,,,bornological space,0,,,,,,,,4831
skógur,0,na,kk,Eintala,,,,,,,,forest,0,,,,,,,,4827
skrá,0,na,kvk,Eintala,,,,,,,,file,0,,,,,,,,4833
skráarvinnsla,0,na,kvk,Eintala,,,,,,,,file processing,0,,,,,,,,4834
skref,0,na,hk,Eintala,,,,,,,,step,0,,,,,,,,4835
skrefabestun,0,na,kvk,Eintala,,,,,,,,"sequential optimization, sequential programming",0,,,,,,,,4836
"skrefaður, skrefa-",0,,,,,,,,,,,sequential,0,,,,,,,,4837
skrefagreining,0,na,kvk,Eintala,,,,,,,,sequential analysis,0,,,,,,,,4838
skrefamat,0,na,hk,Eintala,,,,,,,,sequential estimation,0,,,,,,,,4839
skrefapróf,0,na,hk,Eintala,,,,,,,,sequential test,0,,,,,,,,4840
skrúfflötur,0,na,kk,Eintala,,,,,,,,helicoid,0,,,,,,,,4841
"skrúflína, gormur",0,na,,Eintala,,,,,,,,"circular helix, cylindrical helix, helical curve, helix, screw, screw line",0,,,,,,,,4842
"skrúfuflutningur, skrúfuhreyfing",0,na,,Eintala,,,,,,,,"helical motion, helicoidal displacement, helicoidal motion, screw displacement, screw motion, screwing, screwing motion, spiralling",0,,,,,,,,4843
"skurðpunktur, sniðpunktur",0,na,kk,Eintala,<ref idTerm=4001>Punktur</ref> þar sem tvö <ref idTerm=3270>mengi</ref> <ref idTerm=4771>skerast</ref>.,Á eftirfarandi mynd skerast <ref idTerm=2911>línurnar</ref> \(l\) og \(m\) í punktinum \(A\): \n\n\begin{center}\n\includegraphics[width=150px]{myndir/skurdpunktur.png}\n\end{center},,,,,,point of intersection,0,,,,,,,,4845
skurður,0,na,kk,Eintala,,,,,,,,"parameter, pitch",0,,,,,,,,4846
"skúffuregla Dirichlets, skúffuregla",0,na,kvk,Eintala,,,,,,,,"box principle, Dirichlet's box principle, drawer principle of Dirichlet, pigeon-hole principle",0,,,,,,,,4844
skylt horn,0,na,hk,Eintala,,,,,,,,related angle,0,,,,,,,,4848
skyndiúrtak,0,na,hk,Eintala,,,,,,,,chunk sample,0,,,,,,,,4849
skýjakljúfsknippi,0,na,hk,Eintala,,,,,,,,sky-scraper sheaf,0,,,,,,,,4847
skýribreyta,0,na,kvk,Eintala,,,,,,,,"determining variable, predicated variable, regressor",0,,,,,,,,4850
skýringabreyta,0,na,kvk,Eintala,,,,,,,,"cause variable, explanatory variable",0,,,,,,,,4851
skýringarmynd,0,na,kvk,Eintala,,,,,,,,"diagram, graph",0,,,,,,,,4852
skæling,0,na,kvk,Eintala,,,,,,,,distortion,0,,,,,,,,4716
skælingarhlutfall,0,na,hk,Eintala,,,,,,,,distortion ratio,0,,,,,,,,4717
skælingarhorn,0,na,hk,Eintala,,,,,,,,distortion angle,0,,,,,,,,4718
skörun,0,na,kvk,Eintala,,,,,,,,"non-disjointness, overlapping",0,,,,,,,,4832
slakbreyta,0,na,kvk,Eintala,,,,,,,,slack variable,0,,,,,,,,4853
slanga,0,na,kvk,Eintala,,,,,,,,"(the symbol \~) tilde, wave",0,,,,,,,,4854
slanga,0,na,kvk,Eintala,,,,,,,,tube,0,,,,,,,,4855
slemba,0,sag,,,,,,,,,,randomize,0,,,,,,,,4856
slembdur,0,ls,kk,Eintala,,,,,,,,randomized,0,,,,,,,,4857
slembiáhrif,0,na,hk,Fleirtala,,,,,,,,random effect,0,,,,,,,,4859
slembibestun,0,na,kvk,Eintala,,,,,,,,"stochastic programming, stochastic optimization",0,,,,,,,,4860
slembidreifing,0,na,kvk,Eintala,,,,,,,,random distribution,0,,,,,,,,4861
slembiferli,0,na,hk,Eintala,,,,,,,process,stochastic process,0,,,,,,,,4862
slembiferli með óháðum viðbótum,0,na,hk,Eintala,,,,,,,,"additive process, stochastic process with independent increments",0,,,,,,,,4863
slembifræði,0,na,kvk,Eintala,,,,,,,"probability theory, theory of probability",stochastics,0,,,,,,,,4864
slembifylki,0,na,hk,Eintala,,,,,,,,stochastic matrix,0,,,,,,,,4865
"slembigangur, slembiganga",0,na,kk,Eintala,,,,,,,,random walk,0,,,,,,,,4866
"slembiheildi, slembitegur",0,na,hk,Eintala,,,,,,,,stochastic integral,0,,,,,,,,4867
slembileikur,0,na,kk,Eintala,,,,,,,,stochastic game,0,,,,,,,,4868
"slembilíkan, líkindalíkan",0,na,hk,Eintala,,,,,,,,"probability model, stochastic model",0,,,,,,,,4869
slembing,0,na,kvk,Eintala,,,,,,,,randomization,0,,,,,,,,4870
"slembingur, slembileiki",0,na,kk,Eintala,,,,,,,,randomness,0,,,,,,,,4871
"slembióháður, óháður",0,ls,kk,Eintala,,,,,,,,statistically independent,0,,,,,,,,4872
"slembióhæði, óhæði",0,na,hk,Eintala,,,,,,,,statistical independence,0,,,,,,,,4873
slembiruna,0,na,kvk,Eintala,,,,,,,,"random sequence, stochastic sequence",0,,,,,,,,4874
slembiskekkja,0,na,kvk,Eintala,,,,,,,,random error,0,,,,,,,,4875
slembistak,0,na,hk,Eintala,,,,,,,,"random element, random object",0,,,,,,,,4876
slembistund,0,na,kvk,Eintala,,,,,,,,random time,0,,,,,,,,4877
slembitala,0,na,kvk,Eintala,,,,,,,,random number,0,,,,,,,,4878
slembitalnatafla,0,na,kvk,Eintala,,,,,,,,table of random numbers,0,,,,,,,,4879
slembiúrtak,0,na,hk,Eintala,,,,,,,,random sample,0,,,,,,,,4880
slembiúrtaka,0,na,kvk,Eintala,,,,,,,,random sampling,0,,,,,,,,4881
"slembi-, slembinn, tilviljanakenndur",0,,,,,,,,,,at random,"random, stochastic",0,,,,,,,,4858
sleppa,0,sag,,,,,,,,,,neglect,0,,,,,,,,4882
sleppa,0,sag,,,,,,,,,,omit,0,,,,,,,,4883
sléttanlegur,0,ls,kk,Eintala,,,,,,,,developable,0,,,,,,,,4885
sléttanlegur flötur,0,na,kk,Eintala,,,,,,,,"developable surface, torse",0,,,,,,,,4886
"slétta, sléttur flötur, plan",0,na,,Eintala,,,,,,,"affine plane, Argand plane, bisecting plane, bundle of planes, cartesian plane, characteristic plane, closed complex plane, complex number plane, complex plane, complex projective plane, contact plane, coordinate plane, Desarguesian plane, dual projective plane, euclidean plane, extended complex plane, finite plane, first principal plane, Gauss number plane, Gaussian plane, half-plane, hyperbolic plane, hyperplane, ideal plane, inversive plane, median plane, meridian plane, middle plane, midplane, Möbius plane, normal plane, number plane, ordered affine plane, ordered projective plane, oriented plane, osculating plane, parabolic plane, partial plane, pencil of planes, perpendicular plane, projective plane, punctured complex plane, radical plane, real number plane, real plane, real projective plane, rectifying plane, sheaf of planes, supporting plane, tangent plane, tangential plane",plane,0,,,,,,,,4884
"sléttuferill, ferill í sléttu",0,na,kk,Eintala,,,,,,,,plane curve,0,,,,,,,,4888
sléttuhnit,0,na,hk,Fleirtala,,,,,,,,plane coordinates,0,,,,,,,,4889
sléttuhornafræði,0,na,kvk,Eintala,,,,,,,,plane trigonometry,0,,,,,,,,4890
"sléttumynd, flatarmynd",0,na,kvk,Eintala,,,,,,,"figure, geometric figure","plane geometric figure, plane figure",0,,,,,,,,4891
sléttunet,0,na,hk,Eintala,,,,,,,planar graph,plane graph,0,,,,,,,,4892
"slétturúmfræði, flatarmyndafræði",0,na,kvk,Eintala,,,,,,,,plane geometry,0,,,,,,,,4893
sléttuskiki,0,na,kk,Eintala,,,,,,,,plane surface patch,0,,,,,,,,4894
sléttusnið,0,na,hk,Eintala,,,,,,,,plane section,0,,,,,,,,4895
sléttustæða,0,na,kvk,Eintala,,,,,,,,plane configuration,0,,,,,,,,4896
sléttuþríbaugur,0,na,kk,Eintala,,,,,,,,planar ternary ring,0,,,,,,,,4897
sléttu-,0,pref,,,,,,,,,,planar,0,,,,,,,,4887
slönguferill,0,na,kk,Eintala,,,,,,,,serpentine,0,,,,,,,,4898
slöngugrennd,0,na,kvk,Eintala,,,,,,,,tubular neighbourhood,0,,,,,,,,4899
smáhringur,0,na,kk,Eintala,,,,,,,great circle,small circle,0,,,,,,,,4900
"smárahnútur, einfaldur hnútur",0,na,kk,Eintala,,,,,,,,trefoil knot,0,,,,,,,,4901
smituð dreifing,0,na,kvk,Eintala,,,,,,,,contagious distribution,0,,,,,,,,4902
snara,0,na,kvk,Eintala,,,,,,,,"(in graph theory) loop, self loop",0,,,,,,,,4903
"sneið, kúlusneið, kúlukollur",0,na,,Eintala,,,,,,,,"(spherical, of one base) segment, spherical segment, spherical segment of one base",0,,,,,,,,4904
snemmtekinn,0,ls,kk,Eintala,,,,,,,cofinal,(of an ordered set) coinitial,0,,,,,,,,4905
"snertibundin, snertlabundin",0,na,,Eintala,,,,,,,,tangent bundle,0,,,,,,,,4907
snertiferill,0,na,kk,Eintala,,,,,,,,tangential curve,0,,,,,,,,4908
snertihringur,0,na,kk,Eintala,,,,,,,,circle of contact,0,,,,,,,,4909
"snertihvel, snertikúla",0,na,,Eintala,,,,,,,,sphere of contact,0,,,,,,,,4910
"snertikeila, snertlakeila",0,na,kvk,Eintala,,,,,,,,tangent cone,0,,,,,,,,4911
"snertill, snertilína",0,na,,Eintala,<ref idTerm=2911>Lína</ref> sem liggur gegnum nákvæmlega einn <ref idTerm=4001>punkt</ref> á <ref idTerm=2295>hring</ref>.,Á eftirfarandi mynd má sjá hring með miðju \(M\) og snertil sem liggur í gegnum punktinn \(C\):\n\n\begin{center}\n\includegraphics[width=150px]{myndir/snidill_snertill.png}\n\end{center},,,,,tangent vector,"tangent, tangent line",0,,,,,,,,4912
snerting,0,na,kvk,Eintala,,,,,,,,"contact, tangency",0,,,,,,,,4913
snertingarslétta,0,na,kvk,Eintala,,,,,,,,contact plane,0,,,,,,,,4914
snertipunktur,0,na,kk,Eintala,,,,,,,,"point of tangency, point of contact",0,,,,,,,,4915
"snertirúm, snertlarúm",0,na,hk,Eintala,,,,,,,,"tangent space, tangent vector space",0,,,,,,,,4916
snertislétta,0,na,kvk,Eintala,,,,,,,,"tangent plane, tangential plane",0,,,,,,,,4917
snertistig,0,na,hk,Eintala,,,,,,,,order of contact,0,,,,,,,,4918
snertistrengur,0,na,kk,Eintala,,,,,,,,chord of contact,0,,,,,,,,4919
"snertivigur, snertill",0,na,kk,Eintala,,,,,,,tangent,"tangent vector, tangential vector",0,,,,,,,,4920
"snertiþáttur, snertiliður",0,na,kk,Eintala,,,,,,,,tangential component,0,,,,,,,,4921
"snerti-, snertil-",0,pref,,,,,,,,,,tangential,0,,,,,,,,4906
snertlahorn,0,na,hk,Eintala,,,,,,,,escribed angle,0,,,,,,,,4922
snertlasvið,0,na,hk,Eintala,,,,,,,,"field of tangents, tangent field",0,,,,,,,,4923
snertlasvið,0,na,hk,Eintala,,,,,,,,tangent vector field,0,,,,,,,,4924
snið,0,na,hk,Eintala,,,,,,,section,cut,0,,,,,,,,4925
snið,0,na,hk,Eintala,,,,,,,"cross section, cut",section,0,,,,,,,,4926
sniðill,0,na,kk,Eintala,<ref idTerm=2911>Lína</ref> sem sker <ref idTerm=2295>hring</ref> í tveimur ólíkum <ref idTerm=4001>punktum</ref>.,Á eftirfarandi mynd má sjá hring með miðju \(M\) og sniðil sem liggur í gegnum punktana \(A\) og \(B\):\n\n\begin{center}\n\includegraphics[width=150px]{myndir/snidill_snertill.png}\n\end{center}\n\nEkki skal rugla saman sniðli og <ref idTerm=5261>streng</ref> en munurinn er sá að sniðill er lína og strengur er <ref idTerm=2958>línustrik</ref>. Sérhver strengur hrings er innihaldinn í sniðli.,,,,,,"secant, secant line",0,,,,,,,,4929
"sniðkrappi, sniðsveigja, Riemann-krappi, Riemann-sveigja",0,na,,Eintala,,,,,,,,"Riemannian curvature, sectional curvature",0,,,,,,,,4930
"sniðlína, skurðlína",0,na,kvk,Eintala,,,,,,,,line of intersection,0,,,,,,,,4931
sniðmargfeldni,0,na,kvk,Eintala,,,,,,,,intersection multiplicity,0,,,,,,,,4932
"sniðmengismerki, sniðmengistákn",0,na,hk,Eintala,,,,,,,,sign of intersection,0,,,,,,,,4933
"sniðstak, mót",0,na,hk,Eintala,,,,,,,"greatest lower bound, infimum, join",(in a lattice) meet,0,,,,,,,,4934
"snið, mót",0,na,hk,Eintala,,,,,,,propositional form,(in logic) form,0,,,,,,,,4927
"snið, sniðmengi, skurðmengi, skarmengi",0,na,hk,Eintala,\textit{Sniðmengi} tveggja <ref idTerm=3270>mengja</ref> \(A\) og \(B\) er mengi þeirra <ref idTerm=5128>staka</ref> sem eru í báðum þeirra. Þetta mengi er táknað með \(A \cap B\) (lesið: \(A\) snið \(B\)) og það má rita á forminu \[ A \cap B = \{x \mid x \in A \text{ og } x \in B\}. \],"Á <ref idTerm=6050>Venn-myndinni</ref> hér að neðan er \(A \cap B\) litað rautt. Til að einfalda rithátt er sniðmengi \(n\) mengja \(A_1 \cap A_2 \cap \cdots \cap A_n\) oft ritað á forminu \(\bigcap_{i=1}^n A_i\).\n\n\begin{center}\n\includegraphics[width=150px]{myndir/snid.png}\n\end{center}\n\nSniðmengi eru <ref idTerm=5472>tengin</ref> og <ref idTerm=6228>víxlin</ref>, þ.e. fyrir öll mengi \(A\), \(B\) og \(C\) gildir að \[ (A \cap B) \cap C = A \cap (B \cap C) \quad \text{og} \quad A \cap B = B \cap A. \] Jafnframt eru sniðmengi <ref idTerm=722>dreifin</ref> yfir <ref idTerm=4464>sammengi</ref>, þ.e. fyrir öll mengi \(A\), \(B\) og \(C\) gildir að \[ A \cap (B \cup C) = (A \cap B) \cup (A \cap C) \quad \text{og} \quad (B \cup C) \cap A = (B \cap A) \cup (C \cap A). \] Loks gildir fyrir öll mengi \(A\) að \(A \cap \varnothing = \varnothing\) og \(A \cap A = A\).",,,,,point of intersection,"intersection, meet",0,,,,,,,,4928
"snigill, snigilferill, snigillína",0,na,,Eintala,,,,,,,,limaçon,0,,,,,,,,4935
snúðflötur,0,na,kk,Eintala,,,,,,,,surface of revolution,0,,,,,,,,4936
snúðhjólflötur,0,na,kk,Eintala,,,,,,,torus,circular torus,0,,,,,,,,4937
snúðkeila,0,na,kvk,Eintala,,,,,,,circular cone,cone of revolution,0,,,,,,,,4938
"keila, snúðkeila, hringkeila",0,na,kvk,Eintala,<ref idTerm=6532>Rúmmynd</ref> sem afmarkast af <ref idTerm=6589>hringskífu</ref> og <ref idTerm=2579>fletinum</ref> sem fæst með því að draga <ref idTerm=2958>línustrik</ref> milli <ref idTerm=4001>punkta</ref> <ref idTerm=2295>hringsins</ref> sem skífan afmarkast af og eins punkts sem liggur á <ref idTerm=2911>línu</ref> sem er <ref idTerm=6469>hornrétt</ref> á skífuna og fer í gegnum miðju hennar.,Einnig er hægt að smíða keila með því að snúa <ref idTerm=4173>rétthyrndum þríhyrningi</ref> heilan hring um aðra af <ref idTerm=4725>skammhliðum</ref> sínum. <ref idTerm=2860>Lengd</ref> skammhliðarinnar sem þríhyrningnum var snúið um kallast þá \textit{hæð} keilunnar og lengd hinnar skammhliðarinnar kallast \textit{geisli} hennar. Sveigði flöturinn sem <ref idTerm=2789>langhliðin</ref> myndar kallast \textit{möttull} keilunnar. Hæð keilu er oft táknuð með bókstafnum \(h\) og geisli hennar með bókstafnum \(r\). Eftirfarandi er mynd af keilu:\n\n\begin{center}\n\includegraphics[width=150px]{myndir/keila.png}\n\end{center},,,,,"cone of revolution, right circular cone",circular cone,0,,,,,,,,4939
"snúðkeiluflötur, hringkeiluflötur",0,na,kk,Eintala,,,,,,,,circular conical surface,0,,,,,,,,4940
"snúðsívalningsflötur, hringsívalningsflötur",0,na,kk,Eintala,,,,,,,,circular cylindrical surface,0,,,,,,,,4941
"snúðsívalningur, hringsívalningur",0,na,kk,Eintala,,,,,,,right circular cylinder,circular cylinder,0,,,,,,,,4942
"snúðsívalningur, hringsívalningur",0,na,kk,Eintala,,,,,,,,cylinder of revolution,0,,,,,,,,4943
"snúður, snúðþykkvi",0,na,kk,Eintala,,,,,,,,"body of revolution, body of rotation, revolution solid, solid of revolution, solid of rotation",0,,,,,,,,4944
snúningagrúpa,0,na,kvk,Eintala,,,,,,,,group of rotations,0,,,,,,,,4945
"snúningsás, möndull",0,na,kk,Eintala,,,,,,,axis,"axis of revolution, axis of rotation, rotational axis",0,,,,,,,,4946
snúningshorn,0,na,hk,Eintala,,,,,,,,rotation angle,0,,,,,,,,4947
snúningsóbreyta,0,na,kvk,Eintala,,,,,,,,rotation invariant,0,,,,,,,,4948
snúningsóbreyttur,0,ls,kk,Eintala,,,,,,,,rotation invariant,0,,,,,,,,4949
"snúningssamhverfni, snúsamhverfni",0,na,kvk,Eintala,,,,,,,,rotational symmetry,0,,,,,,,,4950
"snúningssamhverfur, snúsamhverfur",0,ls,kk,Eintala,,,,,,,,rotationally symmetric,0,,,,,,,,4951
"snúningsskaut, snúningspóll, snúningsmiðja",0,na,,Eintala,,,,,,,,pole of rotation,0,,,,,,,,4952
snúningur,0,na,kk,Eintala,,,,,,,,revolution,0,,,,,,,,4953
snúningur,0,na,kk,Eintala,"Ef \(\rho\) er <ref idTerm=5779>færsla</ref> á tiltekinni <ref idTerm=4884>sléttu</ref> og \(M\) er <ref idTerm=4001>punktur</ref> í sléttunni þá kallast \(\rho\) \textit{snúningur með miðju í punktinum \(M} ef hún hefur eftirfarandi eiginleika:\n\n\begin{enumerate}\n\item punktarnir \)A\( og \)\rho(A)\( eru í sömu <ref idTerm=1204>fjarlægð</ref> frá \)M\( fyrir alla punkta \)A\( í sléttunni,\n\n\item <ref idTerm=2198>hornin</ref> \)\angle AM\rho(A)\( eru jafn stór fyrir alla punkta \)A\neq M$.\n\end{enumerate}",,,,,,orientation-preserving isometry,rotation,0,,,,,,,,4954
snústríkkun,0,na,kvk,Eintala,,,,,,,,rotation-stretching,0,,,,,,,,4955
"snyrta, jafna",0,sag,,,,,,,,,"round down, round off, round up",round,0,,,,,,,,4956
"snyrting, jöfnun",0,na,kvk,Eintala,,,,,,,,"rounding, rounding off",0,,,,,,,,4957
"snyrtiskekkja, jöfnunarskekkja",0,na,kvk,Eintala,,,,,,,,"rounding error, round-off error",0,,,,,,,,4958
sólsproti,0,na,kk,Eintala,,,,,,,,gnomon,0,,,,,,,,4962
sóphorn,0,na,hk,Eintala,,,,,,,,described angle,0,,,,,,,,4965
spanna,0,sag,,,,,,,,,,generate,0,,,,,,,,4969
spanna,0,sag,,,,,,,,,,subtend,0,,,,,,,,4970
spannandi hlutnet,0,na,hk,Eintala,,,,,,,,spanning subgraph,0,,,,,,,,4972
"spannandi skógur, spannskógur",0,na,kk,Eintala,,,,,,,,spanning forest,0,,,,,,,,4973
"spannandi tré, spanntré, hátré",0,na,hk,Eintala,,,,,,,,"maximal tree, scaffolding, skeleton, spanning tree",0,,,,,,,,4974
spannandi vensl,0,na,hk,Fleirtala,,,,,,,,generating relations,0,,,,,,,,4975
spannarmiðja,0,na,kvk,Eintala,,,,,,,,mid-range,0,,,,,,,,4976
"spanna, framleiða",0,sag,,,,,,,,,,span,0,,,,,,,,4971
"spannfjölskylda, spannandi fjölskylda",0,na,kvk,Eintala,,,,,,,generating set,"family of generators, generating family, system of generators",0,,,,,,,,4977
"spannmengi (íðals), íðalspannmengi, framleiðandi mengi, spannandi mengi",0,na,hk,Eintala,,,,,,,set of generators,"(of an ideal) base, basis, ideal base, ideal basis",0,,,,,,,,4979
"spannmengi, íðalspannmengi, framleiðandi mengi, spannandi mengi",0,na,,Eintala,,,,,,,set of generators,"(of an ideal) basis, base, ideal base, ideal basis",0,,,,,,,,6660
spáfræði,0,na,kvk,Eintala,,,,,,,,prediction theory,0,,,,,,,,4967
"spágildi, reiknað gildi",0,na,hk,Eintala,,,,,,,,predicted value,0,,,,,,,,4968
spáskekkja,0,na,kvk,Eintala,,,,,,,,prediction error,0,,,,,,,,4980
"spá, forsögn",0,na,kvk,Eintala,,,,,,,,"forecasting, prediction",0,,,,,,,,4966
spegilmynd,0,na,kvk,Eintala,,,,,,,,"mirror image, reflected image",0,,,,,,,,4981
"spegilsamhvarf, spegilsamhverfni, sléttusamhverfni, tvíhvarf, tvíhverfni, tvíhliða samhvarf, tvíhliða samhverfni",0,na,,Eintala,,,,,,,,bilateral symmetry,0,,,,,,,,4982
spegilsamhverfur,0,na,kk,Eintala,,,,,,,,bilaterally symmetric,0,,,,,,,,4983
"spegilsamsniða, óeiginlega samsniða",0,ls,,,,,,,,,"congruent, directly congruent","inversely congruent, oppositely congruent",0,,,,,,,,4984
spegiltala,0,na,kvk,Eintala,,,,,,,,palindromic number,0,,,,,,,,4985
speglun,0,na,kvk,Eintala,"Látum \(\sigma\) vera <ref idTerm=5779>færslu</ref> á tiltekinni <ref idTerm=4884>sléttu</ref> og \(l\) vera <ref idTerm=2911>línu</ref> í sléttunni. Ef línan \(l\) er <ref idTerm=3328>miðþverill</ref> <ref idTerm=2958>striksins</ref> \(A\sigma(A)\) fyrir alla <ref idTerm=4001>punkta</ref> \(A\) í sléttunni sem ekki eru á línunni \(l\), þá er \(\sigma\) \textit{speglun} um línuna \(l\). Línan \(l\) kallast þá \textit{spegillína} speglunarinnar og punkturinn \(\sigma(A)\) kallast \textit{spegilmynd} \(A\).","Eins og aðrar færslur, þá varðveita línuspeglanir <ref idTerm=4509>samsíða</ref> línur. Ef samsíða línum er speglað um einhverja línu, þá eru spegilmyndir þeirra líka samsíða. Línuspeglanir hafa marga aðra <ref idTerm=803>eiginleika</ref>, en fjórir þeirra eru sérstaklega mikilvægir:\n\n\begin{enumerate}\n    \item Línuspeglanir varðveita <ref idTerm=2860>lengdir</ref> allra strika og eru því <ref idTerm=1328>flutningar</ref>\n    \item Línuspeglun heldur sérhverjum punkti á spegillínunni kyrrum\n    \item Flutningur sem heldur tveimur ólíkum punktum kyrrum er annaðhvort hlutlausa færslan eða speglun um línuna í gegnum kyrrapunktana\n    \item <ref idTerm=4518>Samskeyting</ref> tveggja línuspeglana er snúningur\n\end{enumerate}",,,,,,reflection,0,,,,,,,,4986
"speglunarsetning, speglunarlögmál",0,na,,Eintala,,,,,,,,"principle of reflection, reflection principle, symmetry principle",0,,,,,,,,4987
spenna,0,na,kvk,Eintala,,,,,,,,stress,0,,,,,,,,4988
spennuþinur,0,na,kk,Eintala,,,,,,,,stress tensor,0,,,,,,,,4989
"spilfræði, spilafræði, leikjafræði, keppnisfræði",0,na,kvk,Eintala,,,,,,,,"game theory, theory of games",0,,,,,,,,4991
"spil, leikur, keppni",0,na,,Eintala,,,,,,,,game,0,,,,,,,,4990
spinalgebra,0,na,kvk,Eintala,,,,,,,,spinor algebra,0,,,,,,,,4992
"spingreining, spinagreining",0,na,kvk,Eintala,,,,,,,,spinor analysis,0,,,,,,,,4993
spingrúpa,0,na,kvk,Eintala,,,,,,,,spinor group,0,,,,,,,,4994
"spinsvið, spinasvið",0,na,hk,Eintala,,,,,,,,spinor field,0,,,,,,,,4995
"spinur, spunaþinur",0,na,kk,Eintala,,,,,,,,spinor,0,,,,,,,,4996
splæsifall,0,na,hk,Eintala,,,,,,,,spline function,0,,,,,,,,4997
spor,0,na,hk,Eintala,,,,,,,,"spur, trace",0,,,,,,,,5000
sporbaugsfari,0,na,kk,Eintala,,,,,,,,ellipsograph,0,,,,,,,,5001
sporbaugur,0,na,kk,Eintala,"<ref idTerm=3270>Mengi</ref> allra <ref idTerm=4001>punkta</ref> \((x,y)\) í <ref idTerm=4884>sléttu</ref> sem uppfylla <ref idTerm=2478>jöfnu</ref> af taginu \n\n\[ \left(\frac{x}{a}\right)^2 + \left(\frac{y}{b}\right)^2 = 1\]\n\nfyrir að \(a,b > 0\). Punktarnir \((a,0)\), \((0,b)\), \((-a,0)\) og \((0,-b)\) uppfylla jöfnuna að ofan og ef \(b > a\) kallast <ref idTerm=2958>línustrikið</ref> frá \((0,-b)\) til \((0,b)\) \textit{langás} og línustrikið frá \((-a,0)\) til \((a,0)\) \textit{skammás}",Önnur leið til þess að skilgreina sporbaug er sem mengi punkta í sléttu þannig að summa <ref idTerm=1204>fjarlægða</ref> þeirra frá tveim föstum punktum sé fasti. Punktarnir tveir kallast \textit{brennipunktar},,,,,,ellipse,0,,,,,,,,5002
sporger,0,ls,,Eintala,,,,,,,,"elliptic, elliptical",0,,,,,,,,5003
sporgerð,0,na,kvk,Eintala,,,,,,,ellipticity,elliptic type,0,,,,,,,,5011
sporgerð,0,na,kvk,Eintala,,,,,,,elliptic type,ellipticity,0,,,,,,,,5012
sporgert fall,0,na,hk,Eintala,,,,,,,,elliptic function,0,,,,,,,,5013
sporgert fall Jacobis,0,na,hk,Eintala,,,,,,,,Jacobian elliptic function,0,,,,,,,,5014
"sporgert heildi, sporgert tegur",0,na,hk,Eintala,,,,,,,,elliptic integral,0,,,,,,,,5015
sporger ferill,0,na,kk,Eintala,,,,,,,,elliptic curve,0,,,,,,,,5004
sporger fleygbogaflötur,0,na,kk,Eintala,,,,,,,,elliptic paraboloid,0,,,,,,,,5005
sporger hlutafleiðujafna,0,na,kvk,Eintala,,,,,,,,elliptic partial differential equation,0,,,,,,,,5006
"sporger hreyfing, hreyfing á sporbaug",0,na,kvk,Eintala,,,,,,,,elliptic motion,0,,,,,,,,5007
sporger rúmfræði,0,na,kvk,Eintala,"<ref idTerm=4271>Rúmfræði</ref> sem byggir á fyrstu fjórum <ref idTerm=1452>frumsendum</ref> <ref idTerm=1030>evklíðskar rúmfræði</ref> en í staðinn fyrir fimmtu frumsenduna er gert ráð fyrir eftirfarandi frumsendu:\n\n``Fyrir gefna <ref idTerm=2911>línu</ref> og gefinn <ref idTerm=4001>punkt</ref>,\nsem ekki er á línunni gildir að allar línur sem fara í gegnum punktinn <ref idTerm=4771>skera</ref> línuna''.",Í þessari rúmfræði skerast tvær línur ávallt og <ref idTerm=2225>hornasumma</ref> <ref idTerm=6438>þríhyrnings</ref> er stærri en 180 <ref idTerm=1667>gráður</ref>.,,,,,,"elliptic geometry, Riemannian geometry",0,,,,,,,,5008
"sporger sjálfmótun, sporger færsla",0,na,kvk,Eintala,,,,,,,,"elliptic automorphism, elliptic transformation",0,,,,,,,,5009
sporger virki,0,na,kk,Eintala,,,,,,,,elliptic operator,0,,,,,,,,5010
sporlína,0,na,kvk,Eintala,,,,,,,,trace line,0,,,,,,,,5016
sporvala,0,na,kvk,Eintala,,,,,,,spheroid,ellipsoid,0,,,,,,,,5017
"sporvöluflötur, sporbaugsflötur",0,na,kk,Eintala,,,,,,,,ellipsoid,0,,,,,,,,5018
sporvöluhnit,0,na,hk,Fleirtala,,,,,,,,ellipsoidal coordinates,0,,,,,,,,5019
sporvölusnúðflötur,0,na,kk,Eintala,,,,,,,,ellipsoid of revolution,0,,,,,,,,5020
sporvölusnúður,0,na,kk,Eintala,,,,,,,,ellipsoid of revolution,0,,,,,,,,5021
spunabundin,0,na,,Eintala,,,,,,,,spin bundle,0,,,,,,,,5022
spunaferill,0,na,kk,Eintala,,,,,,,,"clothoid, Cornu spiral",0,,,,,,,,5023
spunafylki,0,na,hk,Eintala,,,,,,,,spin matrix,0,,,,,,,,5024
spunagrúpa,0,na,kvk,Eintala,,,,,,,,spin group,0,,,,,,,,5025
spunaútsetning,0,na,kvk,Eintala,,,,,,,,spin representation,0,,,,,,,,5026
spuni,0,na,kk,Eintala,,,,,,,,spin,0,,,,,,,,5027
spyrðing,0,na,kvk,Eintala,,,,,,,,matching,0,,,,,,,,5028
spyrðingarsetning,0,na,kvk,Eintala,,,,,,,,matching theorem,0,,,,,,,,5030
spyrðing af hámarksstærð,0,na,kvk,Eintala,,,,,,,,maximum matching,0,,,,,,,,5029
spyrður,0,na,kvk,Fleirtala,,,,,,,,matched pairs,0,,,,,,,,5031
spyrtur hnútur,0,na,kk,Eintala,,,,,,,,(by a matching) saturated vertex,0,,,,,,,,5032
spönn,0,na,kvk,Eintala,,,,,,,,"(of a sample) range, range of variation",0,,,,,,,,4998
spönnuður,0,na,kk,Eintala,,,,,,,,generator,0,,,,,,,,4999
staða,0,na,kvk,Eintala,,,,,,,,position,0,,,,,,,,5034
staðalfrávik,0,na,hk,Eintala,,,,,,,,standard deviation,0,,,,,,,,5038
staðalfrávik úrtaks,0,na,hk,Eintala,,,,,,,,"fluctuation, standard deviation",0,,,,,,,,5039
staðalgebra,0,na,kvk,Eintala,,,,,,,,local algebra,0,,,,,,,,5040
"staðalgerð, normleg gerð, staðalframsetning, normleg framsetning",0,na,kvk,Eintala,,,,,,,Jordan form,normal form,0,,,,,,,,5041
staðalgrannmynstur,0,na,hk,Eintala,,,,,,,"metric topology, strong topology",norm topology,0,,,,,,,,5042
staðalgrannmynstur,0,na,hk,Eintala,,,,,,,norm topology,uniform topology,0,,,,,,,,5043
staðaljafna,0,na,kvk,Eintala,,,,,,,,"normal equation, standard equation",0,,,,,,,,5044
"staðall, lengd",0,na,,Eintala,,,,,,,"absolute value, valuation",norm,0,,,,,,,,5045
staðalrækinn,0,ls,kk,Eintala,,,,,,,,norm-preserving,0,,,,,,,,5046
staðalsamleitinn,0,ls,kk,Eintala,,,,,,,"absolutely convergent, normal convergence",normally convergent,0,,,,,,,,5047
staðalsamleitni,0,na,kvk,Eintala,,,,,,,,convergence in norm,0,,,,,,,,5048
staðalsamleitni,0,na,kvk,Eintala,,,,,,,absolute convergence,normal convergence,0,,,,,,,,5049
staðalskekkja,0,na,kvk,Eintala,,,,,,,mean square error,"root-mean-square error, standard error",0,,,,,,,,5050
staðalskekkja meðaltals,0,na,kvk,Eintala,,,,,,,,standard error of the mean,0,,,,,,,,5051
staðalþverlægni,0,na,kvk,Eintala,,,,,,,,orthonormality,0,,,,,,,,5052
staðal-,0,pref,,,,,,,,,,normal,0,,,,,,,,5036
staðal-,0,pref,,,,,,,,,,standard,0,,,,,,,,5037
staðarfall,0,na,hk,Eintala,,,,,,,,position function,0,,,,,,,,5053
"staðarvigur, stöðuvigur",0,na,kk,Eintala,,,,,,,,"position vector, radius vector",0,,,,,,,,5054
staðaugljós,0,ls,,,,,,,,,trivial,locally trivial,0,,,,,,,,5055
"staða, stelling",0,na,kvk,Eintala,,,,,,,,(in mechanics) configuration,0,,,,,,,,5035
staðbaugað rúm,0,na,hk,Eintala,,,,,,,,locally ringed space,0,,,,,,,,5056
staðbaugur,0,na,kk,Eintala,,,,,,,,local ring,0,,,,,,,,5057
staðbinda,0,sag,,,,,,,,,,localize,0,,,,,,,,5058
staðbinding,0,na,kvk,Eintala,,,,,,,,localization,0,,,,,,,,5059
"staðbundið hágildi, hágildi",0,na,hk,Eintala,,,,,,,,"local maximum, maximum, maximum in the small, relative maximum",0,,,,,,,,5060
"staðbundið lággildi, lággildi",0,na,hk,Eintala,,,,,,,,"local minimum, minimum, minimum in the small, relative minimum",0,,,,,,,,5061
staðbundið útgildi,0,na,hk,Eintala,,,,,,,,"extremum in the small, local extremum, relative extremum",0,,,,,,,,5062
staðbundinn eiginleiki,0,na,kk,Eintala,,,,,,,,local property,0,,,,,,,,5064
"staðbundinn, stað-",0,,,,,,,,,,,local,0,,,,,,,,5065
"staðbundin Lie-grúpa, Lie-grúpukím",0,na,kvk,Eintala,,,,,,,,local Lie group,0,,,,,,,,5063
staðendanlega spannaður,0,ls,kk,Eintala,,,,,,,,locally finitely generated,0,,,,,,,,5066
staðendanlegur,0,ls,kk,Eintala,,,,,,,,locally finite,0,,,,,,,,5067
staðfastur,0,ls,kk,Eintala,,,,,,,,locally constant,0,,,,,,,,5068
staðfrjáls,0,ls,,Eintala,,,,,,,,locally free,0,,,,,,,,5069
staðgengill,0,na,kk,Eintala,,,,,,,,substituend,0,,,,,,,,5070
staðgrannmóta,0,ls,,,,,,,,,,locally homeomorphic,0,,,,,,,,5071
"staðhnitakerfi, staðhnit, kort",0,na,hk,Eintala,,,,,,,local coordinate,"chart, coordinate patch, local coordinate system",0,,,,,,,,5074
"staðhnit, staðhnitafall",0,na,hk,Eintala,,,,,,,local coordinate system,local coordinate,0,,,,,,,,5073
staðhæfing,0,na,kvk,Eintala,,,,,,,"statement, proposition, sentence",assertion,0,,,,,,,,5072
staðkúptur,0,ls,kk,Eintala,,,,,,,,locally convex,0,,,,,,,,5075
staðla,0,sag,,,,,,,,,,normalize,0,,,,,,,,5076
staðlaður,0,ls,kk,Eintala,,,,,,,,"(of a polynomial) monic, normed",0,,,,,,,,5078
staðlaður,0,ls,kk,Eintala,,,,,,,,normalized,0,,,,,,,,5079
staðlaður,0,ls,kk,Eintala,,,,,,,,(of a space) normed,0,,,,,,,,5080
staðlaður grunnur,0,na,kk,Eintala,,,,,,,,normalized basis,0,,,,,,,,5081
"staðlað línulegt rúm, staðlað vigurrúm, staðlað vektorrúm",0,na,hk,Eintala,,,,,,,,"normed linear space, normed space, normed vector space",0,,,,,,,,5077
staðlanlegur,0,ls,kk,Eintala,,,,,,,,normable,0,,,,,,,,5082
staðlanlegur,0,ls,kk,Eintala,,,,,,,,normalizable,0,,,,,,,,5083
"staðlítill, staðsmár",0,ls,kk,Eintala,,,,,,,,locally small,0,,,,,,,,5084
staðlokaður,0,ls,kk,Eintala,,,,,,,,locally closed,0,,,,,,,,5085
"staðsamanhangandi, staðsamhangandi",0,ls,,,,,,,,,,locally connected,0,,,,,,,,5086
"staðstiki, staðbundinn stiki",0,na,kk,Eintala,,,,,,,local coordinate,"local parameter, uniformizing parameter",0,,,,,,,,5087
"staðstikun, staðbundin einstikun",0,na,kvk,Eintala,,,,,,,,local uniformization,0,,,,,,,,5088
"staðsvið, staðkroppur",0,na,,Eintala,,,,,,,,local field,0,,,,,,,,5089
"staðtakmarkaður, staðskorðaður",0,ls,kk,Eintala,,,,,,,,locally bounded,0,,,,,,,,5090
"staðtala, lýsitala",0,na,kvk,Eintala,,,,,,,,statistic,0,,,,,,,,5091
staður,0,na,kk,Eintala,,,,,,,,(of a field) place,0,,,,,,,,5092
"staðvegsamanhangandi, staðvegsamhangandi",0,ls,,,,,,,,,,locally path-connected,0,,,,,,,,5093
staðþjappaður,0,ls,kk,Eintala,,,,,,,,locally compact,0,,,,,,,,5094
"staðþjappleiki, staðþjöppun",0,na,,Eintala,,,,,,,,local compactness,0,,,,,,,,5095
stað-,0,pref,,,,,,,,,small,locally,0,,,,,,,,5033
"stafrófsröð, stafrófsröðun",0,na,kvk,Eintala,,,,,,,,"alphabetical order, dictionary order, lexicographic order, lexicographical order",0,,,,,,,,5124
stafrænn,0,ls,kk,Eintala,,,,,,,,digital,0,,,,,,,,5123
stafræn tölva,0,na,kvk,Eintala,,,,,,,,digital computer,0,,,,,,,,5122
"stafur, bókstafur, tákn",0,na,,Eintala,,,,,,,,character,0,,,,,,,,5125
stakbreyta,0,na,kvk,Eintala,,,,,,,,"individual variable, object variable",0,,,,,,,,5130
"stak fylkis, stuðull fylkis",0,na,hk,Eintala,,,,,,,,matrix element,0,,,,,,,,5126
stak utan hornalínu,0,na,hk,Eintala,,,,,,,,"non-diagonal element, off-diagonal element",0,,,,,,,,5127
"stak, íbúi",0,na,,Eintala,,,,,,,,"(of a set) element, member",0,,,,,,,,5128
"stak, stuðull",0,na,,Eintala,,,,,,,,"(of a matrix or determinant) coefficient, element, entry",0,,,,,,,,5129
"stallagerð, þrepagerð, þrepaskipan",0,na,,Eintala,,,,,,,"lower echelon form, reduced echelon form, row-echelon form, upper echelon form",echelon form,0,,,,,,,,5131
standandi bylgja,0,na,kvk,Eintala,,,,,,,,stationary wave,0,,,,,,,,5132
stefna,0,sag,,,,,,,,,converge,tend,0,,,,,,,,5133
stefna á,0,sag,,,,,,,,,,converge to,0,,,,,,,,5134
"stefna, átt",0,na,kvk,Eintala,,,,,,,,direction,0,,,,,,,,5135
stefndur til hægri,0,ls,kk,Eintala,,,,,,,,right-directed,0,,,,,,,,5137
stefndur til vinstri,0,ls,kk,Eintala,,,,,,,,left-directed,0,,,,,,,,5138
"stefnd lína, áttuð lína",0,na,kvk,Eintala,,,,,,,axis,"directed line, oriented line",0,,,,,,,,5136
stefnt línustrik,0,na,hk,Eintala,,,,,,,,directed line segment,0,,,,,,,,5139
stefnt mengi,0,na,hk,Eintala,,,,,,,,directed set,0,,,,,,,,5140
stefnuafleiða,0,na,kvk,Eintala,,,,,,,,directional derivative,0,,,,,,,,5142
stefnubundin fjarlægð,0,na,kvk,Eintala,,,,,,,,"algebraic distance, directed distance, signed distance",0,,,,,,,,5143
"stefnudeildun, stefnudiffrun",0,na,kvk,Eintala,,,,,,,,directional differentiation,0,,,,,,,,5144
stefnuhorn,0,na,hk,Eintala,,,,,,,,direction angle,0,,,,,,,,5145
stefnuskrá Hilberts,0,na,kvk,Eintala,,,,,,,,Hilbert's program,0,,,,,,,,5146
"stefnustuðull, stefnukósínus",0,na,kk,Eintala,,,,,,,,direction cosine,0,,,,,,,,5147
"stefnusvið, einingarvigursvið",0,na,hk,Eintala,,,,,,,,"direction field, directional field, unit vector field",0,,,,,,,,5148
stefnuvigur,0,na,kk,Eintala,,,,,,,,direction vector,0,,,,,,,,5149
stefnu-,0,pref,,,,,,,,,,directional,0,,,,,,,,5141
sterkari kenning,0,na,kvk,Eintala,,,,,,,,stronger theory,0,,,,,,,,5153
sterklega,0,at,,,,,,,,,,strongly,0,,,,,,,,5154
sterklega samleitinn,0,ls,kk,Eintala,,,,,,,,strongly convergent,0,,,,,,,,5155
sterkt grannmynstur,0,na,hk,Eintala,,,,,,,"metric topology, norm topology",strong topology,0,,,,,,,,5156
sterkur,0,ls,kk,Eintala,,,,,,,,strong,0,,,,,,,,5157
sterk fylgni,0,na,kvk,Eintala,,,,,,,,strong correlation,0,,,,,,,,5150
sterk lausn,0,na,kvk,Eintala,,,,,,,,strong solution,0,,,,,,,,5151
sterk samleitni,0,na,kvk,Eintala,,,,,,,,strong convergence,0,,,,,,,,5152
"stétt, myndvídd, metorð, tign",0,na,,Eintala,,,,,,,,(of a linear mapping or matrix) rank,0,,,,,,,,5158
"stétt, tign",0,na,kvk,Eintala,,,,,,,,(of a tensor) rank,0,,,,,,,,5159
stig,0,na,hk,Eintala,,,,,,,,"(of a field extension) degree, linear rank",0,,,,,,,,5160
stig,0,na,hk,Eintala,Sjá <ref idTerm=1948>margliða</ref>.,Stig <ref idTerm=3563>núllmargliðunnar</ref> er ekki unnt að skilgreina með skynsamlegum hætti sem <ref idTerm=1896>heila tölu</ref> og er því stig hennar sagt vera óskilgreint.,,,,,,(of a polynomial) degree,0,,,,,,,,5161
stig,0,na,hk,Eintala,,,,,,,,(of a pole) order,0,,,,,,,,5162
stigaður,0,ls,kk,Eintala,,,,,,,,graded,0,,,,,,,,5165
stiglækkun,0,na,kvk,Eintala,,,,,,,,deflation,0,,,,,,,,5169
stigskipt úrtaka,0,na,kvk,Eintala,,,,,,,,multistage sampling,0,,,,,,,,5170
"stigulaðferð, aðferð mesta bratta",0,na,kvk,Eintala,,,,,,,"method of steepest ascent, method of steepest descent",gradient method,0,,,,,,,,5171
stigull,0,na,kk,Eintala,,,,,,,"difference quotient, divided difference, grad, rate of change",gradient,0,,,,,,,,5172
stigun,0,na,kvk,Eintala,,,,,,,,"graduation, grading",0,,,,,,,,5173
stikabundið próf,0,na,hk,Eintala,,,,,,,,parametric test,0,,,,,,,,5175
stikabundin tilgáta,0,na,kvk,Eintala,,,,,,,,"parametric hypothesis, parameter hypothesis",0,,,,,,,,5176
"stikaður ferill, hlaupinn ferill",0,na,kk,Eintala,,,,,,,,"parametric curve, parameter curve",0,,,,,,,,5177
"stikaður, hlaupinn",0,ls,kk,Eintala,,,,,,,,parametrized,0,,,,,,,,5178
"stikaður, stika-",0,,,,,,,,,,,parametric,0,,,,,,,,5179
"stikaframsetning, hlaupaframsetning",0,na,kvk,Eintala,,,,,,,,"parametric representation, parametric form",0,,,,,,,,5180
"stikajafna, hlaupajafna",0,na,kvk,Eintala,,,,,,,,parametric equation,0,,,,,,,,5181
stikalaus,0,ls,,,,,,,,,distribution-free,non-parametric,0,,,,,,,,5182
stikalaus,0,ls,,Eintala,,,,,,,,parameter-free,0,,,,,,,,5183
stikalaust próf,0,na,hk,Eintala,,,,,,,,non-parametric test,0,,,,,,,,5184
"stikarúm, hlauparúm",0,na,hk,Eintala,,,,,,,,parameter space,0,,,,,,,,5185
"stika, hlaupa",0,sag,,,,,,,,,,parametrize,0,,,,,,,,5174
"stiki, hlaupi, hlaupabreyta, aukabreyta, hlaupastærð, færibreyta",0,na,,Eintala,,,,,,,,parameter,0,,,,,,,,5186
stikun,0,na,kvk,Eintala,,,,,,,,"parametrization, parameterization",0,,,,,,,,5187
stilkur,0,na,kk,Eintala,,,,,,,,stalk,0,,,,,,,,5188
Stirling-tala,0,na,kvk,Eintala,,,,,,,,"factorial coefficient, Stirling number",0,,,,,,,,5189
"stígandi keðja, vaxandi keðja",0,na,kvk,Eintala,,,,,,,,ascending chain,0,,,,,,,,5166
"stígandi, vaxandi",0,ls,,,,,,,,,,ascending,0,,,,,,,,5167
"stígandi, vaxandi, hækkandi",0,ls,,,,,,,,,"order-preserving, strictly increasing","increasing, isotone, isotonic, monotonically increasing, non-decreasing",0,,,,,,,,5168
"stíga, vaxa, hækka",0,sag,,,,,,,,,,increase,0,,,,,,,,5164
stjarfleiki,0,na,kk,Eintala,,,,,,,,rigidity,0,,,,,,,,5190
stjarfur,0,ls,kk,Eintala,,,,,,,,rigid,0,,,,,,,,5191
stjarfur hlutur,0,na,kk,Eintala,,,,,,,,rigid body,0,,,,,,,,5192
stjarna,0,na,kvk,Eintala,,,,,,,,asterisk,0,,,,,,,,5193
stjarna,0,na,kvk,Eintala,,,,,,,,star,0,,,,,,,,5194
"stjórna, stýra",0,sag,,,,,,,,,,control,0,,,,,,,,5199
"stjórnbreyta, stýribreyta, ákvörðunarbreyta",0,na,kvk,Eintala,,,,,,,,"control variable, decision variable",0,,,,,,,,5200
"stjórn, stýring",0,na,kvk,Eintala,,,,,,,,control,0,,,,,,,,5198
stjökun,0,na,kvk,Eintala,,,,,,,translation,shift,0,,,,,,,,5195
stjökunarvirki,0,na,kk,Eintala,,,,,,,,shift operator,0,,,,,,,,5196
"stjörf hreyfing, stjarfur flutningur",0,na,,Eintala,,,,,,,,rigid motion,0,,,,,,,,5197
stjörnualgebra,0,na,kvk,Eintala,,,,,,,,star algebra,0,,,,,,,,5201
stjörnuferill,0,na,kk,Eintala,,,,,,,,"asteroid, astroid",0,,,,,,,,5202
"stjörnumargflötungur, stirndur margflötungur",0,na,kk,Eintala,,,,,,,,"star polyhedron, stellated polyhedron",0,,,,,,,,5203
"stjörnusvæði, stjörnulaga svæði",0,na,hk,Eintala,,,,,,,,"star domain, star-like domain",0,,,,,,,,5204
"stjörnuþykkvi, stjörnulaga þykkvi, stjörnulaga rúmmynd",0,na,,Eintala,,,,,,,star domain,star body,0,,,,,,,,5205
stoð,0,na,kvk,Eintala,,,,,,,,"carrier, support",0,,,,,,,,5206
stoðafjölskylda,0,na,kvk,Eintala,,,,,,,,family of supports,0,,,,,,,,5207
stoðfall,0,na,hk,Eintala,,,,,,,,"supporting function, support function",0,,,,,,,,5208
"stoðhending, hjálparhending",0,na,kvk,Eintala,,,,,,,,ancillary statistic,0,,,,,,,,5209
stoðlína,0,na,kvk,Eintala,,,,,,,,supporting line,0,,,,,,,,5210
stoðslétta,0,na,kvk,Eintala,,,,,,,,supporting plane,0,,,,,,,,5217
stofnbrot,0,na,hk,Eintala,<ref idTerm=234>Almennt brot</ref> á forminu \(\dfrac1n\) þar sem \(n\) er <ref idTerm=2535>jákvæð</ref> <ref idTerm=1896>heiltala</ref>.,,,,,,,unit fraction,0,,,,,,,,5227
"stofnbrotaliðun, hlutbrotaliðun, liðun í stofnbrot, liðun í hlutbrot",0,na,kvk,Eintala,,,,,,,,"expansion in partial fractions, partial fraction decomposition, partial fraction expansion",0,,,,,,,,5229
"stofnbrot, hlutbrot",0,na,hk,Eintala,,,,,,,,partial fraction,0,,,,,,,,5228
stofnfall,0,na,hk,Eintala,,,,,,,indefinite integral,"antiderivative, primitive",0,,,,,,,,5230
"stofnfrumsenda, stofnfrumsetning, frumsenda um stofn, frumsetning um stofn, regluleikafrumsenda, regluleikafrumsetning",0,na,kvk,Eintala,,,,,,,,"axiom of foundation, axiom of regularity, regularity axiom",0,,,,,,,,5231
"stórgeisli, umgeisli, geisli umritaðs hrings, geisli umritaðrar kúlu",0,na,kk,Eintala,,,,,,,,"circumradius, long radius",0,,,,,,,,5236
stórhringur,0,na,kk,Eintala,,,,,,,small circle,great circle,0,,,,,,,,5237
stórt ríki,0,na,hk,Eintala,,,,,,,,big category,0,,,,,,,,5238
stórt ríki,0,na,hk,Eintala,,,,,,,,large category,0,,,,,,,,5239
stranglega,0,at,,,,,,,,,,strictly,0,,,,,,,,5240
stranglega einhalla,0,ls,,,,,,,,,,"strictly monotone, strictly monotonic",0,,,,,,,,5241
"stranglega jákvæður, stranglega viðlægur",0,ls,kk,Eintala,,,,,,,,strictly positive,0,,,,,,,,5242
stranglega margfeldinn,0,ls,kk,Eintala,,,,,,,,completely multiplicative,0,,,,,,,,5243
"stranglega neikvæður, stranglega frádrægur",0,ls,kk,Eintala,,,,,,,,strictly negative,0,,,,,,,,5244
strangleiki,0,na,kk,Eintala,,,,,,,,stringency,0,,,,,,,,5245
"strangminnkandi, stranglega minnkandi, strangfallandi, stranglega fallandi, stranglækkandi, stranglega lækkandi, síminnkandi, sífallandi, sílækkandi",0,ls,,,,,,,,,,strictly decreasing,0,,,,,,,,5246
strangt þríhyrningsfylki,0,na,hk,Eintala,,,,,,,,"properly triangular matrix, strictly triangular matrix",0,,,,,,,,5247
strangur,0,ls,kk,Eintala,,,,,,,,strict,0,,,,,,,,5248
"strangur, rökfastur",0,ls,kk,Eintala,,,,,,,,rigorous,0,,,,,,,,5249
"strangvaxandi, stranglega vaxandi, strangstígandi, stranglega stígandi, stranghækkandi, stranglega hækkandi, sívaxandi, sístígandi, síhækkandi",0,ls,,,,,,,,,,strictly increasing,0,,,,,,,,5250
straumfall,0,na,hk,Eintala,,,,,,,,stream function,0,,,,,,,,5251
straumlína,0,na,kvk,Eintala,,,,,,,,"flow line, stream line",0,,,,,,,,5252
straumur,0,na,kk,Eintala,,,,,,,,current,0,,,,,,,,5253
strendingsbróðir,0,na,kk,Eintala,,,,,,,,prismoid,0,,,,,,,,5254
strendingsflötur,0,na,kk,Eintala,,,,,,,,prismatic surface,0,,,,,,,,5255
strendingsfrændi,0,na,kk,Eintala,,,,,,,,prismatoid,0,,,,,,,,5256
"strendingsstúfur, stýfður strendingur",0,na,kk,Eintala,,,,,,,,truncated prism,0,,,,,,,,5257
strendingur,0,na,kk,Eintala,,,,,,,,prism,0,,,,,,,,5258
strengfirð,0,na,kvk,Eintala,,,,,,,,chordal metric,0,,,,,,,,5260
strengur,0,na,kk,Eintala,<ref idTerm=2958>Línustrik</ref> sem hefur báða endapunkta sína á <ref idTerm=2295>hring</ref> kallast \textit{strengur} í hringnum.,Ef miðja hringsins liggur á streng kallast sá strengur \textit{miðstrengur}. Á eftirfarandi mynd má sjá hring með miðju \(M\):\n\n\begin{center}\n\includegraphics[width=150px]{myndir/strengur.png}\n\end{center}\n\nStrikið \(AB\) er strengur í hringnum og strikið \(CD\) er miðstrengur.,,,,,,chord,0,,,,,,,,5261
strengur,0,na,kk,Eintala,,,,,,,word,string,0,,,,,,,,5262
streng-,0,pref,,,,,,,,,,chordal,0,,,,,,,,5259
streymi,0,na,hk,Eintala,,,,,,,,flow,0,,,,,,,,5263
"strik, merki",0,na,hk,Eintala,,,,,,,,"(the symbol \(^\prime\)) accent, dash, prime",0,,,,,,,,5264
stríkkun,0,na,kvk,Eintala,"<ref idTerm=5779>Færsla</ref> \(\lambda\) kallast \textit{stríkkun} með \textit{miðju} í punktinum \(M\) ef fyrir alla punkta \(P\) gildir að <ref idTerm=2072>hlutfallið</ref> milli <ref idTerm=2860>lengda</ref> <ref idTerm=2958>strikanna</ref> \(MP\) og \(M\lambda(P)\) er fasti \(k\), sem kallast þá \textit{kvarði} stríkkunarinnar.",,,,,,similitude,"dilatation, homothety, monoidal transformation, stretching",0,,,,,,,,5265
stríkkunarhlutfall,0,na,hk,Eintala,,,,,,,,"dilatation ratio, dilatation ratio, ratio of similitude",0,,,,,,,,5266
stríkkunarstuðull,0,na,kk,Eintala,,,,,,,,coefficient of dilatation,0,,,,,,,,5267
strjála,0,sag,,,,,,,,,,discretize,0,,,,,,,,5273
strjáll tími,0,na,kk,Eintala,,,,,,,,discrete time,0,,,,,,,,5274
strjált dreifingarfall,0,na,hk,Eintala,,,,,,,,discrete distribution function,0,,,,,,,,5275
strjált ferli,0,na,hk,Eintala,,,,,,,,discrete process,0,,,,,,,,5276
strjált róf,0,na,hk,Eintala,,,,,,,,discrete spectrum,0,,,,,,,,5277
strjált streymi,0,ls,hk,Eintala,,,,,,,,discrete flow,0,,,,,,,,5278
strjálun,0,na,kvk,Eintala,,,,,,,,discretization,0,,,,,,,,5279
strjálunarskekkja,0,na,kvk,Eintala,,,,,,,,discretization error,0,,,,,,,,5280
strjál bestun,0,na,kvk,Eintala,,,,,,,,"combinatorial programming, discrete programming",0,,,,,,,,5268
strjál breyta,0,na,kvk,Eintala,,,,,,,,discrete variable,0,,,,,,,,5269
strjál dreifing,0,na,kvk,Eintala,,,,,,,,"arithmetic distribution, discrete distribution",0,,,,,,,,5270
strjál hending,0,na,kvk,Eintala,,,,,,,,discrete random variable,0,,,,,,,,5271
strjál stærðfræði,0,na,kvk,Eintala,,,,,,,,discrete mathematics,0,,,,,,,,5272
strútur,0,na,kk,Eintala,,,,,,,lateral surface,"nappe, sheet",0,,,,,,,,5285
"strýta, píramíti",0,na,,Eintala,<ref idTerm=6532>Rúmmynd</ref> sem afmarkast af <ref idTerm=3161>marghyrnings</ref><ref idTerm=2579>fleti</ref> <ref idTerm=2579>fletinum</ref> sem fæst með því að draga <ref idTerm=2958>línustrik</ref> milli <ref idTerm=4001>punkta</ref> marghyrningsins og eins tiltekins punkts.,,,,,,,pyramid,0,,,,,,,,5286
"strýtustúfur, píramítastúfur, stýfð strýta, stýfður píramíti",0,na,,Eintala,,,,,,,,"frustum of pyramid, truncated pyramid",0,,,,,,,,5287
ströng leiðing,0,na,kvk,Eintala,,,,,,,,strict implication,0,,,,,,,,5281
ströng ójafna,0,na,kvk,Eintala,,,,,,,,"strict inequality, strong inequality",0,,,,,,,,5282
ströng röðun,0,na,kvk,Eintala,,,,,,,,"strict ordering, strong ordering",0,,,,,,,,5283
ströng sönnun,0,na,kvk,Eintala,,,,,,,,rigorous proof,0,,,,,,,,5284
stuðlafylki,0,na,hk,Eintala,,,,,,,,coefficient matrix,0,,,,,,,,5288
"stuðlasamanburður, stuðlaákvörðun",0,na,,Eintala,,,,,,,,method of undetermined coefficients,0,,,,,,,,5289
stuðull,0,na,kk,Eintala,Sjá <ref idTerm=1948>margliða</ref>.,,,,,,,(of a polynomial) coefficient,0,,,,,,,,5290
"stuttur, skammur",0,ls,kk,Eintala,,,,,,,,short,0,,,,,,,,5294
stúfabundin,0,na,,Eintala,,,,,,,,jet bundle,0,,,,,,,,5291
stúfur,0,na,kk,Eintala,,,,,,,,frustum,0,,,,,,,,5292
stúfur,0,na,kk,Eintala,,,,,,,,jet,0,,,,,,,,5293
"styrkur, styrkleiki",0,na,kk,Eintala,,,,,,,,"power, strength",0,,,,,,,,5305
stytta,0,sag,,,,,,,,,cancel,(r. a fraction) reduce,0,,,,,,,,5307
styttanlegt stak,0,na,hk,Eintala,,,,,,,,"cancellable element, regular element",0,,,,,,,,5309
styttanlegur,0,ls,kk,Eintala,,,,,,,,cancellable,0,,,,,,,,5310
styttanleiki,0,na,kk,Eintala,,,,,,,,cancellability,0,,,,,,,,5311
"stytta, stytta út, stytta burt",0,sag,,,,,,,,,reduce,cancel,0,,,,,,,,5308
stytting,0,na,kvk,Eintala,,,,,,,reduction,cancellation,0,,,,,,,,5313
stytting,0,na,kvk,Eintala,,,,,,,cancellation,reduction,0,,,,,,,,5314
styttingarskekkja,0,na,kvk,Eintala,,,,,,,,cancellation error,0,,,,,,,,5315
styttinn,0,ls,kk,Eintala,,,,,,,,cancellative,0,,,,,,,,5316
styttin hálfgrúpa,0,na,kvk,Eintala,,,,,,,,cancellation semigroup,0,,,,,,,,5312
styttiregla,0,na,kvk,Eintala,,,,,,,,cancellation law,0,,,,,,,,5317
"stytt margföldun, stuttamargföldun",0,na,kvk,Eintala,,,,,,,,"abbreviated multiplication, abridged multiplication, short multiplication",0,,,,,,,,5306
stýfa,0,sag,,,,,,,,,,"chop, truncate",0,,,,,,,,5295
stýfður,0,ls,kk,Eintala,,,,,,,,truncated,0,,,,,,,,5297
stýfð röð,0,na,kvk,Eintala,,,,,,,,truncated series,0,,,,,,,,5296
stýfing,0,na,kvk,Eintala,,,,,,,,"chopping, truncation",0,,,,,,,,5298
stýfingarskekkja,0,na,kvk,Eintala,,,,,,,,"error of truncation, truncation error",0,,,,,,,,5299
stýrð breyta,0,na,kvk,Eintala,,,,,,,,controlled variable,0,,,,,,,,5300
stýriferill,0,na,kk,Eintala,,,,,,,,"directing curve, directrix",0,,,,,,,,5301
stýrifræði,0,na,kvk,Eintala,,,,,,,,control theory,0,,,,,,,,5302
stýrifræði,0,na,kvk,Eintala,,,,,,,,cybernetics,0,,,,,,,,5303
stýrihringur,0,na,kk,Eintala,,,,,,,,"directrix circle, director circle",0,,,,,,,,6661
stýrilína,0,na,kvk,Eintala,,,,,,,,"directing line, directrix",0,,,,,,,,5304
stæða,0,na,kvk,Eintala,,,,,,,,(in geometry) configuration,0,,,,,,,,5096
stæðafjöldi,0,na,kk,Eintala,,,,,,,,"arity, rank",0,,,,,,,,5098
"stæða, stærðtákn",0,na,,Eintala,,,,,,,"algebraic expression, formula, meaningful expression, meaningful formula, well-formed formula",expression,0,,,,,,,,5097
stæði,0,na,hk,Eintala,,,,,,,,(of a predicate or relation) place,0,,,,,,,,5099
"stækkun, viðbót, auki",0,ls,,Eintala,,,,,,,,increment,0,,,,,,,,5100
stærð,0,na,kvk,Eintala,,,,,,,,quantity,0,,,,,,,,5102
"stærðarþrep, tugaþrep",0,na,hk,Eintala,,,,,,,,order of magnitude,0,,,,,,,,5106
stærðfræði,0,na,kvk,Eintala,,,,,,,,mathematics,0,,,,,,,,5107
stærðfræðilegt líkan,0,na,hk,Eintala,,,,,,,,mathematical model,0,,,,,,,,5113
stærðfræðilegur hlutur,0,na,kk,Eintala,,,,,,,,mathematical object,0,,,,,,,,5114
"stærðfræðilegur, stærð\hbox{fræði-.}\ekkipunktur",0,ls,kk,Eintala,,,,,,,,mathematical,0,,,,,,,,6662
"stærðfræðileg bestun, bestun",0,na,kvk,Eintala,,,,,,,"dynamic programming, combinatorial programming, discrete programming, linear programming, multistage programming, quadratic programming, stochastic programming","mathematical programming, programming, optimization, optimizing",0,,,,,,,,6663
"stærðfræðileg frumsenda, stærðfræðileg frumsetning",0,na,kvk,Eintala,,,,,,,"axiom, logical axiom, non-logical axiom, proper axiom",mathematical axiom,0,,,,,,,,6664
stærðfræðileg rökfræði,0,na,kvk,Eintala,,,,,,,formal logic,"logistics, mathematical logic, symbolic logic",0,,,,,,,,6665
stærðfræðileg tölfræði,0,na,kvk,Eintala,,,,,,,,mathematical statistics,0,,,,,,,,6666
stærðfræðileg þversögn,0,na,kvk,Eintala,,,,,,,,mathematical paradox,0,,,,,,,,6667
"stærðfræðimynstur, stærðfræðilegt mynstur",0,na,hk,Eintala,,,,,,,,mathematical structure,0,,,,,,,,5116
stærðfræðingur,0,na,kk,Eintala,Einstaklingur sem iðkar <ref idTerm=5107>stærðfræði</ref>.,,,,,,,mathematician,0,,,,,,,,5117
"stærð, fjöldatala",0,na,kvk,Eintala,,,,,,,,(of a group) order,0,,,,,,,,5103
"stærð, stórleiki",0,na,,Eintala,,,,,,,cardinality,size,0,,,,,,,,5104
"stærð, þrep",0,na,,Eintala,,,,,,,,(of a determinant) order,0,,,,,,,,5105
stærri,0,ls,,,,,,,,,,greater,0,,,,,,,,5118
"stærri eða jafn, stærri eða jafn og, frekar stærri",0,,,,,,,,,,,greater than or equal to,0,,,,,,,,5119
"stærsta stak, efsta stak, hæsta stak, síðasta stak",0,na,hk,Eintala,,,,,,,max,"greatest element, largest element, last element, maximum, maximum element",0,,,,,,,,5120
"stærsti samdeilir, stærsti sameiginlegi deilir",0,na,kk,Eintala,,,,,,,g. c. d.\ekkipunktur,"greatest common divisor, highest common factor",0,,,,,,,,5121
stöðluð algebra,0,na,kvk,Eintala,,,,,,,,"normed algebra, normed ring",0,,,,,,,,5211
stöðluð dreifing,0,na,kvk,Eintala,,,,,,,,"centred and normed distribution, standardized distribution",0,,,,,,,,5212
"stöðluð Gauss-dreifing, stöðluð normaldreifing, stöðluð normleg dreifing",0,na,kvk,Eintala,,,,,,,,standardized normal distribution,0,,,,,,,,5213
stöðluð hending,0,na,kvk,Eintala,,,,,,,,"normed random variable, normed variate, standardized random variable, standardized variate",0,,,,,,,,5214
stöðluð margliða,0,na,kvk,Eintala,<ref idTerm=1948>Margliða</ref> þar sem gildi <ref idTerm=1384>forystustuðulsins</ref> er 1.,Margliðan \(x^2 + 2 x + 3\) er stöðluð margliða af <ref idTerm=5161>stigi</ref> 2.,,,,,,"monic polynomial, normed polynomial",0,,,,,,,,5215
stöðlun,0,na,kvk,Eintala,,,,,,,,normalization,0,,,,,,,,5216
stöðugleikagrúpa,0,na,kvk,Eintala,,,,,,,isotropy group,"stability subgroup, stabilizer, stable subgroup",0,,,,,,,,5219
stöðugleiki,0,na,kk,Eintala,,,,,,,,stability,0,,,,,,,,5220
stöðugt ástand,0,na,hk,Eintala,,,,,,,,stable state,0,,,,,,,,5221
stöðugt ferli,0,na,hk,Eintala,,,,,,,,stable process,0,,,,,,,,5222
stöðugt hlutmengi,0,na,hk,Eintala,,,,,,,,stable subset,0,,,,,,,,5223
stöðugur,0,ls,kk,Eintala,,,,,,,,stable,0,,,,,,,,5224
"stöðugur, stöðu-",0,,,,,,,,,,,stationary,0,,,,,,,,5225
stöðug lausn,0,na,kvk,Eintala,,,,,,,,stable solution,0,,,,,,,,5218
"stöðurúm, svigrúm, stellingarúm",0,na,hk,Eintala,,,,,,,,configuration space,0,,,,,,,,5226
stökkfall,0,na,hk,Eintala,,,,,,,,jump function,0,,,,,,,,5233
"stökk, misgengi",0,na,hk,Eintala,,,,,,,,jump,0,,,,,,,,5232
stöng hlutvera,0,na,kvk,Eintala,,,,,,,,strict inclusion,0,,,,,,,,5234
stöplarit,0,na,hk,Eintala,,,,,,,"area histogram, block diagram, histogram","bar diagram, bar chart, bar graph, column diagram",0,,,,,,,,5235
"suðurskaut, suðurpóll",0,na,,Eintala,,,,,,,,south pole,0,,,,,,,,5318
"summa, samtala",0,na,kvk,Eintala,<ref idTerm=5102>Stærð</ref> sem fæst með því að <ref idTerm=2820>leggja saman</ref> tvær <ref idTerm=5397>tölur</ref>.,,,,,,,sum,0,,,,,,,,5320
summumyndun,0,na,kvk,Eintala,,,,,,,"method of summation, summation method",summation,0,,,,,,,,5321
"summumyndunaraðferð, summuaðferð",0,na,kvk,Eintala,,,,,,,,"method of summation, summation method",0,,,,,,,,5322
summutákn,0,na,hk,Eintala,,,,,,,"addition sign, plus, plus sign, sign of addition",(the symbol \(\sum\)) summation sign,0,,,,,,,,5323
"sundurgreining, greining, krufning",0,na,kvk,Eintala,,,,,,,,(of a problem) analysis,0,,,,,,,,5324
"sundurlaust grannmynstur, strjált grannmynstur",0,na,hk,Eintala,,,,,,,,discrete topology,0,,,,,,,,5331
"sundurlaust rúm, strjált rúm",0,na,hk,Eintala,,,,,,,,discrete space,0,,,,,,,,5332
"sundurlaus, strjáll",0,ls,,,,,,,,,,discrete,0,,,,,,,,5330
sundurleitni,0,na,kvk,Eintala,,,,,,,div,(of a vector field) divergence,0,,,,,,,,5333
sundurliðun,0,na,kvk,Eintala,,,,,,,,(in spectral theory) resolution,0,,,,,,,,5334
sundurlægir atburðir,0,na,kk,Fleirtala,,,,,,,,"antithetic events, incompatible events, mutually disjoint events, mutually exclusive events",0,,,,,,,,5326
sundurlægir tveir og tveir,0,ls,kk,Fleirtala,,,,,,,,"(of sets) mutually disjoint, pairwise disjoint",0,,,,,,,,5327
sundurlægt sammengi,0,na,hk,Eintala,,,,,,,,disjoint union,0,,,,,,,,5328
"sundurlægur, óskaraður",0,ls,kk,Eintala,"Tvö <ref idTerm=3270>mengi</ref> \(X\) og \(Y\) eru sögð vera \textit{sundurlæg} ef þau hafa ekkert sameiginlegt <ref idTerm=5128>stak</ref>, þ.e. ef \(X \cap Y = \varnothing\).",,,,,,,"disjoint, non-intersecting, non-overlapping",0,,,,,,,,5329
sundurlæg skipting,0,na,kvk,Eintala,\textit{Sundurlæg skipting} á <ref idTerm=3270>mengi</ref> \(X\) eru <ref idTerm=5329>sundurlæg</ref> mengi \(A\) og \(B\) þannig að \(A \cup B = X\).,,,,,,,disjoint decomposition,0,,,,,,,,5325
"súlurit, stuðlarit",0,na,hk,Eintala,,,,,,,"bar chart, bar diagram, bar graph, block diagram, column diagram","area histogram, histogram",0,,,,,,,,5319
svarferill,0,na,kk,Eintala,,,,,,,,response curve,0,,,,,,,,5339
svarflötur,0,na,kk,Eintala,,,,,,,,response surface,0,,,,,,,,5340
"svar, svörun",0,na,,Eintala,,,,,,,,response,0,,,,,,,,5338
sveifarferill,0,na,kk,Eintala,,,,,,,"cycloid, curtate cycloid, epitrochoid, hypotrochoid, prolate cycloid, roulette",trochoid,0,,,,,,,,5341
sveifla,0,na,kvk,Eintala,,,,,,,,"(of a function at a point) fluctuation, oscillation",0,,,,,,,,5342
sveifla,0,na,kvk,Eintala,,,,,,,,oscillation,0,,,,,,,,5343
sveigð hnit,0,na,hk,Fleirtala,,,,,,,,curvilinear coordinates,0,,,,,,,,5344
sveigfeldi,0,na,hk,Eintala,,,,,,,,wreath product,0,,,,,,,,5345
sveimferli,0,na,hk,Eintala,,,,,,,,diffusion process,0,,,,,,,,5346
sveimstuðull,0,na,kk,Eintala,,,,,,,,diffusion coefficient,0,,,,,,,,5347
sveipferill,0,na,kk,Eintala,,,,,,,,"evolvent, involute",0,,,,,,,,5348
svið,0,na,hk,Eintala,,,,,,,"scalar field, vector field, tensor field",(in analysis) field,0,,,,,,,,5349
"sviðafræði, kroppafræði",0,na,kvk,Eintala,,,,,,,,(in algebra) field theory,0,,,,,,,,5352
sviðsfræði,0,na,kvk,Eintala,,,,,,,,(in analysis) field theory,0,,,,,,,,5353
"sviðsútvíkkun, sviðsvíkkun",0,na,kvk,Eintala,,,,,,,"extension, extension field, overfield",field extension,0,,,,,,,,5354
svið ræðra talna,0,na,hk,Eintala,,,,,,,,field of rational numbers,0,,,,,,,,5350
"svið, kroppur",0,na,hk,Eintala,,,,,,,,(in algebra) field,0,,,,,,,,5351
svigalaus ritháttur,0,na,kk,Eintala,,,,,,,"Polish notation, prefix notation, postfix notation",parenthesis-free notation,0,,,,,,,,5355
svigi,0,na,kk,Eintala,,,,,,,,"parenthesis, round bracket",0,,,,,,,,5356
svigrúmsvídd,0,na,kvk,Eintala,,,,,,,,degree of freedom,0,,,,,,,,5357
svipalgebra,0,na,kvk,Eintala,,,,,,,,homological algebra,0,,,,,,,,5358
svipflokkur,0,na,kk,Eintala,,,,,,,,homology class,0,,,,,,,,5359
svipfræði,0,na,kvk,Eintala,,,,,,,,homology theory,0,,,,,,,,5360
svipgrúpa,0,na,kvk,Eintala,,,,,,,,homology group,0,,,,,,,,5361
"sviphjávídd, hjávídd, dýpt",0,na,kvk,Eintala,,,,,,,,"(homological codimension) depth, homological codimension",0,,,,,,,,5362
svipjafngildi,0,na,hk,Eintala,,,,,,,,homology-equivalence,0,,,,,,,,5363
svipjafngildur,0,ls,kk,Eintala,,,,,,,,homology equivalent,0,,,,,,,,5364
svipkenning,0,na,kvk,Eintala,,,,,,,,homology theory,0,,,,,,,,5365
sviplest,0,na,kvk,Eintala,,,,,,,,homology sequence,0,,,,,,,,5366
svipvídd,0,na,kvk,Eintala,,,,,,,,homological dimension,0,,,,,,,,5367
svæði,0,na,hk,Eintala,,,,,,,,"(connected open set) domain, region",0,,,,,,,,5335
"svæðisheildi, svæðistegur",0,na,hk,Eintala,,,,,,,,domain integral,0,,,,,,,,5336
svæðismat,0,na,hk,Eintala,,,,,,,,region estimate,0,,,,,,,,5337
"syðra hálfhvel, suðurhvel",0,na,hk,Eintala,,,,,,,,southern hemisphere,0,,,,,,,,5368
"Sylow-hlutgrúpa, Sylow-grúpa",0,na,kvk,Eintala,,,,,,,,Sylow subgroup,0,,,,,,,,5369
sýndaróendanleiki,0,na,kk,Eintala,,,,,,,actual infinity,"potential infinity, virtual infinity",0,,,,,,,,5370
sæti,0,na,hk,Eintala,,,,,,,,(of a decimal) place,0,,,,,,,,4298
sæti,0,na,hk,Eintala,,,,,,,,position,0,,,,,,,,4299
sætiskerfi,0,na,hk,Eintala,,,,,,,positional notation,place value system,0,,,,,,,,4300
"sætisritun, sætistalnaritun",0,na,kvk,Eintala,,,,,,,place value system,positional notation,0,,,,,,,,4301
sætisröðun,0,na,kvk,Eintala,,,,,,,,ranking,0,,,,,,,,4302
"sætistala, sæti",0,na,,Eintala,,,,,,,,ordinal position,0,,,,,,,,4304
söðulflötur,0,na,kk,Eintala,,,,,,,,saddle surface,0,,,,,,,,4959
söðulpunktsaðferð,0,na,kvk,Eintala,,,,,,,,"method of steepest descent, saddle-point method, stationary phase method",0,,,,,,,,4960
söðulpunktur,0,na,kk,Eintala,,,,,,,hyperbolic point,saddle point,0,,,,,,,,4961
sönnun,0,na,kvk,Eintala,,,,,,,,"demonstration, proof",0,,,,,,,,4964
"sönn fullyrðing, sönn yrðing",0,na,kvk,Eintala,,,,,,,,true proposition,0,,,,,,,,4963
tafla,0,na,kvk,Eintala,,,,,,,,table,0,,,,,,,,5373
taka,0,sag,,,,,,,,,extract,take,0,,,,,,,,5374
taka enda,0,sag,,,,,,,,,,terminate,0,,,,,,,,5376
taka saman,0,sag,,,,,,,,,,collect,0,,,,,,,,5377
taka til láns,0,sag,,,,,,,,,,borrow,0,,,,,,,,5378
taka út fyrir sviga,0,sag,,,,,,,,,,factor out,0,,,,,,,,5379
taka (gildi),0,sag,,,,,,,,,,(a value) assume,0,,,,,,,,5375
"takmarkaður að mestu, næstum takmarkaður, skorðaður að mestu, næstum skorðaður",0,ls,kk,Eintala,,,,,,,,essentially bounded,0,,,,,,,,5385
"takmarkaður að neðan, skorðaður að neðan",0,ls,kk,Eintala,<ref idTerm=4093>Rauntalna</ref><ref idTerm=3270>mengi</ref> kallast \textit{takmarkað að neðan} ef það hefur <ref idTerm=5818>undirtölu</ref>.,"Almennt er sagt að <ref idTerm=4009>hlutraðað mengi</ref> sé takmarkað að neðan ef það hefur undirstak. Til dæmis er <ref idTerm=1840>hálflínan</ref> \([0, \infty)\) takmörkuð að neðan en talan 0 er sjálf undirtala.",,,,,,bounded below,0,,,,,,,,5386
"takmarkaður að ofan, skorðaður að ofan",0,ls,kk,Eintala,<ref idTerm=4093>Rauntalna</ref><ref idTerm=3270>mengi</ref> kallast \textit{takmarkað að ofan} ef það hefur <ref idTerm=6280>yfirtölu</ref>.,"Almennt er sagt að <ref idTerm=4009>hlutraðað mengi</ref> sé takmarkað að ofan ef það hefur yfirstak. Til dæmis er <ref idTerm=1840>hálflínan</ref> \((-\infty, 0]\) takmörkuð að ofan en talan 0 er sjálf yfirtala.",,,,,,bounded above,0,,,,,,,,5387
"takmarkaður í hverjum punkti, skorðaður í hverjum punkti",0,ls,kk,Eintala,,,,,,,,pointwise bounded,0,,,,,,,,5388
"takmarkaður í jöfnum mæli, skorðaður í jöfnum mæli",0,ls,kk,Eintala,,,,,,,,uniformly bounded,0,,,,,,,,5389
"takmarkaður, skorðaður",0,ls,kk,Eintala,,,,,,,,(of a set or function) bounded,0,,,,,,,,5390
"takmarkað fall, skorðað fall",0,na,hk,Eintala,<ref idTerm=1078>Fall</ref> \(f: X \to Y\) kallast \textit{takmarkað} ef til er <ref idTerm=4093>rauntala</ref> \(C\) þannig að \(|f(x)| \leq C\) fyrir öll \(x \in X\).,"Það að fall sé takmarkað jafngildir því að <ref idTerm=3417>myndmengi</ref> þess sé <ref idTerm=5381>takmarkað mengi</ref>. Til dæmis er <ref idTerm=4647>sínusfallið</ref> \(\sin : \mathbb{R} \to \mathbb{R}\) takmarkað vegna þess að \(\sin(\mathbb{R})=[-1,1]\) sem er takmarkað mengi.",,,,,,bounded function,0,,,,,,,,5380
"takmarkað mengi, skorðað mengi",0,na,hk,Eintala,<ref idTerm=4093>Rauntalna</ref><ref idTerm=3270>mengi</ref> \(A\) kallast \textit{takmarkað} ef til er rauntala \(C\) þannig að \(|x| \leq C\) fyrir öll \(x\) úr \(A\).,"Skilgreiningin á líka við <ref idTerm=5682>tvinntalna</ref>mengi. Almennt er sagt að <ref idTerm=1200>firðrúm</ref> \((X,d)\) sé takmarkað ef til er rauntala \(C\) þannig að \(d(x,y) \leq C\) fyrir öll \(x,y \in X\).",,,,,,bounded set,0,,,,,,,,5381
"takmarkað svæði, skorðað svæði",0,na,hk,Eintala,,,,,,,,bounded domain,0,,,,,,,,5382
takmarkað vik,0,na,hk,Eintala,,,,,,,,limited variation,0,,,,,,,,5383
"takmarkað vik, skorðað vik",0,na,hk,Eintala,,,,,,,,bounded variation,0,,,,,,,,5384
takmörkuð afstæðiskenning,0,na,kvk,Eintala,,,,,,,,special theory of relativity,0,,,,,,,,5391
"takmörkuð keðja, skorðuð keðja",0,na,kvk,Eintala,,,,,,,,bounded chain,0,,,,,,,,5392
"takmörkun í jöfnum mæli, skorðun í jöfnum mæli, jafnmælisskorðun",0,na,kvk,Eintala,,,,,,,,uniform boundedness,0,,,,,,,,5393
tala,0,na,kvk,Eintala,,,,,,,"abstract number, abundant number, additive number theory, algebraic number, algebraic number field, algebraic number theory, algebraic theory of numbers, amicable numbers, analytic number theory, analytic theory of numbers, average sample number, Bernoulli number, binary number, binary number system, biquadratic number, cardinal, cardinal number, Cayley number, characteristic number, chromatic number, class number, complementary number, complex number, complex number field, complex number plane, complex number space, complex number system, composite number, compound number, concrete number, condition number, conjugate algebraic number, conjugate complex number, decimal number, decimal number system, defective number, deficient number, denominate number, diminute number, dyadic number, elementary number theory, even number, extended real number system, factorial number, Fibonacci number, field of complex numbers, field of rational numbers, field of real numbers, figurate number, finite number, fractional number, friendly numbers, Gauss number plane, geometry of numbers, heptagonal number, hexagonal number, highly composite number, imaginary number, imperfect number, infinite number, integer, integral number, inverse number, irrational number, linking number, mixed number, multidigit number, multiplace number, multiplicative number theory, natural number, nonagonal number, octagonal number, odd number, one, one-digit number, opposite number, ordinal, ordinal number, \(p\)-adic number, palindromic number, pentagonal number, perfect number, polygonal number, polyhedral number, prime, prime number, prime number theorem, pseudorandom numbers, pure imaginary number, purely imaginary number, quaternion, random number, rational number, real number, real number field, real number plane, real number space, real number system, reciprocal number, scalar, signed number, single-digit number, square number, Stirling number, superfluous number, table of random numbers, ternary number, ternary number system, tetrahedral number, theory of numbers, transcendental number, transfinite number, triangular number, uneven number, unnamed number, whole number, winding number, zero",number,0,,,,,,,,5397
tala,0,na,kvk,Eintala,,,,,,,number,scalar,0,,,,,,,,5398
tala með formerki,0,na,kvk,Eintala,,,,,,,,signed number,0,,,,,,,,5399
talnabil,0,na,hk,Eintala,,,,,,,interval,number interval,0,,,,,,,,5402
talnabrot,0,na,hk,Eintala,,,,,,,,numerical fraction,0,,,,,,,,5403
talnaeining,0,na,kvk,Eintala,,,,,,,,number unit,0,,,,,,,,5404
talnafasti,0,na,kk,Eintala,,,,,,,,numerical constant,0,,,,,,,,5405
"talnafræðifall, talnafræðilegt fall",0,na,hk,Eintala,,,,,,,,"arithmetic function, arithmetical function, number-theoretic function",0,,,,,,,,5409
talnafræðilegur,0,ls,kk,Eintala,,,,,,,,number-theoretic,0,,,,,,,,5410
talnafræðingur,0,na,kk,Eintala,,,,,,,,number theorist,0,,,,,,,,5411
talnafræði margföldunar,0,na,kvk,Eintala,,,,,,,,multiplicative number theory,0,,,,,,,,5406
talnafræði samlagningar,0,na,kvk,Eintala,,,,,,,,additive number theory,0,,,,,,,,5407
"talnafræði, talnalist",0,na,kvk,Eintala,,,,,,,,"arithmetic, number theory, theory of numbers",0,,,,,,,,5408
"talnagrind, kúlnagrind, reiknigrind",0,na,kvk,Eintala,,,,,,,"saroban, schety, soroban, suan-pan","abacus, calculating frame, counting frame",0,,,,,,,,5413
talnagögn,0,na,hk,Fleirtala,,,,,,,,numerical data,0,,,,,,,,5412
talnahvel Riemanns,0,na,hk,Eintala,,,,,,,"closed complex plane, complex projective line","complex sphere, Riemann sphere",0,,,,,,,,5414
talnakerfi,0,na,hk,Eintala,,,,,,,,number system,0,,,,,,,,5415
"talnalína, talnaás, rauntalnalína, rauntalnaás, raunás",0,na,,Eintala,<ref idTerm=2911>Lína</ref> með tvo aðgreinda <ref idTerm=4001>punkta</ref> \(O\) (\textit{núllpunktur}) og \(E\) (\textit{einingarpunktur}) sem svara til <ref idTerm=3475>náttúrulegu talnanna</ref> 0 og 1. <ref idTerm=1204>Fjarlægðin</ref> milli þessa punkta er notuð sem <ref idTerm=2860>lengdareining</ref> og <ref idTerm=1896>heiltölunum</ref> er raðað á línuna þannig að <ref idTerm=4458>samliggjandi</ref> tölur eru í þessari fjarlægð frá hvor annarri.,,,,,,,"continuum, number axis, number line, numeric line, numerical axis, numerical line, real axis, real line",0,,,,,,,,5416
talnalykill,0,na,kk,Eintala,,,,,,,,number code,0,,,,,,,,5417
talnareikningur,0,na,kk,Eintala,,,,,,,,"numerical calculation, numerical computation",0,,,,,,,,5418
talnaritunarkerfi,0,na,hk,Eintala,Aðferð til þess að rita <ref idTerm=5397>tölur</ref> með því að nota <ref idTerm=1009>endanlega</ref> marga <ref idTerm=5558>tölustafi</ref>. Fjöldi tölustafanna \(n\) kallast \textit{grunntala} talnakerfisins og sérhverja tölu má þá skrifa sem <ref idTerm=5320>summu</ref> <ref idTerm=4425>liða</ref> á forminu \(an^k\) þar sem \(|a|<n\) og \(k\in\mathbb{Z}\).,,,,,,"binary numeration system, decimal numeration system, duodecimal numeration system, hexadecimal numeration system, octal numeration system, place value system, Roman numerals, sexadecimal numeration system, sexagesimal numeration system, ternary numeration system, vicenary numeration system","numeration system, number system, numeral system",0,,,,,,,,6668
talnaruna,0,na,kvk,Eintala,,,,,,,,"number sequence, numerical sequence",0,,,,,,,,5421
talnarúm,0,na,hk,Eintala,,,,,,,"cartesian space, complex number space, euclidean space, real number space",number space,0,,,,,,,,5420
talnaröð,0,na,kvk,Eintala,,,,,,,,"number series, numerical series",0,,,,,,,,5419
talnaslétta,0,na,kvk,Eintala,,,,,,,,number plane,0,,,,,,,,5422
talnastuðull,0,na,kk,Eintala,,,,,,,,numerical coefficient,0,,,,,,,,5424
talnastærð,0,na,kvk,Eintala,,,,,,,,numerical quantity,0,,,,,,,,5423
"talnatákn, tölutákn",0,na,hk,Eintala,,,,,,,,"figure, number symbol, numeral",0,,,,,,,,5425
talnatvennd,0,na,kvk,Eintala,,,,,,,,"number pair, number couple",0,,,,,,,,5426
talningarferli,0,na,hk,Eintala,,,,,,,,counting process,0,,,,,,,,5428
talningarfræði,0,na,kvk,Eintala,,,,,,,,enumerative combinatorics,0,,,,,,,,5429
talningarmál,0,na,hk,Eintala,,,,,,,,counting measure,0,,,,,,,,5430
"talning, upptalning",0,na,kvk,Eintala,,,,,,,,"count, counting, denumeration, enumeration",0,,,,,,,,5427
tangens,0,na,kk,Eintala,"<ref idTerm=2202>Hornafall</ref> sem er skilgreint sem \(\frac{\sin(A)}{\cos(A)}\) fyrir \(A \neq \frac{\pi}{2} + k \pi,k\in\mathbb{Z}\), táknað \(\tan(A)\). Fyrir <ref idTerm=4173>rétthyrndan þríhyrning</ref> \(ABC\) þar sem \(C\) er <ref idTerm=4167>rétt horn</ref> er \textit{tangens} af <ref idTerm=2198>horninu</ref> \(A\) <ref idTerm=2072>hlutfallið</ref> milli <ref idTerm=2860>lengd</ref> <ref idTerm=3396>mótlægrar</ref> <ref idTerm=4725>skammhliðar</ref> og lengd <ref idTerm=65>aðlægrar</ref> skammhliðar. Sjá eftirfarandi mynd: \n\n\begin{center}\n\includegraphics[width=150px]{myndir/hornafoll.png}\n\end{center}",Eftirfarandi mynd sýnir hluta <ref idTerm=2955>grafs</ref> tangensfallsins: \n\n\begin{center}\n\includegraphics[width=150px]{myndir/tan.png}\n\end{center},,,,,"tan, tg",tangent,0,,,,,,,,5431
tangensregla,0,na,kvk,Eintala,,,,,,,,"law of tangents, tangent law",0,,,,,,,,5432
tapfall,0,na,hk,Eintala,,,,,,,,loss function,0,,,,,,,,5433
Tauber-setning,0,na,kvk,Eintala,,,,,,,,Tauberian theorem,0,,,,,,,,5434
Taylor-liðun,0,na,kvk,Eintala,,,,,,,,Taylor expansion,0,,,,,,,,5435
Taylor-röð,0,na,kvk,Eintala,,,,,,,,Taylor series,0,,,,,,,,5436
táknmál,0,na,hk,Eintala,,,,,,,,notation,0,,,,,,,,5395
táknrænn,0,ls,kk,Eintala,,,,,,,,"symbolic, symbolical",0,,,,,,,,5396
tálmafall,0,na,hk,Eintala,,,,,,,,barrier function,0,,,,,,,,5400
tálmi,0,na,kk,Eintala,,,,,,,,barrier,0,,,,,,,,5401
tegund,0,na,kvk,Eintala,,,,,,,,kind,0,,,,,,,,5437
tegund,0,na,kvk,Eintala,,,,,,,,species,0,,,,,,,,5438
teikna,0,sag,,,,,,,,,,plot,0,,,,,,,,5439
"teikna, draga",0,sag,,,,,,,,,,construct,0,,,,,,,,5440
"teikna, draga",0,sag,,,,,,,,,,draw,0,,,,,,,,5441
"teiknifræði, lýsandi rúmfræði",0,na,kvk,Eintala,,,,,,,,descriptive geometry,0,,,,,,,,5442
"teikniheildun, teiknitegrun",0,na,kvk,Eintala,,,,,,,,"graphical integration, graphical quadrature",0,,,,,,,,5443
teiknihorn,0,na,hk,Eintala,,,,,,,,set square,0,,,,,,,,5444
teiknilausn,0,na,kvk,Eintala,,,,,,,,graphic solution,0,,,,,,,,5445
teikning,0,na,kvk,Eintala,,,,,,,,plot,0,,,,,,,,5446
teikning með hringfara,0,na,kvk,Eintala,,,,,,,,compass construction,0,,,,,,,,5447
teikning með hringfara og reglustiku,0,na,kvk,Eintala,,,,,,,,"construction by ruler and compass, ruler and compass construction, straight-edge-and-compass construction",0,,,,,,,,5448
"teikning, dráttur, uppdráttur, rúmfræðileg teikning",0,na,,Eintala,,,,,,,construction,geometric construction,0,,,,,,,,5449
"teikning, uppdráttur, dráttur",0,na,,Eintala,,,,,,,geometric construction,construction,0,,,,,,,,5450
"teikniverkefni, dráttardæmi",0,na,hk,Eintala,,,,,,,,construction problem,0,,,,,,,,5451
telja,0,sag,,,,,,,,,,count,0,,,,,,,,5452
teljanlega óendanlegur,0,ls,kk,Eintala,,,,,,,,"countably infinite, denumerably infinite, enumerably infinite",0,,,,,,,,5453
"teljanlega viðbætinn, sigma-viðbætinn, teljanlega samleggjandi, sigma-samleggjandi",0,ls,,,,,,,,,,"absolutely additive, countably additive, sigma-additive",0,,,,,,,,5454
"teljanlega þjappaður, sigma-þjappaður",0,ls,kk,Eintala,,,,,,,,"countably compact, sigma-compact",0,,,,,,,,5455
teljanlegt mengi,0,na,hk,Eintala,,,,,,,,countable set,0,,,,,,,,5456
teljanlegur,0,ls,kk,Eintala,,,,,,,,"countable, denumerable, enumerable",0,,,,,,,,5457
teljanlegur óendanleiki,0,na,kk,Eintala,,,,,,,,"countable infinity, denumerable infinity, enumerable infinity",0,,,,,,,,5458
"teljanleikafrumsenda, teljanleikafrumsetning",0,na,kvk,Eintala,,,,,,,,axiom of countability,0,,,,,,,,5459
"teljanleikaskilyrði, teljanleikaforsenda, teljanleikafrumsetning, teljanleikafrumsenda",0,na,,Eintala,,,,,,,,countability axiom,0,,,,,,,,5460
teljanleiki,0,na,kk,Eintala,,,,,,,,"countability, denumerability, enumerability",0,,,,,,,,5461
teljari,0,na,kk,Eintala,Sjá <ref idTerm=234>almennt brot</ref>.,,,,,,denominator,numerator,0,,,,,,,,5462
"tempruð dreif, temprað dreififelli",0,na,,Eintala,,,,,,,,"tame distribution, tempered distribution",0,,,,,,,,5463
tengd ástönd,0,na,hk,Fleirtala,,,,,,,,communicating states,0,,,,,,,,5464
tengilína,0,na,kvk,Eintala,,,,,,,,connecting line,0,,,,,,,,5466
tengill,0,na,kk,Eintala,,,,,,,,associator,0,,,,,,,,5467
tengimótun,0,na,kvk,Eintala,,,,,,,,connecting homomorphism,0,,,,,,,,5468
tenging,0,na,kvk,Eintala,,,,,,,,coupling,0,,,,,,,,5471
tenginn,0,ls,kk,Eintala,<ref idTerm=46>Reikniaðgerð</ref> \(\odot\) kallast \textit{tengin} ef hún uppfyllir <ref idTerm=5473>tengiregluna</ref>.,,,,,,,associative,0,,,,,,,,5472
"tengin aðgerð, tengin reikniaðgerð",0,na,kvk,Eintala,,,,,,,,associative operation,0,,,,,,,,5469
tengin algebra,0,na,kvk,Eintala,,,,,,,,associative algebra,0,,,,,,,,5470
tengiregla,0,na,kvk,Eintala,"<ref idTerm=5702>Tvístæð reikniaðgerð</ref> \(\odot : X \times X \to X\) á <ref idTerm=3270>mengi</ref> \(X\) er sögð fullnægja \textit{tengireglunni} ef fyrir sérhver <ref idTerm=5128>stök</ref> \(x,y,z \in X\) gildi að \((x \odot y) \odot z = x \odot (y \odot z)\).",Margar aðgerðir í algengri notkun uppfylla tengiregluna en þó eru til ótengnar aðgerðir. Sem dæmi má nefna veldishafningu en til að mynda er \((2^3)^2 \neq 2^{(3^2)}\). Athugum að \((2^3)^2 = 8^2 = 64\) en \(2^{(3^2)} = 2^9 = 512\).,,,,,,"associative law, associative rule, associativity law",0,,,,,,,,5473
tengivegur,0,na,kk,Eintala,,,,,,,,connecting path,0,,,,,,,,5474
tengi-,0,pref,,,,,,,,,,associative,0,,,,,,,,5465
tengni,0,na,kvk,Eintala,,,,,,,,associativity,0,,,,,,,,5475
"tengslatafla, slembitafla",0,na,kvk,Eintala,,,,,,,,contingency table,0,,,,,,,,5476
tengt frumíðal,0,na,hk,Eintala,,,,,,,,associated prime ideal,0,,,,,,,,5477
"teningsgrúpa, áttflötungsgrúpa",0,na,kvk,Eintala,,,,,,,,"hexahedral group, octahedral group",0,,,,,,,,5478
"teningstala, verpiltala",0,na,kvk,Eintala,,,,,,,cube,perfect cube,0,,,,,,,,5479
"teningur, verpill, reglulegur sexflötungur",0,na,kk,Eintala,<ref idTerm=2559>Kassi</ref> þar sem allar <ref idTerm=1325>hliðar</ref> eru <ref idTerm=1163>ferningar</ref>.,Eftirfarandi er mynd af teningi:\n\n\begin{center}\n\includegraphics[width=150px]{myndir/teningur.png}\n\end{center},,,,,,"(in geometry) cube, regular hexahedron",0,,,,,,,,5480
"tilfelli, tilvik",0,na,hk,Eintala,,,,,,,,case,0,,,,,,,,5490
tilfærsla,0,na,kvk,Eintala,,,,,,,"translation, motion, movement, isometry",displacement,0,,,,,,,,5488
"tilfærsla á stuðlum, stuðlatilfærsla",0,na,kvk,Eintala,,,,,,,,"variation of parameters, variation of constants",0,,,,,,,,5489
tilgáta,0,na,kvk,Eintala,,,,,,,,conjecture,0,,,,,,,,5491
tilgáta,0,na,kvk,Eintala,,,,,,,,hypothesis,0,,,,,,,,5492
tilgáta Riemanns,0,na,kvk,Eintala,,,,,,,,"Riemann's conjecture, Riemann hypothesis",0,,,,,,,,5493
"tilheyra, vera í, vera stak í",0,sag,,,,,,,,,,"belong to, be an element of",0,,,,,,,,5494
tilraun,0,na,kvk,Eintala,,,,,,,,trial,0,,,,,,,,5495
tilraunafall,0,na,hk,Eintala,,,,,,,,trial function,0,,,,,,,,5496
"tilraunahögun, högun",0,na,kvk,Eintala,,,,,,,,"design of experiment, experimental design",0,,,,,,,,5497
tilraunaskekkja,0,na,kvk,Eintala,,,,,,,,experimental error,0,,,,,,,,5498
tilsvarandi óhliðrað hneppi,0,na,hk,Eintala,,,,,,,,associated homogeneous system,0,,,,,,,,5499
tiltölulega lokað mengi,0,na,hk,Eintala,,,,,,,,relatively closed set,0,,,,,,,,5500
tiltölulega opið mengi,0,na,hk,Eintala,,,,,,,,relatively open set,0,,,,,,,,5501
tiltölulega þjappað mengi,0,na,hk,Eintala,,,,,,,,relatively compact set,0,,,,,,,,5502
tilvikasönnun,0,na,kvk,Eintala,,,,,,,,proof by cases,0,,,,,,,,5503
tilviljun,0,na,kvk,Eintala,,,,,,,,chance,0,,,,,,,,5504
"tilviljunarákvörðun, tilviljanakennd ákvörðun",0,na,kvk,Eintala,,,,,,,,chance decision,0,,,,,,,,5505
tilvist,0,na,kvk,Eintala,,,,,,,,existence,0,,,,,,,,5506
tilvistarleysi,0,na,hk,Eintala,,,,,,,,non-existence,0,,,,,,,,5508
tilvistarlokun,0,na,kvk,Eintala,,,,,,,,existential closure,0,,,,,,,,5509
"tilvistarmagnari, tilvistarvirki",0,na,kk,Eintala,,,,,,,,existential quantifier,0,,,,,,,,5510
tilvistarsetning,0,na,kvk,Eintala,,,,,,,,existence theorem,0,,,,,,,,5511
tilvistarsönnun,0,na,kvk,Eintala,,,,,,,,"existence proof, proof of existence",0,,,,,,,,5512
tilvistartákn,0,na,hk,Eintala,,,,,,,existential quantifier,existential symbol,0,,,,,,,,5513
tilvistar- og ótvíræðnisetning,0,na,kvk,Eintala,,,,,,,,unique existence theorem,0,,,,,,,,5507
tíðni,0,na,kvk,Eintala,,,,,,,,frequency,0,,,,,,,,5481
tíðnidreifing,0,na,kvk,Eintala,,,,,,,,frequency distribution,0,,,,,,,,5482
tíðnifall,0,na,hk,Eintala,,,,,,,,"frequency function, probability frequency function",0,,,,,,,,5483
tíðnirit,0,na,hk,Eintala,,,,,,,,frequency diagram,0,,,,,,,,5484
tígulflötungur,0,na,kk,Eintala,,,,,,,,rhombohedron,0,,,,,,,,5485
"tígull, tigull",0,na,kk,Eintala,<ref idTerm=1127>Ferhyrningur</ref> með allar <ref idTerm=2048>hliðar</ref> jafn <ref idTerm=2860>langar</ref>.,Eftirfarandi er mynd af tígli:\n\n\begin{center}\n\includegraphics[width=150px]{myndir/tigull.png}\n\end{center},,,,,,rhombus,0,,,,,,,,5486
tíhyrningur,0,na,kk,Eintala,,,,,,,,decagon,0,,,,,,,,5487
tímabreyta,0,na,kvk,Eintala,,,,,,,,time parameter,0,,,,,,,,5514
"tímaóháður, sjálfstýrandi",0,ls,,,,,,,,,,autonomous,0,,,,,,,,5515
tímaraðagreining,0,na,kvk,Eintala,,,,,,,,"analysis of time series, time series analysis",0,,,,,,,,5516
tímarúm,0,na,hk,Eintala,,,,,,,,space-time,0,,,,,,,,5518
"tímaröð, tímaruna",0,na,kvk,Eintala,,,,,,,,time series,0,,,,,,,,5517
togferill,0,na,kk,Eintala,,,,,,,,tractory,0,,,,,,,,5520
togfræði,0,na,kvk,Eintala,,,,,,,,homotopy theory,0,,,,,,,,5521
toggerð,0,na,kvk,Eintala,,,,,,,,homotopy type,0,,,,,,,,5522
toggrúpa,0,na,kvk,Eintala,,,,,,,,homotopy group,0,,,,,,,,5523
togjafngildi,0,na,hk,Eintala,,,,,,,,homotopy equivalence,0,,,,,,,,5524
togjafngildur,0,ls,kk,Eintala,,,,,,,,"homotopy-equivalent, homotopically equivalent",0,,,,,,,,5525
toglest,0,na,kvk,Eintala,,,,,,,,homotopy sequence,0,,,,,,,,5526
togunarinndragi,0,na,kk,Eintala,,,,,,,,deformation retract,0,,,,,,,,5527
togunarinndráttur,0,na,kk,Eintala,,,,,,,,deformation retraction,0,,,,,,,,5528
topphorn,0,na,hk,Eintala,\textit{Topphorn} getur ýmist átt við <ref idTerm=2198>hornið</ref> sem jöfnu <ref idTerm=2048>hliðar</ref> <ref idTerm=2496>jafnhliða þríhyrnings</ref> mynda eða tvöfalt <ref idTerm=0>áshorn</ref> <ref idTerm=2576>keilu</ref> eða <ref idTerm=5286>píramída</ref>.,,,,,,,"apex angle, apical angle, vertex angle",0,,,,,,,,5567
"topphorn, gagnstæð horn",0,na,hk,Eintala,<ref idTerm=2198>Hornið</ref> sem <ref idTerm=3400>gagnstæðar</ref> <ref idTerm=1840>hálflínur</ref> við <ref idTerm=334>arma</ref> <ref idTerm=2198>horns</ref> mynda kallast \textit{mótlægt horn} upphaflega hornsins og sagt er að þessi tvö horn séu \textit{gagnstæð horn},Eftirfarandi er mynd sem sýnir gagnstæð horn:\n\n\begin{center}\n\includegraphics[width=150px]{myndir/gagnstaed_horn.png}\n\end{center}\n\nRauðu hálflínurnar eru mótlægar við bláu hálflínurnar og rauða hornið er því mótlægt við bláa hornið. Gagnstæð horn eru alltaf jafn stór.,,,,,,"opposite angles, vertical angles",0,,,,,,,,5568
topppunktur,0,na,kk,Eintala,,,,,,,,(of an isosceles triangle) vertex,0,,,,,,,,5569
"topppunktur, tindur, toppur, broddur",0,na,kk,Eintala,,,,,,,,"apex, vertex",0,,,,,,,,5570
torræðni,0,na,kvk,Eintala,,,,,,,,transcendence,0,,,,,,,,5572
torræðnigrunnur,0,na,kk,Eintala,,,,,,,,"transcendence basis, transcendental basis",0,,,,,,,,5573
torræðnistig,0,na,hk,Eintala,,,,,,,,transcendence degree,0,,,,,,,,5574
torræður,0,ls,kk,Eintala,,,,,,,,"transcendental, transcendent",0,,,,,,,,5575
torræð tala,0,na,kvk,Eintala,,,,,,,,transcendental number,0,,,,,,,,5571
torrætt fall,0,na,hk,Eintala,,,,,,,,transcendental function,0,,,,,,,,5576
tólfflata,0,ls,,,,,,,,,,dodecahedral,0,,,,,,,,5529
"tólfflötungsgrúpa, tvítugflötungsgrúpa",0,na,kvk,Eintala,,,,,,,,"dodecahedral group, icosahedral group",0,,,,,,,,5530
tólfflötungur,0,na,kk,Eintala,,,,,,,,dodecahedron,0,,,,,,,,5531
tólfhyrningur,0,na,kk,Eintala,,,,,,,,dodecagon,0,,,,,,,,5532
"tómt mengi, tómamengi",0,na,hk,Eintala,"<ref idTerm=3270>Mengið</ref> með engin <ref idTerm=5128>stök</ref>, ýmist táknað með \(\emptyset, \varnothing\) eða \(\{\}\).",,,,,,,"empty set, void set, vacuous set",0,,,,,,,,5564
tómur,0,ls,kk,Eintala,,,,,,,,"empty, vacuous, void",0,,,,,,,,5565
tómur flokkur,0,na,kk,Eintala,,,,,,,empty set,"empty class, null-class, vacuous class, void class",0,,,,,,,,5566
"trapisa, hálfsamsíðungur",0,na,,Eintala,<ref idTerm=1127>Ferhyrningur</ref> þar sem einhver <ref idTerm=2048>hlið</ref> er <ref idTerm=4509>samsíða</ref> <ref idTerm=3396>mótlægri hlið</ref> sinni.,Eftirfarandi er mynd af trapisu:\n\n\begin{center}\n\includegraphics[width=150px]{myndir/trapisa.png}\n\end{center},,,,,,"trapezoid, trapezium",0,,,,,,,,5577
trefja,0,na,kvk,Eintala,"<ref idTerm=1366>Frummynd</ref> <ref idTerm=3282>vörpunar</ref> \(f: X \to Y\) af <ref idTerm=963>einstökungnum</ref> \(\{y\}\) þar sem \(y \in Y\), oft táknuð \(f^{-1}(\{y\})\) eða \(f^{-1}(y)\) ef engin hætta er á misskilningi.",,,,,,,"fibre, fiber",0,,,,,,,,5579
trefjabundin,0,na,,Eintala,,,,,,,"bundle, vector bundle",fibre bundle,0,,,,,,,,5580
trefjamargfeldi,0,na,hk,Eintala,,,,,,,,"fibre product, fibred product, pull-back",0,,,,,,,,5581
trefjarúm,0,na,hk,Eintala,,,,,,,"fibration, fibring",fibre space,0,,,,,,,,5583
trefjarækin vörpun,0,na,kvk,Eintala,,,,,,,,fibre preserving mapping,0,,,,,,,,5582
trefjun,0,na,kvk,Eintala,,,,,,,fibre space,"fibration, fibering, fibring",0,,,,,,,,5584
tregða,0,na,kvk,Eintala,,,,,,,,inertia,0,,,,,,,,5585
"tregðuregla, tregðuregla Sylvesters",0,na,kvk,Eintala,,,,,,,,"law of inertia, Sylvester's law",0,,,,,,,,5586
tregðuvísir,0,na,kk,Eintala,,,,,,,,index of inertia,0,,,,,,,,5587
tré,0,na,hk,Eintala,,,,,,,arborescence,tree,0,,,,,,,,5578
troðsla,0,na,kvk,Eintala,,,,,,,,packing,0,,,,,,,,5588
troðsluverkefni,0,na,hk,Eintala,,,,,,,,packing problem,0,,,,,,,,5589
troðsluþéttleiki,0,na,kk,Eintala,,,,,,,,packing density,0,,,,,,,,5590
truflaður,0,ls,kk,Eintala,,,,,,,,perturbed,0,,,,,,,,5591
truflanafræði,0,na,kvk,Eintala,,,,,,,,perturbation theory,0,,,,,,,,5592
truflanaliður,0,na,kk,Eintala,,,,,,,,perturbing term,0,,,,,,,,5593
truflanastiki,0,na,kk,Eintala,,,,,,,,perturbation parameter,0,,,,,,,,5594
truflun,0,na,kvk,Eintala,,,,,,,,perturbation,0,,,,,,,,5595
tryggilega flatur,0,ls,kk,Eintala,,,,,,,,faithfully flat,0,,,,,,,,5599
tryggingastærðfræði,0,na,kvk,Eintala,,,,,,,,actuarial mathematics,0,,,,,,,,5600
tryggur,0,ls,kk,Eintala,,,,,,,,faithful,0,,,,,,,,5601
tryggur mótull,0,na,kk,Eintala,,,,,,,,faithful module,0,,,,,,,,5602
tryggur varpi,0,na,kk,Eintala,,,,,,,,faithful functor,0,,,,,,,,5603
trygg túlkun,0,na,kvk,Eintala,,,,,,,,faithful interpretation,0,,,,,,,,5596
trygg útsetning,0,na,kvk,Eintala,,,,,,,,faithful representation,0,,,,,,,,5597
trygg verkun,0,na,kvk,Eintala,,,,,,,,"effective action, effective operation, faithful action, faithful operation",0,,,,,,,,5598
Tsjebysjev-margliða,0,na,kvk,Eintala,,,,,,,,Chebyshev polynomial,0,,,,,,,,5604
tugabrot,0,na,hk,Eintala,,,,,,,,"decimal, decimal fraction",0,,,,,,,,5606
tugabrot,0,na,hk,Eintala,,,,,,,,decimal fraction,0,,,,,,,,5607
tugabrotshluti,0,na,kk,Eintala,,,,,,,,decimal part,0,,,,,,,,5608
"tugabrotsliðun, tugabrotsrakning, tugabrotsteygð",0,na,kvk,Eintala,,,,,,,,decimal expansion,0,,,,,,,,5609
"tugafylling, tugafyllitala",0,na,kvk,Eintala,,,,,,,,complement with respect to 10,0,,,,,,,,6669
tugakerfi,0,na,hk,Eintala,,,,,,,numeration system,"decimal numeration system, decimal number system, decimal system (of numeration)",0,,,,,,,,5611
"tugalogri, venjulegur logri, logri með grunntölu, logri með stofntölu, Briggs-logri",0,na,kk,Eintala,,,,,,,,"Briggs logarithm, common logarithm, decimal logarithm, vulgar logarithm",0,,,,,,,,5612
tugastafur,0,na,kk,Eintala,,,,,,,,"decimal, decimal digit",0,,,,,,,,5614
tugastafur,0,na,kk,Eintala,,,,,,,,decimal digit,0,,,,,,,,5615
tugasæti,0,na,hk,Eintala,,,,,,,,decimal place,0,,,,,,,,5613
"tugatala, tala í tugakerfi",0,na,kvk,Eintala,,,,,,,,"decimal, decimal number",0,,,,,,,,5616
"tugatala, tala í tugakerfi",0,na,kvk,Eintala,,,,,,,,"decimal number, decimal",0,,,,,,,,6670
tuga-,0,ls,,Eintala,,,,,,,,"decimal, decadic",0,,,,,,,,6671
tunna,0,na,kvk,Eintala,,,,,,,,barrel,0,,,,,,,,5618
tunnurúm,0,na,hk,Eintala,,,,,,,,"barrelled space, tunnelled space",0,,,,,,,,5619
Turing-reiknanlegur,0,ls,kk,Eintala,,,,,,,,Turing computable,0,,,,,,,,5620
Turing-vél,0,na,kvk,Eintala,,,,,,,,Turing machine,0,,,,,,,,5621
turn,0,na,kk,Eintala,,,,,,,,tower,0,,,,,,,,5622
turn af sviðum,0,na,kk,Eintala,,,,,,,,field tower,0,,,,,,,,5623
túlkun,0,na,kvk,Eintala,,,,,,,,interpretation,0,,,,,,,,5617
tveggjaferningasetning,0,na,kvk,Eintala,,,,,,,,two squares theorem,0,,,,,,,,5625
tveggja manna leikur,0,na,kk,Eintala,,,,,,,,two-person game,0,,,,,,,,5624
tveir og tveir,0,,,,,,,,,,,pairwise,0,,,,,,,,5626
"tvennd, raðtvennd, röðuð tvennd",0,na,kvk,Eintala,Par <ref idTerm=2123>hluta</ref> í tiltekinni röð.,"Fyrir tvo hluti \(x \in X\) og \(y \in Y\) þar sem \(X\) og \(Y\) eru <ref idTerm=3270>mengi</ref> er tvenndin \((x,y)\) stak í <ref idTerm=3279>faldmenginu</ref> \(X \times Y\).",,,,,,"couple, ordered couple, ordered pair, pair",0,,,,,,,,5627
"tvinnbreyta, tvinnbreytistærð",0,na,kvk,Eintala,,,,,,,,complex variable,0,,,,,,,,5672
"tvinnfallagreining, tvinnfallafræði, tvinngreining",0,na,kvk,Eintala,,,,,,,,"complex analysis, function theory",0,,,,,,,,5674
"tvinnfall, tvinngilt fall, tvinntölugilt fall",0,na,hk,Eintala,<ref idTerm=3282>Vörpun</ref> með <ref idTerm=5682>\(\mathbb{C}\)</ref> sem <ref idTerm=74>bakmengi</ref>.,,,,,,,"complex function, complex-valued function",0,,,,,,,,5673
"tvinnfylki, tvinntalnafylki",0,na,hk,Eintala,,,,,,,,complex matrix,0,,,,,,,,5675
"tvinngildur, tvinntölugildur",0,ls,kk,Eintala,,,,,,,,"complex-valued, complex valued",0,,,,,,,,5676
tvinnlína,0,na,kvk,Eintala,,,,,,,,complex line,0,,,,,,,,5677
tvinnlínubundin,0,na,,Eintala,,,,,,,,(in geometry) complex line bundle,0,,,,,,,,5678
tvinnpunktur,0,na,kk,Eintala,,,,,,,,complex point,0,,,,,,,,5679
tvinnrúmfræði,0,na,kvk,Eintala,,,,,,,,complex geometry,0,,,,,,,,5680
tvinnslétta,0,na,kvk,Eintala,,,,,,,,(2-dimensional complex linear space) complex plane,0,,,,,,,,5681
tvinntala,0,na,kvk,Eintala,"<ref idTerm=5397>Tala</ref> á forminu \(a+bi\) þar sem \(a,b\in\mathbb{R}\) og \(i\) er tala sem uppfyllir \(i^2=-1\).",,,,,,imaginary number,complex number,0,,,,,,,,5682
tvinntalnakerfi,0,na,hk,Eintala,,,,,,,complex number field,complex number system,0,,,,,,,,5683
tvinntalnarúm,0,na,hk,Eintala,,,,,,,"number space, real number space",complex number space,0,,,,,,,,5684
"tvinntalnaslétta, tvinnslétta",0,na,kvk,Eintala,,,,,,,,"Argand plane, complex number plane, complex plane, Gauss number plane, Gaussian plane",0,,,,,,,,5685
tvinntalnasvið,0,na,hk,Eintala,,,,,,,,"complex field, complex number field, field of complex numbers",0,,,,,,,,5686
tvinnun,0,na,kvk,Eintala,,,,,,,,complexification,0,,,,,,,,5687
tvinnvarplína,0,na,kvk,Eintala,,,,,,,complex sphere,complex projective line,0,,,,,,,,5688
"tvinnvarprúm, varprúm yfir tvinntölurnar",0,na,hk,Eintala,,,,,,,,complex projective space,0,,,,,,,,5689
"tvinnvarpslétta, varpslétta yfir tvinntölurnar",0,na,kvk,Eintala,,,,,,,,complex projective plane,0,,,,,,,,5690
"tvinnvigurrúm, tvinnlínulegt rúm, vigurrúm yfir tvinntölurnar, línulegt rúm yfir tvinntölurnar",0,na,hk,Eintala,,,,,,,,"complex vector space, complex linear space",0,,,,,,,,5691
"tvinnþverstaðalgrúpa, þverstaðalgrúpa yfir tvinntölurnar",0,na,kvk,Eintala,,,,,,,,complex orthogonal group,0,,,,,,,,5692
"tvinn-, tvinntalna-",0,pref,,,,,,,,,,complex,0,,,,,,,,5671
"tvisvar, tvisvar sinnum, tví-",0,,,,,,,,,,,twice,0,,,,,,,,5712
tvíaðfelldur þríhyrningur,0,na,kk,Eintala,,,,,,,,doubly asymptotic triangle,0,,,,,,,,5628
tvíblaða,0,ls,,,,,,,,,,two-sheeted,0,,,,,,,,5629
"tvíblaða breiðbogaflötur, tvískála breiðbogaflötur",0,na,kk,Eintala,,,,,,,,"hyperboloid of two sheets, parted hyperboloid, two-sheet hyperboloid",0,,,,,,,,5630
tvíblaða þekjurúm,0,na,hk,Eintala,,,,,,,,two-sheeted covering space,0,,,,,,,,5631
"tvídeildanlegur, tvídiffranlegur",0,ls,kk,Eintala,,,,,,,,twice differentiable,0,,,,,,,,5632
tvífléttingur,0,na,kk,Eintala,,,,,,,,"bicomplex, double complex",0,,,,,,,,5633
tvíflokkun,0,na,kvk,Eintala,,,,,,,,dichotomy,0,,,,,,,,5634
tvíflötungsgrúpa,0,na,kvk,Eintala,,,,,,,,dihedral group,0,,,,,,,,5635
tvíflötungur,0,na,kk,Eintala,,,,,,,,dihedron,0,,,,,,,,5636
tvígildur,0,ls,kk,Eintala,,,,,,,,bivalent,0,,,,,,,,5638
tvígildur,0,ls,kk,Eintala,,,,,,,,two-valued,0,,,,,,,,5639
tvígild rökfræði,0,na,kvk,Eintala,,,,,,,,two-valued logic,0,,,,,,,,5637
tvíhliða,0,ls,,,,,,,,,,two-sided,0,,,,,,,,5640
tvíhliða flötur,0,na,kk,Eintala,,,,,,,,two-sided surface,0,,,,,,,,5641
tvíhliða íðal,0,na,hk,Eintala,,,,,,,,two-sided ideal,0,,,,,,,,5642
tvíhliða mótull,0,na,kk,Eintala,,,,,,,,two-sided module,0,,,,,,,,5643
tvíhliða próf,0,na,hk,Eintala,,,,,,,,"double-tailed test, two-sided test",0,,,,,,,,5645
tvíhliða umhverfa,0,na,kvk,Eintala,,,,,,,,two-sided inverse,0,,,,,,,,5646
tvíhliða öryggisbil,0,na,hk,Eintala,,,,,,,,two-sided confidence interval,0,,,,,,,,5644
"tvíhliða, frá báðum hliðum",0,,,,,,,,,,,bilateral,0,,,,,,,,5647
tvíhlutanet,0,na,hk,Eintala,,,,,,,,bipartite graph,0,,,,,,,,5648
tvíhornalínufylki,0,na,hk,Eintala,,,,,,,,bidiagonal matrix,0,,,,,,,,5649
tvíhyrningur,0,na,kk,Eintala,,,,,,,,digon,0,,,,,,,,5650
"tvíhyrningur, kúlutvíhyrningur, kúlusigð",0,na,,Eintala,,,,,,,lune,"biangle, gore, spherical digon, spherical lune",0,,,,,,,,5651
"tvíkeila, tvöföld keila",0,na,kvk,Eintala,,,,,,,,"bicone, double cone",0,,,,,,,,5652
tvíkostur,0,na,kk,Eintala,,,,,,,Fredholm alternative,alternative,0,,,,,,,,5653
"tvíkostur Fredholms, tilvik Fredholms",0,na,,Eintala,,,,,,,,Fredholm alternative,0,,,,,,,,5654
"tvíkryppudreifing, tvítindadreifing",0,na,kvk,Eintala,,,,,,,multimodal distribution,"bimodal distribution, double-peaked distribution",0,,,,,,,,5655
"tvíliða jafna, tvíliðujafna",0,na,kvk,Eintala,,,,,,,,binomial equation,0,,,,,,,,5656
"tvíliða, tvíliða stærð",0,na,kvk,Eintala,,,,,,,,binomial,0,,,,,,,,5657
"tvíliðudreifing, tvíkostadreifing, Bernoulli-dreifing",0,na,kvk,Eintala,,,,,,,"Bernoulli distribution, multinomial distribution, polynomial distribution",binomial distribution,0,,,,,,,,5659
tvíliðuregla,0,na,kvk,Eintala,,,,,,,binomial theorem,binomial formula,0,,,,,,,,5660
tvíliðuröð,0,na,kvk,Eintala,,,,,,,,binomial series,0,,,,,,,,5661
tvíliðusetning,0,na,kvk,Eintala,,,,,,,binomial formula,binomial theorem,0,,,,,,,,5662
tvíliðustuðull,0,na,kk,Eintala,,,,,,,,binomial coefficient,0,,,,,,,,5663
"tvíliðu-, tvíliða",0,,,,,,,,,,,binomial,0,,,,,,,,5658
tvílitun,0,na,kvk,Eintala,,,,,,,,bicolouring,0,,,,,,,,5668
tvílíkindafylki,0,na,hk,Eintala,,,,,,,,bistochastic matrix,0,,,,,,,,5664
tvílínulegt form,0,na,hk,Eintala,,,,,,,,bilinear form,0,,,,,,,,5666
tvílínulegur,0,ls,kk,Eintala,,,,,,,,bilinear,0,,,,,,,,5667
tvílínuleg vörpun,0,na,kvk,Eintala,,,,,,,,"bilinear transformation, bilinear mapping",0,,,,,,,,5665
"tvílotubundinn, tvílotulegur",0,ls,kk,Eintala,Sjá skýringu við <ref idTerm=3049>lotubundið fall</ref>.,,,,,,,doubly periodic,0,,,,,,,,5669
tvílotuleiki,0,na,kk,Eintala,,,,,,,,double periodicity,0,,,,,,,,5670
"tvípunktur, tvöfaldur punktur",0,na,kk,Eintala,,,,,,,,double point,0,,,,,,,,5693
"tvíraðafylgni, tvírunufylgni",0,na,kvk,Eintala,,,,,,,,biserial correlation,0,,,,,,,,5694
tvírétthyrndur,0,ls,kk,Eintala,,,,,,,,birectangular,0,,,,,,,,5695
"tvískilyrðing, gagnkvæm skilyrðing",0,na,kvk,Eintala,,,,,,,equivalence,"biconditional, material equivalence",0,,,,,,,,5697
tvískipting,0,na,kvk,Eintala,,,,,,,,disection,0,,,,,,,,5698
"tvískipting, tvíhlutun",0,na,kvk,Eintala,,,,,,,,bipartition,0,,,,,,,,5699
tvískiptitala,0,na,kvk,Eintala,,,,,,,,dyadic number,0,,,,,,,,5700
tvískífa,0,na,kvk,Eintala,,,,,,,,"bicylinder, bidisk",0,,,,,,,,5696
tvísniðill,0,na,kk,Eintala,,,,,,,,bisecant,0,,,,,,,,5701
tvístakaruna,0,na,kvk,Eintala,,,,,,,,zero-one sequence,0,,,,,,,,5707
tvístigaður,0,ls,kk,Eintala,,,,,,,,bigraded,0,,,,,,,,5708
tvístika fjölskylda,0,na,kvk,Eintala,,,,,,,,two-parameter family,0,,,,,,,,5709
tvístrun,0,na,kvk,Eintala,,,,,,,,dispersion,0,,,,,,,,5711
tvístæður,0,ls,kk,Eintala,,,,,,,,"(having two variables) binary, dyadic, two-place",0,,,,,,,,5706
tvístæð aðgerð,0,na,kvk,Eintala,<ref idTerm=46>Aðgerð</ref> á <ref idTerm=3270>mengi</ref> \(X\) af gerðinni \(X \times X \to X\) kallast \textit{tvístæð aðgerð},Dæmi um tvístæðar aðgerðir eru <ref idTerm=0>samlagning</ref> og <ref idTerm=3141>margföldun</ref> á <ref idTerm=3270>mengi</ref> <ref idTerm=4093>rauntalna</ref> \(\mathbb{R}\).,,,,,,binary operation,0,,,,,,,,5702
"tvístæð samtenging, tvístæður tengill",0,na,,Eintala,,,,,,,,binary connective,0,,,,,,,,5703
tvístæð umsögn,0,na,kvk,Eintala,,,,,,,,"binary predicate, two-place predicate",0,,,,,,,,5704
tvístæð vensl,0,na,hk,Fleirtala,<ref idTerm=6051>Vensl</ref> milli tveggja <ref idTerm=3270>mengja</ref>.,,,,,,,"binary relation, two-place relation",0,,,,,,,,5705
"tvístökungur, tveggjastakamengi",0,na,,Eintala,,,,,,,,"pair set, two element set",0,,,,,,,,5710
tvítengt net,0,na,hk,Eintala,,,,,,,non-separable graph,biconnected graph,0,,,,,,,,5713
tvítugakerfi,0,na,hk,Eintala,,,,,,,,vicenary numeration system,0,,,,,,,,5714
tvítugflata,0,ls,,,,,,,,,,icosahedral,0,,,,,,,,5715
tvítugflötungur,0,na,kk,Eintala,,,,,,,,icosahedron,0,,,,,,,,5716
tvíundaframsetning,0,na,kvk,Eintala,,,,,,,,(of a number) binary representation,0,,,,,,,,5718
tvíundakerfi,0,na,hk,Eintala,<ref idTerm=6668>Talnaritunarkerfi</ref> með grunntölu 2. Yfirleitt notað <ref idTerm=5558>tölustafina</ref> 0 og 1.,,,,,,numeration system,"binary numeration system, binary number system",0,,,,,,,,5719
tvíundasæti,0,na,hk,Eintala,,,,,,,,binary place,0,,,,,,,,5720
tvíundatala,0,na,kvk,Eintala,,,,,,,,"binary numeral, binary number, dyadic number",0,,,,,,,,5721
tvíundatalnaritun,0,na,kvk,Eintala,,,,,,,,"binary notation, binary representation",0,,,,,,,,5722
"tvíundatré, tvískiptitré",0,na,hk,Eintala,,,,,,,,binary tree,0,,,,,,,,5723
tvíunda-,0,pref,,,,,,,,,,"(connected with binary numbers) binary, dyadic",0,,,,,,,,5717
"tvíveldasumma, ferningasumma",0,na,kvk,Eintala,,,,,,,,sum of squares,0,,,,,,,,5724
"tvíveldi, annað veldi, ferningur",0,na,,Eintala,,,,,,,perfect square,(in algebra) square,0,,,,,,,,5725
"tvíviðbætinn, tvísamleggjandi",0,ls,,,,,,,,,,biadditive,0,,,,,,,,5728
tvívigur,0,na,kk,Eintala,,,,,,,,"bivector, divector",0,,,,,,,,5731
tvívíður,0,ls,kk,Eintala,,,,,,,bivariate,"bidimensional, two-dimensional",0,,,,,,,,5729
tvívíður,0,ls,kk,Eintala,,,,,,,"bidimensional, two-dimensional",bivariate,0,,,,,,,,5730
tvívíð dreifing,0,na,kvk,Eintala,,,,,,,,bivariate distribution,0,,,,,,,,5726
"tvívíð Gaussdreifing, tvívíð normleg dreifing, tvívíð normaldreifing",0,na,kvk,Eintala,,,,,,,,"binormal distribution, bivariate normal distribution",0,,,,,,,,5727
tvívíxill,0,na,kk,Eintala,,,,,,,,bicommutant,0,,,,,,,,5732
tvíþverill,0,na,kk,Eintala,,,,,,,,binormal,0,,,,,,,,5733
"tvíþýð deildajafna, tvíþýð hlutafleiðujafna",0,na,kvk,Eintala,,,,,,,,biharmonic equation,0,,,,,,,,5734
tvíþýtt fall,0,na,hk,Eintala,,,,,,,,biharmonic function,0,,,,,,,,5735
"tvöfaldlega samanhangandi, tvöfaldlega samhangandi",0,ls,,,,,,,,,,doubly connected,0,,,,,,,,5736
tvöfaldur,0,ls,kk,Eintala,,,,,,,,"double, two-fold",0,,,,,,,,5737
tvöfaldur beygjuskilakrosspunktur,0,na,kk,Eintala,,,,,,,,flecflecnode,0,,,,,,,,5738
"tvöfalt heildi, tvöfalt tegur",0,na,hk,Eintala,,,,,,,,double integral,0,,,,,,,,5739
tvöföldunarregla,0,na,kvk,Eintala,,,,,,,,duplication formula,0,,,,,,,,5745
tvöföldun tenings,0,na,kvk,Eintala,,,,,,,,"Delian problem, Delic problem, duplication of the cube",0,,,,,,,,5744
tvöföld neitun,0,na,kvk,Eintala,,,,,,,,double negation,0,,,,,,,,5740
tvöföld rót,0,na,kvk,Eintala,,,,,,,,double root,0,,,,,,,,5742
tvöföld runa,0,na,kvk,Eintala,,,,,,,,double sequence,0,,,,,,,,5743
tvöföld röð,0,na,kvk,Eintala,,,,,,,,double series,0,,,,,,,,5741
tylftabrot,0,na,hk,Eintala,,,,,,,,duodecimal fraction,0,,,,,,,,5747
tylftakerfi,0,na,hk,Eintala,,,,,,,,duodecimal numeration system,0,,,,,,,,5748
tylftaritháttur,0,na,kk,Eintala,,,,,,,,duodecimal notation,0,,,,,,,,5749
"tylfta-, í tylftakerfi",0,,,,,,,,,,,duodecimal,0,,,,,,,,5746
tæming,0,na,kvk,Eintala,,,,,,,,exhaustion,0,,,,,,,,5371
tæmingaraðferð,0,na,kvk,Eintala,,,,,,,,"exhaustion method, method of exhaustion",0,,,,,,,,5372
töfraferningur,0,na,kk,Eintala,,,,,,,,magic square,0,,,,,,,,5519
tölfræði,0,na,kvk,Eintala,,,,,,,statistic,statistics,0,,,,,,,,5533
tölfræðilega marktækur,0,ls,kk,Eintala,,,,,,,,statistically significant,0,,,,,,,,5537
tölfræðilegt eftirlit,0,na,hk,Eintala,,,,,,,,statistical control,0,,,,,,,,5538
"tölfræðilegt próf, marktektarpróf",0,na,hk,Eintala,,,,,,,,"statistical test, test of hypothesis, test of significance",0,,,,,,,,5539
tölfræðileg ályktun,0,na,kvk,Eintala,,,,,,,,"inference, statistical inference",0,,,,,,,,5534
tölfræðileg marktekt,0,na,kvk,Eintala,,,,,,,,statistical significance,0,,,,,,,,5535
tölfræðileg tilgáta,0,na,kvk,Eintala,,,,,,,,statistical hypothesis,0,,,,,,,,5536
tölfræðingur,0,na,kk,Eintala,,,,,,,,statistician,0,,,,,,,,5540
tölugildur,0,ls,kk,Eintala,,,,,,,,scalar valued,0,,,,,,,,5541
"tölukrappi, krappatala",0,na,,Eintala,,,,,,,,scalar curvature,0,,,,,,,,5542
"tölulegur, talnalegur",0,ls,kk,Eintala,,,,,,,,"numerical, numeric",0,,,,,,,,5551
töluleg aðferð,0,na,kvk,Eintala,,,,,,,,numerical method,0,,,,,,,,5543
"töluleg deildun, töluleg diffrun",0,na,kvk,Eintala,,,,,,,,numerical differentiation,0,,,,,,,,5544
töluleg greining,0,na,kvk,Eintala,,,,,,,,numerical analysis,0,,,,,,,,5546
"töluleg gögn, staðtölur, lýsitölur",0,na,,Fleirtala,,,,,,,statistics,(in plural: statistics) statistic,0,,,,,,,,5545
"töluleg heildun, töluleg tegrun",0,na,kvk,Eintala,,,,,,,,"numerical integration, numerical quadrature",0,,,,,,,,5547
"töluleg lausn, talnalausn",0,na,kvk,Eintala,,,,,,,,numerical solution,0,,,,,,,,5548
töluleg línuleg algebra,0,na,kvk,Eintala,,,,,,,,numerical linear algebra,0,,,,,,,,5549
töluleg nálgunarfræði,0,na,kvk,Eintala,,,,,,,,numerical approximation theory,0,,,,,,,,5550
tölumargfeldi (vigurs),0,na,hk,Eintala,,,,,,,,"(of a vector) scalar multiple, scalar product",0,,,,,,,,5552
tölumargföldun,0,na,kvk,Eintala,,,,,,,,scalar multiplication,0,,,,,,,,5553
töluóbreyta,0,na,kvk,Eintala,,,,,,,,numerical invariant,0,,,,,,,,5554
tölusettur,0,ls,kk,Eintala,,,,,,,,numbered,0,,,,,,,,5557
"tölusett net, markað net, merkt net",0,na,hk,Eintala,,,,,,,,labelled graph,0,,,,,,,,5556
tölustafur,0,na,kk,Eintala,<ref idTerm=5394>Tákn</ref> sem stendur fyrir ákveðna <ref idTerm=3475>náttúrulega tölu</ref>.,"Algengustu tölustafirnir sem notaðir eru í stærðfræði eru svokallaðir arabískir tölustafir: 0, 1, 2, 3, 4, 5, 6, 7, 8 og 9 sem eru notaðir í <ref idTerm=5415>talnakerfum</ref> með grunntölu minni en eða jöfn 10. Fyrir talnakerfi með stærri grunntölum er síðan yfirleitt sótt tákn úr rómverska stafrófinu: A, B, C og svo framvegis til þess að tákna tölur stærri en 9.",,,,,digit,numeral,0,,,,,,,,5558
"tölustafur, fingur",0,na,kk,Eintala,,,,,,,"bigit, binary digit, bit, decimal digit, numeral, place digit",digit,0,,,,,,,,5559
"tölustafur, fingur",0,na,kk,Eintala,,,,,,,digit,place digit,0,,,,,,,,5560
tölusvið,0,na,hk,Eintala,,,,,,,,scalar field,0,,,,,,,,5561
"tölva, reiknivél",0,na,kvk,Eintala,,,,,,,calculator,computer,0,,,,,,,,5562
"tölvufræði, tölvunarfræði",0,na,kvk,Eintala,,,,,,,,computer science,0,,,,,,,,5563
umáttun,0,na,kvk,Eintala,,,,,,,,reorientation,0,,,,,,,,5752
umbunarfall,0,na,hk,Eintala,,,,,,,,"reward function, yield function",0,,,,,,,,5753
"umfangsfrumsenda, umfangsfrumsetning, frumsenda um umfang, frumsetning um umfang",0,na,kvk,Eintala,,,,,,,,axiom of extensionality,0,,,,,,,,5754
"umferðarheildi, umferðartegur",0,na,hk,Eintala,,,,,,,,circulation,0,,,,,,,,5755
"umhverfanlegt fylki, andhverfanlegt fylki, reglulegt fylki, ósérstætt fylki",0,na,hk,Eintala,,,,,,,,"invertible matrix, non-singular matrix, regular matrix",0,,,,,,,,5758
"umhverfanlegur, andhverfanlegur",0,ls,kk,Eintala,,,,,,,inverse,(of an element in a monoid) invertible,0,,,,,,,,5759
"umhverfanlegur, andhverfanlegur, reglulegur, ósérstæður",0,ls,kk,Eintala,,,,,,,non-singular matrix,(of a matrix)) non-singular,0,,,,,,,,5760
"umhverfa, andhverfa",0,na,kvk,Eintala,\textit{Andhverfa} <ref idTerm=5128>staks</ref> \(x\) í <ref idTerm=3270>mengi</ref> \(X\) með tilliti til <ref idTerm=46>reikniaðgerðarinnar</ref> \(\odot\) með <ref idTerm=0>hlutleysu</ref> \(e\) er stak \(y \in X\) sem uppfyllir \(x \odot y = y \odot x = e\).,"Ef \(\odot\) er <ref idTerm=5473>tengin</ref> <ref idTerm=3932>ákvarðast umhverfan ótvírætt</ref> af þessum <ref idTerm=4797>skilyrðum</ref> og sérhvert stak tenginnar reikniaðgerðar hefur því í mesta lagi eina andhverfu. Athugið að andhverfa staks þarf ekki endilega að vera til. Ef reikniaðgerðin sem um ræðir er <ref idTerm=0>samlagning</ref>, þá er andhverfa staksins \(x\) yfirleitt táknuð með \(-x\). Ef reikniaðgerðin er hins vegar <ref idTerm=3141>margföldun</ref>, þá er andhverfa staksins \(x\) yfirleitt táknuð með \(x^{-1}\) eða \(\frac1x\).",,,,,"additive inverse, multiplicative inverse, inverse matrix, inverse number","(with respect to an operation) inverse, inverse element, reciprocal, reciprocal element",0,,,,,,,,5757
"umhverfa, andhverfa",0,na,kvk,Eintala,,,,,,,,"(with respect to any operation) reciprocal, inverse, inverse element, reciprocal element",0,,,,,,,,6672
umhverfður veldisvísisferill,0,na,kk,Eintala,,,,,,,,logistic curve,0,,,,,,,,5761
umhverfing,0,na,kvk,Eintala,,,,,,,,(of an implication) inverse,0,,,,,,,,5762
umhverfing,0,na,kvk,Eintala,,,,,,,,(forming an inverse) inversion,0,,,,,,,,5763
"umhverfingarhringur, spegilhringur",0,na,kk,Eintala,,,,,,,,circle of inversion,0,,,,,,,,5764
"umhverfingarmiðja, speglunarmiðja",0,na,kvk,Eintala,,,,,,,,centre of inversion,0,,,,,,,,5765
umhverft brot,0,na,hk,Eintala,,,,,,,,inverse fraction,0,,,,,,,,5766
"umhverft fall, marföldunarumhverfa falls, margföldunarandhverfa falls",0,na,,Eintala,,,,,,,,reciprocal function,0,,,,,,,,5767
umhverfur,0,ls,kk,Eintala,,,,,,,,"(with respect to an operation) inverse, reciprocal",0,,,,,,,,5768
"umhverfuröð, þýð röð",0,na,kvk,Eintala,,,,,,,,harmonic series,0,,,,,,,,5770
"umhverfur, margföldunarumhverfur, andhverfur, margföldunarandhverfur",0,ls,kk,Eintala,,,,,,,,(with respect to a multiplication) reciprocal,0,,,,,,,,5769
"umhverf tala, umhverfa, margföldunarumhverfa, andhverf tala, andhverfa, margföldunarandhverfa, gagnkvæm tala",0,na,kvk,Eintala,"Fyrir gefna <ref idTerm=4093>rauntölu</ref> \(x \neq 0\) kallast rauntala \(y\) þannig að \(xy=1\) \textit{margföldunarandhverfa} \(x\), táknuð með \(\frac1x\) eða \(x^{-1}\).","Almennt ef \(X\) er <ref idTerm=1742>grúpa</ref> með <ref idTerm=6586>hlutleysu</ref> \(e\) þar sem <ref idTerm=1744>grúpuaðgerðin</ref> er táknuð \(\cdot\) kallast stak \(y\) þannig að \(x \cdot y=e\) margföldunarandhverfa \(x\), táknuð \(x^{-1}\).",,,,,,"inverse number, reciprocal number",0,,,,,,,,5756
"umkvörðun, kvarðafærsla, kvarðabreyting",0,na,kvk,Eintala,,,,,,,,gauge transformation,0,,,,,,,,5771
umlykjandi,0,ls,,,,,,,,,,ambient,0,,,,,,,,5773
"umlykja, fela í sér, innifela",0,sag,,,,,,,,,contain,include,0,,,,,,,,5772
ummál,0,na,hk,Eintala,<ref idTerm=2860>Lengd</ref> <ref idTerm=2453>jaðars</ref> <ref idTerm=4891>flatarmyndar</ref> (ef lengdin er <ref idTerm=1009>endanleg</ref>).,Ummál <ref idTerm=6589>hringskífu</ref> er fengið með <ref idTerm=1363>formúlunni</ref> \(2\pi r\) þar sem \(r\) er geisli skífunnar. Ummál <ref idTerm=3161>marghyrnings</ref> fæst með því að <ref idTerm=2820>leggja saman</ref> allar <ref idTerm=0>hliðarlengdir</ref> hans.,,,,,,"circumference, perimeter",0,,,,,,,,5774
ummálsjafnaðarójafna,0,na,kvk,Eintala,,,,,,,,isoperimetric inequality,0,,,,,,,,5775
ummálsjafnaðarverkefni,0,na,hk,Eintala,,,,,,,,isoperimetric problem,0,,,,,,,,5776
"ummálsregla, hálfhornsregla",0,na,kvk,Eintala,,,,,,,,half-angle formula,0,,,,,,,,5777
ummiðja,0,na,kvk,Eintala,,,,,,,,"circumcentre, circumcenter",0,,,,,,,,5778
"ummyndun, myndun, færsla",0,na,kvk,Eintala,"<ref idTerm=3282>Vörpun</ref> \(\phi : \mathbb{R}^2 \to \mathbb{R}^2\) sem uppfyllir\n\n\begin{enumerate}\n    \item punktar í tiltekinni röð á sömu línu varpast í punkta í sömu röð á einhverri línu,\n    \item strik sem eru jafn löng varpast í strik sem eru líka jafn löng\n\end{enumerate}",,,,,,transformation,transform,0,,,,,,,,5779
"ummyndun, umskrift, umritun, breyting",0,na,kvk,Eintala,,,,,,,,transformation,0,,,,,,,,5780
umreikningur,0,na,kk,Eintala,,,,,,,,conversion,0,,,,,,,,5781
umrita,0,sag,,,,,,,,,,reduce,0,,,,,,,,5782
umritaður,0,ls,kk,Eintala,,,,,,,inscribed,circumscribed,0,,,,,,,,5783
umritaður hringur,0,na,kk,Eintala,"Ef <ref idTerm=2235>hornpunktar</ref> <ref idTerm=3161>marghyrnings</ref> liggja allir á gefnum <ref idTerm=2295>hring</ref>, þá kallast hringurinn \textit{umritaður hringur} marghyrningsins.",Eftirfarandi mynd sýnir umritaðan hring <ref idTerm=4628>sexhyrnings</ref>:\n\n\begin{center}\n\includegraphics[width=150px]{myndir/umritadur_hringur.png}\n\end{center},,,,,,"circumcircle, circumscribed circle",0,,,,,,,,5784
umrituð kúla,0,na,kvk,Eintala,,,,,,,,"circumscribed sphere, circumsphere",0,,,,,,,,5785
umritun,0,na,kvk,Eintala,,,,,,,,reduction,0,,,,,,,,5786
umritun,0,na,kvk,Eintala,,,,,,,,rewriting,0,,,,,,,,5787
umröðun,0,na,kvk,Eintala,,,,,,,permutation,"arrangement, rearrangement, reordering",0,,,,,,,,5788
umröðunarsetning Riemanns,0,na,kvk,Eintala,,,,,,,,Riemann's rearrangement theorem,0,,,,,,,,5789
umsagnarbreyta,0,na,kvk,Eintala,,,,,,,,predicate variable,0,,,,,,,,5790
umsagnareikningur,0,na,kk,Eintala,,,,,,,"logic of quantifiers, predicate logic, quantification theory, quantificational logic","functional calculus, predicate calculus",0,,,,,,,,5791
umsagnartákn,0,na,hk,Eintala,,,,,,,,predicate symbol,0,,,,,,,,5793
umsagnarökfræði,0,na,kvk,Eintala,,,,,,,"functional calculus, predicate calculus","logic of quantifiers, predicate logic, quantification theory, quantificational logic",0,,,,,,,,5792
umskiptanleiki,0,na,kk,Eintala,,,,,,,,exchangeability,0,,,,,,,,5794
"umskipting, tvírás",0,na,kvk,Eintala,,,,,,,,(a permutation; 2-cycle) transposition,0,,,,,,,,5795
"umstikun, endurstikun, stikabreyting, stikaskipti",0,na,kvk,Eintala,,,,,,,,"parameter change, parameter transformation, transformation of parameter",0,,,,,,,,5797
umsögn,0,na,kvk,Eintala,,,,,,,"propositional function, sentential function",predicate,0,,,,,,,,5796
"umtak, yfirgrip, umfang",0,na,hk,Eintala,,,,,,,,(of a concept) extension,0,,,,,,,,5798
undanfari,0,na,kk,Eintala,,,,,,,,"antecedent, predecessor",0,,,,,,,,5799
undantekningar-,0,pref,,,,,,,,,,exceptional,0,,,,,,,,5800
undinn,0,ls,kk,Eintala,,,,,,,,twisted,0,,,,,,,,5801
undinn þriðja stigs ferill,0,na,kk,Eintala,,,,,,,,twisted cubic,0,,,,,,,,5802
undirbúningssetning,0,na,kvk,Eintala,,,,,,,,preparation theorem,0,,,,,,,,5803
undirfall,0,na,hk,Eintala,,,,,,,,"minorant function, minorant",0,,,,,,,,5804
undirferðarpunktur,0,na,kk,Eintala,,,,,,,,undercrossing,0,,,,,,,,5805
undirforrit,0,na,hk,Eintala,,,,,,,,subroutine,0,,,,,,,,5806
undirhornalína,0,na,kvk,Eintala,,,,,,,,subdiagonal,0,,,,,,,,5807
undirliður,0,na,kk,Eintala,,,,,,,,minor term,0,,,,,,,,5808
"undirmat, mat að neðan",0,na,hk,Eintala,,,,,,,,"lower estimate, minorization",0,,,,,,,,5809
undirmetanlegur,0,ls,kk,Eintala,,,,,,,,minorizable,0,,,,,,,,5811
"undirmeta, meta að neðan",0,sag,,,,,,,,,,minorize,0,,,,,,,,5810
undirröð,0,na,kvk,Eintala,,,,,,,,"minorant series, minorant",0,,,,,,,,5812
"undirsetning, undirforsenda",0,na,kvk,Eintala,,,,,,,,minor premise,0,,,,,,,,5813
undirskipaður,0,ls,kk,Eintala,,,,,,,,underlying,0,,,,,,,,5815
undirskipað mengi,0,na,hk,Eintala,,,,,,,,underlying set,0,,,,,,,,5814
undirsporger,0,ls,,,,,,,,,,hypoelliptic,0,,,,,,,,5816
undirstaða,0,na,kvk,Eintala,,,,,,,,foundation,0,,,,,,,,5817
"undirstak, undirskorða, undirtala",0,na,,Eintala,Fyrir <ref idTerm=4093>rauntalna</ref><ref idTerm=3270>mengi</ref> \(A\) kallast rauntalan \(L\) \textit{undirtala} mengisins \(A\) ef fyrir öll \(x \in A\) gildir að \(x \geq L\).,"Almennt getur <ref idTerm=4009>hlutraðað mengi</ref> hugsanlega átt sér \textit{undirstak}. Slíkt <ref idTerm=5128>stak</ref> þarf hins vegar ekki endilega að vera til, sem dæmi á mengi rauntalna \(\mathbb{R}\) sér ekkert undirstak.",,,,,"bound, greatest lower bound","left bound, lower bound, minorant",0,,,,,,,,5818
undirstöðuflokkur,0,na,kk,Eintala,,,,,,,,fundamental class,0,,,,,,,,5819
undirstöðugrúpa,0,na,kvk,Eintala,,,,,,,,fundamental group,0,,,,,,,,5820
undirstöðugrýpi,0,na,hk,Eintala,,,,,,,,fundamental groupoid,0,,,,,,,,5821
"undirstöðusetning algebrunnar, grunnsetning algebrunnar",0,na,kvk,Eintala,\textit{Undirstöðusetning algebrunnar} segir að sérhver <ref idTerm=1948>margliða</ref> yfir <ref idTerm=5682>tvinntölurnar</ref> \(\mathbb{C}\) með <ref idTerm=5161>stig</ref> \(\geq 1\) eigi sér <ref idTerm=4254>núllstöð</ref> í \(\mathbb{C}\).,"Þar sem tvinntala \(r\) er núllstöð í margliðu \(P\) yfir \(\mathbb{C}\) þá og því aðeins að margliðan \((x - r)\) gangi upp í \(P\), þá gefur undirstöðusetningin að sérhverja margliðu \(P\) yfir \(\mathbb{C}\) megi skrifa á eftirfarandi formi:\n\n\[P = (x - r_{1})^{a_{1}} (x - r_{2})^{a_{2}} \cdots (x - r_{k})^{a_{k}}\]\n\nþar sem \(r_{1},\ldots,r_{k}\) eru allar núllstöðvar \(P\) í \(\mathbb{C}\) og \(a_{1},\ldots,a_{k}\) kallast \textit{margfeldni} þeirra. Að rita margliðuna á þessu formi kallast að \textit{frumþátta} hana yfir \(\mathbb{C}\). Yfir <ref idTerm=4093>rauntölurnar</ref> tekur undirstöðusetningin eftirfarandi form:\n\n\textit{Ef \(P\) er <ref idTerm=5215>stöðluð margliða</ref> yfir \(\mathbb{R}\), þá má skrifa \(P\) sem margfeldi af fyrsta stigs margliðum \((x-r_i)\) og <ref idTerm=316>annars stigs margliðum</ref> \(x^2+ax+b\) sem hafa enga núllstöð yfir \(\mathbb{R}\). Tölurnar \(r_i\) eru allar núllstöðvar margliðunnar}",,,,,,fundamental theorem of algebra,0,,,,,,,,5822
"undirstöðusetning reikningslistarinnar, grunnsetning reikningslistarinnar, frumþáttunarsetning",0,na,kvk,Eintala,"\textit{Undirstöðusetning reikningslistarinnar} segir að sérhverja <ref idTerm=3475>náttúrulega tölu</ref> \(n\) megi skrifa á nákvæmlega einn hátt sem <ref idTerm=3118>margfeldi</ref> af <ref idTerm=1468>frumtölum</ref>. Nánar tiltekið gildir fyrir sérhverja náttúrulega tölu \(n\) að til eru <ref idTerm=3932>ótvírætt ákvarðaðar</ref> frumtölur \(p_{1}, \ldots ,p_{k}\) og náttúrulegar tölur \(a_{1}, \ldots ,a_{k}\) þannig að:\n\n\[ n = {p_{1}}^{a_{1}} \cdot {p_{2}}^{a_{2}} \cdot \ldots \cdot {p_{k-1}}^{a_{k-1}} \cdot {p_{k}}^{a_{k}} \] \n\nþar sem \(p_{i} < p_{j}\) þegar \(i < j\). Að skrifa töluna \(n\) á þessu formi kallast að \textit{frumþátta} hana. <ref idTerm=5397>Tölurnar</ref> \(p_{1}, \ldots, p_{k}\) kallast þá \textit{frumþættir} tölunnar \(n\) og \(a_{i}\) kallast \textit{margfeldni} frumþáttarins \(p_{i}\).",Eftirfarandi er frumþáttun á tölunni 252:\n\n\begin{center}\n\includegraphics[width=150px]{myndir/undirstodusetning_reikningslistarinnar.png}\n\end{center}\n\nAf myndinni sést að 252 frumþáttast sem \(252 = 2^2 \cdot 3^2 \cdot 7\).,,,,,,fundamental theorem of arithmetic,0,,,,,,,,5824
"undirstöðusetning örsmæðareikningsins, grunnsetning reiknivísinnar",0,na,kvk,Eintala,,,,,,,,fundamental theorem of calculus,0,,,,,,,,5823
undirsumma,0,na,kvk,Eintala,,,,,,,,lower sum,0,,,,,,,,5825
"undirviðbætinn, undirsamleggjandi",0,ls,,,,,,,,,,subadditive,0,,,,,,,,5826
undirþýður,0,ls,kk,Eintala,,,,,,,,subharmonic,0,,,,,,,,5827
uppblástur,0,na,kk,Eintala,,,,,,,,"blowing-up, monoidal transformation",0,,,,,,,,5828
uppbyggingaraðferð,0,na,kvk,Eintala,,,,,,,,method of construction,0,,,,,,,,5830
uppbyggingarhyggja,0,na,kvk,Eintala,,,,,,,,constructivism,0,,,,,,,,5831
"uppbygging, smíð",0,na,kvk,Eintala,,,,,,,,construction,0,,,,,,,,5829
uppbyggjandi,0,ls,,,,,,,,,,constructive,0,,,,,,,,5832
uppbyggjandi greining,0,na,kvk,Eintala,,,,,,,,constructive analysis,0,,,,,,,,5833
uppbyggjandi tilvistarsetning,0,na,kvk,Eintala,,,,,,,,constructive existence proof,0,,,,,,,,5834
uppfyllingarsetning,0,na,kvk,Eintala,,,,,,,Steinitz exchange theorem,exchange theorem,0,,,,,,,,5836
uppfyllingarsetning Steinitz,0,na,kvk,Eintala,,,,,,,exchange theorem,Steinitz exchange theorem,0,,,,,,,,5837
uppfylling fernings,0,na,kvk,Eintala,,,,,,,,"completing the square, completion of the square",0,,,,,,,,5835
upphafsástand,0,na,hk,Eintala,,,,,,,,initial state,0,,,,,,,,5841
"upphafsgildisverkefni, byrjunargildisverkefni, Cauchy-verkefni",0,na,hk,Eintala,,,,,,,,"Cauchy problem, initial value problem",0,,,,,,,,5843
"upphafsgildi, byrjunargildi",0,na,hk,Eintala,,,,,,,,initial value,0,,,,,,,,5842
upphafsgrannmynstur,0,na,hk,Eintala,,,,,,,,initial topology,0,,,,,,,,5844
upphafshlutur,0,na,kk,Eintala,,,,,,,,"coterminal object, initial object",0,,,,,,,,5845
"upphafshnútur, upphafsendi",0,na,kk,Eintala,,,,,,,,"initial vertex, initial end-point",0,,,,,,,,5846
upphafsliður,0,na,kk,Eintala,,,,,,,,"first term, initial term",0,,,,,,,,5847
upphafspunktur,0,na,kk,Eintala,,,,,,,,"(of a vector) base, origin, point of application",0,,,,,,,,5848
upphafspunktur,0,na,kk,Eintala,,,,,,,vertex,initial point,0,,,,,,,,5849
upphafspunktur,0,na,kk,Eintala,,,,,,,initial point,(of a ray) vertex,0,,,,,,,,5850
"upphafsskilyrði, byrjunarskilyrði",0,na,hk,Eintala,,,,,,,,initial condition,0,,,,,,,,5851
upphafsstúfur,0,na,kk,Eintala,,,,,,,,"initial segment, segment",0,,,,,,,,5852
upphafs-,0,pref,,,,,,,,,,"coterminal, initial",0,,,,,,,,5840
"upphaf, upphafspunktur, hnitmiðja, hnitamiðja",0,na,,Eintala,,,,,,,,(of a coordinate system) origin,0,,,,,,,,5839
"upphenging, hengirúm",0,na,,Eintala,,,,,,,,suspension,0,,,,,,,,5853
upphæð,0,na,kvk,Eintala,,,,,,,,amount,0,,,,,,,,5838
uppleysing,0,na,kvk,Eintala,,,,,,,,resolution,0,,,,,,,,5854
upplýsingafræði,0,na,kvk,Eintala,,,,,,,coding theory,information theory,0,,,,,,,,5855
upplýsingamagn,0,na,hk,Eintala,,,,,,,,"information content, information volume",0,,,,,,,,5856
upplýsingar,0,na,kvk,Fleirtala,,,,,,,,information,0,,,,,,,,5857
uppröðun,0,na,kvk,Eintala,,,,,,,"order, order, ordering",arrangement,0,,,,,,,,5858
"uppsafnaður, hlaðinn",0,ls,kk,Eintala,,,,,,,,cumulative,0,,,,,,,,5859
"uppspretta, lind",0,na,kvk,Eintala,,,,,,,,(of a transportation network or vector   field) source,0,,,,,,,,5862
uppsprettulaus,0,ls,,,,,,,,,,solenoidal,0,,,,,,,,5863
uppsprettulaust svið,0,na,hk,Eintala,,,,,,,,"solenoidal field, source-free field, zero-divergence field",0,,,,,,,,5864
"uppsprettustyrkur, lindarstyrkur",0,na,kk,Eintala,,,,,,,,source strength,0,,,,,,,,5865
"uppstokkanagrúpa, umraðanagrúpa",0,na,kvk,Eintala,,,,,,,"symmetric group, alternating group","group of permutations, permutation group, substitution group",0,,,,,,,,5867
"uppstokkanaútsetning, umraðanaútsetning",0,na,kvk,Eintala,,,,,,,,permutation representation,0,,,,,,,,5868
"uppstokka, stokka upp, umraða",0,sag,,,,,,,,,,permute,0,,,,,,,,5866
"uppstokkun með endurtekningu, umröðun með endurtekningu",0,na,kvk,Eintala,,,,,,,,permutation with repetition,0,,,,,,,,5869
"uppstokkun, umröðun",0,na,kvk,Eintala,,,,,,,arrangement,permutation,0,,,,,,,,5870
uppsöfnuð áhrif,0,na,hk,Fleirtala,,,,,,,,cumulative effect,0,,,,,,,,5860
"uppsöfnuð skekkja, heildarskekkja",0,na,kvk,Eintala,,,,,,,,accumulated error,0,,,,,,,,5861
"utanverð víxlhorn, ytri víxlhorn",0,na,hk,Fleirtala,,,,,,,,"alternate-exterior angles, exterior alternate angles",0,,,,,,,,5888
úffeldi,0,na,hk,Eintala,,,,,,,cap product,cup product,0,,,,,,,,5750
úfur,0,na,kk,Eintala,,,,,,,cap,(the symbol \(\cup\)) cup,0,,,,,,,,5751
úrkynjaður,0,ls,kk,Eintala,,,,,,,,degenerate,0,,,,,,,,5871
úrkynjun,0,na,kvk,Eintala,,,,,,,,degeneracy,0,,,,,,,,5872
"úrskurðanleg fullyrðing, úrskurðanleg yrðing",0,na,kvk,Eintala,,,,,,,,decidable proposition,0,,,,,,,,5873
úrskurðanleg kenning,0,na,kvk,Eintala,,,,,,,,decidable theory,0,,,,,,,,5874
úrtak,0,na,hk,Eintala,,,,,,,,sample,0,,,,,,,,5875
úrtaka án skila,0,na,kvk,Eintala,,,,,,,,sampling without replacement,0,,,,,,,,5876
úrtaka með skilum,0,na,kvk,Eintala,,,,,,,,sampling with replacement,0,,,,,,,,5877
"úrtaka, úrtakskönnun, könnun (með úrtaki)",0,na,kvk,Eintala,,,,,,,,sampling,0,,,,,,,,5878
úrtakseinkenni,0,na,hk,Eintala,,,,,,,,sample characteristic,0,,,,,,,,5879
úrtakshögun,0,na,kvk,Eintala,,,,,,,,"sample design, sampling design",0,,,,,,,,5880
"úrtaksmeðaltal, meðaltal",0,na,hk,Eintala,,,,,,,,sample mean,0,,,,,,,,5881
úrtaksmiðtala,0,na,kvk,Eintala,,,,,,,,sample median,0,,,,,,,,5882
"úrtakssamfylgni, úrtakssamvik",0,na,,Eintala,,,,,,,,sample covariance,0,,,,,,,,5883
úrtaksskekkja,0,na,kvk,Eintala,,,,,,,,sampling error,0,,,,,,,,5884
úrtaksspönn,0,na,kvk,Eintala,,,,,,,,sample range,0,,,,,,,,5885
"úrtaksstærð, stærð úrtaks",0,na,kvk,Eintala,,,,,,,,sample size,0,,,,,,,,5886
útbreiddur,0,ls,kk,Eintala,,,,,,,,"etale, étale",0,,,,,,,,5889
útbreiðsla,0,na,kvk,Eintala,,,,,,,,etale mapping,0,,,,,,,,5890
útbreiðsla,0,na,kvk,Eintala,,,,,,,,propagation,0,,,,,,,,5891
útbreiðslutala,0,na,kvk,Eintala,,,,,,,,"concentration measure, measure of concentration",0,,,,,,,,5892
útbreitt rúm,0,na,hk,Eintala,,,,,,,,etale space,0,,,,,,,,5893
"útflötur, hlið",0,na,,Eintala,,,,,,,,(of a convex set) face,0,,,,,,,,5894
útgeisli,0,na,kk,Eintala,,,,,,,,exradius,0,,,,,,,,5895
útgildi,0,na,,Eintala,,,,,,,"maximum, minimum","extremum, extreme, extreme value",0,,,,,,,,6673
útgildispunktur,0,na,kk,Eintala,,,,,,,,extremum point,0,,,,,,,,5896
útgildisverkefni,0,na,hk,Eintala,,,,,,,,extreme value problem,0,,,,,,,,5897
úthjólferill,0,na,kk,Eintala,,,,,,,"cardioid, nephroid","epicycloid, pericycloid",0,,,,,,,,5898
úthluta,0,sag,,,,,,,,,,assign,0,,,,,,,,5899
úthlutun,0,na,kvk,Eintala,,,,,,,,"allocation, assignment",0,,,,,,,,5900
úthlutunarverkefni,0,na,hk,Eintala,<ref idTerm=4271>Rúmfræði</ref> í þrem <ref idTerm=6087>víddum</ref>.,,,,,,,"allocation problem, assignment problem",0,,,,,,,,5901
"úthorn, fyllihorn",0,na,hk,Eintala,Tvö <ref idTerm=2198>horn</ref> sem samanlagt <ref idTerm=2223>mælast</ref> 360 <ref idTerm=1667>gráður</ref>.,,,,,,,"conjugate angle, explement, explementary angle",0,,,,,,,,5902
útilokun,0,na,kvk,Eintala,,,,,,,,exclusion,0,,,,,,,,5903
útinnritaður,0,ls,kk,Eintala,,,,,,,,escribed,0,,,,,,,,5904
"útinnritaður hringur, úthringur, utanverður snertihringur",0,na,kk,Eintala,,,,,,,,"escribed circle, excircle",0,,,,,,,,5905
"útinnrituð kúla, útkúla, utanverð snertikúla",0,na,kvk,Eintala,,,,,,,,"escribed sphere, exsphere",0,,,,,,,,5906
útkomandi,0,na,kk,Eintala,,,,,,,,"eliminant, resultant",0,,,,,,,,5908
"útkoma, niðurstaða",0,na,kvk,Eintala,,,,,,,solution,"outcome, result",0,,,,,,,,5907
útkomurúm,0,na,hk,Eintala,,,,,,,,sample space,0,,,,,,,,5909
útliður,0,na,kk,Eintala,,,,,,,,"(of a proportion) extreme, extreme term",0,,,,,,,,5910
"útlína, myndjaðar",0,na,,Eintala,,,,,,,,contour,0,,,,,,,,5911
"útmengi, útsvæði",0,na,hk,Eintala,,,,,,,,exterior,0,,,,,,,,5912
"útmiðja, úthringsmiðja",0,na,kvk,Eintala,,,,,,,,excenter,0,,,,,,,,5913
útpunktur,0,na,kk,Eintala,,,,,,,,"(of a curve) bending point, turning point",0,,,,,,,,5915
útpunktur,0,na,kk,Eintala,,,,,,,,"(of a convex set) extreme point, extremal point",0,,,,,,,,5916
útreikningur,0,na,kk,Eintala,,,,,,,,evaluation,0,,,,,,,,5917
"útreikningur, reikningur",0,na,kk,Eintala,,,,,,,,"calculation, computation",0,,,,,,,,5918
"útrýma, eyða",0,sag,,,,,,,,,,eliminate,0,,,,,,,,5919
"útrýmingaraðferð, eyðingaraðferð",0,na,kvk,Eintala,,,,,,,Gauss elimination method,elimination method,0,,,,,,,,5921
"útrýming, eyðing",0,na,kvk,Eintala,,,,,,,,elimination,0,,,,,,,,5920
útsetning,0,na,kvk,Eintala,,,,,,,,(of a group) representation,0,,,,,,,,5922
útsetningafræði,0,na,kvk,Eintala,,,,,,,,representation theory,0,,,,,,,,5923
útsetningarrúm,0,na,hk,Eintala,,,,,,,,representation space,0,,,,,,,,5924
"útslag, sveifluhæð, ölduhæð",0,na,,Eintala,,,,,,,,(of an oscillation) amplitude,0,,,,,,,,5925
útstig,0,na,hk,Eintala,,,,,,,,"out-degree, outer demidegree, out-valence",0,,,,,,,,5928
"útstæður þvervigur, útstæður þverill, ytri þvervigur, ytri þverill",0,na,kk,Eintala,,,,,,,,outward normal,0,,,,,,,,5926
útstætt horn,0,na,hk,Eintala,,,,,,,,salient angle,0,,,,,,,,5927
útsveifarferill,0,na,kk,Eintala,,,,,,,,epitrochoid,0,,,,,,,,5929
úttak,0,na,hk,Eintala,,,,,,,,output,0,,,,,,,,5930
"útvíkkanlegur, framlengjanlegur",0,ls,kk,Eintala,,,,,,,,extendible,0,,,,,,,,5932
"útvíkka, framlengja",0,sag,,,,,,,,,,extend,0,,,,,,,,5931
útvíkkuð rauntalnalína,0,na,kvk,Eintala,,,,,,,,extended real number system,0,,,,,,,,5933
útvíkkuð tvinntalnaslétta,0,na,kvk,Eintala,,,,,,,Riemann sphere,"closed complex plane, extended complex plane",0,,,,,,,,5934
útvíkkun,0,na,kvk,Eintala,,,,,,,,(of a module by a module) extension,0,,,,,,,,5935
"útvíkkun grunnbaugsins, víkkun grunnbaugsins",0,na,kvk,Eintala,,,,,,,,extension of the base ring,0,,,,,,,,5936
"útvíkkun, víkkun",0,na,kvk,Eintala,,,,,,,"field extension, extension field, extension ring, ring extension",(of a field or ring) extension,0,,,,,,,,5937
útör,0,na,kvk,Eintala,,,,,,,"entering arc, incoming arc",outgoing arc,0,,,,,,,,5914
"út-, útgildis-",0,pref,,,,,,,,,,extremal,0,,,,,,,,5887
vafningstala,0,na,kvk,Eintala,,,,,,,,"(of a point with respect to a curve) index, winding number",0,,,,,,,,5949
val,0,na,hk,Eintala,,,,,,,"option, axiom of choice",choice,0,,,,,,,,5950
val,0,na,hk,Eintala,,,,,,,"choice, sampling",selection,0,,,,,,,,5951
"valfall, valvörpun",0,na,,Eintala,,,,,,,,choice function,0,,,,,,,,5953
"valfrumsenda, valfrumsetning, frumsenda um val, frumsetning um val",0,na,kvk,Eintala,,,,,,,multiplicative axiom,axiom of choice,0,,,,,,,,5954
valstund,0,na,kvk,Eintala,,,,,,,,optional time,0,,,,,,,,5955
valtari,0,na,kk,Eintala,,,,,,,roulette,moving curve,0,,,,,,,,5956
valúrtaka,0,na,kvk,Eintala,,,,,,,,optional sampling,0,,,,,,,,5957
"val, valfrelsi",0,na,hk,Eintala,,,,,,,choice,option,0,,,,,,,,5952
vanalegur,0,ls,kk,Eintala,,,,,,,,(in non-standard analysis) standard,0,,,,,,,,5960
vanaleg tala,0,na,kvk,Eintala,,,,,,,,standard number,0,,,,,,,,5959
vanákvarðað kerfi,0,na,hk,Eintala,,,,,,,,"underdetermined system, underdeterminate system",0,,,,,,,,5958
vanhorn,0,na,hk,Eintala,,,,,,,angular excess,"angular defect, defect",0,,,,,,,,5961
"varðveisla, rækni",0,na,kvk,Eintala,,,,,,,,preservation,0,,,,,,,,5962
"varðveita, rækja",0,sag,,,,,,,,,,preserve,0,,,,,,,,5963
varfærið próf,0,na,hk,Eintala,,,,,,,,conservative test,0,,,,,,,,5964
varpanarúm,0,na,hk,Eintala,,,,,,,function space,mapping space,0,,,,,,,,5966
varparíki,0,na,hk,Eintala,,,,,,,,functor category,0,,,,,,,,5967
varpgildi,0,na,hk,Eintala,,,,,,,,value of a mapping,0,,,,,,,,5968
varphnit,0,na,hk,Fleirtala,,,,,,,,projective coordinates,0,,,,,,,,5969
varpi,0,na,kk,Eintala,,,,,,,,functor,0,,,,,,,,5970
varpkeilusnið,0,na,hk,Eintala,,,,,,,,projective conic,0,,,,,,,,5971
varplína,0,na,kvk,Eintala,,,,,,,,projective line,0,,,,,,,,5972
varpmótull,0,na,kk,Eintala,,,,,,,,projective module,0,,,,,,,,5973
"varpmótun, línuleg varpmótun",0,na,kvk,Eintala,,,,,,,"collineation, collineatory transformation, homography","linear projective mapping, projective collineation, projective mapping, projective transformation",0,,,,,,,,5974
varpmyndun,0,na,kvk,Eintala,,,,,,,,projectivity,0,,,,,,,,5975
varpóháður,0,ls,kk,Eintala,,,,,,,,projectively independent,0,,,,,,,,5976
varprúm,0,na,hk,Eintala,,,,,,,,projective space,0,,,,,,,,5977
varprúmfræði,0,na,kvk,Eintala,,,,,,,,projective geometry,0,,,,,,,,5978
varpslétta,0,na,kvk,Eintala,,,,,,,,projective plane,0,,,,,,,,5979
varp-,0,pref,,,,,,,,,,projective,0,,,,,,,,5965
vaxtarfall,0,na,hk,Eintala,,,,,,,,growth function,0,,,,,,,,5980
vaxtarhraði,0,na,kk,Eintala,,,,,,,,"growth rate, rate of growth",0,,,,,,,,5981
vaxtarregla,0,na,kvk,Eintala,,,,,,,,growth law,0,,,,,,,,5982
"vaxtarröð, vaxtarraðstig",0,na,,Eintala,,,,,,,,"growth order, order, order of growth",0,,,,,,,,5983
vaxtavextir,0,na,kk,Fleirtala,,,,,,,,compound interest,0,,,,,,,,5984
veðfé,0,na,hk,Eintala,,,,,,,bet,stake,0,,,,,,,,5985
veðmál,0,na,hk,Eintala,,,,,,,stake,bet,0,,,,,,,,5986
"vefja Arkimedesar, kuðungur Arkimedesar, kuðungslína Arkimedesar, snigill Arkimedesar",0,na,,Eintala,,,,,,,,Archimedean spiral,0,,,,,,,,5987
"vefja, kuðungslína, kuðungsferill, kuðungur, snigill",0,na,,Eintala,,,,,,,"Archimedean spiral, Cornu spiral, equiangular spiral, Fermat spiral, hyperbolic spiral, lituus, logarithmic spiral, logistic spiral, loxodromic spiral, parabolic spiral, reciprocal spiral, sine spiral",spiral,0,,,,,,,,5988
vefur,0,na,kk,Eintala,,,,,,,,web,0,,,,,,,,5989
vegið meðaltal,0,na,hk,Eintala,,,,,,,,"weighted average, weighted mean",0,,,,,,,,5990
"veikt grannmynstur, gróft grannmynstur",0,na,hk,Eintala,,,,,,,,weak topology,0,,,,,,,,5995
veikt markgildi,0,na,hk,Eintala,,,,,,,,weak limit,0,,,,,,,,5996
veikur,0,ls,kk,Eintala,,,,,,,,weak,0,,,,,,,,5997
veik lausn,0,na,kvk,Eintala,,,,,,,distribution solution,weak solution,0,,,,,,,,5991
veik lokun,0,na,kvk,Eintala,,,,,,,,weak closure,0,,,,,,,,5992
veik ójafna,0,na,kvk,Eintala,,,,,,,,weak inequality,0,,,,,,,,5993
veik samleitni,0,na,kvk,Eintala,,,,,,,,weak convergence,0,,,,,,,,5994
veldaraðaaðferð,0,na,kvk,Eintala,,,,,,,,power series method,0,,,,,,,,6002
veldaraðabaugur,0,na,kk,Eintala,,,,,,,,power series ring,0,,,,,,,,6003
veldaraðarframsetning,0,na,kvk,Eintala,,,,,,,,power series representation,0,,,,,,,,6004
veldaraðarliðun,0,na,kvk,Eintala,,,,,,,,power series expansion,0,,,,,,,,6005
veldaröð,0,na,kvk,Eintala,,,,,,,,power series,0,,,,,,,,6006
veldi,0,na,hk,Eintala,"Fyrir tvær <ref idTerm=3475>náttúrulegar tölur</ref> \(n\) og \(m\) er \textit{\(n\) í \(m\)-ta veldi}, táknað \(n^m\), endurtekin <ref idTerm=3141>margföldun</ref> \(n\) með sjálfri sér \(m\) sinnum, þ.e.\n\n\[ n^m = n \cdot n \cdot \ldots \cdot n \;\; (m\, \text{sinnum}). \]  \n\nÞessi skilgreining útvíkkast í <ref idTerm=1896>heiltölur</ref> með því að skilgreina \(n^{-m}=\frac{1}{n^m}\). Auk þess má \(n\) í <ref idTerm=1363>formúlunni</ref> að ofan vera <ref idTerm=4039>ræð tala</ref> tala án þess að neitt breytist. Til þess að útvíkka skilgreininguna í ræð veldi er hægt að skilgreina\n\n\[ \left(\frac{a}{b}\right)^\frac{c}{d} = \sqrt[d]{\left(\frac{a}{b}\right)^c} \] fyrir \(a,b,c,d \in \mathbb{Z}\), \(b,d\neq0\) að því gefnu að <ref idTerm=4253>\(d\)-ta rótin</ref> er til.",,,,,,power exponent,(of a number) power,0,,,,,,,,6007
veldisfall,0,na,hk,Eintala,"<ref idTerm=1078>Fall</ref> sem varpar sérhverju <ref idTerm=5128>staki</ref> \(x\) í \(n\)-ta <ref idTerm=6007>veldi</ref> þess \(x^n\), þar sem \(n \geq 2\) er <ref idTerm=3475>náttúruleg tala</ref>.",,,,,,,(a function \(f(x)=x^n\)) power function,0,,,,,,,,6009
"veldisfrumsenda, veldisfrumsetning, frumsenda um veldismengi, frumsetning um veldismengi",0,na,kvk,Eintala,,,,,,,,"axiom of power set, power set axiom",0,,,,,,,,6010
veldisleif,0,na,kvk,Eintala,,,,,,,,power residue,0,,,,,,,,6011
veldisleifatákn,0,na,hk,Eintala,,,,,,,,power residue symbol,0,,,,,,,,6012
veldismengi,0,na,hk,Eintala,"<ref idTerm=3270>Mengið</ref> sem samanstendur af öllum <ref idTerm=2098>hlutmengjum</ref> í tilteknu mengi \(X\), táknað með \(\mathcal{P}(X)\).","Almennt gildir að ef fjöldi <ref idTerm=5128>staka</ref> í mengi \(X\) er \(n\), þar sem \(n\) er <ref idTerm=3475>náttúruleg tala</ref>, er fjöldi staka í veldismengi þess \(2^n\). Dæmi um veldismengi fæst með því að setja \(X = \{1,2,3\}\). Hlutmengjunum í \(X\) má þá skipta í fjóra hópa eftir fjölda staka:\n\n\(\varnothing\) er það hlutmengi í \(X\) sem hefur ekkert stak.\n\(\{1\}\), \(\{2\}\) og \(\{3\}\) eru þau hlutmengi í \(X\) sem hafa eitt stak.\n\(\{1,2\}\), \(\{1,3\}\) og \(\{2,3\}\) eru þau hlutmengi í \(x\) sem hafa tvö stök.\n\(\{1,2,3\}\) er það hlutmengi í \(X\) sem hefur þrjú stök.\nVeldismengið \(\mathcal{P}(X)\) er þá mengið sem samanstendur af öllum framantöldum mengjum, þ.e. \[ \mathcal{P}(X) = \{ \varnothing,\{1\},\{2\},\{3\},\{1,2\},\{1,3\},\{2,3\},\{1,2,3\} \}. \]",,,,,,power set,0,,,,,,,,6013
veldisstofn,0,na,kk,Eintala,,,,,,,,"(of a power) base, radix",0,,,,,,,,6014
veldisvísajafna,0,na,kvk,Eintala,,,,,,,,exponential equation,0,,,,,,,,6015
veldisvísaregla,0,na,kvk,Eintala,,,,,,,,"exponential law, law of exponentiation, law of exponents",0,,,,,,,,6016
veldisvísir,0,na,kk,Eintala,,,,,,,power,"exponent, power exponent",0,,,,,,,,6017
"veldisvísisdreifing, vísisdreifing",0,na,kvk,Eintala,,,,,,,,exponential distribution,0,,,,,,,,6019
"veldisvísisfall, vísisfall",0,na,hk,Eintala,,,,,,,exp,exponential function,0,,,,,,,,6020
"veldisvísisferill, vísisferill",0,na,kk,Eintala,,,,,,,,exponential curve,0,,,,,,,,6021
veldisvísisgerð,0,na,kvk,Eintala,,,,,,,,exponential type,0,,,,,,,,6022
"veldisvísisvöxtur, vísisvöxtur",0,na,kk,Eintala,,,,,,,,exponential growth,0,,,,,,,,6023
veldisvísis-,0,pref,,,,,,,,,,exponential,0,,,,,,,,6018
veldi af frumtölu,0,na,hk,Eintala,,,,,,,,prime power,0,,,,,,,,6008
vellauðugur,0,ls,kk,Eintala,,,,,,,ample,very ample,0,,,,,,,,6025
velraða,0,sag,,,,,,,,,,well-order,0,,,,,,,,6026
velraðaður,0,ls,kk,Eintala,,,,,,,,well-ordered,0,,,,,,,,6028
velraðað mengi,0,na,hk,Eintala,,,,,,,,well-ordered set,0,,,,,,,,6027
velröðun,0,na,kvk,Eintala,,,,,,,,well-ordering,0,,,,,,,,6029
"velröðunarlögmál, velröðunarsetning",0,na,,Eintala,,,,,,,,"well-ordering principle, well-ordering theorem",0,,,,,,,,6030
veltibraut,0,na,kvk,Eintala,,,,,,,,"(of a roulette) base line, base curve",0,,,,,,,,6031
veltiferill,0,na,kk,Eintala,,,,,,,"base curve, base line, cycloid, epicycloid, trochoid, moving curve",roulette,0,,,,,,,,6032
"veltilína, veltibraut",0,na,kvk,Eintala,,,,,,,,(of a cycloid) base line,0,,,,,,,,6033
vel framsett verkefni,0,na,hk,Eintala,,,,,,,,"properly posed problem, well-posed problem",0,,,,,,,,5998
vel skilgreindur,0,ls,kk,Eintala,,,,,,,,well-defined,0,,,,,,,,5999
vendiaðferð,0,na,kvk,Eintala,,,,,,,,pivoting,0,,,,,,,,6036
vendidálkur,0,na,kk,Eintala,,,,,,,,pivotal column,0,,,,,,,,6037
vendifylki,0,na,hk,Eintala,,,,,,,,pivotal matrix,0,,,,,,,,6038
vendilína,0,na,kvk,Eintala,,,,,,,,pivotal row,0,,,,,,,,6039
vendistak,0,na,hk,Eintala,,,,,,,,pivotal element,0,,,,,,,,6040
vendistuðull,0,na,kk,Eintala,,,,,,,,pivot,0,,,,,,,,6041
vendi-,0,pref,,,,,,,,,,pivotal,0,,,,,,,,6035
venjulegt grannmynstur,0,na,hk,Eintala,,,,,,,,usual topology,0,,,,,,,,6044
venjulegt innfeldi,0,na,hk,Eintala,,,,,,,,standard inner product,0,,,,,,,,6045
venjulegt róf,0,na,hk,Eintala,,,,,,,,essential spectrum,0,,,,,,,,6046
venjulegur,0,ls,kk,Eintala,,,,,,,,ordinary,0,,,,,,,,6047
venjulegur,0,ls,kk,Eintala,,,,,,,,usual,0,,,,,,,,6048
venjulegur punktur,0,na,kk,Eintala,,,,,,,"regular point, simple point",ordinary point,0,,,,,,,,6049
"venjuleg deildajafna, venjuleg diffurjafna, venjuleg afleiðujafna",0,na,kvk,Eintala,,,,,,,,ordinary differential equation,0,,,,,,,,6042
venjuleg firð,0,na,kvk,Eintala,,,,,,,,usual metric,0,,,,,,,,6043
Venn-mynd,0,na,kvk,Eintala,"Myndræn <ref idTerm=1416>framsetning</ref> í <ref idTerm=4884>sléttu</ref> á innbyrðis afstöðu ólíkra <ref idTerm=3270>mengja</ref> þar sem <ref idTerm=3016>lokaðir ferlar</ref> (eins og <ref idTerm=2295>hringir</ref>, <ref idTerm=5002>sporbaugar</ref>, <ref idTerm=1127>ferhyrningar</ref> o.s.frv.) eru notaðir til að tákna mengi og <ref idTerm=5335>svæðið</ref> sem er innan ferlanna táknar <ref idTerm=5128>stökin</ref> í menginu.","Eftirfarandi mynd er dæmi um Venn-mynd:\n\n\begin{center}\n\includegraphics[width=150px]{myndir/venn.png}\n\end{center}\n\nHringurinn táknar mengið \(A\) og svæðið innan hans táknar stökin í \(A\), <ref idTerm=4175>rétthyrningurinn</ref> táknar mengið \(B\) og svæðið innan hans táknar stökin í \(B\). Bláa svæðið samanstendur af þeim stökum sem eru í \(A\) en ekki í \(B\) (þau eru innan hringsins en utan rétthyrningsins), gula svæðið samanstendur af þeim stökum sem eru í \(B\) en ekki í \(A\) (þau eru innan rétthyrningsins en utan hringsins) og græna svæðið samanstendur af þeim stökum sem eru bæði í \(A\) og í \(B\) (þau eru innan bæði hringsins og rétthyrningsins).",,,,,,Venn diagram,0,,,,,,,,6050
vensl,0,na,hk,Fleirtala,\textit{Vensl} milli tveggja <ref idTerm=3270>mengja</ref> \(X\) og \(Y\) eru <ref idTerm=2098>hlutmengi</ref> í <ref idTerm=3279>faldmenginu</ref> \(X \times Y\).,,,,,,predicate,(on a set) relation,0,,,,,,,,6051
"venslarit, vensl",0,na,hk,,,,,,,,relation,(of a logical relation) graph,0,,,,,,,,6052
venslastæða,0,na,kvk,Eintala,,,,,,,,(in a group) relation,0,,,,,,,,6053
venslatenging,0,na,kvk,Eintala,,,,,,,,(of relations) join,0,,,,,,,,6054
vera á eftir,0,sag,,,,,,,,,,follow,0,,,,,,,,6055
vera jafn,0,sag,,,,,,,,,,equal,0,,,,,,,,6056
vera ósamleitinn,0,sag,,,,,,,,,,diverge,0,,,,,,,,6057
vera samleitinn,0,sag,,,,,,,,,tend,converge,0,,,,,,,,6058
vera samur,0,sag,,,,,,,,,,equal,0,,,,,,,,6059
vera til,0,sag,,,,,,,,,,exist,0,,,,,,,,6060
vera víxlinn,0,sag,,,,,,,,,,commute,0,,,,,,,,6061
verka,0,sag,,,,,,,,,,"act, operate",0,,,,,,,,6062
verka frá hægri,0,sag,,,,,,,,,,act on the right,0,,,,,,,,6063
verka frá vinstri,0,sag,,,,,,,,,,act on the left,0,,,,,,,,6064
"verka frjálslega, verka án kyrrapunkta, verka án fastapunkta",0,sag,,,,,,,,,,act freely,0,,,,,,,,6065
"verka samfellt, verka með samfelldum hætti",0,sag,,,,,,,,,,"act continuously, operate continuously",0,,,,,,,,6066
verka tryggilega,0,sag,,,,,,,,,,"act effectively, act faithfully, operate effectively, operate faithfully",0,,,,,,,,6067
verkefni,0,na,hk,Eintala,,,,,,,"allocation problem, assignment problem, boundary problem, boundary value problem, Cauchy problem, construction problem, decidability problem, decision problem, dancing problem, Delian problem, Delic problem, dual problem, eigenvalue problem, extreme value problem, ill-posed problem, initial value problem, isoperimetric problem, mal-posed problem, many body problem, marriage problem, mixed boundary value problem, moduli problem, not-well posed problem, optimization problem, packing problem, proper value problem, well-posed problem",problem,0,,,,,,,,6068
verkröðun,0,na,kvk,Eintala,,,,,,,,scheduling,0,,,,,,,,6069
verkröðunarverkefni,0,na,hk,Eintala,,,,,,,,scheduling problem,0,,,,,,,,6070
verkun,0,na,kvk,Eintala,,,,,,,external composition,"action, operation",0,,,,,,,,6071
verkun frá hægri,0,na,kvk,Eintala,,,,,,,,"right action, right operation",0,,,,,,,,6072
verkun frá vinstri,0,na,kvk,Eintala,,,,,,,,"left action, left operation",0,,,,,,,,6073
verulegur sérstöðupunktur,0,na,kk,Eintala,,,,,,,inessential singular point,"(in complex analysis) essential singular point, essential singularity",0,,,,,,,,6074
vextir,0,na,kk,Fleirtala,,,,,,,,interest,0,,,,,,,,6075
vélarmál,0,na,hk,Eintala,,,,,,,,machine language,0,,,,,,,,6000
vélbúnaður,0,na,kk,Eintala,,,,,,,,hardware,0,,,,,,,,6001
"vélheildun, véltegrun",0,na,kvk,Eintala,,,,,,,,mechanical quadrature,0,,,,,,,,6024
"vélvit, tölvuvit, gervigreind",0,na,,Eintala,,,,,,,,artificial intelligence,0,,,,,,,,6034
viðbót,0,na,kvk,Eintala,,,,,,,,(of a logarithm) mantissa,0,,,,,,,,6082
"viðbótarskilyrði, viðbótarkrafa, viðbótarforsenda",0,na,,Eintala,,,,,,,,additional condition,0,,,,,,,,6083
"viðbótarupplýsingar, fylgiupplýsingar",0,na,kvk,Fleirtala,,,,,,,,"ancillary information, concomitant information, supplemental information, supplementary information",0,,,,,,,,6084
"viðbætið fall, samleggjandi fall",0,na,hk,Eintala,,,,,,,,additive function,0,,,,,,,,6079
"viðbætið mengjafall, samleggjandi mengjafall",0,na,hk,Eintala,,,,,,,,additive set function,0,,,,,,,,6080
"viðbætinn, samleggjandi",0,ls,,,,,,,,,,additive,0,,,,,,,,6081
viðfangskenning,0,na,kvk,Eintala,,,,,,,,object theory,0,,,,,,,,6090
viðfangsmál,0,na,hk,Eintala,,,,,,,,object language,0,,,,,,,,6091
viðfangssetning,0,na,kvk,Eintala,,,,,,,,object theorem,0,,,,,,,,6092
viðkennd tala,0,na,kvk,Eintala,,,,,,,,"concrete number, denominate number",0,,,,,,,,6103
viðmið,0,na,hk,Eintala,,,,,,,,control,0,,,,,,,,6104
viðmiðun,0,na,kvk,Eintala,,,,,,,,criterion,0,,,,,,,,6105
"viðtaka, viðtekt",0,na,kvk,Eintala,,,,,,,,acceptance,0,,,,,,,,6107
viðtökulíkindi,0,na,hk,Fleirtala,,,,,,,,"acceptance probability, chance of acceptance",0,,,,,,,,6108
viðtökumark,0,na,hk,Eintala,,,,,,,,acceptance limit,0,,,,,,,,6109
viðtökupróf,0,na,hk,Eintala,,,,,,,,acceptance inspection,0,,,,,,,,6110
viðunandi,0,ls,,,,,,,,,,acceptable,0,,,,,,,,6111
viðunandi gæðamörk,0,na,hk,Fleirtala,,,,,,,,acceptable quality level,0,,,,,,,,6112
viðureign,0,na,kvk,Eintala,,,,,,,,"party, play",0,,,,,,,,6113
viðvörunarmörk,0,na,kvk,Fleirtala,,,,,,,,"attention limit, warning limit",0,,,,,,,,6114
viguralgebra,0,na,kvk,Eintala,,,,,,,,vector algebra,0,,,,,,,,6117
vigurbundin,0,na,,Eintala,,,,,,,"bundle, line bundle, fibre bundle",vector bundle,0,,,,,,,,6118
vigurfall,0,na,hk,Eintala,,,,,,,,vector function,0,,,,,,,,6119
vigurgildur,0,ls,kk,Eintala,,,,,,,,"vector-valued, vector valued",0,,,,,,,,6120
"vigurgilt fall, vigurfall",0,na,hk,Eintala,,,,,,,,vector-valued function,0,,,,,,,,6121
vigurgreining,0,na,kvk,Eintala,,,,,,,,vector analysis,0,,,,,,,,6122
"vigursamlagning, vigrasamlagning",0,na,kvk,Eintala,,,,,,,,vector addition,0,,,,,,,,6123
vigursumma,0,na,kvk,Eintala,,,,,,,,"resultant vector, resultant",0,,,,,,,,6124
vigursumma,0,na,kvk,Eintala,,,,,,,,vectorial sum,0,,,,,,,,6125
vigursvið,0,na,hk,Eintala,,,,,,,,vector field,0,,,,,,,,6126
"vigur, vektor",0,na,kk,Eintala,,,,,,,,vector,0,,,,,,,,6116
vigur-,0,pref,,,,,,,,,,vectorial,0,,,,,,,,6115
vik,0,na,hk,Eintala,,,,,,,,(of a function) variation,0,,,,,,,,6127
vildarás,0,na,kk,Eintala,,,,,,,,axis of affinity,0,,,,,,,,6129
"vildarfall, línufall",0,na,hk,Eintala,,,,,,,,affine function,0,,,,,,,,6130
vildargrúpa,0,na,kvk,Eintala,,,,,,,,affine group,0,,,,,,,,6131
vildarhjúpur,0,na,kk,Eintala,,,,,,,,affine hull,0,,,,,,,,6132
"vildarhnit, samsíða hnit",0,na,hk,Fleirtala,,,,,,,"cartesian coordinates, oblique coordinates","affine coordinates, parallel coordinates",0,,,,,,,,6133
vildarlína,0,na,kvk,Eintala,,,,,,,,affine line,0,,,,,,,,6134
"vildarlokun, vildarhjúpur",0,na,,Eintala,,,,,,,linear closure,affine closure,0,,,,,,,,6135
vildarrúm,0,na,hk,Eintala,,,,,,,,affine space,0,,,,,,,,6136
vildarrúmfræði,0,na,kvk,Eintala,,,,,,,,affine geometry,0,,,,,,,,6137
vildarsamgangur,0,na,kk,Eintala,,,,,,,connection,affine connection,0,,,,,,,,6138
vildarslétta,0,na,kvk,Eintala,,,,,,,,affine plane,0,,,,,,,,6139
vildarvíðerni,0,na,hk,Eintala,,,,,,,,affine variety,0,,,,,,,,6140
"vildarvörpun, vildarmótun",0,na,kvk,Eintala,,,,,,,,"affine transformation, affinity",0,,,,,,,,6141
"vildur, vildar-",0,,,,,,,,,,,affine,0,,,,,,,,6142
vild samlínumótun,0,na,kvk,Eintala,,,,,,,,affine collineation,0,,,,,,,,6128
"villa, mistök",0,na,,,,,,,,,,"error, mistake",0,,,,,,,,6143
vinatölur,0,na,kvk,Fleirtala,,,,,,,,"amicable numbers, friendly numbers",0,,,,,,,,6144
"vindingalaus grúpa, vindingslaus grúpa",0,na,kvk,Eintala,,,,,,,,"aperiodic group, group without torsion, torsion-free group",0,,,,,,,,6145
vindingsfeldi,0,na,hk,Eintala,,,,,,,,torsion product,0,,,,,,,,6146
vindingsgeisli,0,na,kk,Eintala,,,,,,,,"radius of torsion, radius of second curvature, torsion radius",0,,,,,,,,6147
vindingsgrúpa,0,na,kvk,Eintala,,,,,,,,"group of torsion, periodic group, torsion group",0,,,,,,,,6148
"vindingslaus, vindingalaus",0,ls,,,,,,,,,,torsion-free,0,,,,,,,,6150
vindingsmótull,0,na,kk,Eintala,,,,,,,,torsion module,0,,,,,,,,6151
vindingsstak,0,na,hk,Eintala,,,,,,,,"periodic element, torsion element",0,,,,,,,,6152
vindingsþinur,0,na,kk,Eintala,,,,,,,,torsion tensor,0,,,,,,,,6153
vindingur,0,na,kk,Eintala,,,,,,,,"second curvature, torsion",0,,,,,,,,6154
vindingur,0,na,kk,Eintala,,,,,,,,(in algebra) torsion,0,,,,,,,,6155
vinningsbandalag,0,na,hk,Eintala,,,,,,,,winning coalition,0,,,,,,,,6156
vinningsfall,0,na,hk,Eintala,,,,,,,,payoff function,0,,,,,,,,6157
vinningsfylki,0,na,hk,Eintala,,,,,,,,payoff matrix,0,,,,,,,,6158
vinningur,0,na,kk,Eintala,,,,,,,,payoff,0,,,,,,,,6159
vinnsla,0,na,kvk,Eintala,,,,,,,,processing,0,,,,,,,,6160
vinstra einingarstak,0,na,hk,Eintala,,,,,,,,left identity,0,,,,,,,,6161
vinstra hjámengi,0,na,hk,Eintala,,,,,,,,left coset,0,,,,,,,,6162
vinstra íðal,0,na,hk,Eintala,,,,,,,one-sided ideal,left ideal,0,,,,,,,,6163
vinstrisnúinn,0,ls,kk,Eintala,,,,,,,,sinistrorse,0,,,,,,,,6182
vinstrisnúinn ferill,0,na,kk,Eintala,,,,,,,,"left-handed curve, sinistrorse curve",0,,,,,,,,6183
vinstrisnúin skrúflína,0,na,kvk,Eintala,,,,,,,,"left-handed helix, sinistrorse helix",0,,,,,,,,6181
vinstri aðoki,0,na,hk,Eintala,,,,,,,right adjoint,"left adjoint, adjoint",0,,,,,,,,6674
"vinstri afleiða, afleiða frá vinstri",0,na,hk,Fleirtala,,,,,,,,"back derivative, backward derivative, derivative on the left, left derivative, left-hand derivative, left-handed derivative",0,,,,,,,,6675
"vinstri andhverfa, andhverfa frá vinstri",0,na,kvk,Eintala,,,,,,,,(of a mapping) left inverse,0,,,,,,,,6676
"vinstri deildanleiki, deildanleiki frá vinstri, vinstri diffranleiki, diffranleiki frá vinstri",0,na,kk,Eintala,,,,,,,,"back differentiability, backward differentiability, differentiability on the left, left differentiability, left-hand differentiability",0,,,,,,,,6166
vinstri dreifiregla,0,na,kvk,Eintala,Sjá <ref idTerm=723>dreifiregla</ref>.,,,,,,,left distributive law,0,,,,,,,,6167
vinstri endapunktur,0,na,kk,Eintala,,,,,,,,"left end point, left extremity",0,,,,,,,,6168
vinstri grennd,0,na,kvk,Eintala,,,,,,,,neighbourhood on the left,0,,,,,,,,6169
vinstri handar hnitakerfi,0,na,hk,Eintala,,,,,,,,left-handed coordinate system,0,,,,,,,,6170
vinstri hávísir,0,na,kk,Eintala,,,,,,,,pre-superscript,0,,,,,,,,6171
vinstri hlið,0,na,kvk,Eintala,,,,,,,,"left-hand side, left side",0,,,,,,,,6172
"vinstri hlutleysa, hlutleysa frá vinstri",0,na,hk,Fleirtala,,,,,,,,"left neutral element, left identity",0,,,,,,,,6677
vinstri hornklofi,0,na,kk,Eintala,,,,,,,,left bracket,0,,,,,,,,6173
vinstri lágvísir,0,na,kk,Eintala,,,,,,,,pre-subscript,0,,,,,,,,6174
vinstri mótull,0,na,kk,Eintala,,,,,,,,left module,0,,,,,,,,6175
vinstri oddklofi,0,na,kk,Eintala,,,,,,,pointed bracket,left pointed bracket,0,,,,,,,,6176
vinstri oddsvigi,0,na,kk,Eintala,,,,,,,,"left brace, left curly bracket",0,,,,,,,,6177
vinstri samsemdarmótun,0,na,kvk,Eintala,,,,,,,,left identity,0,,,,,,,,6178
vinstri svigi,0,na,kk,Eintala,,,,,,,,left parenthesis,0,,,,,,,,6179
"vinstri umhverfa, umhverfa frá vinstri, vinstri andhverfa, andhverfa frá vinstri",0,na,hk,Eintala,,,,,,,,(with respect to an operation) left inverse,0,,,,,,,,6180
virðing,0,na,kvk,Eintala,,,,,,,"absolute value, Archimedean valuation, non-archimedean valuation",valuation,0,,,,,,,,6184
virðingarbaugur,0,na,kk,Eintala,,,,,,,,valuation ring,0,,,,,,,,6185
virðingarfræði,0,na,kvk,Eintala,,,,,,,,valuation theory,0,,,,,,,,6186
virðingargrannmynstur,0,na,hk,Eintala,,,,,,,,valuation topology,0,,,,,,,,6187
virki,0,na,kk,Eintala,,,,,,,,operator,0,,,,,,,,6188
virkjagildur,0,ls,kk,Eintala,,,,,,,,operator-valued,0,,,,,,,,6189
virkjajafna,0,na,kvk,Eintala,,,,,,,,operator equation,0,,,,,,,,6190
virkjareikningur,0,na,kk,Eintala,,,,,,,,"operational calculus, operator calculus",0,,,,,,,,6191
virkjastaðall,0,na,kk,Eintala,,,,,,,,operator norm,0,,,,,,,,6192
virkni,0,na,kvk,Eintala,,,,,,,,action,0,,,,,,,,6193
virkt hliðarskilyrði,0,na,hk,Eintala,,,,,,,constraint,active constraint,0,,,,,,,,6194
virkt mengi,0,na,hk,Eintala,,,,,,,,active set,0,,,,,,,,6195
virkt stak,0,na,hk,Eintala,,,,,,,,active element,0,,,,,,,,6196
"vissa, fullvissa",0,na,kvk,Eintala,,,,,,,,certainty,0,,,,,,,,6215
"viss atburður, öruggur atburður",0,na,kk,Eintala,,,,,,,,"certain event, certainty",0,,,,,,,,6213
"viss, öruggur",0,ls,kk,Eintala,,,,,,,,certain,0,,,,,,,,6214
víddarfræði,0,na,kvk,Eintala,,,,,,,,dimension theory,0,,,,,,,,6088
"vídd, stétt",0,na,kvk,Eintala,,,,,,,,(of a free module) rank,0,,,,,,,,6085
"vídd, stig",0,na,,Eintala,,,,,,,dimension,(of a linear representation) degree,0,,,,,,,,6086
"vídd, víddartala, rúmvídd",0,na,kvk,Eintala,,,,,,,"degree, dim","dimension, dimensionality",0,,,,,,,,6087
víðátta,0,na,kvk,Eintala,,,,,,,"algebraic manifold, analytic manifold, closed manifold, compact manifold, complex analytic manifold, complex manifold, differentiable manifold, real analytic manifold, smooth manifold, topological manifold, surface, variety",manifold,0,,,,,,,,6076
víðátta án jaðars,0,na,kvk,Eintala,,,,,,,,manifold without boundary,0,,,,,,,,6077
víðátta með jaðri,0,na,kvk,Eintala,,,,,,,"bounded, bounding manifold",manifold with boundary,0,,,,,,,,6078
víðerni,0,na,hk,Eintala,,,,,,,"algebraic variety, analytic variety, manifold",variety,0,,,,,,,,6089
víðfeðmt sterkasta próf,0,na,hk,Eintala,,,,,,,,"uniformly most powerful test, U. M. P. test",0,,,,,,,,6096
víðfeðmt útgildi,0,na,hk,Eintala,,,,,,,,"extremum in the large, global extremum",0,,,,,,,,6097
víðfeðmur,0,ls,kk,Eintala,,,,,,,,global,0,,,,,,,,6098
víðfeðmur hágildispunktur,0,na,kk,Eintala,,,,,,,,global maximum point,0,,,,,,,,6099
víðfeðmur lággildispunktur,0,na,kk,Eintala,,,,,,,,global minimum point,0,,,,,,,,6100
víðfeðmur útgildispunktur,0,na,kk,Eintala,,,,,,,,global extremum point,0,,,,,,,,6101
víðfeðm einstikun,0,na,kvk,Eintala,,,,,,,,global uniformization,0,,,,,,,,6093
"víðfeðm greining, víðgreining",0,na,kvk,Eintala,,,,,,,,global analysis,0,,,,,,,,6094
víðfeðm tilvist,0,na,kvk,Eintala,,,,,,,,global existence,0,,,,,,,,6095
víðgildi,0,na,hk,Eintala,,,,,,,,generality,0,,,,,,,,6102
"víðtækur, almennur, víður",0,ls,kk,Eintala,,,,,,,"general theory of relativity, general linear group",general,0,,,,,,,,6106
"vísajafna, veldisvísajafna",0,na,kvk,Eintala,,,,,,,,indicial equation,0,,,,,,,,6197
vísalækkun,0,na,kvk,Eintala,,,,,,,,lowering of indices,0,,,,,,,,6198
"vísamengi, vísitölumengi, skilgreiningarmengi",0,na,hk,Eintala,,,,,,,argument domain,"index set, indexing set",0,,,,,,,,6199
vísasetja,0,sag,,,,,,,,,,index,0,,,,,,,,6200
vísasetning,0,na,kvk,Eintala,,,,,,,,indexing,0,,,,,,,,6201
vísasettur,0,ls,kk,Eintala,,,,,,,,indexed,0,,,,,,,,6202
"vísir, vísitala",0,na,,Eintala,,,,,,,,index,0,,,,,,,,6203
vísisfallaröð,0,na,kvk,Eintala,,,,,,,,exponential series,0,,,,,,,,6205
vísissetning,0,na,kvk,Eintala,,,,,,,,index theorem,0,,,,,,,,6206
vísisvirðing,0,na,kvk,Eintala,,,,,,,"non-archimedean valuation, ultrametric valuation","additive valuation, exponential valuation",0,,,,,,,,6207
vísis-,0,pref,,,,,,,,,,exponential,0,,,,,,,,6204
vísitala,0,na,kvk,Eintala,,,,,,,,(of a fixed point) index,0,,,,,,,,6208
vísitala,0,na,kvk,Eintala,,,,,,,,(of a matrix) index,0,,,,,,,,6209
vísitala,0,na,kvk,Eintala,,,,,,,,(of a subgroup) index,0,,,,,,,,6210
vísitala,0,na,kvk,Eintala,,,,,,,,(of a vector field) index,0,,,,,,,,6211
vísitala,0,na,kvk,Eintala,,,,,,,,(of an elliptic operator) index,0,,,,,,,,6212
"vítahringur, hringrök",0,na,,Eintala,,,,,,,,"circular argument, vicious circle",0,,,,,,,,6216
víxill,0,na,kk,Eintala,,,,,,,,commutator,0,,,,,,,,6218
víxla,0,sag,,,,,,,,,,commute,0,,,,,,,,6219
"víxlagrúpa, afleidd grúpa",0,na,kvk,Eintala,,,,,,,,"commutant, commutator group, commutator subgroup, derived group",0,,,,,,,,6220
víxlanlegur,0,ls,kk,Eintala,,,,,,,,"commuting, interchangeable, permutable",0,,,,,,,,6221
"víxlast, vera víxlanlegur",0,sag,,,,,,,,,,commute,0,,,,,,,,6222
"víxlbaugur, víxlinn baugur",0,na,kk,Eintala,,,,,,,,commutative ring,0,,,,,,,,6223
víxlhorn,0,na,hk,Eintala,,,,,,,,alternate angles,0,,,,,,,,6224
víxlið örvarit,0,na,hk,Eintala,,,,,,,,commutative diagram,0,,,,,,,,6225
"víxlimengi, víxlialgebra",0,na,,Eintala,,,,,,,,commutant,0,,,,,,,,6226
víxlinn,0,ls,kk,Eintala,<ref idTerm=5702>Reikniaðgerð</ref> \(\odot\) kallast \textit{víxlin} ef hún fullnægir <ref idTerm=6233>víxlreglunni</ref>.,,,,,,,"commutative, commuting",0,,,,,,,,6228
"víxlin aðgerð, víxlin reikniaðgerð",0,na,kvk,Eintala,,,,,,,,commutative operation,0,,,,,,,,6227
víxlmerkjamengi,0,na,hk,Eintala,,,,,,,,alternating set,0,,,,,,,,6229
víxlmerkjaröð,0,na,kvk,Eintala,,,,,,,,alternating series,0,,,,,,,,6230
víxlmerkjasumma,0,na,kvk,Eintala,,,,,,,,alternating sum,0,,,,,,,,6231
víxlni,0,na,kvk,Eintala,,,,,,,,commutativity,0,,,,,,,,6232
víxlregla,0,na,kvk,Eintala,"<ref idTerm=5702>Tvístæð reikniaðgerð</ref> \(\odot : X \times X \to X\) á <ref idTerm=3270>mengi</ref> \(X\) er sögð fullnægja \textit{víxlreglunni} ef fyrir sérhver <ref idTerm=5128>stök</ref> \(x,y \in X\) gildir að \(x \odot y = y \odot x\).","Dæmi um víxlna reikniaðgerð er <ref idTerm=3141>margföldun</ref> <ref idTerm=4093>rauntalna</ref> en um öll \(x,y \in \mathbb{R}\) gildir \(xy=yx\).",,,,,,"commutative law, commutation law",0,,,,,,,,6233
víxlstefnuaðferð,0,na,kvk,Eintala,,,,,,,,alternating direction method,0,,,,,,,,6234
víxlunarjafna,0,na,kvk,Eintala,,,,,,,,commutation relation,0,,,,,,,,6235
vogarskálaaðferð,0,na,kvk,Eintala,,,,,,,,scales method,0,,,,,,,,6236
vægi,0,na,hk,Eintala,,,,,,,,moment,0,,,,,,,,5938
vægi,0,na,hk,Eintala,,,,,,,,weight,0,,,,,,,,5939
vægisfall,0,na,hk,Eintala,,,,,,,,weight function,0,,,,,,,,5941
vægisframleiðandi fall,0,na,hk,Eintala,,,,,,,,moment generating function,0,,,,,,,,5942
vægisstuðull,0,na,kk,Eintala,,,,,,,,weight factor,0,,,,,,,,5943
vægisverkefni,0,na,hk,Eintala,,,,,,,,moment problem,0,,,,,,,,5944
vægi um meðalgildi,0,na,hk,Eintala,,,,,,,,central moment,0,,,,,,,,5940
vægjaaðferð,0,na,kvk,Eintala,,,,,,,,"method of moments, moments method",0,,,,,,,,5945
vægjafylki,0,na,hk,Eintala,,,,,,,,moment matrix,0,,,,,,,,5946
vægjahlutfall,0,na,hk,Eintala,,,,,,,,moment ratio,0,,,,,,,,5947
"væntanlegt gildi, væntigildi, meðalgildi",0,na,hk,Eintala,,,,,,,,"expectation, expectancy, expectation value, expected value, mathematical expectation, mean, mean value",0,,,,,,,,5948
"vökvaaflfræði, straumfræði",0,na,kvk,Eintala,,,,,,,,hydrodynamics,0,,,,,,,,6237
"vökvastöðufræði, kyrrðarfræði",0,na,kvk,Eintala,,,,,,,,hydrostatics,0,,,,,,,,6238
"vöndur af hringum, hringavöndur, hneppi af hringum, hringahneppi",0,na,,Eintala,,,,,,,,pencil of circles,0,,,,,,,,6239
"vöndur af línum, línuvöndur, hneppi af línum, línuhneppi",0,na,,Eintala,,,,,,,,pencil of lines,0,,,,,,,,6240
"vöndur af samsíða línum, samsíðuvöndur, hneppi af samsíða línum, samsíðuhneppi",0,na,,Eintala,,,,,,,,pencil of parallel lines,0,,,,,,,,6241
"vöndur af sléttum, sléttuvöndur, hneppi af sléttum, sléttuhneppi",0,na,,Eintala,,,,,,,"bundle of planes, sheaf of planes",pencil of planes,0,,,,,,,,6242
"vöndur, hneppi",0,na,,Eintala,,,,,,,bundle,pencil,0,,,,,,,,6243
vörpunarkeila,0,na,kvk,Eintala,,,,,,,,mapping cone,0,,,,,,,,6244
vörpunarsetning Riemanns,0,na,kvk,Eintala,,,,,,,,Riemann mapping theorem,0,,,,,,,,6245
vörpunarsívalningur,0,na,kk,Eintala,,,,,,,,mapping cylinder,0,,,,,,,,6246
vörpunarstig,0,na,hk,Eintala,,,,,,,,"Brouwer degree, degree of mapping",0,,,,,,,,6247
"vörpun, færsla, myndun, ummyndun",0,na,kvk,Eintala,,,,,,,"correspondence, function, functional, many-valued mapping, morphism, operator, single-valued mapping","mapping, map, transformation",0,,,,,,,,6678
vöxtur,0,na,kk,Eintala,,,,,,,,growth,0,,,,,,,,6248
x-ás,0,na,kk,Eintala,Sjá <ref idTerm=6595>kartesk slétta</ref>.,,,,,,,x-axis,0,,,,,,,,6252
"yfirákvarðaður, ofákvarðaður",0,ls,kk,Eintala,,,,,,,,over-determined,0,,,,,,,,6254
yfirbaugur,0,na,kk,Eintala,,,,,,,"extension, ring extension","extension ring, overring",0,,,,,,,,6255
yfirborð,0,na,hk,Eintala,,,,,,,,surface,0,,,,,,,,6256
yfirbreyta,0,na,kvk,Eintala,,,,,,,syntactic variable,metavariable,0,,,,,,,,6257
yfirfall,0,na,hk,Eintala,,,,,,,,"majorant function, majorant",0,,,,,,,,6679
yfirferðarpunktur,0,na,kk,Eintala,,,,,,,,overcrossing,0,,,,,,,,6258
yfirgnæfa,0,sag,,,,,,,,,majorize,dominate,0,,,,,,,,6259
yfirgnæfa,0,sag,,,,,,,,,dominate,majorize,0,,,,,,,,6260
yfirgnæfð röð,0,na,kvk,Eintala,,,,,,,,"dominated series, majorized series",0,,,,,,,,6261
yfirgnæfð samleitni,0,na,kvk,Eintala,,,,,,,,dominated convergence,0,,,,,,,,6262
yfirgripsregla,0,na,kvk,Eintala,,,,,,,,"axiom of comprehension, axiom of abstraction, comprehension principle",0,,,,,,,,6263
yfirhjólferill,0,na,kk,Eintala,,,,,,,,hypercycloid,0,,,,,,,,6264
yfirhornalína,0,na,kvk,Eintala,,,,,,,,superdiagonal,0,,,,,,,,6265
yfirkenning,0,na,kvk,Eintala,,,,,,,,metatheory,0,,,,,,,,6266
yfirliður,0,na,kk,Eintala,,,,,,,,major term,0,,,,,,,,6267
"yfirmál, yfirtungumál",0,na,hk,Eintala,,,,,,,,metalanguage,0,,,,,,,,6268
yfirmengi,0,na,hk,Eintala,,,,,,,,including set,0,,,,,,,,6269
yfirmetanlegur,0,ls,kk,Eintala,,,,,,,,majorizable,0,,,,,,,,6270
yfirmótull,0,na,kk,Eintala,,,,,,,,overmodule,0,,,,,,,,6271
yfirráðasvæði,0,na,hk,Eintala,,,,,,,,(of a quantifier) scope,0,,,,,,,,6272
yfirrásuð grúpa,0,na,kvk,Eintala,,,,,,,,metacyclic group,0,,,,,,,,6273
yfirregla,0,na,kvk,Eintala,,,,,,,,metarule,0,,,,,,,,6274
yfirröð,0,na,kvk,Eintala,,,,,,,,"majorant series, majorant",0,,,,,,,,6680
yfirsetning,0,na,kvk,Eintala,,,,,,,,metatheorem,0,,,,,,,,6275
"yfirsetning, yfirforsenda",0,na,kvk,Eintala,,,,,,,,major premise,0,,,,,,,,6276
yfirsporger,0,ls,,,,,,,,,,hyperelliptic,0,,,,,,,,6277
"yfirstak, yfirskorða, yfirtala",0,na,,Eintala,Fyrir <ref idTerm=4093>rauntalna</ref><ref idTerm=3270>mengi</ref> \(A\) kallast rauntalan \(U\) \textit{yfirtala} mengisins \(A\) ef fyrir öll \(x \in A\) gildir að \(x \leq U\).,"Almennt getur <ref idTerm=4009>hlutraðað mengi</ref> hugsanlega átt sér \textit{yfirstak}. Slíkt <ref idTerm=5128>stak</ref> þarf hins vegar ekki endilega að vera til, sem dæmi á mengi rauntalna \(\mathbb{R}\) sér ekkert yfirstak.",,,,,,"majorant, right bound, upper bound",0,,,,,,,,6280
yfirstrik,0,na,hk,Eintala,,,,,,,,"bar, overbar, overline, vinculum",0,,,,,,,,6281
yfirstærðfræði,0,na,kvk,Eintala,,,,,,,,metamathematics,0,,,,,,,,6278
yfirstærðfræðilegur,0,ls,kk,Eintala,,,,,,,,metamathematical,0,,,,,,,,6279
yfirsumma,0,na,kvk,Eintala,,,,,,,,upper sum,0,,,,,,,,6282
yfirsvið,0,na,hk,Eintala,,,,,,,"extension, field extension","extension field, overfield",0,,,,,,,,6283
"yfirviðbætinn, yfirsamleggjandi",0,ls,,,,,,,,,,superadditive,0,,,,,,,,6284
yfirvíxlin grúpa,0,na,kvk,Eintala,,,,,,,,metabelian group,0,,,,,,,,6285
yfirþýður,0,ls,kk,Eintala,,,,,,,,superharmonic,0,,,,,,,,6286
"yrðingabreyta, fullyrðingabreyta",0,na,kvk,Eintala,,,,,,,,"propositional variable, sentential variable",0,,,,,,,,6287
yrðingafall,0,na,hk,Eintala,,,,,,,predicate,"propositional function, sentential function, statement function",0,,,,,,,,6288
yrðingamót,0,na,hk,Eintala,,,,,,,form,propositional form,0,,,,,,,,6289
"yrðingareikningur, fullyrðingareikningur",0,na,kk,Eintala,,,,,,,propositional logic,"propositional calculus, sentential calculus",0,,,,,,,,6290
"yrðingarökfræði, fullyrðingarökfræði",0,na,kvk,Eintala,,,,,,,propositional calculus,"logic of propositions, propositional logic, sentential logic",0,,,,,,,,6291
"ytra deildaform, ytra diffurform, deildaform, diffurform",0,na,hk,Eintala,,,,,,,,"alternating differential form, exterior differential form, differential form",0,,,,,,,,6292
"ytra deildi, ytra diffur",0,na,hk,Eintala,,,,,,,,exterior differential,0,,,,,,,,6293
ytra flatarmál,0,na,hk,Eintala,,,,,,,,outer area,0,,,,,,,,6294
"ytra horn, utanvert horn",0,na,hk,Eintala,<ref idTerm=1677>Grannhorn</ref> tiltekins <ref idTerm=2198>horns</ref> í <ref idTerm=3161>marghyrningi</ref>. Horn marghyrningsins kallast þá \textit{innri horn},Á eftirfarandi mynd er \(\angle DBC\) ytra horn við <ref idTerm=6438>þríhyrninginn</ref> \(ABC\) því það er grannhorn \(\angle CBA\):\n\n\begin{center}\n\includegraphics[width=150px]{myndir/ytrahorn.png}\n\end{center} \n\nHornin \(\angle BAC\) og \(\angle ACB\) kallast jafnframt \textit{fjarlæg innri horn} við ytra hornið \(\angle DBC\).,,,,,,"(of a polygon) exterior angle, external angle",0,,,,,,,,6295
"ytra horn, utanvert horn",0,na,hk,Eintala,,,,,,,,(of angles made by a transversal) exterior angle,0,,,,,,,,6296
"ytra innihald, ytra Jordan-innihald",0,na,hk,Eintala,,,,,,,,"exterior content, exterior Jordan content, outer content, outer Jordan content",0,,,,,,,,6297
"ytra mál, utanmál",0,na,hk,Eintala,,,,,,,,"exterior measure, outer measure, upper measure",0,,,,,,,,6298
"ytra mál, utanmál",0,na,hk,Eintala,,,,,,,,outer volume,0,,,,,,,,6299
"ytra meðalfervik, ytri dreifni",0,na,,Eintala,,,,,,,within-class variance,"between-class variance, between-group variance, external variance, interclass variance",0,,,,,,,,6300
ytra veldi,0,na,hk,Eintala,,,,,,,,exterior power,0,,,,,,,,6301
"ytri aðgerð, ytri reikniaðgerð",0,na,kvk,Eintala,,,,,,,"action, operation, operation","external composition, external composition law, external law of composition, external operation",0,,,,,,,,6302
ytri afleiða,0,na,kvk,Eintala,,,,,,,,exterior derivative,0,,,,,,,,6303
"ytri algebra, Grassmann-algebra",0,na,kvk,Eintala,,,,,,,,"exterior algebra, Grassmann algebra",0,,,,,,,,6304
ytri einslögunarmiðja,0,na,kvk,Eintala,,,,,,,,exterior centre of similitude,0,,,,,,,,6305
ytri fylgni,0,na,kvk,Eintala,,,,,,,within-class correlation,"between-class correlation, between-group correlation, external correlation, interclass correlation",0,,,,,,,,6306
"ytri gagnstæð horn, utanverð gagnstæð horn",0,na,hk,Fleirtala,,,,,,,,exterior opposite angles,0,,,,,,,,6307
ytri helmingalína,0,na,kvk,Eintala,,,,,,,,exterior bisector,0,,,,,,,,6308
ytri margföldun,0,na,kvk,Eintala,,,,,,,,exterior multiplication,0,,,,,,,,6309
ytri punktur,0,na,kk,Eintala,,,,,,,,exterior point,0,,,,,,,,6310
ytri sjálfmótun,0,na,kvk,Eintala,,,,,,,,outer automorphism,0,,,,,,,,6311
"ytri, utanverður",0,ls,,,,,,,,,,exterior,0,,,,,,,,6312
y-ás,0,na,kk,Eintala,Sjá <ref idTerm=6595>kartesk slétta</ref>.,,,,,,,y-axis,0,,,,,,,,6253
þak,0,na,hk,Eintala,,,,,,,,"(the symbol \^) hat, roof",0,,,,,,,,6323
þakning,0,na,kvk,Eintala,,,,,,,,"covering, cover",0,,,,,,,,6324
þáttabaugur,0,na,kk,Eintala,,,,,,,,"factorial ring, unique factorization domain, unique factorization ring",0,,,,,,,,6325
þáttagreining,0,na,kvk,Eintala,,,,,,,,"component analysis, factor analysis",0,,,,,,,,6326
þáttalíkan,0,na,hk,Eintala,,,,,,,,"factorial model, factor model",0,,,,,,,,6327
þáttatilraun,0,na,kvk,Eintala,,,,,,,,factorial experiment,0,,,,,,,,6328
þáttun,0,na,kvk,Eintala,,,,,,,"decomposition, prime decomposition, prime factorization","factorization, factoring, factorizing",0,,,,,,,,6330
"þáttun, klofningur, sundurliðun, skipting",0,na,,Eintala,,,,,,,,decomposition,0,,,,,,,,6331
þáttur,0,na,kk,Eintala,,,,,,,,(of a product) component,0,,,,,,,,6332
þáttur,0,na,kk,Eintala,,,,,,,,factor,0,,,,,,,,6333
þekjufærsla,0,na,kvk,Eintala,,,,,,,,"covering transformation, deck transformation",0,,,,,,,,6334
þekjugrúpa,0,na,kvk,Eintala,,,,,,,,covering group,0,,,,,,,,6335
þekjurúm,0,na,hk,Eintala,,,,,,,,covering space,0,,,,,,,,6336
þekjuvídd,0,na,kvk,Eintala,,,,,,,,covering dimension,0,,,,,,,,6337
þekjuvörpun,0,na,kvk,Eintala,,,,,,,,"covering map, covering",0,,,,,,,,6681
þetafall,0,na,hk,Eintala,,,,,,,,theta function,0,,,,,,,,6338
þéttast,0,sag,,,,,,,,,,accumulate,0,,,,,,,,6339
þéttibil,0,na,hk,Eintala,,,,,,,,concentration interval,0,,,,,,,,6340
þéttipunktur,0,na,kk,Eintala,,,,,,,"cluster point, limit point","accumulation point, point of accumulation",0,,,,,,,,6341
þéttipunktur,0,na,kk,Eintala,,,,,,,"accumulation point, limit point",cluster point,0,,,,,,,,6342
þéttipunktur,0,na,kk,Eintala,,,,,,,,limit point,0,,,,,,,,6343
þéttisporbaugur,0,na,kk,Eintala,,,,,,,,concentration ellipse,0,,,,,,,,6344
"þéttleikafall, líkindaþéttleikafall, dreifingarþéttleikafall",0,na,hk,Eintala,,,,,,,relative frequency function,"density function, distribution density function, probability density function, probability function",0,,,,,,,,6345
þéttleiki,0,na,kk,Eintala,,,,,,,packing density,(general) density,0,,,,,,,,6346
þéttraðað mengi,0,na,hk,Eintala,,,,,,,,densely ordered set,0,,,,,,,,6347
þéttskipaður,0,ls,kk,Eintala,,,,,,,,(of a matrix) dense,0,,,,,,,,6348
þéttteljanlegt firðrúm,0,na,hk,Eintala,,,,,,,,separable metric space,0,,,,,,,,6349
þéttteljanlegt grannmynstur,0,na,hk,Eintala,,,,,,,,separable topology,0,,,,,,,,6350
þéttteljanlegt grannrúm,0,na,hk,Eintala,,,,,,,,separable topological space,0,,,,,,,,6351
þéttteljanlegur,0,ls,kk,Eintala,,,,,,,,separable,0,,,,,,,,6352
þéttteljanleiki,0,na,kk,Eintala,,,,,,,,separability,0,,,,,,,,6353
þéttur,0,ls,kk,Eintala,,,,,,,,(in topology) dense,0,,,,,,,,6354
þinalgebra,0,na,kvk,Eintala,,,,,,,,tensor algebra,0,,,,,,,,6355
þinbundin,0,na,,Eintala,,,,,,,,tensor bundle,0,,,,,,,,6356
þinfeldi,0,na,hk,Eintala,,,,,,,tensor product,(of two vectors) dyadic product,0,,,,,,,,6357
þinföldun,0,na,kvk,Eintala,,,,,,,,"outer multiplication, tensor multiplication",0,,,,,,,,6359
þinföldun,0,na,kvk,Eintala,,,,,,,tensor multiplication,tensoring,0,,,,,,,,6360
þingreining,0,na,kvk,Eintala,,,,,,,,tensor analysis,0,,,,,,,,6361
þinreikningur,0,na,kk,Eintala,,,,,,,,tensor calculus,0,,,,,,,,6362
þinsvið,0,na,hk,Eintala,,,,,,,,"tensor field, tensorial field",0,,,,,,,,6363
þinur,0,na,kk,Eintala,,,,,,,,tensor,0,,,,,,,,6364
þjappaður,0,ls,kk,Eintala,,,,,,,,"bicompact, compact",0,,,,,,,,6376
þjappaður virki,0,na,kk,Eintala,,,,,,,completely continuous,compact operator,0,,,,,,,,6377
þjappað mengi,0,na,hk,Eintala,,,,,,,,compact set,0,,,,,,,,6373
þjappað rúm,0,na,hk,Eintala,,,,,,,,compact space,0,,,,,,,,6374
"þjappað rúm, þjappað mengi",0,na,hk,Eintala,,,,,,,,compactum,0,,,,,,,,6375
þjappleiki,0,na,kk,Eintala,,,,,,,,compactness,0,,,,,,,,6378
þjálga,0,sag,,,,,,,,,,"regularize, smooth",0,,,,,,,,6367
þjálgun,0,na,kvk,Eintala,,,,,,,,"regularization, smoothing",0,,,,,,,,6368
þjáll á köflum,0,ls,kk,Eintala,,,,,,,,piecewise smooth,0,,,,,,,,6369
þjáll ferill,0,na,kk,Eintala,,,,,,,,smooth curve,0,,,,,,,,6370
þjáll flötur,0,na,kk,Eintala,,,,,,,,smooth surface,0,,,,,,,,6371
þjált fall,0,na,hk,Eintala,,,,,,,,smooth function,0,,,,,,,,6372
"þjál víðátta, óendanlega oft deildanleg víðátta",0,na,kvk,Eintala,,,,,,,differentiable manifold,smooth manifold,0,,,,,,,,6365
þjál vörpun,0,na,kvk,Eintala,,,,,,,,smooth mapping,0,,,,,,,,6366
þjöppuð eyðing,0,na,kvk,Eintala,,,,,,,,compact elimination,0,,,,,,,,6379
þjöppuð samleitni,0,na,kvk,Eintala,,,,,,,,compact convergence,0,,,,,,,,6380
"þjöppuð víðátta, lokuð víðátta",0,na,kvk,Eintala,,,,,,,,"closed manifold, compact manifold",0,,,,,,,,6381
þjöppun,0,na,kvk,Eintala,,,,,,,,compactification,0,,,,,,,,6382
þolandi,0,na,kk,Eintala,,,,,,,,operand,0,,,,,,,,6384
þolbil,0,na,hk,Eintala,,,,,,,,tolerance interval,0,,,,,,,,6385
þoldreifing,0,na,kvk,Eintala,,,,,,,,tolerance distribution,0,,,,,,,,6386
þolmark,0,na,hk,Eintala,,,,,,,,tolerance limit,0,,,,,,,,6387
þolmat,0,na,hk,Eintala,,,,,,,,tolerance estimation,0,,,,,,,,6388
þolsvæði,0,na,hk,Eintala,,,,,,,,tolerance region,0,,,,,,,,6389
þolþáttur,0,na,kk,Eintala,,,,,,,,tolerance factor,0,,,,,,,,6390
"þol, þolstig",0,na,hk,Eintala,,,,,,,,"tolerance, tolerance level",0,,,,,,,,6383
þraut,0,na,kvk,Eintala,,,,,,,problem,puzzle,0,,,,,,,,6391
þrefaldur,0,ls,kk,Eintala,,,,,,,,triple,0,,,,,,,,6392
"þrefalt heildi, þrefalt tegur",0,na,hk,Eintala,,,,,,,,triple integral,0,,,,,,,,6393
þreföld rót,0,na,kvk,Eintala,,,,,,,,triple root,0,,,,,,,,6394
"þrenging, takmörkun, takmarkandi skilyrði",0,na,,,,,,,,,,(condition) restriction,0,,,,,,,,6395
þrengja,0,sag,,,,,,,,,,restrict,0,,,,,,,,6396
þrennd,0,na,kvk,Eintala,,,,,,,,triple,0,,,,,,,,6397
þrep,0,na,hk,Eintala,,,,,,,,step,0,,,,,,,,6398
þrepafall,0,na,hk,Eintala,,,,,,,simple function,"staircase function, step function",0,,,,,,,,6401
"þrepasönnun, þrepunarsönnun, rakin sönnun",0,na,kvk,Eintala,Aðferð til þess að <ref idTerm=4554>sanna</ref> <ref idTerm=1515>yrðingar</ref> um <ref idTerm=3475>náttúrulegu tölurnar</ref>. Hún snýst út á það að sýna fyrst að yrðingin gildi fyrir töluna 0 (sem kallast \textit{grunnþrepið}) og síðan sýna að ef yrðingin gildir fyrir einhverja tölu \(k\) að þá gildi yrðingin fyrir \(k+1\) líka. Sú forsenda að yrðingin gildi um töluna \(k\) kallast \textit{þrepunarforsenda} og það að sýna að yrðingin gildi einnig um \(k+1\) kallast \textit{þrepunarskref}. Þegar þrepunarforsendan gerir ráð fyrir að yrðingin gildi um allar tölur minni en eða jöfn \(k\) kallast sönnunin \textit{sterk þrepunarsönnun},,,,,,,"induction proof, inductive proof, proof by induction, proof by mathematical induction, proof by recursion",0,,,,,,,,6402
"þrepunarályktun, þrepunarniðurstaða",0,na,kvk,Eintala,,,,,,,,inductive conclusion,0,,,,,,,,6406
þrepunarforsenda,0,na,kvk,Eintala,,,,,,,,"induction hypothesis, inductional assumption, inductive hypothesis",0,,,,,,,,6407
"þrepunarfrumsenda, þrepunarfrumsetning, frumsenda um þrepun, frumsetning um þrepun",0,na,kvk,Eintala,,,,,,,,"axiom of complete induction, axiom of mathematical induction, induction axiom",0,,,,,,,,6408
þrepunarnálgun,0,na,kvk,Eintala,,,,,,,,"stepwise approximation, successive approximation",0,,,,,,,,6409
"þrepunarskilgreining, rakin skilgreining",0,na,kvk,Eintala,,,,,,,,"definition by induction, definition by recursion, inductive definition, recursive definition, recursion definition",0,,,,,,,,6410
þrepunarskref,0,na,hk,Eintala,,,,,,,,"induction step, inductive step",0,,,,,,,,6411
þrepunarupphaf,0,na,hk,Eintala,,,,,,,,(of an induction) basis,0,,,,,,,,6412
þrepun niður á við,0,na,kvk,Eintala,,,,,,,,"descending induction, downward induction",0,,,,,,,,6403
þrepun upp á við,0,na,kvk,Eintala,,,,,,,,"ascending induction, upward induction",0,,,,,,,,6404
"þrepun, stærðfræðileg þrepun",0,na,kvk,Eintala,,,,,,,recursion,"complete induction, induction, mathematical induction",0,,,,,,,,6405
"þrep, kvíslitala, kvíslunartala",0,na,,Eintala,,,,,,,,(of a branch point) order,0,,,,,,,,6399
"þrep, stig",0,na,hk,Eintala,,,,,,,,"(of an elliptic function) degree, order",0,,,,,,,,6400
"þriðja rót, teningsrót, verpilrót",0,na,kvk,Eintala,,,,,,,,cube root,0,,,,,,,,6416
þriðja stigs ferill,0,na,kk,Eintala,,,,,,,,cubic,0,,,,,,,,6417
þriðja stigs flötur,0,na,kk,Eintala,,,,,,,,cubic,0,,,,,,,,6418
þriðja stigs jafna,0,na,,Eintala,,,,,,,,"cubic equation, cubic",0,,,,,,,,6682
"þriðja stigs, tenings-, verpils-",0,,,,,,,,,,,cubic,0,,,,,,,,6419
þríaðfelldur þríhyrningur,0,na,kk,Eintala,,,,,,,,trebly asymptotic triangle,0,,,,,,,,6413
þríbaugur,0,na,kk,Eintala,,,,,,,,ternary ring,0,,,,,,,,6414
"þríblaða rós, smáraferill",0,na,,Eintala,,,,,,,,three-leaved rose,0,,,,,,,,6415
þrífeldi,0,na,hk,Eintala,,,,,,,,"triple product, triple scalar product",0,,,,,,,,6420
þríflokkun,0,na,kvk,Eintala,,,,,,,,trichotomy,0,,,,,,,,6421
þríforkur Newtons,0,na,kk,Eintala,,,,,,,,trident of Newton,0,,,,,,,,6422
þrígild rökfræði,0,na,kvk,Eintala,,,,,,,,three-valued logic,0,,,,,,,,6423
þríhliðungur,0,na,kk,Eintala,,,,,,,,trilateral,0,,,,,,,,6424
"þríhnattaverkefni, þríagnaverkefni",0,na,hk,Eintala,,,,,,,many body problem,three body problem,0,,,,,,,,6425
þríhornalínufylki,0,na,hk,Eintala,,,,,,,,tridiagonal matrix,0,,,,,,,,6426
þríhyrningaregla,0,na,kvk,Eintala,,,,,,,,(for triangles) congruence theorem,0,,,,,,,,6428
þríhyrningar í sjónhorfi,0,na,kk,Fleirtala,,,,,,,,perspective triangles,0,,,,,,,,6427
þríhyrningaskipting,0,na,kvk,Eintala,,,,,,,triangulation,mesh of triangles,0,,,,,,,,6429
þríhyrningaskipting,0,na,kvk,Eintala,,,,,,,triangulation,triangular decomposition,0,,,,,,,,6430
þríhyrningaskipting,0,na,kvk,Eintala,,,,,,,"mesh of triangles, triangular decomposition",triangulation,0,,,,,,,,6431
þríhyrningsfylki,0,na,hk,Eintala,,,,,,,,triangular matrix,0,,,,,,,,6432
þríhyrningsgerlegur,0,ls,kk,Eintala,,,,,,,,(of a matrix) triangulable,0,,,,,,,,6433
þríhyrningsgerningur,0,na,kk,Eintala,,,,,,,,(of a matrix) triangularization,0,,,,,,,,6434
þríhyrningshnit,0,na,hk,Fleirtala,,,,,,,,"triangular coordinates, trilinear coordinates",0,,,,,,,,6435
þríhyrningsójafna,0,na,kvk,Eintala,,,,,,,,"triangle inequality, triangular inequality",0,,,,,,,,6436
"þríhyrningstala, þríhyrnd tala",0,na,kvk,Eintala,,,,,,,figurate number,triangular number,0,,,,,,,,6437
þríhyrningur,0,na,kk,Eintala,<ref idTerm=3161>Marghyrningur</ref> með þrjár <ref idTerm=2048>hliðar</ref>.,Eftirfarandi er mynd af þríhyrningi:\n\n\begin{center}\n\includegraphics[width=150px]{myndir/thrihyrningur.png}\n\end{center},,,,,"acute, aliquot triangle, altitude, altitude theorem, asymptotic triangle, base, cevian triangle, circular triangle, congruence theorem, diagonal triangle, doubly asymptotic triangle, equiangular, equilateral triangle, height, leg, median, mid-perpendicular, orthic triangle, orthoptic triangle, Pascal's triangle, pedal triangle, perspective triangles, polar triangle, pythagorean triangle, regular triangle, right-angled triangle, right triangle, scalene triangle, scalenous triangle, self-polar triangle, similar triangle, spherical triangle, transversal, trebly asymptotic triangle, ultrametric triangle inequality, vertex",triangle,0,,,,,,,,6438
þríhyrnt reitafylki,0,na,hk,Eintala,,,,,,,,block triangular matrix,0,,,,,,,,6439
þríliða,0,na,kvk,Eintala,,,,,,,,"golden rule, rule of three, rule of proportion",0,,,,,,,,6440
þrílínulegur,0,ls,kk,Eintala,,,,,,,,trilinear,0,,,,,,,,6441
þrírétthyrndur,0,ls,kk,Eintala,,,,,,,,trirectangular,0,,,,,,,,6442
þrískiptiferill,0,na,kk,Eintala,,,,,,,,trisectrix,0,,,,,,,,6443
þrískiptilína,0,na,kvk,Eintala,,,,,,,,trisector,0,,,,,,,,6444
þrískipting,0,na,kvk,Eintala,,,,,,,,trisection,0,,,,,,,,6445
þrístrendingur,0,na,kk,Eintala,,,,,,,,triangular prism,0,,,,,,,,6448
þrístæður,0,ls,kk,Eintala,,,,,,,,"(having two variables) ternary, three-place, triadic",0,,,,,,,,6447
þrístæð vensl,0,na,hk,Fleirtala,,,,,,,,"ternary relation, three-place relation",0,,,,,,,,6446
þríundakerfi,0,na,hk,Eintala,,,,,,,,"ternary numeration system, ternary number system",0,,,,,,,,6450
þríundamengi,0,na,hk,Eintala,,,,,,,Cantor ternary set,ternary set,0,,,,,,,,6451
þríundatala,0,na,kvk,Eintala,,,,,,,,"ternary numeral, ternary number",0,,,,,,,,6452
þríunda-,0,pref,,,,,,,,,,"(connected with ternary numbers) ternary, triadic",0,,,,,,,,6449
"þríveldi, þriðja veldi, teningur, verpill",0,na,,Eintala,,,,,,,perfect cube,(in algebra) cube,0,,,,,,,,6453
þrívíður,0,ls,kk,Eintala,,,,,,,,"three-dimensional, tridimensional",0,,,,,,,,6454
þrívítt rúm,0,na,hk,Eintala,,,,,,,,"three-dimensional space, three-space",0,,,,,,,,6455
þröngur,0,ls,kk,Eintala,,,,,,,,tight,0,,,,,,,,6456
"þröngur, í þröngum skilningi",0,,,,,,,,,,,restricted,0,,,,,,,,6457
þröngvaður,0,ls,kk,Eintala,,,,,,,,forced,0,,,,,,,,6458
þröngvun,0,na,kvk,Eintala,,,,,,,,forcing,0,,,,,,,,6459
þröngvunarfall,0,na,hk,Eintala,,,,,,,,forcing function,0,,,,,,,,6460
þröskuldsfall,0,na,hk,Eintala,,,,,,,,"majority decision function, threshold function",0,,,,,,,,6461
"þungahnit, þungamiðjuhnit, voghnit",0,na,hk,Fleirtala,,,,,,,,barycentric coordinates,0,,,,,,,,6462
"þungamiðja, þyngdarpunktur",0,na,,Eintala,,,,,,,median point,"barycentre, centre of gravity, centre of mass, centroid",0,,,,,,,,6463
"þungamiðja, þyngdarpunktur",0,na,,Eintala,,,,,,,"barycentre, centre of gravity, centre of mass, centroid",median point,0,,,,,,,,6464
þungamiðjuhlutun,0,na,kvk,Eintala,,,,,,,,barycentric subdivision,0,,,,,,,,6465
þunnskipað fylki,0,na,hk,Eintala,,,,,,,,sparse matrix,0,,,,,,,,6466
þvera,0,sag,,,,,,,,,,orthogonalize,0,,,,,,,,6470
þverafleiða,0,na,kvk,Eintala,,,,,,,,normal derivative,0,,,,,,,,6471
þverás,0,na,kk,Eintala,,,,,,,"major axis, transverse axis","(of a hyperbola) conjugate axis, minor axis",0,,,,,,,,6472
þverás,0,na,kk,Eintala,,,,,,,,imaginary axis,0,,,,,,,,6473
þverbrennistrengur,0,na,kk,Eintala,,,,,,,focal chord,latus rectum,0,,,,,,,,6474
"þverbundin, þverlabundin",0,na,,Eintala,,,,,,,,normal bundle,0,,,,,,,,6475
"þvereining, þvertalan \(i\)",0,na,kvk,Eintala,,,,,,,\(i\),imaginary unit,0,,,,,,,,6476
"þverferill, þverbraut",0,na,,Eintala,,,,,,,,orthogonal trajectory,0,,,,,,,,6477
"þverfyllirúm, hornrétt fyllirúm",0,na,hk,Eintala,,,,,,,annihilator,"orthogonal complement, orthocomplement",0,,,,,,,,6478
"þvergrunnur, þverstæður grunnur, hornréttur grunnur",0,na,kk,Eintala,,,,,,,,orthogonal basis,0,,,,,,,,6479
þverhluti,0,na,kk,Eintala,,,,,,,Im,imaginary part,0,,,,,,,,6480
"þverhnitakerfi, þverstætt hnitakerfi, hornrétt hnitakerfi, rétthyrnt hnitakerfi",0,na,hk,Eintala,,,,,,,orthonormal coordinate system,"orthogonal coordinate system, rectangular coordinate system",0,,,,,,,,6482
"þverhnit, þverstæð hnit, hornrétt hnit, rétthyrnd hnit",0,na,hk,Fleirtala,,,,,,,"oblique coordinates, orthonormal coordinates","orthogonal coordinates, rectangular coordinates",0,,,,,,,,6481
"þverill, þverlína",0,na,,Eintala,,,,,,,normal vector,"normal, normal line",0,,,,,,,,6483
þverjafna,0,na,kvk,Eintala,,,,,,,,(in linear algebra) normal equation,0,,,,,,,,6484
þverkyns rót,0,na,kvk,Eintala,,,,,,,,imaginary root,0,,,,,,,,6485
"þverlarammi, þverrammi",0,na,kk,Eintala,,,,,,,,normal frame,0,,,,,,,,6488
"þverlægni, þverstaða",0,na,kvk,Eintala,,,,,,,,"orthogonality, perpendicularity",0,,,,,,,,6487
"þverlæg fjölskylda, þverstæð fjölskylda",0,na,kvk,Eintala,,,,,,,,orthogonal family,0,,,,,,,,6486
þvermál,0,na,hk,Eintala,<ref idTerm=2860>Lengd</ref> <ref idTerm=0>miðstrengs</ref> í <ref idTerm=2295>hring</ref>.,,,,,,,diameter,0,,,,,,,,6489
þversagnakennt mengi,0,na,hk,Eintala,,,,,,,proper class,paradoxical set,0,,,,,,,,6490
þverslétta,0,na,kvk,Eintala,,,,,,,,normal plane,0,,,,,,,,6491
þverslétta,0,na,kvk,Eintala,,,,,,,,perpendicular plane,0,,,,,,,,6492
þversnið,0,na,hk,Eintala,,,,,,,,cross cut,0,,,,,,,,6493
"þversnið, snið",0,na,hk,Eintala,,,,,,,,cross section,0,,,,,,,,6494
þverstaðalámóta,0,ls,,,,,,,,,,orthogonally similar,0,,,,,,,,6497
þverstaðalgrúpa,0,na,kvk,Eintala,,,,,,,,"full orthogonal group, orthogonal group",0,,,,,,,,6498
"þverstaðalvörpun, þverstaðalfærsla",0,na,kvk,Eintala,,,,,,,isometry,"orthogonal linear transformation, orthogonal mapping, orthogonal transformation",0,,,,,,,,6499
þverstaðlaður,0,ls,kk,Eintala,,,,,,,,orthonormal,0,,,,,,,,6502
"þverstaðlaður grunnur, staðlaður þvergrunnur, hornréttur einingargrunnur",0,na,kk,Eintala,,,,,,,,"normal orthogonal basis, normalized orthogonal basis, orthonormal basis",0,,,,,,,,6503
"þverstaðlað fylki, þverfylki",0,na,hk,Eintala,,,,,,,,"orthogonal matrix, orthonormal matrix",0,,,,,,,,6500
þverstaðlað hnitakerfi,0,na,hk,Eintala,,,,,,,,orthonormal coordinate system,0,,,,,,,,6501
þverstæð runa,0,na,kvk,Eintala,,,,,,,,orthogonal sequence,0,,,,,,,,6505
þverstæð röð,0,na,kvk,Eintala,,,,,,,orthogonal expansion,orthogonal series,0,,,,,,,,6504
"þverstæð þáttun, þverþáttun, hornrétt þáttun",0,na,kvk,Eintala,,,,,,,,orthogonal decomposition,0,,,,,,,,6506
"þverstætt rúm, þverlægt rúm, hornrétt rúm",0,na,hk,Eintala,,,,,,,,orthogonal space,0,,,,,,,,6507
þverstöðluð hnit,0,na,hk,Fleirtala,,,,,,,,orthonormal coordinates,0,,,,,,,,6508
þverstöðlun,0,na,kvk,Eintala,,,,,,,,orthonormalization,0,,,,,,,,6509
þverstöðlunaraðgerð,0,na,kvk,Eintala,,,,,,,,"orthonormalization method, orthonormalization process",0,,,,,,,,6510
þversumma,0,na,kvk,Eintala,,,,,,,,transverse sum,0,,,,,,,,6511
"þversögn Bertrands, Bertrand-þversögn",0,na,kvk,Eintala,,,,,,,,Bertrand's paradox,0,,,,,,,,6495
"þversögn, þverstæða",0,na,kvk,Eintala,,,,,,,,"antinomy, paradox",0,,,,,,,,6496
þvertala,0,na,kvk,Eintala,,,,,,,,"(pure imaginary number) imaginary number, pure imaginary number, purely imaginary number",0,,,,,,,,6512
þverun,0,na,kvk,Eintala,,,,,,,,orthogonalization,0,,,,,,,,6513
"þverunaraðferð, þverunaraðgerð",0,na,kvk,Eintala,,,,,,,,"orthogonalization method, orthogonalization process",0,,,,,,,,6514
"þvervigur, þvervektor",0,na,kk,Eintala,,,,,,,,normal vector,0,,,,,,,,6515
"þverþáttur, þverliður",0,na,kk,Eintala,,,,,,,,normal component,0,,,,,,,,6516
"þver, þverstæður, hornréttur, þverlægur",0,ls,kk,Eintala,,,,,,,,"normal, orthogonal, perpendicular",0,,,,,,,,6469
"þver-, þverkyns, ímyndaður",0,,,,,,,,,,,imaginary,0,,,,,,,,6468
"þvingaður, með hliðarskilyrðum",0,,,,,,,,,,,constrained,0,,,,,,,,6517
þvingandi,0,ls,,,,,,,,,,coercive,0,,,,,,,,6518
"þvingun, aukaskilyrði, hliðarskilyrði",0,na,,,,,,,,,condition,constraint,0,,,,,,,,6519
"þvælistiki, amastiki",0,na,kk,Eintala,,,,,,,,"deranging parameter, nuisance parameter",0,,,,,,,,6467
þykkt,0,na,kvk,Eintala,,,,,,,,thickness,0,,,,,,,,6530
"þykkvafræði, þrívíð rúmfræði",0,na,kvk,Eintala,,,,,,,,"solid geometry, stereometry",0,,,,,,,,6531
"þykkvi, rúmskiki, líkami, hlutur, rúmmynd, gripur",0,na,,Eintala,,,,,,,"platonic body, rigid body","body, solid",0,,,,,,,,6532
þyrping,0,na,kvk,Eintala,,,,,,,,clustering,0,,,,,,,,6533
þýða,0,sag,,,,,,,,,,compile,0,,,,,,,,6522
þýðandi,0,na,kk,Eintala,,,,,,,,compiler,0,,,,,,,,6523
þýði,0,na,hk,Eintala,,,,,,,,"parent population, population, universe",0,,,,,,,,6524
þýðing,0,na,kvk,Eintala,,,,,,,,translation,0,,,,,,,,6525
"þýðismeðalgildi, raunverulegt meðalgildi",0,na,hk,Eintala,,,,,,,mean,"population mean, true mean",0,,,,,,,,6526
þýðisstiki,0,na,kk,Eintala,,,,,,,,"population parameter, parameter of population",0,,,,,,,,6527
þýður,0,ls,kk,Eintala,,,,,,,,harmonic,0,,,,,,,,6528
þýður ferhliðungur,0,na,kk,Eintala,,,,,,,,harmonic quadrilateral,0,,,,,,,,6529
þýð fernd,0,na,kvk,Eintala,,,,,,,,"harmonic quadruplet, harmonic group of points",0,,,,,,,,6683
þýð fernd (af punktum),0,na,kvk,Eintala,,,,,,,,"harmonic group of points, harmonic quadruplet",0,,,,,,,,6520
þýð skipting,0,na,kvk,Eintala,,,,,,,,harmonic division,0,,,,,,,,6521
þýtt fall,0,na,hk,Eintala,,,,,,,,harmonic function,0,,,,,,,,6534
þýtt hlutfall,0,na,hk,Eintala,,,,,,,,harmonic ratio,0,,,,,,,,6535
þýtt meðaltal,0,na,hk,Eintala,,,,,,,,"harmonic average, harmonic mean, inverse average",0,,,,,,,,6536
þýtt samok,0,na,hk,Eintala,,,,,,,,harmonic conjugate,0,,,,,,,,6537
þættaður,0,ls,kk,Eintala,,,,,,,,factored,0,,,,,,,,6318
þættanlegur,0,ls,kk,Eintala,,,,,,,"decomposible, reducible","factorable, factorizable",0,,,,,,,,6320
"þættanlegur, kljúfanlegur, kleyfur",0,ls,kk,Eintala,,,,,,,factorable,"decomposible, reducible",0,,,,,,,,6321
þættanleg margliða,0,na,kvk,Eintala,,,,,,,,"factorable polynomial, reducible polynomial",0,,,,,,,,6319
"þættanleiki, kljúfanleiki, kleyfi",0,na,kk,Eintala,,,,,,,,decomposability,0,,,,,,,,6322
"þætta, kljúfa, sundurliða",0,sag,,,,,,,,,"factor, factorize",decompose,0,,,,,,,,6316
"þætta, leysa upp í þætti",0,sag,,,,,,,,,decompose,"factor, factorize",0,,,,,,,,6317
æðri stærðfræði,0,na,kvk,Eintala,,,,,,,,higher mathematics,0,,,,,,,,96
"æstæður, sístæður, í jafnvægi, jafnvægis-",0,,,,,,,,,,,stationary,0,,,,,,,,97
ætt,0,na,kvk,Eintala,,,,,,,,genus,0,,,,,,,,98
öfugt markgildi,0,na,hk,Eintala,,,,,,,,"inverse limit, limit, projective limit",0,,,,,,,,3717
"öfug röð, gagnstæð röð",0,na,kvk,Eintala,,,,,,,,"inverted order, reverse order",0,,,,,,,,3715
öfug þríliða,0,na,kvk,Eintala,,,,,,,rule of three,inverse rule of three,0,,,,,,,,3716
ögn,0,na,kvk,Eintala,,,,,,,,particle,0,,,,,,,,3743
"öndverð aðferð, gagnstæð aðgerð",0,na,kvk,Eintala,,,,,,,,opposite composition,0,,,,,,,,3790
"öndverð grúpa, gagnstæð grúpa",0,na,kvk,Eintala,,,,,,,,opposite group,0,,,,,,,,3791
önnur afleiða,0,na,kvk,Eintala,,,,,,,,second derivative,0,,,,,,,,3792
örfærsla,0,na,kvk,Eintala,,,,,,,,infinitesimal displacement,0,,,,,,,,3826
örgrúpa,0,na,kvk,Eintala,,,,,,,,trivial group,0,,,,,,,,3827
örsmár,0,ls,kk,Eintala,,,,,,,,infinitesimal,0,,,,,,,,3832
örsmæð,0,na,kvk,Eintala,,,,,,,,infinitesimal,0,,,,,,,,3830
örsmæða-,0,pref,,,,,,,,,,infinitesimal,0,,,,,,,,3831
örspönnuður,0,na,kk,Eintala,,,,,,,,infinitesimal generator,0,,,,,,,,3833
örvaelti,0,na,hk,Eintala,,,,,,,,diagram chasing,0,,,,,,,,3834
örvahringur,0,na,kk,Eintala,,,,,,,,"(digraph or subdigraph of a certain kind) circuit, cycle, circuit graph, directed circuit graph",0,,,,,,,,3835
"örvanet, stefnt net, áttað net",0,na,hk,Eintala,,,,,,,,"digraph, directed graph, oriented graph",0,,,,,,,,3836
örvarás,0,na,kvk,Eintala,,,,,,,,"(closed arc sequence in a digraph) circuit, closed arc sequence, closed arc progression, cycle, directed circuit",0,,,,,,,,3837
örvarit,0,na,hk,Eintala,,,,,,,"commutative diagram, pull-back diagram, push-out diagram",diagram,0,,,,,,,,3838
"örvasamanhangandi, örvasamhangandi",0,ls,,,,,,,,,,(of a directed graph) arcwise connected,0,,,,,,,,3839
öryggisbelti,0,na,hk,Eintala,,,,,,,,confidence belt,0,,,,,,,,3840
"öryggisbilsmat, bilsmat",0,na,hk,Eintala,,,,,,,confidence estimate,"confidence interval estimate, interval estimate",0,,,,,,,,3842
"öryggisbil, vikbil",0,na,hk,Eintala,,,,,,,,confidence interval,0,,,,,,,,3841
öryggislíkindi,0,na,hk,Fleirtala,,,,,,,confidence level,confidence probability,0,,,,,,,,3843
"öryggismark, vikmark",0,na,hk,Eintala,,,,,,,,confidence limit,0,,,,,,,,3844
öryggismat,0,na,hk,Eintala,,,,,,,"confidence domain estimate, confidence interval estimate","confidence estimate, confidence estimation",0,,,,,,,,3845
öryggismengi,0,na,hk,Eintala,,,,,,,,confidence set,0,,,,,,,,3846
öryggissporbaugur,0,na,kk,Eintala,,,,,,,,confidence ellipse,0,,,,,,,,3847
öryggissporvala,0,na,kvk,Eintala,,,,,,,,confidence ellipsoid,0,,,,,,,,3848
"öryggisstig, öryggi",0,na,hk,Eintala,,,,,,,"confidence coefficient, confidence probability",confidence level,0,,,,,,,,3849
öryggisstuðull,0,na,kk,Eintala,,,,,,,confidence level,confidence coefficient,0,,,,,,,,3850
öryggissvæði,0,na,hk,Eintala,,,,,,,,confidence region,0,,,,,,,,3851
öryggissvæðismat,0,na,hk,Eintala,,,,,,,confidence estimate,confidence domain estimate,0,,,,,,,,3852
"ör, píla",0,na,kvk,Eintala,,,,,,,morphism,arrow,0,,,,,,,,3810
"ör, örvarleggur, stefndur leggur",0,na,,Eintala,,,,,,,edge,"(of a directed graph) arc, diedge, directed edge",0,,,,,,,,3809
#NAME?,0,ls,kk,Eintala,,,,,,,"complex valued, real valued, scalar valued, vector valued",valued,0,,,,,,,,6684
"-und, -d",0,na,kvk,Eintala,,,,,,,"finite sequence, \(n\)-tuple, pair, quadruple, quintuple, triple",tuple,0,,,,,,,,1
\(A\)-stöðugleiki,0,na,kk,Eintala,,,,,,,,\(A\)-stability,0,,,,,,,,3
\(B\)-splæsifall,0,na,hk,Eintala,,,,,,,,\(B\)-spline,0,,,,,,,,4
\(K\)-fræði,0,na,kvk,Eintala,,,,,,,,\(K\)-theory,0,,,,,,,,5
"\(n\)-und, \(n\)-d, röðuð \(n\)-und, röðuð \hbox{\(n\)-d}",0,na,kvk,Eintala,"\(n\)-\textit{und}, þar sem \(n\) er <ref idTerm=3475>náttúruleg tala</ref>, samanstendur af \(n\) <ref idTerm=2123>hlutum</ref> í tiltekinni röð. \(n\)-undin sem inniheldur hlutina \(a_1, \ldots, a_n\) í þessari röð er táknuð með \((a_1, \ldots, a_n)\).","Ef \(\left( A_i \right)_{i=1}^n\) er <ref idTerm=993>endanleg runa</ref> af <ref idTerm=3270>mengjum</ref> og \(a_i \in A_i\) fyrir \(i=1,\dots,n\) þá er \(n\)-undin \((a_1,\dots,a_n)\) <ref idTerm=5128>stak</ref> í <ref idTerm=3279>faldmenginu</ref> \(\prod_{i=1}^n A_i\).",,,,,tuple,"\(n\)-tuple, ordered \(n\)-tuple",0,,,,,,,,6
\(p\)-legur,0,ls,kk,Eintala,,,,,,,,\(p\)-adic,0,,,,,,,,10
"\(p\)-leg heiltala, heil \(p\)-leg tala",0,na,kvk,Eintala,,,,,,,,\(p\)-adic integer,0,,,,,,,,7
\(p\)-leg tala,0,na,kvk,Eintala,,,,,,,,\(p\)-adic number,0,,,,,,,,8
\(p\)-leg virðing,0,na,kvk,Eintala,,,,,,,,\(p\)-adic valuation,0,,,,,,,,9
\(t\)-dreifing,0,na,kvk,Eintala,,,,,,,,\(t\)-distribution,0,,,,,,,,11
\(t\)-próf,0,na,hk,Eintala,,,,,,,,\(t\)-test,0,,,,,,,,12
\(\phi\)-fall Eulers,0,na,hk,Eintala,,,,,,,,"Euler totient function, Euler phi function, totient",0,,,,,,,,2
"Cantor-mengi, Cantorsmengi, talnamengi Cantors, þríundamengi Cantors",0,na,hk,Eintala,,,,,,,,"Cantor ternary set, Cantor's discontinuum",0,,,,,,,,615
Cauchy-dreifing,0,na,kvk,Eintala,,,,,,,,Cauchy distribution,0,,,,,,,,616
Cauchy-formúla,0,na,kvk,Eintala,,,,,,,,Cauchy formula,0,,,,,,,,617
Cauchy-margfeldi,0,na,hk,Eintala,,,,,,,,Cauchy product,0,,,,,,,,618
Cauchy-margföldun,0,na,kvk,Eintala,,,,,,,,Cauchy multiplication,0,,,,,,,,619
"Cauchy-próf, samleitnipróf Cauchys",0,na,hk,Eintala,,,,,,,,"Cauchy criterion, Cauchy's convergence criterion",0,,,,,,,,620
Cauchy-runa,0,na,kvk,Eintala,,,,,,,,"Cauchy sequence, fundamental sequence",0,,,,,,,,621
Cauchy-setningin,0,na,kvk,Eintala,,,,,,,,Cauchy's theorem,0,,,,,,,,622
"Cayley-tala, áttundatala",0,na,kvk,Eintala,,,,,,,,"Cayley number, Cayley octave",0,,,,,,,,623
Ceva-strik,0,na,hk,Eintala,,,,,,,,cevian,0,,,,,,,,624
Ceva-þríhyrningur,0,na,kk,Eintala,,,,,,,,"aliquot triangle, cevian triangle",0,,,,,,,,625
Cholesky-þáttun,0,na,kvk,Eintala,,,,,,,,Cholesky method,0,,,,,,,,626
"Cramer-regla, regla Cramers",0,na,kvk,Eintala,,,,,,,,Cramer's rule,0,,,,,,,,627
Weierstrass-próf,0,na,hk,Eintala,,,,,,,,"M-test, Weierstrass test",0,,,,,,,,6249
Wiener-ferli,0,na,hk,Eintala,,,,,,,Brownian movement,Wiener process,0,,,,,,,,6250
Wronski-ákveða,0,na,kvk,Eintala,,,,,,,,Wronskian,0,,,,,,,,6251
Zermelo-Fraenkel-mengjafræði,0,na,kvk,Eintala,,,,,,,ZF,\nobreak Zermelo-Fraenkel set theory,0,,,,,,,,6314
Zermelo-Fraenkel-mengjafræði með valfrumsendu,0,na,kvk,Eintala,,,,,,,ZFC,Zermelo-Fraenkel set theory with axiom of choice,0,,,,,,,,6315
z-ás,0,na,kk,Eintala,,,,,,,,\nobreak z-axis,0,,,,,,,,6313
mengi,0,na,hk,Eintala,Safn <ref idTerm=5114>hluta</ref>.,Þessi skilgreining á mengi skilgreinir svokallaða <ref idTerm=2337>hversdagslega mengjafræði</ref> sem ekki er unnt að nota í stærðfræði vegna þess að hún leiðir til mótsagnar (samanber <ref idTerm=4294>þversögn Russell</ref>). Sú mengjafræði sem er mest notuð nú til dags er mengjafræðin sem byggir á frumsendum Ernst Zermelo og Abraham Fraenkel og kölluð <ref idTerm=6314>Zermelo-Fraenkel-mengjafræði</ref> eða ZF. Oft er einnig gert ráð fyrir <ref idTerm=5954>valfrumsendunni</ref> og þá talað um <ref idTerm=6315>Zermelo-Fraenkel-mengjafræði með valfrumsendu</ref> eða ZFC.,,,,,,"(in set theory) aggregate, set",0,,,,,,,,3270
armur,0,na,kk,Eintala,Sjá <ref idTerm=2198>horn</ref>.,,,,,,,"(of an angle) arm, leg, side",0,,,,,,,,334
