Hugtök: is,Orðaflokkur: is,Kyn,Tala: is,Skilgreining: is,Skýring: is,Dæmi: is,Samheiti: is,Heimild: is,Sérsvið: is,Vísun/sjá einnig: is,Hugtak: en,Skilgreining: en,Skýring: en,Dæmi: en,Samheiti: en,Heimild: en,Sérsvið: en,Vísun/sjá einnig: en,id
Abel-deildi af fyrstu gerð,na,hk,Eintala,,,,"fágað deildi, Abel-diffur af fyrstu gerð, fágað diffur",,,,abelian differential of the first kind,,,,,,,,15
Abel-deildi,na,hk,Eintala,,,,Abel-diffur,,,,abelian differential,,,,,,,,16
Abel-grúpa,na,kvk,Eintala,,,,"víxlgrúpa, abelsk grúpa, víxlin grúpa",,,,abelian group,,,,commutative group,,,,17
Abel-útvíkkun,na,kvk,Eintala,,,,"Abel-víkkun, abelsk útvíkkun",,,,abelian extension,,,,,,,,18
Abel-víðátta,na,,Eintala,,,,Abel-víðerni,,,,abelian variety,,,,,,,,19
Abel-,,,Eintala,,,,abelskur,,,,abelian,,,,,,,,14
aðalhornalína,na,kvk,Eintala,,,,meginhornalína,,,,leading diagonal,,,,"main diagonal, major diagonal, principal diagonal",,,,20
aðdráttarmengi,na,hk,Eintala,,,,,,,,attractor,,,,,,,,21
aðdráttarpunktur,na,kk,Eintala,,,,,,,,attractor,,,,point of attraction,,,,22
aðfaldaður,ls,kk,Eintala,,,,hrópmerktur,,,,factorial,,,,,,,,23
aðfeldaröð,na,kvk,Eintala,,,,,,,,factorial series,,,,,,,,24
aðfeldisfall,na,hk,Eintala,,,,,,,gamma function,factorial function,,,,factorial,,,,6539
aðfeldi,na,hk,Eintala,,,,hrópmerkt tala,,,factorial,factorial number,,,,factorial,,,,6540
aðfella,na,kvk,Eintala,,,,,,,,asymptote,,,,,,,,25
aðfelldur þríhyrningur,na,kk,Eintala,,,,,,,"doubly asymptotic triangle, trebly asymptotic triangle",asymptotic triangle,,,,,,,,28
aðfelldur,,,Eintala,,,,aðfellu-,,,,asymptotic,,,,,,,,29
aðfelld hálflína,na,kvk,Eintala,,,,,,,,asymptotic ray,,,,,,,,26
aðfelld samsíða lína,na,kvk,Eintala,,,,,,,,bounding parallel,,,,,,,,27
aðfelluhringur,na,kk,Eintala,,,,,,,,asymptotic circle,,,,,,,,31
aðfellujafn,ls,kk,Eintala,,,,,,,,asymptotically equal,,,,,,,,32
aðfelluliðun,na,kvk,Eintala,,,,aðfelld liðun,,,,asymptotic expansion,,,,,,,,33
aðfellunormlegur,ls,kk,Eintala,,,,,,,,asymptotically normal,,,,,,,,34
aðfelluréttur,na,kk,Eintala,,,,,,,,asymptotically unbiased,,,,,,,,35
aðfelluröð,na,kvk,Eintala,,,,,,,,asymptotic series,,,,,,,,36
aðfelluskilvirkni,na,kvk,Eintala,,,,,,,,asymptotic efficiency,,,,,,,,37
aðfelluskilvirkur,ls,kk,Eintala,,,,,,,,asymptotically efficient,,,,,,,,38
aðfellustefna,na,kvk,Eintala,,,,aðfelluátt,,,,asymptotic direction,,,,,,,,39
aðfellustöðugur,ls,kk,Eintala,,,,,,,,asymptotically stable,,,,,,,,40
aðfellu-,at,,,,,,,,,,asymptotically,,,,,,,,30
aðferð,na,kvk,Eintala,,,,,,,,method,,,,,,,,41
aðferð breytilegra stuðla,na,kvk,Eintala,,,,,,,,method of variation of constants,,,,method of variation of parameters,,,,42
aðferð minnstu ferninga,na,kvk,Eintala,,,,aðferð minnstu fervika,,,,least squares method,,,,method of least squares,,,,43
aðgengilegur jaðarpunktur,na,kk,Eintala,,,,,,,,accessible boundary point,,,,,,,,44
aðgerð,na,kvk,Eintala,,,,,,,"column operation, elementary operation, row operation",operation,,,,,,,,45
aðgerðagreining,na,kvk,Eintala,,,,,,,,operations research,,,,,,,,47
aðgerðartákn,na,hk,Eintala,,,,,,,,composition symbol,,,,,,,,48
aðgerðartákn,na,hk,Eintala,,,,,,,,operation symbol,,,,,,,,49
aðgerð,na,kvk,Eintala,<ref idTerm=3282>Vörpun</ref> af gerðinni \(X \times \cdots \times X \to X\) þar sem \(X\) er <ref idTerm=3270>mengi</ref> kallast \textit{reikniaðgerð} á \(X\).,,,reikniaðgerð,,,"binary operation, internal composition, internal operation",algebraic operation,,,,"law of composition, operation",,,,46
aðgreina,sag,,,,,,,,,separate,distinguish,,,,,,,,50
aðgreinandi,na,,Eintala,,,,"aðgreinir, aðskilja ({\it kvk.})",,,,discriminant,,,,,,,,6541
aðgreiningareiginleiki Hausdorffs,na,,Eintala,,,,"frumsenda Hausdorffs, frumsetning Hausdorffs",,,,Hausdorff separation axiom,,,,,,,,52
aðhlutur,na,kk,Eintala,,,,bakhlutur,,,counterdomain,(of a morphism) codomain,,,,"range, range carrier, target",,,,56
aðhvarf,na,hk,Eintala,,,,,,,,regression,,,,,,,,57
aðhvarfsfall,na,hk,Eintala,,,,,,,regression curve,regression function,,,,,,,,58
aðhvarfsferill,na,kk,Eintala,,,,,,,"regression function, regression line",regression curve,,,,,,,,59
aðhvarfsfrávik,na,,Eintala,,,,leif,,,,deviation from regression,,,,"remainder, residual",,,,60
aðhvarfsgreining,na,kvk,Eintala,,,,,,,,regression analysis,,,,,,,,61
aðhvarfsjafna,na,kvk,Eintala,,,,,,,,regression equation,,,,,,,,62
aðhvarfslína,na,kvk,Eintala,,,,,,,,line of regression,,,,regression line,,,,63
aðhvarfsstuðull,na,kk,Eintala,,,,,,,,regression coefficient,,,,,,,,64
aðhæft ítrekunarreiknirit,na,hk,Eintala,,,,,,,,adaptive iterative algorithm,,,,,,,,54
aðhæfur,ls,kk,Eintala,,,,,,,,adaptive,,,,,,,,55
aðhæf heildun,na,kvk,Eintala,,,,aðhæf tegrun,,,,adaptive quadrature,,,,,,,,53
aðlaga,sag,,,,,,,,,,fit,,,,,,,,70
aðlægur,ls,kk,Eintala,,,,,,,,adherent,,,,,,,,67
aðlægur punktur,na,kk,Eintala,,,,,,,,adherent point,,,,point of closure,,,,68
aðlægur,ls,kk,Eintala,,,,"samlægur, samliggjandi, grannstæður",,,,adjacent,,,,,,,,69
aðlæg hlið,na,kvk,Eintala,<ref idTerm=2048>Hlið</ref> <ref idTerm=3161>marghyrnings</ref> kallast \textit{aðlæg} tilteknu <ref idTerm=2198>horni</ref> hans ef hún liggur á <ref idTerm=334>armi</ref> þess. Jafnframt er sagt að tvær hliðar marghyrnings séu aðlægar hvor annarri ef þær deila endapunkti.,Almennt kallast tvær hliðar marghyrnings aðlægar ef þær <ref idTerm=4771>skerast</ref> í nákvæmlega einum <ref idTerm=4001>punkti</ref>. Tvær <ref idTerm=1325>hliðar</ref> <ref idTerm=3133>margflötungs</ref> (í þrem víddum) kallast sömuleiðis aðlægar ef þær skerast í einum eða fleiri punktum sem liggja allir á sömu <ref idTerm=2911>línu</ref>.,,,,,,adjacent side,,,,,,,,65
aðlæg horn,na,hk,Fleirtala,,,,"samlæg horn, samliggjandi horn",,,,adjacent angles,,,,,,,,66
aðlögun,na,kvk,Eintala,,,,,,,curve fitting,fitting,,,,,,,,71
aðlögunarpróf,na,hk,Eintala,,,,mátunarpróf,,,,goodness of fit test,,,,,,,,72
aðmengi,na,hk,Eintala,Sjá <ref idTerm=3282>vörpun</ref>.,,,"ítak, bakmengi",,,,(of a mapping) codomain,,,,"latent range, potential range, range, target, target set",,,,74
aðoka,ls,,Eintala,,,,,,,self-adjoint,(of an operator) adjoint,,,,,,,,75
aðoka fylki,na,,Eintala,,,,,,,,(transposed complex conjugate) adjoint matrix,,,,"adjoint, adjugate matrix, associate matrix, conjugate-transpose, conjugate-transpose matrix, hermitian adjoint, hermitian conjugate, hermitian conjugate matrix",,,,6542
aðoka,ls,,Eintala,,,,aðoka frá vinstri,,,"coadjoint, right-adjoint",(of a functor) adjoint,,,,left-adjoint,,,,76
aðoki,na,,Eintala,,,,aðoka varpi,,,,adjoint functor,,,,adjoint,,,,6543
aðoki,na,,Eintala,,,,aðoka virki,,,,adjoint operator,,,,"adjoint, hermitian conjugate, hermitian conjugate operator",,,,6544
aðskiljanlega lokaður,ls,kk,Eintala,,,,,,,,separably closed,,,,,,,,82
aðskiljanlegt net,na,hk,Eintala,,,,,,,,separable graph,,,,,,,,83
aðskiljanlegur,ls,kk,Eintala,,,,,,,,separable,,,,,,,,84
aðskiljanleg jafna,ls,kvk,Eintala,,,,,,,,separable equation,,,,,,,,78
aðskiljanleg lokun,na,,Eintala,,,,aðskiljanlegur hjúpur,,,,separable closure,,,,,,,,79
aðskiljanleg margliða,na,kvk,Eintala,,,,,,,,separable polynomial,,,,,,,,80
aðskiljanleg útvíkkun,na,kvk,Eintala,,,,aðskiljanleg víkkun,,,,separable extension,,,,,,,,81
aðskiljanleikastig,na,hk,Eintala,,,,,,,,degree of separability,,,,"separability degree, separable degree",,,,85
aðskiljanleiki,na,kk,Eintala,,,,,,,,separability,,,,,,,,86
aðskilja,sag,,,,,,"skilja að, greina á milli, aðgreina",,,distinguish,separate,,,,,,,,77
aðskilnaðarfrumsenda,na,kvk,Eintala,,,,,,,,axiom of separation,,,,separation axiom,,,,87
aðskilnaðargreining,na,kvk,Eintala,,,,,,,,discriminatory analysis,,,,"discriminance analysis, discriminant analysis",,,,88
aðskilnaðarregla,na,,Eintala,,,,aðskilnaðarháttur,,,,modus ponens,,,,rule of detachment,,,,89
aðskilnaðarstyrkur,na,kk,Eintala,,,,,,,,discriminatory power,,,,,,,,91
aðskilnaðarstærð,na,kvk,Eintala,,,,,,,,discriminator,,,,,,,,90
aðskilnaður,na,kk,Eintala,,,,,,,,separation,,,,,,,,92
aðskilnaður breytistærða,na,kk,Eintala,,,,,,,,partitioning of variables,,,,separation of variables,,,,93
aðstoðar-,pref,,Eintala,,,,"hjálpar-, viðbótar-",,,,ancillary,,,,,,,,94
aðstreymi,na,hk,Eintala,,,,,,,,advection,,,,,,,,95
afgangsfervik,na,hk,Eintala,,,,,,,,residual dispersion,,,,residual variance,,,,100
afgangsliður,na,,Eintala,,,,leif,,,,remainder term,,,,,,,,101
afgangsróf,na,hk,Eintala,,,,,,,,residual spectrum,,,,,,,,102
afgangssetning,na,kvk,Eintala,,,,,,,,remainder theorem,,,,,,,,103
afgangsskekkja,na,kvk,Eintala,,,,,,,,residual error,,,,,,,,104
afgangur,na,,Eintala,Sjá <ref idTerm=686>deiling með afgangi</ref>.,,,minnsta leif,,,,least non-negative residue,,,,"principal remainder, remainder",,,,105
afkóta,sag,,,,,,"dulráða, aflykla",,,"code, encode",decode,,,,,,,,106
afkótun,na,kvk,Eintala,,,,"dulráðning, aflyklun",,,"coding, encoding",decoding,,,,,,,,107
afleiddur,ls,kk,Eintala,,,,,,,,derived,,,,,,,,111
afleiddur varpi,na,kk,Eintala,,,,,,,,derived functor,,,,,,,,112
afleiðanlegur,ls,kk,Eintala,,,,,,,,deducible,,,,derivable,,,,109
afleiðanleiki,na,kk,Eintala,,,,,,,,(in logic) derivability,,,,,,,,110
afleiða,na,,Eintala,,,,afleitt fall,,,derivative at a point,derivative,,,,derived function,,,,108
afleiðing,na,kvk,Eintala,,,,,,,,consequence,,,,,,,,113
afleiðingur,na,kk,Eintala,,,,afleiðuvirki,,,,(in algebra and analysis) derivation,,,,,,,,114
afleiðsla,na,kvk,Eintala,,,,,,,,(in logic) derivation,,,,,,,,115
afleiðsla,na,kvk,Eintala,,,,ályktun,,,proof,deduction,,,,"inference, logical deduction",,,,116
afleiðsluaðferð,na,kvk,Eintala,,,,,,,,deductive method,,,,,,,,118
afleiðslusönnun,na,kvk,Eintala,,,,,,,,deductive proof,,,,,,,,119
afleiðslu-,pref,,Eintala,,,,,,,,deductive,,,,,,,,117
afleitt mengi,na,hk,Eintala,,,,,,,,derived set,,,,derivative set,,,,120
afleitt ríki,na,hk,Eintala,,,,,,,,derived category,,,,,,,,121
aflfræði,na,kvk,Eintala,,,,,,,,mechanics,,,,,,,,122
aflfræðigreining,na,kvk,Eintala,,,,,,,,analytic mechanics,,,,analytical mechanics,,,,123
afmáanlegur sérstöðupunktur,na,kk,Eintala,,,,,,,,removable singularity,,,,removable singular point,,,,125
afmáanleg ósamfelldni,na,kvk,Eintala,,,,,,,,removable discontinuity,,,,,,,,124
afsannanlegur,ls,kk,Eintala,,,,hrekjanlegur,,,,refutable,,,,,,,,127
afsannanleiki,na,kk,Eintala,,,,,,,,falsifiability,,,,,,,,128
afsannanleiki,na,kk,Eintala,,,,hrekjanleiki,,,,refutability,,,,,,,,129
afsanna,sag,,,,,,hrekja,,,,refute,,,,,,,,126
afstæði,na,hk,Eintala,,,,,,,,relativity,,,,,,,,133
afstæð samkvæmni,na,kvk,Eintala,,,,,,,,relative consistency,,,,,,,,131
afstæð svipgrúpa,na,kvk,Eintala,,,,,,,,relative homology group,,,,,,,,132
afsönnun,na,kvk,Eintala,,,,hrakning,,,,refutation,,,,refutal,,,,130
aftasti tölustafur,na,kk,Eintala,,,,,,,,last digit,,,,,,,,134
aftasti tölustafur,na,kk,Eintala,,,,,,,most significant digit,least significant digit,,,,,,,,135
afturfærsla,na,kvk,Eintala,,,,,,,,backward shift,,,,,,,,136
afturinnsetning,na,kvk,Eintala,,,,endurinnsetning,,,forward substitution,back substitution,,,,inverse calculation,,,,137
afturmunur,na,kk,Eintala,,,,,,,,ascending difference,,,,backward difference,,,,138
afturvirk skekkjugreining,na,kvk,Eintala,,,,,,,,backward error analysis,,,,,,,,139
afvinding,na,kvk,Eintala,,,,,,,,unwinding,,,,,,,,140
af handahófi,,,Eintala,,,,,,,,at random,,,,,,,,99
Agnesarhaddur,na,kk,Eintala,,,,,,,,Agnesi versiera,,,,"versiera, witch of Agnesi",,,,141
alef,na,,Eintala,,,,,,,"infinite cardinal, transfinite cardinal",aleph,,,,,,,,161
Aleksandrov-þjöppun,na,kvk,Eintala,,,,einspunktsþjöppun,,,,Alexandroff compactification,,,,one-point compactification,,,,162
alflokkur,na,kk,Eintala,,,,alheimsflokkur,,,,universal class,,,,,,,,163
algebra með einingarstaki,na,kvk,Eintala,,,,,,,,unitary algebra,,,,,,,,164
algebra,na,kvk,Eintala,,,,algefra,,,,algebra,,,,,,,,165
algebruferill,na,kk,Eintala,,,,algebrulegur ferill,,,,algebraic curve,,,,,,,,166
algebruflötur,na,kk,Eintala,,,,algebrulegur flötur,,,,algebraic surface,,,,,,,,167
algebrugrannfræði,na,kvk,Eintala,,,,algebruleg grannfræði,,,,algebraic topology,,,,,,,,168
algebrujafna,na,kvk,Eintala,,,,"algebruleg jafna, margliðujafna",,,polynomial equation,algebraic equation,,,,,,,,169
algebrulega háður,ls,kk,Eintala,,,,,,,,algebraically dependent,,,,,,,,177
algebrulega lokaður,ls,kk,Eintala,,,,,,,,algebraically closed,,,,algebraically complete,,,,178
algebrulega óháður,ls,kk,Eintala,,,,,,,,algebraically independent,,,,,,,,179
algebrulega samoka stak,na,hk,Eintala,,,,samoka stak,,,conjugate algebraic number,algebraic conjugate,,,,,,,,180
algebrulegt fall,na,hk,Eintala,,,,,,,,algebraic function,,,,,,,,181
algebrulegt mengi,na,hk,Eintala,,,,,,,,algebraic set,,,,,,,,182
algebrulegt rúm,na,hk,Eintala,,,,,,,,algebraic space,,,,,,,,183
algebrulegt talnasvið,na,,Eintala,,,,"talnasvið, talnakroppur",,,,algebraic number field,,,,number field,,,,184
algebrulegt varpvíðerni,na,hk,Eintala,,,,,,,,projective algebraic variety,,,,,,,,185
algebrulegt víðerni,na,hk,Eintala,,,,,,,,algebraic variety,,,,,,,,186
algebrulegur sléttuferill,na,kk,Eintala,,,,,,,,algebraic plane curve,,,,,,,,187
algebrulegur,ls,kk,Eintala,,,,algebru-,,,,algebraic,,,,algebraical,,,,188
algebruleg heiltala,na,kvk,Eintala,,,,heil algebruleg tala,,,,algebraic integer,,,,,,,,170
algebruleg lokun,na,kvk,Eintala,,,,,,,,algebraic closure,,,,,,,,171
algebruleg margfeldni,na,kvk,Eintala,,,,,,,,algebraic multiplicity,,,,,,,,172
algebruleg stæða,na,kvk,Eintala,,,,stæða,,,expression,algebraic expression,,,,,,,,173
algebruleg tala,na,kvk,Eintala,,,,algebrutala,,,,algebraic number,,,,,,,,174
algebruleg útvíkkun,na,kvk,Eintala,,,,algebruleg víkkun,,,,algebraic extension,,,,,,,,175
algebruleg víðátta,na,kvk,Eintala,,,,,,,"non-singular algebraic variety, regular algebraic variety",algebraic manifold,,,,,,,,176
algebrumótun,na,kvk,Eintala,,,,,,,,algebra homomorphism,,,,,,,,189
algebrumynstur,na,hk,Eintala,,,,algebrulegt mynstur,,,,algebraic structure,,,,,,,,190
algebrurúmfræði,na,kvk,Eintala,,,,algebruleg rúmfræði,,,,algebraic geometry,,,,,,,,191
algebrutalnafræði,na,kvk,Eintala,,,,algebruleg talnafræði,,,,algebraic number theory,,,,algebraic theory of numbers,,,,192
algengasta gildi,na,hk,Eintala,,,,líklegasta gildi,,,,modal value,,,,"mode, most probable value",,,,193
algildisflötur,na,kk,Eintala,,,,,,,,modular surface,,,,relief,,,,195
algildismerki,na,hk,Eintala,,,,tölugildismerki,,,,absolute value sign,,,,,,,,196
algildisminnsta leif,na,kvk,Eintala,,,,,,,,least absolute remainder,,,,minimal residue,,,,197
algildisvægi,na,hk,Eintala,,,,alvægi,,,,absolute moment,,,,,,,,198
algildi,na,hk,Eintala,,,,"lengd, tölugildi",,,"modulus, valuation",(of a number) absolute value,,,,numerical value,,,,194
algjörlega ósamanhangandi,ls,kk,Eintala,,,,algjörlega ósamhangandi,,,,totally disconnected,,,,,,,,199
algjörlega ósamfelldur,ls,kk,Eintala,,,,,,,,absolutely discontinuous,,,,completely discontinuous,,,,200
algjörlega takmarkaður,ls,kk,Eintala,,,,algjörlega skorðaður,,,,totally bounded,,,,,,,,201
alheildanlegur,ls,kk,Eintala,,,,altegranlegur,,,,absolutely integrable,,,,,,,,209
alheimur,na,kk,Eintala,,,,,,,,universe,,,,,,,,210
alhæfa,sag,,,,,,,,,,generalize,,,,,,,,202
alhæfður,ls,kk,Eintala,,,,,,,,generalized,,,,general,,,,6545
alhæfð runa,ls,hk,Fleirtala,,,,"nót, net",,,,generalized sequence,,,,net,,,,6546
alhæfing,na,kvk,Eintala,,,,,,,,generalization,,,,,,,,6547
alhæfingarregla,na,kvk,Eintala,,,,,,,,rule of generalization,,,,,,,,6548
alhæfi,na,,Eintala,,,,altæki,,,,generality,,,,,,,,6549
alhæft meðaltal,na,hk,Eintala,,,,,,,,general mean,,,,,,,,6550
alhæfur,ls,kk,Eintala,,,,altækur,,,general proposition,general,,,,,,,,6551
aljafna,na,kvk,Eintala,,,,,,,,(equation true for all values) identity,,,,,,,,211
allsherjaralgebra,na,kvk,Eintala,,,,,,,,universal algebra,,,,,,,,215
allsherjareiginleiki,na,kk,Eintala,,,,,,,,universal property,,,,,,,,216
allsherjarflokkur,na,kk,Eintala,,,,,,,,(of structures) universal class,,,,,,,,217
allsherjarhlutur,na,kk,Eintala,,,,,,,,universal object,,,,,,,,218
allsherjarlokun,na,kvk,Eintala,,,,,,,,universal closure,,,,,,,,219
allsherjarmagnari,na,kk,Eintala,,,,allsherjarvirki,,,,universal quantifier,,,,,,,,220
allsherjarsvið,na,hk,Eintala,,,,,,,,universal field,,,,,,,,221
allsherjartákn,na,hk,Eintala,,,,,,,universal quantifier,universal symbol,,,,,,,,222
allsherjarþekjuflötur,na,kk,Eintala,,,,,,,,modular surface,,,,universal covering surface,,,,223
allsherjarþekjurúm,na,hk,Eintala,,,,,,,,universal covering space,,,,,,,,224
allsherjar-,pref,,,,,,,,,,universal,,,,,,,,214
alls staðar samleitinn,ls,kk,Eintala,,,,alstaðar samleitinn,,,,everywhere convergent,,,,,,,,212
alls staðar þéttur,ls,kk,Eintala,,,,alstaðar þéttur,,,,everywhere dense,,,,,,,,213
allt eða ekkert,,,Eintala,,,,,,,,all or none,,,,,,,,225
almengi,na,hk,Eintala,,,,,,,,universal set,,,,,,,,226
almenna afstæðiskenningin,na,kvk,Eintala,,,,,,,,general theory of relativity,,,,,,,,233
almennt brot,na,hk,Eintala,"<ref idTerm=2072>Hlutfall</ref> tveggja <ref idTerm=1896>heiltalna</ref> \(a\) og \(b \neq 0\), ritað á forminu \(\frac{a}{b}\). Talan \(a\) kallast \textit{teljari} og talan \(b\) \textit{nefnari}","Gerum ráð fyrir að einhver tiltekin <ref idTerm=1899>heild</ref> sé gefin. Þessi heild getur til dæmis verið <ref idTerm=5335>svæði</ref> eins og <ref idTerm=4175>rétthyrningur</ref> eða <ref idTerm=2295>hringur</ref>, hún getur verið <ref idTerm=2196>hópur</ref> af hlutum eins og eplum, appelsínum eða mönnum, o.s.frv. Í bili skulum við gera ráð fyrir að heildin sé rétthyrningurinn á myndinni að neðan:\n\n\begin{center}\n\includegraphics[width=150px]{myndir/heild.png}\n\end{center}\n\nVið skilgreindum <ref idTerm=5227>stofnbrotið</ref> \(\frac1b\) til að svara eftirfarandi spurningu: ``Ef tiltekinni heild er skipt í \(b\) jafna hluta, hver er þá stærð hvers hluta miðað við heildina?'' Með öðrum orðum hefur sérhver hluti á myndinni að neðan stærðina \(\frac1b\) miðað við heildina:\n\n\begin{center}\n\includegraphics[width=150px]{myndir/b_hlutar.png}\n\end{center} \n\nHér höfum við áhuga á að svara aðeins almennari spurningu: ``Ef heildinni er skipt í \(b\) jafna hluta, hver er þá stærð \(a\) slíkra hluta miðað við heildina?'' Til að svara spurningunni innleiðum við táknið \(\frac{a}b\), sem við lesum „\(a\) á móti \(b\)“ eða „\(a\) \(b\)-tu“. Við látum sem sagt \(\frac{a}b\) tákna stærð dökka svæðisins á myndinni að neðan miðað við heildina:\n\n\begin{center}\n\includegraphics[width=150px]{myndir/a_hlutar.png}\n\end{center}",,,,,,common fraction,,,,"ordinary fraction, simple fraction, vulgar fraction",,,,234
almennt tilfelli,na,hk,Eintala,,,,almennt tilvik,,,,general case,,,,,,,,235
almennt,,,,,,,að jafnaði,,,,generally,,,,in general,,,,236
almennur,ls,kk,Eintala,,,,,,,"general case, general term",general,,,,,,,,237
almennur ferill,na,kk,Eintala,,,,,,,,generic curve,,,,,,,,239
almennur liður,na,kk,Eintala,,,,,,,,general term,,,,,,,,240
almennur punktur,na,kk,Eintala,,,,,,,,general point,,,,generic point,,,,241
almenn algebrujafna,na,kvk,Eintala,,,,almenn margliðujafna,,,,general algebraic equation,,,,,,,,227
almenn grannfræði,na,kvk,Eintala,,,,mengjagrannfræði,,,,general topology,,,,"point set topology, set topology",,,,228
almenn línuleg grúpa,na,kvk,Eintala,,,,,,,,full linear group,,,,general linear group,,,,229
almenn línuleg varpgrúpa,na,kvk,Eintala,,,,,,,,projective general linear group,,,,,,,,230
almenn samfellutilgáta,na,kvk,Eintala,,,,alhæfð samfellutilgáta,,,"Cantor's continuum hypothesis, GCH",general continuum hypothesis,,,,generalized continuum hypothesis,,,,231
almenn staða,na,kvk,Eintala,,,,,,,,general position,,,,,,,,232
alsamfelldni,na,kvk,Eintala,,,,,,,,absolute continuity,,,,,,,,242
alsamfelldur,ls,kk,Eintala,,,,,,,,absolutely continuous,,,,completely continuous,,,,243
alsamleggjanlegur,ls,kk,Eintala,,,,,,,,absolutely summable,,,,,,,,244
alsamleitinn,ls,kk,Eintala,,,,,,,normally convergent,absolutely convergent,,,,,,,,245
alsamleitinn í jöfnum mæli,ls,kk,Eintala,,,,,,,normally convergent,uniformly absolutely convergent,,,,,,,,246
alsamleitni,na,kvk,Eintala,,,,,,,normal convergence,absolute convergence,,,,,,,,247
alsamleitnihálfslétta,na,kvk,Eintala,,,,,,,,half-plane of absolute convergence,,,,,,,,249
alsamleitnimark,na,hk,Eintala,,,,alsamleitniláhnit,,,,abscissa of absolute convergence,,,,,,,,250
alsamleitni í jöfnum mæli,na,kvk,Eintala,,,,,,,normal convergence,uniform absolute convergence,,,,,,,,248
altæk fullyrðing,na,kvk,Eintala,,,,alhæf fullyrðing,,,,general proposition,,,,,,,,251
andbrigður þinur,na,kk,Eintala,,,,mótbrigður þinur,,,,contravariant tensor,,,,,,,,260
andbrigður,ls,kk,Eintala,,,,mótbrigður,,,,contravariant,,,,,,,,261
andeinsmóta,ls,kvk,Eintala,,,,,,,,antiisomorphic,,,,,,,,262
andeinsmótun,na,kvk,Eintala,,,,,,,,antiisomorphism,,,,,,,,263
andfágaður,ls,kk,Eintala,,,,,,,,antiholomorphic,,,,,,,,266
andfætispunktar,na,kk,Fleirtala,,,,gagnstæðir punktar,,,,antipodal points,,,,,,,,264
andfætisvörpun,na,kvk,Eintala,,,,,,,,antipodal mapping,,,,,,,,265
andhermískt form,na,hk,Eintala,,,,,,,"inner product, scalar product",antihermitian sesquilinear form,,,,antihermitian form,,,,267
andhermískur,ls,kk,Eintala,,Einnig ritað {\it skew-Hermitian},,,,,,skew-hermitian,,,,,,,,268
andhverfa,na,kvk,Eintala,,,,,,,"inverse function, inverse mapping",(of a bijection) inverse,,,,,,,,270
andhverfanlegur,ls,kk,Eintala,<ref idTerm=3282>Vörpun</ref> kallast \textit{andhverfanleg} ef hún á sér <ref idTerm=273>andhverfu</ref>.,,,,,,inverse,(of a mapping) invertible,,,,,,,,274
andhverfa (falls),na,,Eintala,,,,andhverft fall,,,inverse,inverse function,,,,,,,,271
andhverfa (fylkis),na,,Eintala,,,,"umhverfa (fylkis), andhverft fylki, umhverft fylki",,,,adjugate matrix,,,,"inverse matrix, reciprocal matrix",,,,272
andhverfa (vörpunar),na,,Eintala,"\textit{Andhverfa} <ref idTerm=3282>vörpunar</ref> \(f: X \to Y\) er vörpun \(g: Y \to X\) þannig að <ref idTerm=4518>samskeyting</ref> varpananna \(f\) og \(g\) annars vegar og \(g\) og \(f\) hins vegar sé viðeigandi <ref idTerm=4498>samsemdarvörpun</ref>, þ.e. \[ g \circ f = \mathrm{id}_X \quad \text{og} \quad f \circ g = \mathrm{id}_Y. \] Andhverfa \(f\) er táknuð með \(f^{-1}\).","Ef slík vörpun \(g\) er til <ref idTerm=3932>ákvarðast hún ótvírætt</ref> af þessum <ref idTerm=4797>skilyrðum</ref>. Vörpun \(f: X \to Y\) er andhverfanleg ef og aðeins ef hún er <ref idTerm=1586>gagntæk</ref>.\n\nSkilyrðin tvö í skilgreiningunni segja með öðrum orðum að fyrir sérhver \(x \in X\) og \(y \in Y\) gildi að \[ f^{-1}(f(x)) = x \quad \text{og} \quad f(f^{-1}(y)) = y. \] Þetta sýnir að andhverfan \(f^{-1}\) hefur einmitt öfuga verkun við \(f\), því \(f\) varpar <ref idTerm=5128>stakinu</ref> \(x \in X\) í stakið \(f(x) \in Y\) og \(f^{-1}\) varpar stakinu \(f(x)\) aftur í upphaflega stakið \(x\) skv. fyrri jöfnunni. Sömuleiðis hefur \(f\) öfuga verkun við \(f^{-1}\), því \(f^{-1}\) varpar stakinu \(y \in Y\) í stakið \(f^{-1}(y) \in X\) og \(f\) varpar stakinu \(f^{-1}(y)\) aftur í upphaflega stakið \(y\) skv. seinni <ref idTerm=2478>jöfnunni</ref>. Áhrifin af því að beita \(f\) og \(f^{-1}\) hvorri á eftir annarri eru því engin, sem endurspeglast í <ref idTerm=6050>Venn-myndinni</ref> að neðan:\n\n\begin{center}\n\includegraphics[width=150px]{myndir/andhverfa_vorpunar.png}\n\end{center}",,andhverf vörpun,,,inverse,inverse mapping,,,,,,,,273
andhverfður,ls,kk,Eintala,,,,umhverfður,,,,inverted,,,,,,,,275
andhverfing,na,kvk,Eintala,,,,,,,,converse,,,,converse conditional,,,,276
andhverft breiðbogafall,na,hk,Eintala,,,,,,,,antihyperbolic function,,,,"area-hyperbolic function, inverse hyperbolic function",,,,277
andhverfuformúla,na,,Eintala,,,,andhverfuformkorn,,,,inversion formula,,,,,,,,278
andhverfur,ls,kk,Eintala,,,,,,,,(of a mapping) inverse,,,,,,,,279
andhverfuregla Fouriers,na,kvk,Eintala,,,,,,,,Fourier inversion formula,,,,,,,,284
andhverfur breiðbogakósínus,na,kk,Eintala,,,,,,,,area-hyperbolic cosine,,,,inverse hyperbolic cosine,,,,280
andhverfur breiðbogakótangens,na,kk,Eintala,,,,,,,,area-hyperbolic cotangent,,,,inverse hyperbolic cotangent,,,,281
andhverfur breiðbogasínus,na,kk,Eintala,,,,,,,,area-hyperbolic sine,,,,inverse hyperbolic sine,,,,282
andhverfur breiðbogatangens,na,kk,Eintala,,,,,,,,area-hyperbolic tangent,,,,inverse hyperbolic tangent,,,,283
andhverfusetning,na,kvk,Eintala,,,,,,,,inverse mapping theorem,,,,,,,,285
andhverf vensl,na,hk,Fleirtala,,,,,,,,(of a relation) dual,,,,inverse relation,,,,269
andhverf vensl,na,hk,Fleirtala,,,,,,,,inverse relation,,,,dual,,,,6552
andinnanmótun,na,kvk,Eintala,,,,,,,,antiendomorphism,,,,,,,,286
andlínulegur,ls,kk,Eintala,,,,,,,,antilinear,,,,conjugate linear,,,,287
andlogri,na,kk,Eintala,,,,,,,,antilogarithm,,,,inverse logarithm,,,,288
andrárástand,na,hk,Eintala,,,,,,,,instantaneous state,,,,,,,,289
andsamhverft fall,na,hk,Eintala,,,,oddhverft fall,,,alternating function,antisymmetric function,,,,,,,,293
andsamhverft fylki,na,hk,Eintala,,,,,,,alternating matrix,antisymmetric matrix,,,,,,,,294
andsamhverft tvílínulegt form,na,hk,Eintala,,,,oddhverft tvílínulegt form,,,"alternating bilinear form, inner product, scalar product",antisymmetric bilinear form,,,,skew-symmetric bilinear form,,,,295
andsamhverfur,ls,kk,Eintala,,,,,,,asymmetric,(of a relation) antisymmetric,,,,antisymmetrical,,,,296
andsamhverfur,ls,kk,Eintala,,,,oddhverfur,,,,(of a multilinear mapping) antisymmetric,,,,"antisymmetrical, skew-symmetric, skew-symmetrical",,,,297
andsamhverfur,ls,kk,Eintala,,,,oddhverfur,,,,skew-symmetric,,,,"skew-symmetrical, antisymmetric",,,,6553
andsamhverf marglínuleg vörpun,na,kvk,Eintala,,,,oddhverf marglínuleg vörpun,,,,antisymmetric multilinear mapping,,,,,,,,6554
andsamhverf vensl,na,hk,Fleirtala,,,,,,,,antisymmetric relation,,,,,,,,6555
andsammótun,na,kvk,Eintala,,,,andmótun,,,,antihomomorphism,,,,,,,,298
andsamsíða,ls,,Eintala,,,,,,,,antiparallel,,,,,,,,299
andsamsíðungur,na,kk,Eintala,,,,ferhyrningur með engar hliðar samsíða,,,,trapezoid,,,,trapezium,,,,300
andsjálfhverfur,ls,kk,Eintala,,,,,,,,antireflexive,,,,"inflexive, irreflective, irreflexive",,,,301
andsjálfmótun,na,kvk,Eintala,,,,,,,,antiautomorphism,,,,,,,,302
andsælis,ls,,Eintala,,,,rangsælis,,,,anticlockwise,,,,counterclockwise,,,,290
andvíxill,na,kk,Eintala,,,,,,,,anticommutator,,,,,,,,303
andvíxlanlegur,ls,kk,Eintala,,,,,,,,anticommutative,,,,,,,,304
andvíxlast,sag,,,,,,,,,,anticommute,,,,,,,,305
andvíxlinn,ls,kk,Eintala,,,,,,,,anticommutative,,,,,,,,306
andvíxlunarjafna,na,kvk,Eintala,,,,,,,,anticommutation relation,,,,,,,,307
annað meginform,na,hk,Eintala,,,,annað undirstöðuform,,,,second fundamental form,,,,,,,,308
annarrar raðar,ls,,Eintala,,,,,,,,second-order,,,,,,,,309
annarrar stéttar,ls,,Eintala,,,,,,,,second-order,,,,,,,,310
annars stigs,ls,,Eintala,,,,,,,,second-order,,,,,,,,311
annars stigs algebruflötur,na,kk,Eintala,,,,,,,,second-order algebraic surface,,,,,,,,312
annars stigs ferill,na,kk,Eintala,,,,,,,,quadric,,,,,,,,313
annars stigs ferill,na,kk,Eintala,,,,ferningsferill,,,conic section,quadratic curve,,,,"quadric, quadric curve",,,,314
annars stigs háflötur,na,kk,Eintala,,,,ferningsháflötur,,,,hyperquadric,,,,quadric,,,,315
annars stigs jafna,na,,Eintala,,,,ferningsjafna,,,,quadratic equation,,,,"quadratic, quadric",,,,6557
annars stigs jafna,na,,Eintala,,,,"ferningsjafna, annars stigs flötur",,,,quadric,,,,"quadratic, quadratic equation",,,,6558
annars stigs margliða,na,kvk,Eintala,<ref idTerm=1948>Margliða</ref> af <ref idTerm=5161>stigi</ref> 2.,Til þess að reikna <ref idTerm=4254>rætur</ref> annars stigs margliðu á forminu \(ax^2 + bx + c\) má nota <ref idTerm=2811>lausnarformúluna</ref>\n\n\[ \frac{-b \pm \sqrt{b^2-4ac}}{2a}. \] \n\nÞessi formúla er oft kölluð \(D\)-reglan vegna þess að iðulega er ritað \(D=b^2-4ac\) en fjöldi <ref idTerm=4093>rauntölulausna</ref> á <ref idTerm=2478>jöfnunni</ref> \(ax^2 + bx + c=0\) ákvarðast algjörlega af gildinu \(D\) sem kallast \textit{aðgreinir} eða \textit{greinir},,ferningsmargliða,,,,quadratic polynomial,,,,,,,,316
annars stigs nálgun,na,kvk,Eintala,,,,,,,,parabolic approximation,,,,,,,,317
annars stigs sviðsútvíkkun,na,kvk,Eintala,,,,"ferningssviðsútvíkkun, annars stigs sviðsvíkkun, ferningssviðsvíkkun",,,,quadratic field extension,,,,,,,,318
annars stigs,,,,,,,fernings-,,,,quadratic,,,,quadric,,,,319
arfgengur eiginleiki,na,kk,Eintala,,,,,,,,hereditary property,,,,,,,,322
arftekið grannmynstur,na,hk,Eintala,,,,,,,,induced topology,,,,,,,,323
arftekið hlutnet,na,hk,Eintala,,,,einskorðað hlutnet,,,,induced subgraph,,,,,,,,324
arftekinn,ls,kk,Eintala,,,,einskorðaður,,,,induced,,,,,,,,325
arkarfall,na,hk,Eintala,,,,bogafall,,,,antitrigonometric function,,,,"arc-trigonometric function, cyclometric function, inverse circular function, inverse trigonometric function",,,,326
arkarkósínus,na,kk,Eintala,,,,,,,,arc cosine,,,,inverse cosine,,,,327
arkarkótangens,na,kk,Eintala,,,,,,,,arc cotangent,,,,inverse cotangent,,,,328
arkarsínus,na,kk,Eintala,,,,,,,,arc sine,,,,inverse sine,,,,329
arkartangens,na,kk,Eintala,,,,,,,,arc tangent,,,,inverse tangent,,,,330
arkimedískt algildi,na,,Eintala,,,,arkimedísk virðing,,,"absolute value, valuation",Archimedean valuation,,,,Archimedean absolute value,,,,331
arkimedískt raðsvið,na,hk,Eintala,,,,arkimedískt raðað svið,,,,Archimedean ordered field,,,,,,,,332
armur,na,kk,Eintala,,,,,,,,(of a trapezoid) arm,,,,"lateral side, leg, side",,,,333
asnabrú,na,kvk,Eintala,,,,,,,,pons asinorum,,,,,,,,337
atburðaalgebra,na,kvk,Eintala,,,,,,,,algebra of events,,,,,,,,353
atburður (í líkindafræði),na,kk,Eintala,,,,tilviljanakenndur atburður,,,,chance event,,,,random event,,,,354
atburður,na,,Eintala,,,,"atvik, tilvik",,,,event,,,,,,,,355
athugun,na,kvk,Eintala,,,,,,,,observation,,,,,,,,357
atlas,na,hk,Eintala,,,,kortasafn,,,,atlas,,,,,,,,358
atóm,na,hk,Eintala,,,,,,,"elementary event, simple event",atom,,,,,,,,359
atómlaust mál,na,hk,Eintala,,,,,,,,non-atomic measure,,,,,,,,360
auðkenning,na,,Eintala,,,,greinimark,,,,criterion,,,,,,,,382
auðugt vigurbundin,ls,kvk,Eintala,,,,,,,,ample vector bundle,,,,,,,,383
auðugur,ls,kk,Eintala,,,,,,,very ample,ample,,,,,,,,384
augljós,ls,,Eintala,,,,,,,,trivial,,,,,,,,385
augljósleiki,na,kk,Eintala,,,,,,,,triviality,,,,,,,,387
augljóst bundin,ls,kvk,Eintala,,,,,,,,trivial bundle,,,,,,,,388
augljóst grannmynstur,na,hk,Eintala,,,,fábrotið grannmynstur,,,,trivial topology,,,,,,,,389
augljós lausn,na,kvk,Eintala,,,,,,,zero solution,trivial solution,,,,,,,,386
aukahending,na,kvk,Eintala,,,,,,,,auxiliary statistic,,,,,,,,390
aukahornalína,na,kvk,Eintala,,,,,,,,secondary diagonal,,,,,,,,391
aukahringur,na,kk,Eintala,,,,aukahvirfilhringur,,,"eccentric circle, major circle",minor circle,,,,,,,,392
aukahvirfilpunktur,na,kk,Eintala,,,,,,,vertex,secondary vertex,,,,,,,,393
aukaskilyrði,na,hk,,,,,hliðarskilyrði,,,,side condition,,,,,,,,394
aukið fylki,na,hk,Eintala,,,,,,,,augmented matrix,,,,,,,,395
aukinn,ls,kk,Eintala,,,,,,,,augmented,,,,,,,,396
autt sæti,na,hk,Eintala,,,,,,,,blank,,,,"Leerstelle, vacant place",,,,397
áhætta,na,kvk,Eintala,,,,,,,"risk of the first kind, risk of the second kind",risk,,,,,,,,142
áhætta neytandans,na,kvk,Eintala,,,,,,,,consumer's risk,,,,,,,,143
áhættufall,na,hk,Eintala,,,,,,,,risk function,,,,,,,,144
áhættufræði,na,kvk,Eintala,,,,,,,,risk theory,,,,,,,,145
áhættuleikur,na,kk,Eintala,,,,,,,,game of chance,,,,"gamble, game of hazard",,,,146
ákvarðaður,ls,kk,Eintala,,,,,,,,determinate,,,,,,,,147
ákvarðanafræði,na,kvk,Eintala,,,,,,,,decision theory,,,,,,,,148
ákvarðanlegur,ls,kk,Eintala,,,,úrskurðanlegur,,,,decidable,,,,,,,,149
ákveða,na,kvk,Eintala,,,,,,,det,determinant,,,,,,,,150
ákveðið heildi,na,hk,Eintala,,,,ákveðið tegur,,,,definite integral,,,,,,,,151
ákveðnipunktur,na,kk,Eintala,,,,,,,,point of determinacy,,,,,,,,152
ákveðujafna,na,kvk,Eintala,,,,,,,,determinantal equation,,,,,,,,154
ákveðu-,pref,,,,,,,,,,determinantal,,,,,,,,153
ákvörðun,na,kvk,Eintala,,,,,,,,decision,,,,,,,,155
ákvörðunaraðferð,na,kvk,Eintala,,,,,,,,decision procedure,,,,,,,,156
ákvörðunarfall,na,hk,Eintala,,,,,,,,decision function,,,,,,,,157
ákvörðunarferli,na,hk,Eintala,,,,,,,,decision process,,,,,,,,158
ákvörðunarverkefni,na,hk,Eintala,,,,,,,,decision problem,,,,decidability problem,,,,159
ályktunartölfræði,na,kvk,Eintala,,,,,,,,statistical inference,,,,,,,,252
álægur,ls,kk,Eintala,,,,,,,,incident,,,,,,,,160
ámóta,ls,,,,,,,,,,epimorphic,,,,epic,,,,253
ámóta,ls,,,,,,,,,,(of a matrix) similar,,,,,,,,254
ámóta fylki,na,hk,Eintala,,,,,,,,similar matrix,,,,,,,,255
ámótun,na,kvk,Eintala,,,,,,,,epimorphism,,,,,,,,256
ámyndun,na,kvk,Eintala,,,,,,,immersion,submersion,,,,,,,,257
án formerkis,,,,,,,,,,,signless,,,,unsigned,,,,258
án skerðingar á víðgildi,,,,,,,,,,,without loss of generality,,,,,,,,259
áreiðanleiki,na,kk,Eintala,,,,,,,,accuracy,,,,,,,,320
áreiðanleiki,na,kk,Eintala,,,,,,,,reliability,,,,,,,,321
ás,na,kk,Eintala,,,,,,,coordinate axis,axis,,,,,,,,335
ássamhvarf,na,,Eintala,,,,ássamhverfni,,,,(a property) axial symmetry,,,,,,,,338
ássamhverfing,na,kvk,Eintala,,,,ássamhverfa,,,,(an operation) axial symmetry,,,,,,,,339
ássamhverfur,na,kk,Eintala,,,,,,,,axially symmetric,,,,,,,,340
ássamlínumótun,na,kvk,Eintala,,,,,,,,axial collineation,,,,,,,,341
ássnið,na,hk,Eintala,,,,,,,,intercept,,,,,,,,342
ástand,na,hk,Eintala,,,,,,,,condition,,,,,,,,343
ástand,na,hk,Eintala,,,,,,,state,situation,,,,,,,,344
ástandsrúm,na,hk,Eintala,,,,,,,,state space,,,,,,,,346
ástandstala,na,kvk,Eintala,,,,,,,,condition number,,,,,,,,347
ástandsvigur,na,kk,Eintala,,,,,,,,state vector,,,,,,,,348
ástand,na,hk,Eintala,,,,stand,,,,state,,,,,,,,345
ásvigur,na,kk,Eintala,,,,snúningsvigur,,,,axial vector,,,,,,,,349
ás,na,kk,Eintala,,,,möndull,,,axis of revolution,axis,,,,,,,,336
átekt,na,kvk,Eintala,,,,átaka,,,,surjectivity,,,,,,,,356
áttaður,ls,kk,Eintala,,,,,,,,oriented,,,,,,,,363
áttaður hringur,na,kk,Eintala,,,,,,,,(oriented circle) cycle,,,,oriented circle,,,,364
áttaður,ls,kk,Eintala,,,,"stefndur, stefnubundinn",,,,directed,,,,oriented,,,,365
áttað horn,na,hk,Eintala,,,,"stefnt horn, snúningshorn",,,,directed angle,,,,oriented angle,,,,361
áttað rúm,na,hk,Eintala,,,,,,,,oriented space,,,,,,,,362
áttanlegur,ls,kk,Eintala,,,,,,,,orientable,,,,,,,,366
áttanleiki,na,kk,Eintala,,,,,,,,orientability,,,,,,,,367
áttflötungur,na,kk,Eintala,,,,,,,,octahedron,,,,,,,,368
átthyrningstala,na,kvk,Eintala,,,,átthyrnd tala,,,figurate number,octagonal number,,,,,,,,369
átthyrningur,na,kk,Eintala,,,,,,,,octagon,,,,,,,,370
áttrækinn,ls,kk,Eintala,,,,,,,,orientation-preserving,,,,,,,,372
áttrækin einsfirðun,na,kvk,Eintala,,,,,,,"proper orthogonal transformation, rotation",orientation-preserving isometry,,,,,,,,371
áttskiptinn,ls,kk,Eintala,,,,,,,,orientation-reversing,,,,,,,,374
áttskiptin einsfirðun,na,kvk,Eintala,,,,,,,"improper orthogonal transformation, reversal, rotary reflection",orientation-reversing isometry,,,,,,,,373
áttuð slétta,na,kvk,Eintala,,,,,,,,oriented plane,,,,,,,,375
áttuð víðátta,na,kvk,Eintala,,,,,,,,oriented manifold,,,,,,,,376
áttun,na,kvk,Eintala,,,,,,,,orientation,,,,,,,,377
áttundakerfi,na,hk,Eintala,,,,,,,,octal numeration system,,,,,,,,379
áttundareikningur,na,kk,Eintala,,,,,,,,octal arithmetic,,,,,,,,380
áttunda-,pref,,,,,,,,,,octal,,,,octonary,,,,378
áttungur,na,kk,Eintala,,,,,,,,octant,,,,,,,,381
átækur,ls,kk,Eintala,,,,,,,,onto,,,,surjective,,,,352
átæk mótun,na,kvk,Eintala,,,,átæk sammótun,,,epimorphism,onto homomorphism,,,,surjective homomorphism,,,,350
átæk vörpun,na,kvk,Eintala,"<ref idTerm=3282>Vörpun</ref> sem hefur allt <ref idTerm=74>bakmengið</ref> sem <ref idTerm=3417>myndmengi</ref>, þ.e. vörpun \(f:X \to Y\) sem uppfyllir \(f(X)=Y\).","Fyrir sérhverja vörpun \(f: X \to Y\) gildir að \(f(X)\) er <ref idTerm=2098>hlutmengi</ref> í \(Y\), svo til að sýna að \(f\) sé átæk nægir að sýna að \(Y\) sé líka hlutmengi í \(f(X)\). Það er gert með því að sýna að sérhvert <ref idTerm=5128>stak</ref> \(y \in Y\) sé gildi vörpunarinnar \(f\), þ.e. að fyrir sérhvert \(y \in Y\) sé til \(x \in X\) þannig að \(f(x) = y\).\n\n<ref idTerm=6050>Venn-myndirnar</ref> að neðan sýna tvær varpanir \(f: X \to Y\) og \(g: Z \to W\). Vörpunin \(f\) er átæk því sérhvert stak í \(Y\) er gildi vörpunarinnar \(f\). Hins vegar er \(g\) ekki átæk því til dæmis er stakið lengst til hægri í \(W\) ekki gildi vörpunarinnar \(g\):\n\n\begin{center}\n\includegraphics[width=150px]{myndir/ataek_vorpun.png}\n\end{center}",,,,,,mapping onto,,,,"surjection, surjective mapping",,,,351
ávöntun,na,kvk,Eintala,,,,,,,,(of an analytic function) defect,,,,deficiency,,,,398
á köflum,,,,,,,,,,,piecewise,,,,,,,,13
bagall,na,kk,Eintala,,,,,,,,lituus,,,,,,,,400
Baire-fall,na,hk,Eintala,,,,,,,,Baire function,,,,,,,,401
Baire-setning,na,kvk,Eintala,,,,setning Baires,,,,Baire category theorem,,,,category theorem of Baire,,,,402
bakliður,na,kk,Eintala,,,,,,,antecedent,(of a proportion or ratio) consequent,,,,succedent,,,,403
bakpokaverkefni,na,hk,Eintala,,,,,,,,knapsack problem,,,,,,,,404
Banach-algebra,na,kvk,Eintala,,,,,,,,Banach algebra,,,,,,,,405
Banach-rúm,na,hk,Eintala,,,,,,,,Banach space,,,,\(B\)-space,,,,406
bandalag,na,hk,Eintala,,,,,,,,coalition,,,,,,,,407
bandbreidd,na,kvk,Eintala,,,,,,,,band width,,,,,,,,408
bandfylki,na,hk,Eintala,,,,,,,,band matrix,,,,striped matrix,,,,409
bann,na,hk,Eintala,,,,,,,,taboo,,,,,,,,410
bannjafnvægi,na,hk,Eintala,,,,,,,,quasi-stationarity,,,,,,,,412
bannlíkindi,na,hk,Fleirtala,,,,,,,,taboo probability,,,,,,,,413
bann-,pref,,Eintala,,,,,,,,taboo,,,,,,,,411
Bartlett-próf,na,hk,Eintala,,,,,,,,Bartlett test,,,,,,,,414
baugað rúm,na,hk,Eintala,,,,,,,,ringed space,,,,,,,,415
baugamótun,na,kvk,Eintala,,,,,,,,ring homomorphism,,,,,,,,416
baugmynstur,na,hk,Eintala,,,,,,,,ring structure,,,,,,,,417
baugsútvíkkun,na,kvk,Eintala,,,,baugsvíkkun,,,"extension, extension ring, overring",ring extension,,,,,,,,418
baugur,na,kk,Eintala,,,,,,,,ring,,,,,,,,419
Bayes-ályktunaraðferð,na,kvk,Eintala,,,,,,,,Bayesian inference,,,,,,,,420
Bayes-setning,na,kvk,Eintala,,,,setning Bayes,,,,Bayes's theorem,,,,inverse probability  theorem,,,,421
Bayes-tölfræði,na,kvk,Eintala,,,,,,,,Bayesian statistics,,,,,,,,422
beinlínumynd,na,kvk,Eintala,,,,,,,,rectilinear figure,,,,,,,,429
beinlínu-,pref,,Eintala,,,,,,,,rectilinear,,,,,,,,428
beinn,ls,kk,Eintala,,,,,,,implicit,explicit,,,,,,,,430
beinn eftirkomandi,na,kk,Eintala,,,,næsti eftirkomandi,,,,direct successor,,,,"immediate successor, sequent",,,,431
beinn liður,na,kk,Eintala,,,,,,,,direct summand,,,,,,,,432
beinn stöðugleiki,na,kk,Eintala,,,,,,,,absolute stability,,,,,,,,433
beinn undanfari,na,kk,Eintala,,,,næsti undanfari,,,,direct predecessor,,,,"immediate antecedent, immediate predecessor",,,,434
beinn þáttur,na,kk,Eintala,,,,,,,,direct factor,,,,,,,,435
beint horn,na,hk,Eintala,<ref idTerm=2198>Horn</ref> kallast \textit{beint horn} ef <ref idTerm=334>armar</ref> þess eru <ref idTerm=3400>gagnstæðir</ref>. Slíkt horn <ref idTerm=2223>mælist</ref> 180 <ref idTerm=1667>gráður</ref> eða \(\pi\) <ref idTerm=478>radíana</ref>.,,,,,,,flat angle,,,,straight angle,,,,436
beint kerfi,na,hk,Eintala,,,,,,,,direct system,,,,,,,,437
beint margfeldi,na,hk,Eintala,,,,,,,"cartesian product, direct sum",direct product,,,,,,,,438
beint markgildi,na,hk,Eintala,,,,,,,limit,colimit,,,,"direct limit, inductive limit",,,,439
bein mynd,na,kvk,Eintala,,,,,,,,direct image,,,,,,,,423
bein skekkja,na,kvk,Eintala,,,,,,,,absolute error,,,,,,,,424
bein summa,na,kvk,Eintala,,,,,,,"coproduct, direct product",direct sum,,,,,,,,426
bein sönnun,na,kvk,Eintala,"<ref idTerm=4964>Sönnun</ref> á <ref idTerm=2836>leiðingu</ref> \(p \implies q\) þar sem gert er ráð fyrir að <ref idTerm=1515>yrðingin</ref> \(p\) sé <ref idTerm=6659>sönn</ref> og sýnt er með <ref idTerm=6651>rökleiðslu</ref> að þá sé \(q\) líka sönn, ólíkt <ref idTerm=3640>óbeinni sönnun</ref>.",,,,,,,direct proof,,,,,,,,425
bein þríliða,na,kvk,Eintala,,,,,,,,direct rule of three,,,,,,,,427
belti,na,hk,Eintala,,,,,,,,(of a surface of revolution) zone,,,,,,,,440
Bernoulli-dreifing,na,kvk,Eintala,,,,"tvíliðudreifing, tvíkostadreifing",,,binomial distribution,Bernoulli distribution,,,,,,,,441
Bernoulli-hending,na,kvk,Eintala,,,,,,,,Bernoulli variable,,,,"binary random variable, indicator",,,,442
Bernoulli-tala,na,kvk,Eintala,,,,,,,,Bernoulli number,,,,,,,,443
Bernoulli-tilraun,na,kvk,Eintala,,,,,,,,Bernoulli trial,,,,,,,,444
Bessel-fall,na,hk,Eintala,,,,sívalningsfall,,,,Bessel function,,,,"cylinder function, cylindrical function",,,,445
besta leikáætlun,na,kvk,Eintala,,,,besta áætlun,,,"maximum strategy, minimum strategy",optimum strategy,,,,optimal policy,,,,446
besta nálgun,na,kvk,Eintala,,,,,,,,best approximation,,,,,,,,447
bestunarverkefni,na,hk,Eintala,,,,,,,,optimization problem,,,,,,,,448
bestur,ls,kk,Eintala,,,,,,,,optimal,,,,,,,,449
betadreifing,na,kvk,Eintala,,,,,,,,beta distribution,,,,,,,,450
betafall,na,hk,Eintala,,,,,,,,beta function,,,,,,,,451
beyging,na,kvk,Eintala,,,,sveiging,,,,bending,,,,,,,,452
beygjuskilakrosspunktur,na,kk,Eintala,,,,,,,,flecnode,,,,,,,,453
biðraðafræði,na,kvk,Eintala,,,,,,,,queuing theory,,,,,,,,454
biðröð,na,kvk,Eintala,,,,,,,,\nobreak waiting line,,,,queue,,,,6559
biðröð,na,kvk,Eintala,,,,,,,,queue,,,,waiting line,,,,6560
biðtími,na,kk,Eintala,,,,,,,,\nobreak waiting time,,,,,,,,6561
bil,na,hk,Eintala,"<ref idTerm=4093>Rauntalna</ref><ref idTerm=3270>mengi</ref> \(I\) kallast \textit{bil} ef fyrir sérhver \(x, y \in I\) og \(z \in \mathbb{R}\) þannig að \(x < z < y\) gildi að \(z \in I\). Ef \(I\) á sér <ref idTerm=3490>neðra mark</ref> \(L\) kallast \(L\) \textit{vinstri endapunktur} bilsins. Sömuleiðis ef \(I\) á sér <ref idTerm=743>efra mark</ref> \(U\) þá kallast \(U\) \textit{hægri endapunktur} bilsins.","Bil geta verið af ýmsum toga eftir því hvort þau séu með endapunkta (sjá <ref idTerm=1840>hálflína</ref>) og hvort þau innihaldi síðan þá endapunkta (sjá <ref idTerm=3793>opið bil</ref>, <ref idTerm=3010>lokað bil</ref> og <ref idTerm=1844>hálfopið bil</ref>). Eftirfarandi tvær myndir sýna allar gerðir bila:\n\n\begin{center}\n\includegraphics[width=150px]{myndir/takmorkud_bil.png}\n\end{center}\n\begin{center}\n\includegraphics[width=150px]{myndir/otakmorkud_bil.png}\n\end{center}",,,,,number interval,interval,,,,,,,,457
bilanatíðni,na,kvk,Eintala,,,,óhappatíðni,,,,failure rate,,,,,,,,6563
bilanet,na,hk,Eintala,,,,,,,,interval graph,,,,,,,,6564
binda,sag,,Eintala,,,,,,,bound variable,bind,,,,,,,,6565
biti,na,,Eintala,,,,tvíundatölustafur,,,,bigit,,,,"binary digit, bit",,,,6566
bjagaður,ls,kk,Eintala,,,,"vilhallur, skakkur, hlutdrægur",,,,biased,,,,,,,,462
bjögun,na,kvk,Eintala,,,,,,,,(in analysis) deformation,,,,,,,,463
bjögun,na,kvk,Eintala,,,,togun,,,,(in topology) deformation,,,,,,,,464
blað,na,hk,Eintala,,,,,,,,leaf,,,,,,,,465
blað,na,hk,Eintala,,,,þynni,,,,sheet,,,,,,,,466
blandað hliðarskilyrði,na,,Eintala,,,,blönduð þvingun,,,,mixed constraint,,,,,,,,467
blandað jaðargildisverkefni,na,hk,Eintala,,,,,,,,mixed boundary value problem,,,,,,,,468
blandað úrtak,na,hk,Eintala,,,,,,,,mixed sample,,,,,,,,469
blandið lotutugabrot,na,hk,Eintala,,,,blandið umferðartugabrot,,,,mixed periodic decimal,,,,mixed recurring decimal,,,,470
blandinn liður,na,kk,Eintala,,,,blandaður liður,,,,mixed term,,,,,,,,473
blandinn þinur,na,kk,Eintala,,,,,,,,mixed tensor,,,,,,,,474
blandin hlutafleiða,ls,kvk,Eintala,,,,blönduð hlutafleiða,,,,mixed partial derivative,,,,,,,,471
blandin tala,ls,kvk,Eintala,,,,,,,,mixed number,,,,mixed fraction,,,,472
blendið slembiferli,na,hk,Eintala,,,,,,,,mixing stochastic process,,,,,,,,475
blöndun,na,kvk,Eintala,,,,,,,,mixing,,,,,,,,476
boðleið,na,kvk,Eintala,,,,rás,,,,channel,,,,communication channel,,,,477
radíani,na,kvk,Eintala,"<ref idTerm=3072>Mælieining</ref> á <ref idTerm=2860>lengd</ref> <ref idTerm=2270>hringboga</ref> og <ref idTerm=5102>stærð</ref> <ref idTerm=2198>horna</ref>, skilgreind þannig að lengd boga <ref idTerm=887>einingarhrings</ref> mælist \(2 \pi\) \textit{radíana}",Önnur leið til þess að skilgreina radíana er sem stærð hornsins með <ref idTerm=3661>oddpunkt</ref> í miðju <ref idTerm=2295>hrings</ref> sem fæst þegar að <ref idTerm=479>bogalengd</ref> hringsins er jöfn geisla hans. Eftirfarandi mynd sýnir ýmis horn <ref idTerm=887>einingarhrings</ref> auk stærð þeirra í bæði gráðum og <ref idTerm=478>radíönum</ref>:\n\n\begin{center}\n\includegraphics[width=150px]{myndir/hornamal.png}\n\end{center} \n\nTil er einfalt samband milli radíana og gráða. Til að breyta horni \(\alpha\) sem mælt er í gráðum yfir í radíana er notuð formúlan \[ \theta = \frac{\alpha}{360}\cdot 2\pi = \frac{\alpha}{180} \pi .\],,"bogaeining, bogamálseining",,,rad,radian,,,,,,,,478
bogalengd,na,kvk,Eintala,<ref idTerm=2860>Lengd</ref> <ref idTerm=2276>hringboga</ref>.,,,,,,,arc length,,,,,,,,479
bogalengdarfall,na,hk,Eintala,,,,,,,,arc length function,,,,,,,,480
bogalengdarfrymi,na,hk,Eintala,,,,,,,,arc length element,,,,,,,,481
bogalengdarfrymi,na,hk,Eintala,,,,,,,,element of arc length,,,,,,,,482
bogamál,na,hk,Eintala,Stærð <ref idTerm=2198>horns</ref> í <ref idTerm=478>radíönum</ref>.,,,,,,measure of angle,circular measure,,,,radian measure,,,,483
bogamínúta,na,kvk,Eintala,,,,,,,minute of angle,minute of arc,,,,,,,,484
bogasekúnda,na,kvk,Eintala,,,,,,,second of angle,second of arc,,,,,,,,485
boginn,ls,kk,Eintala,,,,sveigður,,,,curved,,,,,,,,488
bogin lína,na,kvk,Eintala,,,,"boglína, sveigð lína, sveiglína",,,curve,curved line,,,,,,,,487
bogi,na,kk,Eintala,,,,ferilbogi,,,,(of a curve) arc,,,,,,,,486
Boole-aðgerð,na,kvk,Eintala,,,,,,,,Boolean operation,,,,,,,,489
Boole-algebra,na,kvk,Eintala,,,,,,,,Boolean algebra,,,,,,,,490
Boole-baugur,na,kk,Eintala,,,,,,,,Boolean ring,,,,,,,,491
Boole-breyta,na,kvk,Eintala,,,,,,,,Boolean variable,,,,,,,,492
Boole-fall,na,hk,Eintala,,,,,,,,Boolean function,,,,,,,,493
Boole-grind,na,kvk,Eintala,,,,,,,,Boolean lattice,,,,,,,,494
Boole-virki,na,kk,Eintala,,,,,,,,Boolean operator,,,,,,,,495
Borel-algebra,na,kvk,Eintala,,,,,,,,Borel algebra,,,,Borel field,,,,496
Borel-atburðaalgebra,na,kvk,Eintala,,,,,,,,Borel algebra of events,,,,,,,,497
Borel-fall,na,hk,Eintala,,,,,,,,Borel function,,,,,,,,498
Borel-mengi,na,hk,Eintala,,,,,,,,Borel set,,,,,,,,499
braut,na,kvk,Eintala,,,,,,,"phase curve, trajectory",orbit,,,,,,,,500
brautarúm,na,hk,Eintala,,,,,,,quotient space,orbit space,,,,,,,,502
braut,na,,Eintala,,,,ferill,,,"orbit, phase curve",trajectory,,,,,,,,501
breidd,na,kvk,Eintala,,,,,,,,breadth,,,,width,,,,514
breiðbogafall,na,hk,Eintala,,,,gleiðbogafall,,,,hyperbolic function,,,,,,,,504
breiðbogaflötur,na,kk,Eintala,,,,,,,,hyperboloid,,,,,,,,505
breiðbogakósekans,na,kk,Eintala,,,,,,,"cosech, csch",hyperbolic cosecant,,,,,,,,506
breiðbogakósínus,na,kk,Eintala,,,,,,,"ch, cosh",hyperbolic cosine,,,,,,,,507
breiðbogariti,na,,Eintala,,,,,,,,hyperbolograph,,,,,,,,508
breiðbogasekans,na,kk,Eintala,,,,,,,"sch, sech",hyperbolic secant,,,,,,,,509
breiðbogasínus,na,kk,Eintala,,,,,,,"sh, sinh",hyperbolic sine,,,,,,,,510
breiðbogasnúðflötur,na,kk,Eintala,,,,,,,,hyperboloid of revolution,,,,,,,,511
breiðbogatangens,na,kk,Eintala,,,,,,,"tanh, tgh, th",hyperbolic tangent,,,,,,,,512
breiðboga kótangens,na,kk,Eintala,,,,,,,"coth, ctgh, cth",hyperbolic cotangent,,,,,,,,503
breiðbogi,na,kk,Eintala,,,,gleiðbogi,,,,hyperbola,,,,,,,,513
breiðger,ls,,Eintala,,,,,,,,hyperbolic,,,,,,,,515
breiðgerð,na,kvk,Eintala,,,,,,,hyperbolicity,hyperbolic type,,,,,,,,525
breiðgerð,na,kvk,Eintala,,,,,,,hyperbolic type,hyperbolicity,,,,,,,,526
breiðgert rúm,na,hk,Eintala,,,,,,,,hyperbolic space,,,,,,,,527
breiðger fleygbogaflötur,na,kk,Eintala,,,,söðulflötur,,,,hyperbolic paraboloid,,,,,,,,516
breiðger hlutafleiðujafna,na,kvk,Eintala,,,,,,,,hyperbolic partial differential equation,,,,,,,,517
breiðger punktur,na,kk,Eintala,,,,,,,saddle point,hyperbolic point,,,,,,,,518
breiðger Riemann-flötur,na,kk,Eintala,,,,,,,,hyperbolic Riemann surface,,,,,,,,519
breiðger rúmfræði,na,kvk,Eintala,"<ref idTerm=4271>Rúmfræði</ref> sem byggir á fyrstu fjórum <ref idTerm=1452>frumsendum</ref> <ref idTerm=1030>evklíðskar rúmfræði</ref> en í staðinn fyrir fimmtu frumsenduna er gert ráð fyrir eftirfarandi frumsendu:\n\n\textit{Fyrir gefna <ref idTerm=2911>línu</ref> og gefinn <ref idTerm=4001>punkt</ref>,\nsem ekki er á línunni, er til fleiri en ein lína sem fer í gegnum punktinn og <ref idTerm=4771>sker</ref> ekki línuna}",Í þessari rúmfræði er <ref idTerm=2225>hornasumma</ref> <ref idTerm=6438>þríhyrnings</ref> minni en 180 <ref idTerm=1667>gráður</ref>.,,,,,,hyperbolic geometry,,,,,,,,520
breiðger samsíðufrumsenda,na,kvk,Eintala,,,,,,,,hyperbolic parallel postulate,,,,,,,,521
breiðger sjálfmótun,na,kvk,Eintala,,,,breiðger færsla,,,,hyperbolic automorphism,,,,hyperbolic transformation,,,,522
breiðger slétta,na,kvk,Eintala,,,,,,,,hyperbolic plane,,,,,,,,523
breiðger vefja,na,kvk,Eintala,,,,,,,,hyperbolic spiral,,,,reciprocal spiral,,,,524
brenniás,na,kk,Eintala,,,,,,,"major axis, major axis, transverse axis",focal axis,,,,,,,,528
brennidepill,na,kk,Eintala,,,,brennipunktur,,,,focus,,,,,,,,529
brenniflötur,na,kk,Eintala,,,,,,,,caustic,,,,,,,,530
brennigeisli,na,kk,Eintala,,,,,,,,focal radius,,,,,,,,531
brennilengd,na,kvk,Eintala,,,,,,,,focal distance,,,,focal length,,,,532
brennilína,na,kvk,Eintala,,,,,,,,caustic,,,,,,,,533
brennilína,na,kvk,Eintala,,,,,,,,focal line,,,,,,,,534
brennimengi,na,hk,Eintala,,,,,,,,caustic,,,,,,,,535
brennimiðstrengur,na,kk,Eintala,,,,,,,,(of a hyperbola) transverse diameter,,,,,,,,536
brennistrengur,na,kk,Eintala,,,,,,,latus rectum,focal chord,,,,,,,,537
breytast,sag,,,,,,,,,,vary,,,,,,,,539
breytast með samfelldum hætti,sag,,,,,,,,,,vary continuously,,,,,,,,540
breyta,na,kvk,Eintala,<ref idTerm=5102>Stærð</ref> sem getur haft mörg mismunandi <ref idTerm=0>gildi</ref>.,,,"breytistærð, breytileg stærð",,,,variable,,,,,,,,538
breytilegur,ls,kk,Eintala,,,,,,,running,variable,,,,,,,,541
breytingarhraði,na,kk,Eintala,,,,,,,"difference quotient, divided difference, gradient",rate of change,,,,,,,,542
breytistuðull,na,kk,Eintala,,,,fráviksstuðull,,,,coefficient of variation,,,,variation coefficient,,,,543
breytulaus,ls,kk,Eintala,,,,,,,,variable-free,,,,,,,,544
breytuskipti,na,,,,,,innsetning,,,"substitution, integration by substitution",change of variables,,,,,,,,545
brigðgengur,ls,kk,Eintala,,,,,,,,non-deterministic,,,,,,,,546
brjóstvitsregla,na,kvk,Eintala,,,,þumalfingursregla,,,,rule of thumb,,,,,,,,547
broddur,na,kk,Eintala,,,,,,,,cusp,,,,,,,,548
brot,na,hk,Eintala,,,,,,,"calculus of fractions, circulating decimal, common fraction, complex fraction, compound fraction, continued fraction, decimal, decimal fraction, duodecimal fraction, fraction field, fraction in its lowest terms, fractional arithmetic, fractional number, fractional part, improper fraction, inverse fraction, mixed fraction, numerical fraction, ordinary fraction, periodic continued fraction, periodic decimal, partial fraction, proper fraction, quotient, ratio, recurring decimal, reduced fraction, repeating decimal, similar fractions, simple fraction, simplified fraction, vulgar fraction",fraction,,,,,,,,549
brotabaugur,na,kk,Eintala,,,,,,,,quotient ring,,,,"ring of fractions, ring of quotients",,,,550
brotabrot,na,hk,Eintala,,,,,,,,complex fraction,,,,compound fraction,,,,551
brotaregla,na,kvk,Eintala,,,,hlutfallsregla,,,,(for differentiation) quotient rule,,,,,,,,552
brotareikningur,na,kk,Eintala,,,,,,,fractional arithmetic,calculus of fractions,,,,,,,,553
brotareikningur,na,kk,Eintala,,,,,,,calculus of fractions,fractional arithmetic,,,,,,,,554
brotastrik,na,hk,Eintala,,,,lárétt brotastrik,,,fraction stroke,fraction bar,,,,"fraction line, fractional line",,,,555
brotastrik,na,hk,Eintala,,,,"skástrik, brotaskástrik",,,"fraction bar, fraction line, fractional line",fraction stroke,,,,solidus,,,,556
brotasvið,na,hk,Eintala,,,,,,,,field of quotients,,,,"field of fractions, fraction field, quotient field",,,,557
brothluti,na,kk,Eintala,,,,,,,,fractional part,,,,,,,,558
broti,na,kk,Eintala,,,,,,,,fractal,,,,,,,,559
brotið íðal,na,hk,Eintala,,,,,,,,fractional ideal,,,,,,,,560
brotið línustrik,na,hk,Eintala,,,,,,,,broken line,,,,polygonal line,,,,561
brotinn línulegur,ls,kk,Eintala,,,,,,,bilinear transformation,bilinear,,,,,,,,565
brotinn veldisvísir,na,kk,Eintala,,,,,,,,fractional exponent,,,,,,,,566
brotinn,,,,,,,brota-,,,,fractional,,,,,,,,567
brotin línuleg færsla,na,kvk,Eintala,,,,Möbíusarfærsla,,,,bilinear transformation,,,,"fractional linear transformation, homographic mapping, homography, linear fractional transformation, Möbius transformation",,,,562
brotin línuleg grúpa,na,kvk,Eintala,,,,,,,,linear fractional group,,,,,,,,563
brotin tala,na,,,,,,brot,,,fraction,fractional number,,,,,,,,564
brotmark,na,hk,Eintala,,,,hlutfallsmark,,,"centile, percentile, quartile, quintile, sextile",fractile,,,,quantile,,,,568
brotpunktur,na,kk,Eintala,,,,,,,,break point,,,,,,,,569
brottskurður,na,kk,Eintala,,,,,,,,excision,,,,,,,,570
Brown-hreyfing,na,kvk,Eintala,,,,brownsk hreyfing,,,Wiener process,Brownian movement,,,,,,,,571
brugðningafræði,na,kvk,Eintala,,,,,,,,braid theory,,,,,,,,574
brugðningagrúpa,na,kvk,Eintala,,,,,,,,braid group,,,,,,,,575
brugðningur,na,kk,Eintala,,,,,,,,braid,,,,,,,,576
brú,na,kvk,Eintala,,,,,,,,bridge,,,,"cut edge, isthmus, separating edge",,,,572
brúa,sag,,,,,,"inngiska, innreikna",,,extrapolate,interpolate,,,,,,,,573
brún,na,kvk,Eintala,,,,,,,,(of a polyhedral angle) edge,,,,,,,,577
brún,na,kvk,Eintala,<ref idTerm=2958>Línustrik</ref> þar sem tvær <ref idTerm=1325>hliðar</ref> <ref idTerm=6454>þrívíðs</ref> <ref idTerm=3133>margflötungs</ref> <ref idTerm=4771>skerast</ref>.,,,,,,,(of a polyhedron) edge,,,,,,,,578
brúnahorn,na,hk,Eintala,,,,,,,,dihedral angle,,,,,,,,579
brúnahorn,na,hk,Eintala,,,,,,,,edge angle,,,,,,,,580
brúnalengd,na,kvk,Eintala,,,,,,,,edge length,,,,,,,,581
brúunaraðferð,na,kvk,Eintala,,,,,,,,interpolation method,,,,,,,,583
brúunarfall,na,hk,Eintala,,,,,,,extrapolating function,interpolating function,,,,interpolation function,,,,584
brúunarskekkja,na,kvk,Eintala,,,,,,,extrapolation error,interpolation error,,,,,,,,585
brúun,na,kvk,Eintala,,,,"innreiknun, inngiskun",,,extrapolation,interpolation,,,,,,,,582
bryddað fylki,na,hk,Eintala,,,,,,,,bordered matrix,,,,,,,,586
brydding,na,kvk,Eintala,,,,,,,,bordering,,,,,,,,587
bryddingaraðferð,na,kvk,Eintala,,,,,,,,bordering method,,,,,,,,588
bryggja,sag,,,,,,"útgizka, útreikna",,,interpolate,extrapolate,,,,,,,,589
bryggjunarfall,na,hk,Eintala,,,,,,,,extrapolating function,,,,extrapolation function,,,,591
bryggjunarskekkja,na,kvk,Eintala,,,,,,,interpolation error,extrapolation error,,,,,,,,592
bryggjun,na,kvk,Eintala,,,,"útgiskun, útreiknun",,,interpolation,extrapolation,,,,,,,,590
bundin,na,,Eintala,,,,,,,"bundle of lines, pencil",(in geometry) bundle,,,,sheaf,,,,593
bundin,na,,Eintala,,,,,,,"complex line bundle, dual bundle, fibre bundle, jet bundle, line bundle, normal bundle, spin bundle, tangent bundle, tensor bundle, trivial bundle, vector bundle",(in topology and analysis) bundle,,,,,,,,594
bundinn Riemann-flötur,na,kk,Eintala,,,,,,,,concrete Riemann surface,,,,,,,,600
bundinn vigur,na,kk,Eintala,,,,,,,free vector,bound vector,,,,"fixed vector, localized vector",,,,601
bundin af hvelum,na,,,,,,hvelabundin,,,,(in geometry) bundle of spheres,,,,sheaf of spheres,,,,595
bundin af línum,na,,,,,,línubundin,,,,bundle of lines,,,,sheaf of lines,,,,596
bundin af samsíða línum,na,,,,,,samsíðubundin,,,,bundle of parallel lines,,,,sheaf of parallel lines,,,,597
bundin af sléttum,na,,,,,,sléttubundin,,,pencil of planes,bundle of planes,,,,sheaf of planes,,,,598
bundin breyta,na,hk,Eintala,,,,"bundin breytistærð, leppbreyta",,,bind,bound variable,,,,dummy variable,,,,599
burðarmengi,na,hk,Eintala,,,,,,,,carrier,,,,,,,,602
burður,na,kk,Eintala,,,,flutningur,,,,convection,,,,,,,,603
burtséð frá,,,,,,,,,,,apart from,,,,"except for, up to",,,,604
bútaaðferð,na,kvk,Eintala,,,,bútunaraðferð,,,,finite element method,,,,,,,,605
bútur,na,kk,Eintala,,,,,,,,finite element,,,,,,,,606
bútur,na,kk,Eintala,,,,bogi,,,,(of a curve) segment,,,,,,,,607
byggja,sag,,,,,,"byggja upp, búa til, smíða",,,,construct,,,,,,,,608
bylgja,na,kvk,Eintala,,,,alda,,,,wave,,,,,,,,609
bylgjujafna,na,kvk,Eintala,,,,öldujafna,,,,wave equation,,,,,,,,610
bylta,sag,,,,,,,,,,transpose,,,,,,,,611
bylta (fylkis),na,,Eintala,,,,bylt fylki,,,,(of a matrix) transpose,,,,"transpose matrix, transposed matrix",,,,612
bylting,na,kvk,Eintala,,,,,,,,(of a matrix) transposition,,,,,,,,613
byrjunarlausn,na,kvk,Eintala,,,,,,,,initial solution,,,,,,,,614
bæti,na,,Eintala,,,,tölvustafur,,,,byte,,,,,,,,399
dálkaðgerð,na,kvk,Eintala,,,,,,,,column operation,,,,,,,,634
dálkauppstokkun,na,kvk,Eintala,,,,dálkaumröðun,,,,permutation of columns,,,,,,,,635
dálkfylki,na,hk,Eintala,,,,"eindálkafylki, súlufylki",,,column vector,column matrix,,,,"one-column matrix, single-column matrix",,,,636
dálkmeðaltal,na,hk,Eintala,,,,,,,,column mean,,,,column average,,,,637
dálkstétt,na,kvk,Eintala,,,,,,,,column rank,,,,,,,,638
dálksumma,na,kvk,Eintala,,,,dálksamtala,,,,column total,,,,,,,,639
dálkur,na,,Eintala,,,,súla,,,,column,,,,,,,,640
dálkvigur,na,kk,Eintala,,,,súluvigur,,,column matrix,column vector,,,,,,,,641
dálkvísir,na,kk,Eintala,,,,,,,,column index,,,,,,,,642
dánartíðni,na,kvk,Eintala,,,,,,,,mortality rate,,,,,,,,643
Dedekind-baugur,na,kk,Eintala,,,,,,,,Dedekind domain,,,,,,,,644
Dedekind-snið,na,hk,Eintala,,,,,,,,Dedekind cut,,,,,,,,645
deila,sag,,,,,,,,,,divide,,,,,,,,646
deilaflokkur,na,kk,Eintala,,,,,,,,divisor class,,,,,,,,647
deilanlegur,ls,kk,Eintala,Sagt er að <ref idTerm=3475>náttúruleg tala</ref> \(m\) sé \textit{deilanleg með} \(n\) ef \(n\) <ref idTerm=1599>gengur upp í</ref> \(m\).,,,,,,,divisible,,,,,,,,648
deilanleiki,na,kk,Eintala,,,,,,,,divisibility,,,,,,,,649
deilasumma,na,kvk,Eintala,,,,,,,,divisor sum,,,,,,,,650
deildaalgebra,na,kvk,Eintala,,,,,,,,quotient algebra,,,,,,,,653
deildabaugur,na,kk,Eintala,,,,,,,,factor ring,,,,"quotient ring, residue class ring",,,,654
deildaform,na,hk,Eintala,,,,diffurform,,,symmetric differential form,differential form,,,,,,,,655
deildagrannmynstur,na,hk,Eintala,,,,,,,,identification topology,,,,quotient topology,,,,656
deildagrúpa,na,kvk,Eintala,,,,,,,,factor group,,,,"group of quotients, quotient group",,,,657
deildajafna,na,kvk,Eintala,,,,"afleiðujafna, diffurjafna",,,"ordinary differential equation, partial differential equation",differential equation,,,,,,,,658
deildamengi,na,hk,Eintala,,,,,,,,factor set,,,,quotient set,,,,659
deildamóta,ls,,Eintala,,,,diffurmóta,,,,diffeomorphic,,,,,,,,660
deildamótull,na,kk,Eintala,,,,,,,,factor module,,,,quotient module,,,,661
deildamótun,na,kvk,Eintala,,,,diffurmótun,,,,diffeomorphism,,,,,,,,662
deildamyndun,na,kvk,Eintala,,,,,,,,factorization,,,,,,,,663
deildamynstur,na,hk,Eintala,,,,,,,,quotient structure,,,,,,,,664
deildanlegur á köflum,ls,kk,Eintala,,,,diffranlegur á köflum,,,,piecewise differentiable,,,,,,,,666
deildanlegur frá hægri,ls,kk,Eintala,,,,diffranlegur frá hægri,,,,differentiable on the right,,,,"right differentiable, right-hand differentiable",,,,667
deildanlegur frá vinstri,ls,hk,Eintala,,,,diffranlegur frá vinstri,,,,differentiable on the left,,,,"left differentiable, left-hand differentiable",,,,668
deildanlegur í punkti,ls,kk,Eintala,,,,diffranlegur í punkti,,,,differentiable at a point,,,,,,,,669
deildanlegur,ls,kk,Eintala,,,,diffranlegur,,,totally differentiable,differentiable,,,,,,,,670
deildanleg víðátta,na,kvk,Eintala,,,,diffranleg víðátta,,,smooth manifold,differentiable manifold,,,,,,,,665
deildanleiki,na,kk,Eintala,,,,diffranleiki,,,,(in analysis) derivability,,,,differentiability,,,,671
deildareikningur,na,kk,Eintala,,,,diffurreikningur,,,differential and integral calculus,differential calculus,,,,,,,,672
deildarúm,na,hk,Eintala,,,,,,,"factor space, identification space, quotient space",coset space,,,,,,,,673
deildarúmfræði Riemanns,na,kvk,Eintala,,,,Riemann-deildarúmfræði,,,,Riemannian differential geometry,,,,Riemannian geometry,,,,675
deildarúmfræði,na,kvk,Eintala,,,,diffurrúmfræði,,,,differential geometry,,,,,,,,676
deildastuðull,na,,Eintala,,,,"deildahlutfall, diffurkvóti, afleiða í punkti",,,,derivative at a point,,,,"differential coefficient, differential quotient",,,,677
deildastuðull,na,kk,Eintala,,,,"deildahlutfall, diffurkvóti, afleiða (í punkti)",,,,differential coefficient,,,,"derivative at a point, differential quotient",,,,6567
deildavensl,na,hk,Fleirtala,,,,,,,,quotient relation,,,,,,,,678
deildavirki,na,kk,Eintala,,,,"diffurvirki, afleiðuvirki",,,,differential operator,,,,,,,,679
deilda,sag,,,,,,diffra,,,,differentiate,,,,,,,,652
deilda- og heildareikningur,na,kk,Eintala,,,,"diffur- og tegurreikningur, örsmæðareikningur, reiknivísi",,,"analysis, differential calculus, integral calculus",calculus,,,,"differential and integral calculus, infinitesimal calculus",,,,651
deildi,na,hk,Eintala,,,,diffur,,,total differential,differential,,,,,,,,680
deildunarvirki,na,kk,Eintala,,,,diffrunarvirki,,,,differentiation operator,,,,,,,,682
deildun,na,kvk,Eintala,,,,diffrun,,,,(in calculus) derivation,,,,differentiation,,,,681
deilibaugur,na,kk,Eintala,,,,,,,,division ring,,,,skew field,,,,683
deiling,na,kvk,Eintala,,,,,,,,division,,,,,,,,684
deilingaraðferð,na,,Eintala,,,,deilingarreiknirit,,,,division algorithm,,,,,,,,687
deilingarmerki,na,hk,Eintala,,,,,,,,division sign,,,,,,,,688
deiling án afgangs,na,kvk,Eintala,<ref idTerm=686>Deiling</ref> <ref idTerm=3475>náttúrulegrar tölu</ref> með annarri náttúrulegri tölu þar sem <ref idTerm=105>afgangurinn</ref> er 0.,,,,,,,exact division,,,,,,,,685
deiling með afgangi,na,kvk,Eintala,Ef \(n\) og \(d\) eru <ref idTerm=3475>náttúrulegar tölur</ref> þannig að \(d \neq 0\) þá eru til nátturulegar tölur \(q\) og \(r\) sem uppfylla \[n = q \cdot d + r \quad \text{og} \quad 0 \leq r < d. \]\n\nAð rita \(n\) á þessu formi nefnist þá að \textit{deila <ref idTerm=5397>tölunni</ref> \(d\) upp í \(n\)}. Talan \(q\) kallast \textit{kvóti} deilingarinnar og talan\n\(r\) \textit{afgangur} hennar.,"Skilgreiningin er setning sem er kennd við forngríska <ref idTerm=5117>stærðfræðinginn</ref> Evklíð. Hún er samtímis formleg skilgreining á deilingu heillra talna auk þess að hún gefur af sér eftirfarandi reiknirit til þess að framkvæma slíka deilingu: \n\nEf \(n > d\) þá getum við dregið \(d\) frá \(n\) og endað með tölu \(m\) sem er minni en \(n\). Ef \(m>d\) þá getum við endurtekið leikinn og dregið \(d\) frá \(m\) og endað þannig með tölu \(o<m\). Eftir ákveðið mörg skref, segjum \(q\) skref, endum við með tölu \(r\) sem er minni en \(d\). Þá er \(q\) kvóti deilingarinnar og talan \(r\) afgangur hennar.",,,,,,division with remainder,,,,,,,,686
deilir,na,kk,Eintala,,,,,,,,divisor,,,,,,,,689
deilistofn,na,kk,Eintala,,,,,,,,dividend,,,,,,,,690
deltafelli,na,hk,Eintala,,,,"deltafall, deltafelli Diracs, deltafall Diracs",,,,delta function,,,,Dirac delta function,,,,691
deltaferill,na,kk,Eintala,,,,,,,,deltoid,,,,tricuspid curve,,,,692
depilfeldi,na,hk,Eintala,,,,"innfeldi, innra margfeldi",,,,dot product,,,,"inner product, scalar product",,,,693
Desargues-setningin meiri,na,kvk,Eintala,,,,stóra Desargues-setningin,,,,major theorem of Desargues,,,,,,,,695
Desargues-setningin minni,na,kvk,Eintala,,,,litla Desargues-setningin,,,,minor theorem of Desargues,,,,,,,,696
Desargues-slétta,na,kvk,Eintala,,,,argesk slétta,,,,Desarguesian plane,,,,,,,,697
Desargues-,,,Eintala,,,,argeskur,,,,Arguesian,,,,Desarguesian,,,,694
deyfð sveifla,na,kvk,Eintala,,,,,,,,damped oscillation,,,,,,,,698
Dirichlet-dreifing,na,kvk,Eintala,,,,,,,,Dirichlet distribution,,,,,,,,701
Dirichlet-röð,na,kvk,Eintala,,,,,,,,Dirichlet series,,,,,,,,702
Díofantosargreining,na,kvk,Eintala,,,,,,,,diophantine analysis,,,,,,,,699
Díofantosarjafna,na,kvk,Eintala,,,,,,,,diophantine equation,,,,,,,,700
draga,sag,,,,,,,,,"drawing with replacement, drawing without replacement",draw,,,,,,,,703
draga frá,sag,,,,,,,,,,subtract,,,,,,,,705
draga saman,sag,,,,,,,,,,contract,,,,,,,,706
draga (rót),sag,,,,,,,,,take,(a root) extract,,,,,,,,704
draugalest,na,kvk,Eintala,,,,,,,,spectral sequence,,,,,,,,710
dráttarferill,na,kk,Eintala,,,,,,,,tractrix,,,,,,,,707
dráttur án skila,na,kk,Eintala,,,,,,,,drawing without replacement,,,,,,,,708
dráttur með skilum,na,kk,Eintala,,,,,,,,drawing with replacement,,,,,,,,709
dreifafræði,na,kvk,Eintala,,,,dreififellafræði,,,,distribution theory,,,,,,,,712
dreifarlausn,na,kvk,Eintala,,,,dreififellislausn,,,weak solution,distribution solution,,,,,,,,713
dreifður,ls,kk,Eintala,,,,,,,,(of a subset) discrete,,,,,,,,714
dreifing,na,kvk,Eintala,,,,,,,value distribution,(general) distribution,,,,,,,,715
dreifingafjölskylda,na,kvk,Eintala,,,,,,,,distribution family,,,,,,,,717
dreifingarfall,na,hk,Eintala,,,,"dreififall, líkindadreifingarfall",,,"cumulative frequency function, cumulative relative frequency function, partition function",cumulative distribution function,,,,"cumulative probability function, distribution, distribution function, probability distribution function, probability function",,,,718
dreifingarferill,na,kk,Eintala,,,,,,,,distribution curve,,,,,,,,719
dreifingargerð,na,kvk,Eintala,,,,,,,,distribution type,,,,,,,,720
dreifingaróháður,ls,kk,Eintala,,,,,,,non-parametric,distribution-free,,,,,,,,721
dreifing,na,kvk,Eintala,,,,líkindadreifing,,,"a posteriori distribution, a priori distribution, arithmetic distribution, asymmetric distribution, Bernoulli distribution, beta distribution, bimodal distribution, binomial distribution, binormal distribution, bivariate distribution, bivariate normal distribution, Cauchy distribution, centred and normed distribution, chi-distribution, chi-square distribution, chi-squared distribution, composite distribution, compound distribution, conditional distribution, contagious distribution, continuous uniform distribution, cumulative normal distribution, curve of normal distribution, Dirichlet distribution, discrete distribution, double-peaked distribution, error distribution curve, exponential distribution, frequency distribution, Gauss distribution, joint distribution, marginal distribution, mixed distribution, multidimensional distribution, multimodal distribution, multinomial distribution, multivariate distribution, normal distribution, normal distribution curve, one-dimensional distribution, Poisson distribution, polynomial distribution, posterior distribution, prior distribution, rectangular distribution, standardized distribution, standardized normal distribution, superposition of distributions, \(t\)-distribution, tolerance distribution, uniform distribution, unimodal distribution, univariate distribution",(in probability theory and statistics) distribution,,,,"probability distribution, random distribution",,,,716
dreifinn,ls,kk,Eintala,<ref idTerm=46>Reikniaðgerð</ref> \(\odot\) er sögð vera \textit{dreifin} yfir \(\oplus\) ef \(\odot\) og \(\oplus\) fullnægja <ref idTerm=723>dreifireglunni</ref>.,,,,,,,distributive,,,,,,,,722
dreifiregla,na,kvk,Eintala,"Ef \(\odot\) og \(\oplus\) eru <ref idTerm=5702>tvístæðar reikniaðgerðir</ref> á <ref idTerm=>mengi</ref> \(X\) er sagt að \(\odot\) og \(\oplus\) fullnægi \textit{dreifireglunni} ef fyrir sérhver <ref idTerm=5128>stök</ref> \(x, y, z \in X\) gildir að \[ x \odot (y \oplus z) = (x \odot y) \oplus (x \odot z) \] og \[ (y \oplus z) \odot x = (y \odot x) \oplus (z \odot x) .\]","Sagt er að \(\odot\) og \(\oplus\) fullnægi \textit{dreifireglunni frá vinstri} ef fyrir sérhver stök \(x, y, z \in X\) gildir að \[ x \odot (y \oplus z) = (x \odot y) \oplus (x \odot z). \] Á sama hátt er sagt að \(\odot\) og \(\oplus\) fullnægi \textit{dreifireglunni frá hægri} ef fyrir sérhver stök \(x, y, z \in X\) gildir að \[ (y \oplus z) \odot x = (y \odot x) \oplus (z \odot x). \] Því er sagt að \(\odot\) og \(\oplus\) fullnægi dreifireglunni ef \(\odot\) og \(\oplus\) fullnægi dreifireglunni bæði frá vinstri og hægri. Ef \(\odot\) er <ref idTerm=6228>víxlin</ref> þá er hún sjálfkrafa dreifin yfir \(\oplus\) ef hún er dreifin annaðhvort frá hægri eða vinstri.",,,,,"left distributive law, right distributive law",distributive law,,,,,,,,723
dreifirit,na,hk,Eintala,,,,"punktaský, punktarit",,,,correlation diagram,,,,"dispersion diagram, scatter diagram, scattergram",,,,724
dreifni,na,kvk,Eintala,,,,,,,,distributivity,,,,,,,,725
dreifnihlutfall,na,hk,Eintala,,,,,,,,variance ratio,,,,,,,,726
dreift hlutmengi,na,hk,Eintala,,,,,,,,discrete subset,,,,,,,,727
dreifvirðing,na,kvk,Eintala,,,,,,,,discrete valuation,,,,,,,,728
dreifvirðingarbaugur,na,kk,Eintala,,,,,,,,discrete valuation ring,,,,,,,,729
dreif,na,,Eintala,,,,"dreififelli, dreififall",,,"tame distribution, tempered distribution",(generalized function) distribution,,,,generalized function,,,,711
drómasetning,na,kvk,Eintala,,,,,,,,monodromy theorem,,,,principle of monodromy,,,,730
drómi,na,kk,Eintala,,,,,,,,monodromy,,,,,,,,731
Dynkin-rit,na,hk,Eintala,,,,,,,,Dynkin diagram,,,,,,,,732
Dynkin-safn,na,hk,Eintala,,,,,,,,Dynkin set,,,,,,,,733
dýpt,na,kvk,Eintala,,,,,,,,(of a module with respect to an ideal) depth,,,,,,,,734
dæmigerður,ls,kk,Eintala,,,,,,,,representative,,,,,,,,631
dæmigert stak,na,hk,Eintala,,,,,,,arbitrary element,typical element,,,,,,,,632
dæmigert úrtak,na,hk,Eintala,,,,,,,,representative sample,,,,,,,,633
dæmi,na,hk,Eintala,,,,sýnidæmi,,,,example,,,,,,,,629
dæmi,na,,Eintala,,,,"þraut, reikningsdæmi, æfingardæmi",,,arithmetic problem,exercise,,,,problem,,,,630
d'Alembert-virki,na,kk,Eintala,,,,,,,,d'Alembertian,,,,,,,,628
eða,sam,,,,,,,,,"alternation, disjunction, exclusive disjunction",or,,,,,,,,735
eða-tákn,na,hk,Eintala,,,,,,,,disjunction sign,,,,,,,,736
eðun,na,kvk,Eintala,Fyrir sérhverjar <ref idTerm=1515>yrðingar</ref> \(p\) og \(q\) er \(p \vee q\) (lesið: „\(p\) eða \(q\)“) sú yrðing sem segir að að minnsta kosti önnur yrðinganna \(p\) og \(q\) sé <ref idTerm=4565>sönn</ref>.,"Þessari staðreynd má lýsa með töflunni að neðan, sem sýnir sanngildi \(p \vee q\) eftir ólíkum sanngildum \(p\) annars vegar og \(q\) hins vegar.",,,,,,alternation,,,,"disjunction, inclusive disjunction, logical sum",,,,737
eðunarhluti,na,kk,Eintala,,,,eðunarliður,,,,disjunct,,,,partial disjunction,,,,738
efra flokksmark,na,hk,Eintala,,,,,,,,lower class limit,,,,,,,,740
efra flokksmark,na,hk,Eintala,,,,,,,,upper class limit,,,,,,,,741
efra heildi,na,hk,Eintala,,,,efra tegur,,,,upper integral,,,,,,,,742
efra markgildi,na,,Eintala,,,,"stærsti þéttipunktur, efsti þéttipunktur",,,,limit superior,,,,"limes superior, superior limit, upper limit",,,,744
efra mark,na,hk,Eintala,\textit{Efra mark} <ref idTerm=4093>rauntölu</ref><ref idTerm=3270>mengis</ref> er minnsta <ref idTerm=6280>yfirtala</ref> þess.,,,hámark,,,"bound, join, l. u. b.\ekkipunktur",least upper bound,,,,"lowest upper bound, supremum",,,,743
efra stýrimark,na,hk,Eintala,,,,,,,,lower control limit,,,,,,,,746
efra stýrimark,na,hk,Eintala,,,,,,,,upper control limit,,,,,,,,747
efra þríhyrningsfylki,na,hk,Eintala,,,,,,,,upper triangular matrix,,,,,,,,748
efra öryggisbil,na,hk,Eintala,,,,,,,,upper confidence interval,,,,,,,,745
efri miðjuruna,ls,,Eintala,,,,efri miðjuturn,,,,upper central series,,,,,,,,749
efri stallagerð,na,,Eintala,,,,"efri þrepagerð, efri þrepaskipan",,,,upper echelon form,,,,,,,,750
efri stéttar rökfræði,na,kvk,Eintala,,,,,,,,higher-order logic,,,,,,,,751
efri þríhyrningsgrúpa,na,kvk,Eintala,,,,,,,,upper triangular group,,,,,,,,752
efsta gildi,na,hk,Eintala,,,,"hæsta gildi, stærsta gildi, stærsta hágildi, víðfeðmt hágildi",,,maximum,absolute maximum,,,,"global maximum, largest value, maximal value, maximum in the large, maximum value",,,,753
eftirádreifing,na,kvk,Eintala,,,,,,,,a posteriori distribution,,,,"distribution a posteriori, posterior distribution",,,,755
eftirálíkindi,na,hk,Fleirtala,,,,,,,,a posteriori probability,,,,posterior probability,,,,756
eftirámat,na,hk,Eintala,,,,,,,,a posteriori estimate,,,,posterior estimate,,,,757
eftirfararaðtala,na,kvk,Eintala,,,,,,,,non-limiting ordinal,,,,"ordinal of the first kind, successor ordinal",,,,758
eftirfari,na,kk,Eintala,,,,,,,,successor,,,,,,,,759
eftirlit,na,hk,Eintala,,,,,,,,control,,,,,,,,760
eftirlitsrit,na,hk,Eintala,,,,,,,,control chart,,,,,,,,761
eftirtáknun,na,kvk,Eintala,,,,,,,"parenthesis-free notation, Polish notation, prefix notation",postfix notation,,,,,,,,762
eftir á,,,,,,,,,,,a posteriori,,,,,,,,754
ef og aðeins ef,,,,,,,þá og því aðeins að,,,iff,if and only if,,,,when and only when,,,,739
eggferill,na,kk,Eintala,,,,eggbaugur,,,,oval,,,,,,,,764
eggflötur,na,kk,Eintala,,,,,,,,ovaloid,,,,,,,,765
eggin á fleygnum,na,,Eintala,,,,,,,,edge of the wedge,,,,,,,,766
egg-,,,,,,,egglaga,,,,oval,,,,,,,,763
eiði,na,hk,Eintala,,,,slitmengi,,,,cut set,,,,separating set,,,,767
eiginaðhvarf,na,hk,Eintala,,,,sjálfsaðhvarf,,,,autoregression,,,,,,,,768
eiginaðhverfur,ls,kk,Eintala,,,,sjálfsaðhverfur,,,,autoregressive,,,,,,,,769
eigindlegur,ls,kk,Eintala,,,,,,,,qualitative,,,,,,,,770
eigindlegur eiginleiki,na,kk,Eintala,,,,,,,,qualitative property,,,,,,,,771
eiginfall,na,hk,Eintala,,,,,,,characteristic vector,characteristic function,,,,"eigenfunction, proper function",,,,772
eiginfylgnifall,na,hk,Eintala,,,,sjálffylgnifall,,,,autocorrelation function,,,,,,,,774
eiginfylgnirit,na,hk,Eintala,,,,sjálffylgnirit,,,,autocorrellogram,,,,,,,,775
eiginfylgnistuðull,na,kk,Eintala,,,,sjálffylgnistuðull,,,,autocorrelation coefficient,,,,,,,,776
eiginfylgni,na,kvk,Eintala,,,,sjálffylgni,,,,autocorrelation,,,,,,,,773
eigingildi,na,hk,Eintala,,,,,,,characteristic root,characteristic value,,,,"characteristic number, eigenvalue, proper value",,,,777
eigingildisverkefni,na,hk,Eintala,,,,,,,,eigenvalue problem,,,,proper value problem,,,,778
eiginlausn,na,kvk,Eintala,,,,,,,eigenvector,eigensolution,,,,,,,,779
eiginlega ósamleitinn,ls,kk,Eintala,,,,,,,,properly divergent,,,,,,,,789
eiginlega samsniða,ls,,Eintala,,,,,,,"congruent, inversely congruent, oppositely congruent",directly congruent,,,,,,,,790
eiginlegt brot,na,hk,Eintala,,,,,,,,proper fraction,,,,,,,,791
eiginlegt hlutmengi,na,hk,Eintala,,,,,,,,proper subset,,,,,,,,792
eiginlegt hlutrúm,na,hk,Eintala,,,,,,,,proper subspace,,,,,,,,793
eiginlegt hlutsvið,na,hk,Eintala,,,,,,,,proper subfield,,,,,,,,794
eiginlegt rætt fall,na,hk,Eintala,,,,,,,,proper rational function,,,,,,,,795
eiginlegt þverstaðlað fylki,na,hk,Eintala,,,,snúningsfylki,,,,proper orthogonal matrix,,,,rotation matrix,,,,796
eiginlegur,ls,kk,Eintala,,,,,,,,proper,,,,,,,,797
eiginlegur deilir,na,kk,Eintala,,,,,,,,aliquot part,,,,"aliquot, proper divisor",,,,798
eiginlegur flokkur,na,kk,Eintala,,,,,,,paradoxical set,proper class,,,,,,,,799
eiginlegur flutningur,na,kk,Eintala,,,,eiginleg hreyfing,,,,motion,,,,proper motion,,,,800
eiginlegur óendanleiki,na,kk,Eintala,,,,,,,potential infinity,actual infinity,,,,"completed infinity, proper infinity",,,,801
eiginlegur punktur,na,kk,Eintala,,,,,,,,proper point,,,,,,,,802
eiginleg frumsenda,na,kvk,Eintala,,,,,,,"axiom, logical axiom, mathematical axiom",non-logical axiom,,,,proper axiom,,,,780
eiginleg hlutgrúpa,na,kvk,Eintala,,,,,,,,proper subgroup,,,,,,,,781
eiginleg hlutvera,na,kvk,Eintala,,,,,,,,proper inclusion,,,,,,,,782
eiginleg ósamleitni,na,kvk,Eintala,,,,,,,improper divergence,proper divergence,,,,,,,,783
eiginleg tvinntala,na,kvk,Eintala,,,,"þverkynja tala, þverkyns tala",,,,(complex number not real) imaginary number,,,,,,,,784
eiginleg útvíkkun,na,kvk,Eintala,,,,eiginleg víkkun,,,,proper extension,,,,,,,,785
eiginleg vörpun,na,kvk,Eintala,,,,,,,,proper mapping,,,,,,,,786
eiginleg þverstaðalgrúpa,na,kvk,Eintala,,,,"snúningagrúpa, snúningsgrúpa",,,,proper orthogonal group,,,,"rotation group, special orthogonal group",,,,787
eiginleg þverstaðalvörpun,na,,Eintala,,,,snúningur,,,orientation-preserving isometry,proper orthogonal transformation,,,,rotation,,,,788
eiginleiki,na,kk,Eintala,,,,,,,,property,,,,,,,,803
eiginleikinn um endanleg snið,na,kk,Eintala,,,,,,,,finite intersection property,,,,,,,,804
eiginrófsþéttleiki,na,kk,Eintala,,,,,,,,autospectral density,,,,,,,,805
eiginrúm,na,hk,Eintala,,,,,,,,characteristic space,,,,eigenspace,,,,806
eiginslétta,na,kvk,Eintala,,,,,,,,characteristic plane,,,,,,,,807
eiginvigrafylki,na,hk,Eintala,,,,,,,,modal matrix,,,,polar matrix,,,,809
eiginvigur,na,kk,Eintala,,,,eiginvektor,,,eigenfunction,characteristic vector,,,,"characteristic solution, eigenvector, proper vector",,,,810
eiginvídd,na,kvk,Eintala,,,,rúmfræðileg margfeldni,,,,geometric multiplicity,,,,,,,,808
eileif,na,kvk,Eintala,,,,,,,,non-residue,,,,,,,,811
einangraður,ls,kk,Eintala,,,,,,,,isolated,,,,,,,,812
einangraður hluti,na,kk,Eintala,,,,,,,,(set of isolated points) adherence,,,,,,,,813
einangraður punktur,na,kk,Eintala,,,,,,,"acnodal point, acnode, conjugate point",isolated point,,,,,,,,814
einangraður sérstöðupunktur,na,kk,Eintala,,,,,,,,isolated singularity,,,,isolated singular point,,,,815
einblaða breiðbogaflötur,na,kk,Eintala,,,,einskála breiðbogaflötur,,,,hyperboloid of one sheet,,,,one-sheet hyperboloid,,,,816
eind,na,kvk,Eintala,,,,,,,,(invertible element in a ring) unit,,,,,,,,817
eindagrúpa,na,kvk,Eintala,,,,margföldunargrúpa,,,,group of units,,,,"multiplicative group, unit group",,,,818
eindregið frumsendukerfi,na,hk,Eintala,,,,eindregið frumsetningakerfi,,,,categorical axiom system,,,,,,,,819
eindreginn,ls,kk,Eintala,,,,,,,,categorical,,,,,,,,820
einfalda,sag,,,,,,,,,simplify,reduce,,,,,,,,821
einfalda,sag,,,,,,,,,reduce,simplify,,,,,,,,822
einfaldlega gegnvirkur,ls,kk,Eintala,,,,,,,,simply transitive,,,,,,,,823
einfaldlega lotubundinn,ls,kk,Eintala,,,,,,,,simply periodic,,,,,,,,824
einfaldlega samanhangandi,ls,,Eintala,,,,einfaldlega samhangandi,,,,simply connected,,,,,,,,825
einfaldur,ls,kk,Eintala,,,,,,,,simple,,,,,,,,826
einfaldur atburður,na,kk,Eintala,,,,frumatburður,,,atom,elementary event,,,,simple event,,,,827
einfaldur baugur,na,kk,Eintala,,,,,,,,simple ring,,,,,,,,828
einfaldur bogi,ls,kk,Eintala,,,,einfaldur ferill,,,,Jordan arc,,,,simple arc,,,,829
einfaldur hnútur,na,kk,Eintala,,,,smárahnútur,,,,cloverleaf knot,,,,,,,,830
einfaldur leggur,ls,kk,Eintala,,,,,,,,simple edge,,,,,,,,831
einfaldur marghyrningur,na,kk,Eintala,<ref idTerm=3161>Marghyrningur</ref> sem er þannig að engar tvær <ref idTerm=2048>hliðar</ref> hans <ref idTerm=4771>skerast</ref>.,,,,,,,simple polygon,,,,,,,,832
einfaldur punktur,na,kk,Eintala,,,,,,,"ordinary point, regular point",simple point,,,,,,,,833
einfaldur vegur,ls,,Eintala,,,,braut,,,,simple walk,,,,trail,,,,834
einfaldur,ls,kk,Eintala,,,,grunnstæður,,,,elementary,,,,,,,,835
einfalt eigingildi,na,hk,Eintala,,,,,,,,simple eigenvalue,,,,simple proper value,,,,836
einfalt fall,na,hk,Eintala,,,,,,,"schlicht function, step function",simple function,,,,,,,,837
einfalt fylki,na,hk,Eintala,,,,frumfylki,,,,elementary matrix,,,,,,,,838
einfalt heildi,na,hk,Eintala,,,,"einvítt heildi, einfalt tegur, einvítt tegur",,,,simple integral,,,,,,,,839
einfalt net,na,hk,Eintala,,,,,,,,simple graph,,,,,,,,840
einfalt róf,na,hk,Eintala,,,,,,,,simple spectrum,,,,,,,,841
einfalt samhverft fall,na,hk,Eintala,,,,,,,,elementary symmetric function,,,,,,,,842
einfalt skaut,ls,,Eintala,,,,einfaldur póll,,,,pole of first order,,,,simple pole,,,,843
einfalt úrtak,na,hk,Eintala,,,,hreint úrtak,,,,unrestricted sample,,,,,,,,844
einfari,na,kk,Eintala,,,,,,,,outlier,,,,,,,,845
einföldun,na,kvk,Eintala,,,,,,,simplification,reduction,,,,,,,,857
einföldun,na,kvk,Eintala,,,,,,,"cancellation, reduction",simplification,,,,,,,,858
einföldunarregla,na,kvk,Eintala,,,,,,,quadrant relation,reduction formula,,,,,,,,859
einföldunarregla (fyrir hornaföll),na,kvk,Eintala,,,,,,,reduction formula,quadrant relation,,,,,,,,860
einföld aðgerð,na,kvk,Eintala,,,,,,,"column operation, row operation",elementary operation,,,,,,,,846
einföld hending,na,kvk,Eintala,,,,,,,,elementary random variable,,,,,,,,847
einföld núllstöð,na,kvk,Eintala,,,,,,,simple root,simple zero,,,,,,,,848
einföld rás,na,kvk,Eintala,,,,,,,,(simple closed edge sequence) circuit,,,,"cycle, elementary circuit, elementary cycle, simple circuit, simple cycle",,,,850
einföld rót,na,kvk,Eintala,,,,,,,simple zero,simple root,,,,,,,,851
einföld rúmfræði,na,kvk,Eintala,,,,grunnstæð rúmfræði,,,,elementary geometry,,,,,,,,852
einföld talnafræði,na,kvk,Eintala,,,,grunnstæð talnafræði,,,,elementary number theory,,,,,,,,853
einföld úrtaka,na,kvk,Eintala,,,,hrein úrtaka,,,,unrestricted sampling,,,,,,,,854
einföld útvíkkun,na,kvk,Eintala,,,,einföld víkkun,,,,simple extension,,,,,,,,855
einföld þríliða,na,kvk,Eintala,,,,,,,,simple rule of three,,,,,,,,856
einföld örvarás,na,kvk,Eintala,,,,,,,,(simple closed arc sequence) circuit,,,,"cycle, directed circuit, elementary circuit, elementary cycle, elementary directed circuit, elementary directed cycle, simple circuit, simple cycle, simple directed circuit, simple directed cycle",,,,849
eingildur,ls,kk,Eintala,,,,,,,,one-valued,,,,single-valued,,,,862
eingild vörpun,na,kvk,Eintala,,,,,,,mapping,single-valued mapping,,,,,,,,861
eingilt fall,na,hk,Eintala,,,,,,,function,single-valued function,,,,,,,,863
einhalla,ls,,Eintala,,,,,,,,monotonic,,,,monotone,,,,864
einhalla á köflum,na,,Eintala,,,,,,,,piecewise monotonic,,,,,,,,865
einhalla fall,na,hk,Eintala,<ref idTerm=1078>Fall</ref> sem er <ref idTerm=0>vaxandi</ref> eða <ref idTerm=0>minnkandi</ref>.,,,,,,,monotonic function,,,,,,,,866
einhalla runa,na,kvk,Eintala,,,,,,,,monotonic sequence,,,,,,,,867
einhalla samleitni,na,kvk,Eintala,,,,,,,,monotone convergence,,,,,,,,868
einhalli,na,kk,Eintala,,,,,,,,monotonicity,,,,monotony,,,,869
einhliða,ls,,Eintala,,,,,,,,one-sided,,,,unilateral,,,,870
einhliða afleiða,na,kvk,Eintala,,,,,,,,derivative on one side,,,,"one-sided derivative, unilateral derivative",,,,871
einhliða deildanleiki,na,kk,Eintala,,,,einhliða diffranleiki,,,,differentiability on one side,,,,"one-sided differentiability, unilateral differentiability",,,,872
einhliða flötur,na,kk,Eintala,,,,,,,,one-sided surface,,,,"surface of one side, unilateral surface",,,,873
einhliða íðal,na,hk,Eintala,,,,,,,"left ideal, right ideal",one-sided ideal,,,,,,,,874
einhliða markgildi,na,hk,Eintala,,,,,,,,one-sided limit,,,,,,,,875
einhliða markgildi,na,hk,Eintala,,,,,,,,unilateral limit,,,,,,,,876
einhliða próf,na,hk,Eintala,,,,,,,,one-sided test,,,,single-tail test,,,,878
einhliða samfelldni,na,kvk,Eintala,,,,samfelldni frá annarri hlið,,,,continuity on one side,,,,one-sided continuity,,,,879
einhliða öryggisbil,na,hk,Eintala,,,,,,,,one-sided confidence interval,,,,,,,,877
einhluta,ls,,Eintala,,,,,,,,unipartite,,,,,,,,880
einhluta keilusnið,na,hk,Eintala,,,,,,,,unipartite conic,,,,,,,,881
einingarbil,na,hk,Eintala,,,,,,,,unit interval,,,,,,,,882
einingarfall,na,hk,Eintala,,,,,,,,unit function,,,,,,,,883
einingarferningur,na,kk,Eintala,<ref idTerm=1163>Ferningur</ref> með <ref idTerm=0>hliðarlengd</ref> 1.,,,,,,,unit square,,,,,,,,884
einingarfylki,na,hk,Eintala,,,,,,,,identity matrix,,,,unit matrix,,,,885
einingarhringskífa,na,kvk,Eintala,,,,einingarskífa,,,,unit disc,,,,,,,,886
einingarhringur,na,kk,Eintala,<ref idTerm=2295>Hringur</ref> með <ref idTerm=1619>geisla</ref> 1.,"Hægt er að skilgreina <ref idTerm=2202>hornaföllin</ref> með tilliti til einingarhringsins en í <ref idTerm=6595>karteskri sléttu</ref> hefur <ref idTerm=4001>punktur</ref> \((x,y)\) á einingarhringnum <ref idTerm=2143>hnitin</ref> \((\cos(\theta),\sin(\theta))\) þar sem \(\theta\in[0,2\pi)\) er <ref idTerm=2198>hornið</ref> sem <ref idTerm=2958>línustrikið</ref> frá \((0,0)\) til \((x,y)\) myndar við <ref idTerm=2535>jákvæða</ref> <ref idTerm=6252>\(x\)-ásinn</ref>.",,,,,,unit circle,,,,,,,,887
einingarhvel,na,hk,Eintala,,,,,,,,unit sphere,,,,,,,,888
einingarkúla,na,kvk,Eintala,,,,,,,,unit ball,,,,,,,,889
einingarrót,na,kvk,Eintala,,,,,,,,root of unity,,,,,,,,890
einingarskipting,na,kvk,Eintala,,,,"einingarhlutun, hlutun á einum",,,,partition of unity,,,,,,,,891
einingarvigur,na,kk,Eintala,,,,einingarvektor,,,,normalized vector,,,,unit vector,,,,892
eining,na,kvk,Eintala,,,,"einingarstak, margföldunarhlutleysa",,,,(of a ring or field) identity element,,,,"identity, one, unit element, unit, unity, unity element",,,,6568
einkenna,sag,,,,,,,,,,characterize,,,,,,,,893
einkenni,na,,Eintala,,,,eigind,,,,attribute,,,,,,,,895
einkryppudreifing,na,kvk,Eintala,,,,,,,,unimodal distribution,,,,,,,,896
einliða,na,kvk,Eintala,<ref idTerm=1948>Margliða</ref> sem hefur aðeins einn <ref idTerm=4425>lið</ref>.,,,,,,,monomial,,,,,,,,897
einliða jafna,na,kvk,Eintala,,,,,,,,monomial equation,,,,,,,,898
einmargur,ls,kk,Eintala,,,,,,,,one-to-many,,,,one-many,,,,899
einmáta fylki,na,hk,Eintala,,,,,,,,unimodular matrix,,,,,,,,900
einmáta grúpa,na,kvk,Eintala,,,,,,,special linear group,unimodular group,,,,,,,,901
einmenningsspil,na,,Eintala,,,,einmenningur,,,,one-person game,,,,,,,,902
einmóta,ls,hk,Fleirtala,,,,ímóta,,,,monomorphic,,,,monic,,,,6569
einmótull,na,kk,Eintala,,,,,,,,unitary module,,,,unital module,,,,904
einmótun,na,kvk,Eintala,,,,ímótun,,,,monomorphism,,,,,,,,905
einmörg samsvörun,na,kvk,Eintala,,,,,,,,one-to-many correspondence,,,,,,,,903
einn,,,Eintala,,,,,,,,one,,,,unity,,,,906
einn og aðeins einn,,,Eintala,,,,nákvæmlega einn,,,,one and only one,,,,,,,,907
einoka fylki,na,hk,Eintala,,,,,,,,unitary matrix,,,,unitarian matrix,,,,908
einoka grúpa,na,kvk,Eintala,,,,,,,"complex unitary group, real unitary group",unitary group,,,,,,,,909
einoka grúpa yfir rauntölurnar,na,kvk,Eintala,,,,"raunþverstaðalgrúpa, þverstaðalgrúpa yfir rauntölurnar",,,,real orthogonal group,,,,real unitary group,,,,910
einoka grúpa yfir tvinntölurnar,na,kvk,Eintala,,,,,,,,complex unitary group,,,,,,,,911
einoka jafngildur,ls,kk,Eintala,,,,,,,,unitarily equivalent,,,,unitary equivalent,,,,912
einoka virki,na,kk,Eintala,,,,,,,,unitary operator,,,,,,,,913
einpunktungur,ls,,Eintala,,,,einspunktsrúm,,,singleton,one-point space,,,,,,,,914
einrás,na,kvk,Eintala,,,,\(1\)-rás,,,,one-cycle,,,,,,,,915
einsátta,ls,,,,,,,,,,isotropic,,,,,,,,916
einsátta rúm,na,hk,Eintala,,,,,,,,isotropic space,,,,,,,,917
einsetupunktur,na,kk,Eintala,,,,,,,isolated point,acnode,,,,"acnodal point, conjugate point",,,,918
einsfirða,ls,,,,,,,,,,(of two spaces) isometric,,,,,,,,919
einsfirðanagrúpa,na,kvk,Eintala,,,,,,,,isometry group,,,,,,,,920
einsfirðun,na,kvk,Eintala,,,,firðrækin vörpun,,,"isometric, motion, orthogonal linear transformation, orthogonal mapping",isometry,,,,,,,,921
einshyrndur,ls,kk,Eintala,"Tveir <ref idTerm=6438>þríhyrningar</ref> \(ABC\) og \(EFG\) kallast \textit{einshyrndir}, táknað \(ABC \sim EFG\), ef hægt er að para <ref idTerm=2198>horn</ref> annars þríhyrningsins við horn hins þríhyrningsins þannig að hornin í sama pari eru <ref idTerm=2223>jafn stór</ref>.","Á eftirfarandi mynd eru \(ABC\) og \(FEG\) einshyrndir vegna þess að:\n\n\begin{enumerate}\n    \item \(\angle A\) og \(\angle E\) eru jafn stór (grænu hornin á myndinni),\n    \item \(\angle B\) og \(\angle F\) eru jafn stór (gulu hornin á myndinni) og\n    \item \(\angle C\) og \(\angle G\) eru jafn stór (rauðu hornin á myndinni).\n\end{enumerate}\n\n\begin{center}\n\includegraphics[width=150px]{myndir/einshyrndir_thrihyrningar.png}\n\end{center}",,,,,,(especially of a triangle) similar,,,,,,,,922
einskorða,sag,,,,,,,,,,restrict,,,,,,,,923
einskorðað grannmynstur,na,hk,Eintala,,,,hlutrúmsgrannmynstur,,,,relative topology,,,,subspace topology,,,,924
einskorðarður,ls,kk,Eintala,,,,,,,,restricted,,,,,,,,925
einskorðuð lokun,na,kvk,Eintala,,,,,,,,relative closure,,,,,,,,926
einskorðun,na,kvk,Eintala,Fyrir <ref idTerm=3282>vörpun</ref> \(f: X \to Y\) og <ref idTerm=2098>hlutmengi</ref> \(A\) í \(X\) kallast vörpunin \[ f|_A : A \to Y; \quad f|_A(x) = f(x) \]  \textit{einskorðun} vörpunarinnar \(f\) við <ref idTerm=3270>mengið</ref> \(A\).,,,,,,,(of a mapping) restriction,,,,restriction mapping,,,,927
einskorðunarmótun,na,kvk,Eintala,,,,,,,,restriction homomorphism,,,,,,,,928
einskrefa ítrekun,na,kvk,Eintala,,,,,,,,single-step iteration,,,,,,,,929
einslaga þríhyrningur,na,kk,Eintala,,,,einshyrndur þríhyrningur,,,,similar triangle,,,,,,,,931
einslaga,ls,,,Tvær <ref idTerm=4891>flatarmyndir</ref> \(A\) og \(B\) kallast \textit{einslaga} ef til er <ref idTerm=5779>færsla</ref> \(\phi\) þannig að \(\phi(A)\) og \(B\) séu sama flatarmyndin.,"Á eftirfarandi mynd eru \(A\), \(B\) og \(C\) einslaga:\n\n\begin{center}\n\includegraphics[width=150px]{myndir/einslaga.png}\n\end{center}",,einslagaður,,,,(in geometry) similar,,,,,,,,932
einsleitt fall,na,hk,Eintala,,,,,,,,homogeneous function,,,,,,,,934
einsleitt íðal,na,hk,Eintala,,,,,,,,homogeneous ideal,,,,,,,,935
einsleitt Markov-ferli,na,hk,Eintala,,,,,,,,homogeneous Markov process,,,,,,,,936
einsleitt rúm,na,hk,Eintala,,,,,,,,homogeneous space,,,,,,,,937
einsleitt stak,na,hk,Eintala,,,,,,,,homogeneous element,,,,,,,,938
einsleitur,ls,kk,Eintala,,,,,,,,(of a function) homogeneous,,,,,,,,939
einsleitur,ls,kk,Eintala,,,,,,,,(of a space with group action) homogeneous,,,,,,,,940
einsleitur þáttur,na,kk,Eintala,,,,,,,,homogeneous component,,,,,,,,941
einsleit deildajafna,na,kvk,Fleirtala,,,,,,,,homogeneous differential equation,,,,,,,,933
einslæg horn,na,hk,Fleirtala,,,,,,,,corresponding angles,,,,exterior-interior angles,,,,930
einslögun,na,kvk,Eintala,,,,,,,,similarity,,,,,,,,942
einslögunarfærsla,na,kvk,Eintala,"<ref idTerm=5779>Færsla</ref> \(\phi\) á tiltekinni <ref idTerm=4884>sléttu</ref> kallast \textit{einslögunarfærsla} ef <ref idTerm=2072>hlutfallið</ref> milli <ref idTerm=2860>lengda</ref> <ref idTerm=2958>strikanna</ref> \(\phi(AB)\) og \(AB\) er það sama fyrir öll strik \(AB\), sem kallast þá \textit{kvarði} einslögunarfærslunnar.",,,,,,,similarity transformation,,,,similitude,,,,943
einslögunarmiðja,na,kvk,Eintala,,,,stríkkunarmiðja,,,,centre of similitude,,,,"homothetic centre, centre of similarity, similarity centre",,,,944
einsmóta,ls,,,,,,,,,,isomorphic,,,,,,,,945
einsmótun,na,kvk,Eintala,,,,,,,,equivalence,,,,isomorphism,,,,946
einsmótun,na,kvk,Eintala,,,,,,,isomorphism,isomorphic mapping,,,,,,,,947
einsmótun,na,kvk,Eintala,,,,,,,isomorphism,(property) isomorphy,,,,,,,,948
einsmótunarflokkur,na,kk,Eintala,,,,,,,,isomorphism class,,,,,,,,949
einsmótunarsetning,na,kvk,Eintala,,,,,,,,isomorphism theorem,,,,isomorphy theorem,,,,950
einstafa tala,na,kvk,Eintala,,,,,,,,one-digit number,,,,single-digit number,,,,955
einstaklingur,na,kk,Eintala,,,,,,,urelement,individual,,,,,,,,956
einstika fjölskylda,na,kvk,Eintala,,,,,,,,one-parameter family,,,,,,,,957
einstika grúpa,na,kvk,Eintala,,,,,,,,one-parameter group,,,,,,,,958
einstikun,na,kvk,Eintala,,,,,,,,uniformization,,,,,,,,959
einstikunarsetning,na,kvk,Eintala,,,,,,,,uniformization theorem,,,,uniformization principle,,,,960
einstoga,ls,,,,,,,,,,isotopic,,,,,,,,961
einstogun,na,kvk,Eintala,,,,,,,homotopy,isotopy,,,,,,,,962
einstæður,ls,kk,Eintala,,,,,,,,monadic,,,,"one-place, singulary, unary",,,,954
einstæð aðgerð,na,kvk,Eintala,<ref idTerm=46>Aðgerð</ref> á <ref idTerm=3270>mengi</ref> \(X\) af gerðinni \(X \to X\) kallast \textit{einstæð aðgerð},,,,,,,one-place operation,,,,unary operation,,,,951
einstæð umsögn,na,kvk,Eintala,,,,,,,,monadic predicate,,,,"one-place predicate, unary predicate",,,,952
einstæð vensl,na,hk,Fleirtala,,,,,,,,one-place relation,,,,unary relation,,,,953
einstökungur,na,,Eintala,<ref idTerm=3270>Mengi</ref> með nákvæmlega eitt <ref idTerm=5128>stak</ref>.,,,einsstaksmengi,,,,one-element set,,,,"singleton, unit set",,,,963
einsþrepsaðferð,na,kvk,Eintala,,,,,,,,one-step method,,,,,,,,964
eintekt,na,kvk,Eintala,,,,eintaka,,,,injectivity,,,,,,,,968
eintækt fall,na,hk,Eintala,,,,,,,injection,schlicht function,,,,univalent function,,,,966
eintækur,ls,kk,Eintala,,,,,,,,biunique,,,,"injective, one-one, one-to-one, one-to-one into, schlicht, univalent",,,,967
eintæk vörpun,na,kvk,Eintala,<ref idTerm=3282>Vörpun</ref> sem varpar ólíkum <ref idTerm=5128>stökum</ref> úr <ref idTerm=1343>formenginu</ref> í ólík stök úr <ref idTerm=74>bakmenginu</ref>.,"Látum \(f : X \to Y\) vera vörpun. Í táknmáli segir þessi skilgreining þá að \(f\) sé eintæk ef fyrir sérhver \(x_1, x_2 \in X\) með \(x_1 \neq x_2\) gildir að \(f(x_1) \neq f(x_2)\).\n\nAð \(f\) varpi ólíkum stökum úr \(X\) í ólík stök úr \(Y\) má einnig orða svo að ef \(f\) varpar tveimur stökum \(x_1\) og \(x_2\) úr \(X\) í sama stakið úr \(Y\), þá verði \(x_1\) og \(x_2\) að vera sama stakið. Með öðrum orðum er \(f\) eintæk ef og aðeins ef fyrir sérhver \(x_1, x_2 \in X\) með \(f(x_1) = f(x_2)\) gildir að \(x_1 = x_2\). Þegar sýna á að tiltekin vörpun sé eintæk er oft einfaldara að nota þetta skilyrði en það fyrra.\n\n<ref idTerm=6050>Venn-myndirnar</ref> að neðan sýna tvær varpanir \(f: X \to Y\) og \(g: Z \to W\). Vörpunin \(f\) er eintæk því hún varpar ólíkum stökum úr \(X\) í ólík stök úr \(Y\). Hins vegar er \(g\) ekki eintæk því hún varpar tveimur efstu stökunum úr \(Z\) í sama stakið í \(W\):\n\n\begin{center}\n\includegraphics[width=150px]{myndir/eintaek_vorpun.png}\n\end{center}",,,,,,injection,,,,injective mapping,,,,965
einungamótun,na,kvk,Eintala,,,,,,,,monoid homomorphism,,,,,,,,969
einungur,na,,Eintala,,,,hálfgrúpa með hlutleysu,,,"demigroup, semigroup",monoid,,,,semigroup with identity element,,,,970
einvalda,ls,,Eintala,,,,,,,,unipotent,,,,,,,,971
einvíður,ls,kk,Eintala,,,,,,,,one-dimensional,,,,,,,,974
einvíð dreifing,na,kvk,Eintala,,,,,,,,one-dimensional distribution,,,,univariate distribution,,,,972
einvíð stærð,na,kvk,Eintala,,,,"tölustærð, stigastærð",,,,scalar,,,,scalar quantity,,,,973
einvítt hvel,na,hk,Eintala,,,,einhvel,,,"circle, Jordan curve",one-sphere,,,,,,,,975
einþríhyrningsfylki,na,hk,Eintala,,,,,,,,unitriangular matrix,,,,,,,,976
ekki augljós,ls,kk,Eintala,,,,,,,,non-trivial,,,,,,,,977
ekki fastur,ls,kk,Eintala,,,,,,,,non-constant,,,,,,,,978
ekki í jöfnum mæli,ls,,Eintala,,,,,,,,non-uniform,,,,,,,,979
ekki jákvæður,ls,kk,Eintala,<ref idTerm=4093>Rauntala</ref> kallast \textit{ekki jákvæð} ef hún er minni en eða jöfn 0.,,,"frekar neikvæður, óviðlægur",,,,non-positive,,,,,,,,980
ekki neikvæður,ls,kk,Eintala,<ref idTerm=4093>Rauntala</ref> kallast \textit{ekki neikvæð} ef hún er stærri en eða jöfn 0.,,,"frekar jákvæður, ófrádrægur",,,,non-negative,,,,,,,,981
ekki núll,ls,,Eintala,,,,,,,,non-vanishing,,,,non-zero,,,,982
ekki núlldeilir,na,,Eintala,,,,reglulegt stak,,,,non-zero divisor,,,,regular element,,,,983
ekki ótvíræður,ls,kk,Eintala,,,,ekki einræður,,,,non-unique,,,,,,,,984
ekki tómur,ls,kk,Eintala,,,,,,,,non-empty,,,,,,,,985
eltingarverkefni,na,hk,Eintala,,,,,,,,pursuit problem,,,,,,,,986
endahnútur,na,kk,Eintala,,,,,,,,(of an edge in a graph) adjacent vertex,,,,adjacent node,,,,987
endahnútur,na,kk,Eintala,,,,endapunktur,,,,(of an edge in a graph) end point,,,,,,,,988
endanlega framsettur,ls,kk,Eintala,,,,,,,,finitely presented,,,,,,,,998
endanlega frumsendanlegur,ls,kk,Eintala,,,,,,,,finitely axiomatizable,,,,,,,,999
endanlega margir,ls,kk,Fleirtala,,,,,,,,finitely many,,,,,,,,1000
endanlega samanhangandi,ls,kk,Eintala,,,,endanlega samhangandi,,,,finitely connected,,,,,,,,1001
endanlega spannaður,ls,kk,Eintala,,,,endanlega framleiddur,,,,finitely generated,,,,,,,,1002
endanlega viðbætinn,ls,kk,Eintala,,,,endanlega samleggjandi,,,,finitely additive,,,,,,,,1003
endanlega víður,ls,kk,Eintala,,,,,,,,finite dimensional,,,,,,,,1004
endanlega víður,ls,kk,Eintala,,,,,,,,finite-dimensional,,,,,,,,1005
endanlegt mengi,na,hk,Eintala,,,,,,,,finite set,,,,,,,,1006
endanlegt svið,na,hk,Eintala,,,,Galois-svið,,,,finite field,,,,Galois field,,,,1007
endanlegt tugabrot,na,hk,Eintala,,,,,,,,terminating decimal,,,,,,,,1008
endanlegur,ls,kk,Eintala,<ref idTerm=3270>Mengi</ref> kallast \textit{endanlegt} ef <ref idTerm=1211>fjöldatala</ref> þess er <ref idTerm=3475>náttúruleg tala</ref>.,,,,,,,finite,,,,,,,,1009
endanlegur fjöldi,na,kk,Eintala,,,,,,,,finite number,,,,,,,,1010
endanlegur munur,na,kk,Eintala,,,,,,,,finite difference,,,,,,,,1011
endanleg aðferð,na,kvk,Eintala,,,,,,,,finite method,,,,,,,,989
endanleg fjöldatala,na,kvk,Eintala,,,,,,,,finite cardinal,,,,,,,,990
endanleg framsetning,na,kvk,Eintala,,,,,,,,finite presentation,,,,,,,,991
endanleg runa,na,kvk,Fleirtala,,,,,,,"infinite sequence, sequence, tuple",finite sequence,,,,,,,,993
endanleg röð,na,kvk,Eintala,,,,,,,"infinite series, series",finite series,,,,,,,,992
endanleg slétta,na,kvk,Fleirtala,,,,,,,affine plane,finite plane,,,,,,,,994
endanleg tala,na,kvk,Fleirtala,,,,,,,,finite number,,,,,,,,995
endanleg útvíkkun,na,kvk,Eintala,,,,endanleg víkkun,,,,finite extension,,,,,,,,996
endanleg þrepun,na,kvk,Eintala,,,,,,,,finite induction,,,,,,,,997
endanleikahyggja,na,kk,Eintala,,,,,,,,finitism,,,,,,,,1012
endanleiki,na,kk,Eintala,,,,,,,,finiteness,,,,,,,,1013
endapunktur,na,kk,Eintala,,,,,,,,(of an interval or integral) extremum,,,,,,,,1014
endapunktur,na,kk,Eintala,,,,"heildunarmark, heildismark, tegrunarmark, tegurmark",,,,limit of integration,,,,limit,,,,6570
endi,na,kk,Eintala,,,,,,,,(in hyperbolic geometry) end,,,,,,,,1015
endi,na,kk,Eintala,,,,,,,,(in topology) end,,,,,,,,1016
endurkoma,na,kvk,Eintala,,,,afturkoma,,,,recurrence,,,,,,,,1017
endurkomutími,na,,Eintala,,,,endurkomustund,,,,recurrence time,,,,,,,,1018
endurkvæmt ástand,na,hk,Eintala,,,,afturkvæmt ástand,,,,recurrent state,,,,,,,,1019
endurkvæmt ferli,na,hk,Eintala,,,,afturkvæmt ferli,,,,recurrent process,,,,,,,,1020
endurkvæmur,ls,kk,Eintala,,,,afturkvæmur,,,,recurrent,,,,,,,,1021
endurnýjunarferli,na,hk,Eintala,,,,,,,,regenerative process,,,,,,,,1022
endurnýjunarpunktferli,na,hk,Eintala,,,,,,,,renewal process,,,,,,,,1023
endurtölusetning,na,kvk,Eintala,,,,tölusetning á nýjan leik,,,,renumbering,,,,,,,,1024
endurúrtaka,na,kvk,Eintala,,,,,,,,resampling,,,,,,,,1025
Euler-,pref,,,,Einnig ritað með upphafsstaf: {\it Eulerian},,,,,,eulerian,,,,,,,,1026
Euler-aðferð,na,kvk,Eintala,,,,,,,,Euler's method,,,,polygonal method,,,,1027
Euler-net,na,hk,Eintala,,,,,,,,eulerian graph,,,,unicursal graph,,,,1028
evklíðskt innfeldisrúm,na,hk,Eintala,,,,"evklíðskt rúm, innfeldisrúm",,,hermitian space,euclidean inner product space,,,,"euclidean space, inner product space",,,,1033
evklíðskt innfeldi,na,hk,Eintala,,,,innfeldi,,,hermitian inner product,euclidean inner product,,,,"inner product, scalar product",,,,1032
evklíðskt rúm,na,hk,Eintala,evklíðsk slétta.,<ref idTerm=4266>Rúm</ref> sem uppfyllir <ref idTerm=1452>frumsendur</ref> <ref idTerm=1030>Evklíðskar rúmfræði</ref>.,,,,,"cartesian space, number space, real number space",euclidean space,,,,,,,,1034
evklíðskur baugur,na,kk,Eintala,,,,,,,,euclidean ring,,,,,,,,1035
evklíðskur flutningur,na,kk,Eintala,,,,,,,,euclidean motion,,,,,,,,1036
evklíðskur staðall,na,kk,Eintala,,,,,,,,euclidean norm,,,,,,,,1037
evklíðskur,,,,,Einnig ritað með upphafsstaf: {\it Euclidean},,Evklíðs-,,,,euclidean,,,,,,,,1038
evklíðsk firð,na,kvk,Eintala,,,,,,,,euclidean metric,,,,,,,,1029
evklíðsk rúmfræði,na,kvk,Eintala,<ref idTerm=4271>Rúmfræði</ref> sem uppfyllir <ref idTerm=1452>frumsendur</ref> forngríska <ref idTerm=5117>stærðfræðingsins</ref> Evklíðs.,"Undirstöður rúmfræðinnar má rekja aftur til Evklíðs en í \textit{Frumatriðunum}, sem spanna 13 bækur, tók hann saman alla rúmfræði og <ref idTerm=5408>talnafræði</ref> sem þekkt var á þeim tíma. Í fyrstu bókinni setti Evklíð fram fimm frumsendur fyrir rúmfræði í <ref idTerm=4884>sléttu</ref> og notaði þær til að leiða út <ref idTerm=4621>setningar</ref> um sléttuna. Frumsendur Evklíðs voru fimm talsins:\n\n\begin{enumerate}\n    \item Hægt er að teikna beint <ref idTerm=2958>strik</ref> milli sérhverra tveggja <ref idTerm=4001>punkta</ref>.\n    \n    \item Hægt er að framlengja sérhvert beint strik í óendanlega langa beina <ref idTerm=2911>línu</ref>.\n\n    \item Fyrir strik í sléttu er hægt að draga um það <ref idTerm=2295>hring</ref> þannig að strikið sé geisli hringsins, og miðja hans er í öðrum endapunkti striksins.\n\n    \item Öll <ref idTerm=4167>rétt horn</ref> eru <ref idTerm=0>eins</ref>.\n\n    \item Fyrir gefna línu og gefinn punkt, sem ekki er á línunni, er til ein og aðeins ein lína sem fer í gegnum punktinn og <ref idTerm=4771>sker</ref> ekki línuna.\n\end{enumerate}\n\nSíðasta frumsendan varð eftirmönnum Evklíðs sérstaklega hugleikin og er alltaf vísað í hana sem ``fimmtu frumsendu Evklíðs''. Með því að gera ekki ráð fyrir þessari frumsemdu fæst <ref idTerm=3705>óevklíðsk rúmfræði</ref>.",,,,,"geometry, non-euclidean geometry, parabolic geometry",euclidean geometry,,,,,,,,1030
evklíðsk slétta,na,kvk,Fleirtala,<ref idTerm=5729>Tvívítt</ref> <ref idTerm=4266>rúm</ref> sem uppfyllir <ref idTerm=1452>frumsendur</ref> <ref idTerm=1030>evklíðskar rúmfræði</ref>.,,,,,,parabolic plane,euclidean plane,,,,,,,,1031
eyða,sag,,,,,,,,,,annihilate,,,,,,,,1039
eyðingaraðferð,na,kvk,Eintala,<ref idTerm=41>Aðferð</ref> til þess að <ref idTerm=2870>leysa</ref> <ref idTerm=2548>jöfnuhneppi</ref> með því að \textit{eyða} <ref idTerm=538>breytum</ref>. Teknar eru tvær <ref idTerm=2478>jöfnur</ref> í jöfnuhneppinu og ein þeirra skölað þannig að <ref idTerm=5290>stuðlarnir</ref> fyrir framan breytuna sem eyða skal eru þeir sömu. Síðan er ein jafnan dregin frá hinni og þannig fengin ný jafna sem inniheldur ekki eyddu breytuna. Með því að eyða öllum breytunum hverri af annarri þar til ein stendur eftir fæst lausn á jöfnuhneppinu.,,,,,,,annihilator method,,,,,,,,1040
eyðingarrúm,na,hk,Eintala,,,,,,,orthogonal complement,annihilator,,,,,,,,1041
eyðir,na,kk,Eintala,,,,eyðingaríðal,,,,annihilator ideal,,,,annihilator,,,,6571
eyðir,na,kk,Eintala,,,,eyðingarvirki,,,,annihilation operator,,,,annihilator,,,,6572
faldfirð,na,,Eintala,,,,firðamargfeldi,,,,product metric,,,,,,,,1072
faldheildi,na,hk,Eintala,,,,faldtegur,,,,product integral,,,,,,,,1073
faldmál,na,hk,Eintala,,,,margfeldismál,,,,product measure,,,,,,,,1074
faldmengi,na,hk,Eintala,,,,"mengjamargfeldi, margfeldismengi",,,,product set,,,,,,,,1075
faldnet,na,hk,Eintala,,,,netamargfeldi,,,,product graph,,,,,,,,1076
faldrúm,na,hk,Eintala,,,,margfeldisrúm,,,,product space,,,,,,,,1077
fall,na,hk,Eintala,<ref idTerm=3282>Vörpun</ref> sem hefur <ref idTerm=4093>\(\mathbb{R}\)</ref> eða <ref idTerm=5682>\(\mathbb{C}\)</ref> sem <ref idTerm=74>bakmengi</ref>.,,,,,,"additive function, additive set function, affine function, algebraic function, almost periodic function, alternating function, analytic function, antihyperbolic function, antisymmetric function, antitrigonometric function, approximating function, approximation function, arc length function, arc-trigonometric function, area-hyperbolic function, arithmetic function, arithmetical function, autocorrelation function, automorphic function, barrier function, Bessel function, beta function, biharmonic function, Baire function, Boolean function, Borel function, bounded function, branched function, ceiling function, characteristic function, choice function, circular function, complex analytic function, complex function, complex-valued function, composite function, concave function, conditional density function, conjugate harmonic function, constant function, continuous function, convex function, coordinate function, correlation function, cost function, covariance function, critical function, cumulative distribution function, cumulative frequency function, cumulative probability function, cumulative relative frequency function, cyclometric function, cylinder function, cylindrical function, decision function, delta function, density function, derived function, Dirac delta function, discontinuous function, discrete distribution function, distribution density function, distribution function, eigenfunction, elementary function, elementary symmetric function, elliptic function, empirical distribution function, entire function, entire rational function, error function, estimating function, Euler phi function, Euler totient function, exponential function, factorial function, floor function, forcing function, frequency function, functional, gamma function, generalized function, generating function, greatest integer function, growth function, harmonic function, holomorphic function, homogeneous function, hyperbolic function, hypergeometric function, identity function, implicit function, improper rational function, inclusion function, indicator function, integral function, interpolating function, interpolation function, inverse circular function, inverse function, inverse hyperbolic function, inverse trigonometric function, Jacobian elliptic function, jump function, kernel function, limit function, linear function, logarithmic function, loss function, majorant function, majority decision function, many-valued function, mapping, matrix function, measurable function, meromorphic function, minorant function, modular function, moment generating function, monotonic function, multifunction, multiple-valued function, multiplicative function, multivalued function, normal distribution function, normal frequency function, null function, nullary function, number-theoretic function, object function, objective function, partial function, partial recursive function, partially defined function, partially recursive function, partition function, payoff function, penalty function, performance function, periodic function, phi function, Phragmén-Lindelöf function, polynomial function, position function, potential function, power function, prediction function, primitive recursive function, probability density function, probability distribution function, probability frequency function, probability function, probability generating function, proper function, proper rational function, propositional function, rational function, real analytic function, real function, real-valued function, reciprocal function, recursive function, regression function, regular analytic function, regular function, relative frequency function, reward function, Riemann zeta function, Riemann's zeta function, risk function, root function, schlicht function, sentential function, set function, sign function, signum function, simple function, single-valued function, smooth function, spherical function, spline function, square bracket function, staircase function, statement function, step function, stream function, support function, supporting function, symmetric function, test function, theta function, threshold function, transcendental function, transition function, trial function, trigonometric function, truth function, unbounded function, unit function, univalent function, utility function, vector function, vector-valued function, weight function, yield function, zero function, zeta function",function,,,,,,,,1078
fallaalgebra,na,kvk,Eintala,,,,,,,,functional algebra,,,,function algebra,,,,1080
fallajafna,na,kvk,Eintala,,,,,,,,functional equation,,,,functional relation,,,,1081
fallandi keðja,na,kvk,Eintala,,,,minnkandi keðja,,,,descending chain,,,,,,,,1082
fallandi,ls,,Eintala,,,,minnkandi,,,,descending,,,,,,,,1083
fallaruna,na,kvk,Eintala,,,,,,,,function sequence,,,,,,,,1086
fallarúm,na,hk,Eintala,,,,,,,mapping space,function space,,,,,,,,1085
fallaröð,na,kvk,Eintala,,,,,,,,function series,,,,,,,,1084
fallasvið,na,hk,Eintala,,,,,,,,function field,,,,,,,,1087
falla saman,sag,,,,,,,,,,coincide,,,,,,,,1079
fallfasti,na,kk,Eintala,,,,,,,,functional constant,,,,,,,,1088
fallfrymi,na,hk,Eintala,,,,,,,,element,,,,function element,,,,1089
fallgildi,na,hk,Eintala,Fyrir <ref idTerm=1078>fall</ref> \(f : X \to Y\) og <ref idTerm=5128>stak</ref> \(x\) úr \(X\) kallast stakið úr \(Y\) sem \(f\) úthlutar \(x\) \textit{gildi fallsins} \(f\) í \(x\) og táknað með \(f(x)\).,,,,,,,function value,,,,,,,,1090
fallgildi,na,hk,Eintala,,,,,,,,value of a function,,,,,,,,1091
falljafna Eulers,na,kvk,Eintala,,,,,,,,(for the gamma function) complement relation,,,,,,,,1092
falltákn,na,hk,Eintala,,,,,,,,functional symbol,,,,,,,,1094
fallvensl,na,hk,Fleirtala,,,,,,,,functional relation,,,,,,,,1095
fallörvanet,na,hk,Eintala,,,,,,,,functional digraph,,,,functional graph,,,,1093
farandsalaverkefni,na,hk,Eintala,,,,,,,,travelling salesman problem,,,,,,,,1099
fasaferill,na,kk,Eintala,,,,,,,"orbit, trajectory",phase curve,,,,,,,,1100
fasameðaltal,na,hk,Eintala,,,,,,,,phase average,,,,,,,,1101
fasamynd,na,kvk,Eintala,,,,,,,,phase pattern,,,,phase portrait,,,,1102
fasarúm,na,hk,Eintala,,,,,,,,phase space,,,,,,,,1103
fasi,na,kk,Eintala,,,,,,,,phase,,,,,,,,1104
fastafall,na,,Eintala,,,,"fasti, fast fall",,,,constant function,,,,,,,,1105
fastakommureikningur,na,kk,Eintala,,,,,,,,fixed point arithmetic,,,,,,,,1106
fastaliður,na,kk,Eintala,,,,,,,,absolute term,,,,constant term,,,,1107
fastasvið,na,hk,Eintala,,,,,,,,constant field,,,,field of constants,,,,1108
fastheldnihætta,na,kvk,Eintala,,,,,,,alpha-risk,beta-risk,,,,"risk of the second kind, type II error probability, type II risk",,,,1109
fastheldnimistök,na,hk,Fleirtala,,,,,,,alpha-error,beta-error,,,,"error of the second kind, type II error",,,,1110
fasti Eulers,na,kk,Eintala,,,,,,,,Euler's constant,,,,,,,,1111
fasti,na,,Eintala,,,,fastastærð,,,,constant,,,,,,,,1112
fastur,ls,kk,Eintala,,,,,,,,constant,,,,,,,,1113
fábrotinn,ls,kk,Eintala,,,,,,,,trivial,,,,,,,,1043
fábrotinn hnútur,na,kk,Eintala,,,,,,,,trivial knot,,,,,,,,1044
fábrotleiki,na,kk,Eintala,,,,,,,,triviality,,,,,,,,1045
fágaður ferill,na,kk,Eintala,,,,,,,,analytic curve,,,,,,,,1058
fágaður,ls,kk,Eintala,,,,tvinnfágaður,,,,analytic,,,,"analytical, complex analytic, holomorphic",,,,1059
fágað fall,na,hk,Eintala,,,,tvinnfágað fall,,,,(of a complex variable) analytic function,,,,"complex analytic function, holomorphic function, regular analytic function, regular function",,,,1052
fágað línubundin,na,,Eintala,,,,,,,,(in complex analysis) complex line bundle,,,,,,,,1053
fágað mengi,na,hk,Eintala,,,,,,,,(in complex analysis) analytic set,,,,,,,,1054
fágað mynstur,na,hk,Eintala,,,,tvinnfágað mynstur,,,,analytic structure,,,,"complex analytic structure, complex structure",,,,1055
fágað rúm,na,hk,Eintala,,,,tvinnfágað rúm,,,,analytic space,,,,"complex analytic space, complex space",,,,1056
fágað víðerni,na,hk,Eintala,,,,,,,,analytic variety,,,,,,,,1057
fáguð framlenging,na,kvk,Eintala,,,,,,,,analytic continuation,,,,,,,,1060
fáguð rúmfræði,na,kvk,Eintala,,,,,,,,(theory of analytic spaces) analytic geometry,,,,,,,,1061
fáguð talnafræði,na,kvk,Eintala,,,,talnafræðigreining,,,,analytic number theory,,,,analytic theory of numbers,,,,1062
fáguð víðátta,na,kvk,Eintala,,,,"tvinnfáguð víðátta, tvinnvíðátta",,,"non-singular analytic variety, regular analytic variety",analytic manifold,,,,"complex analytic  manifold, complex manifold",,,,1063
fáguð vörpun,na,kvk,Eintala,,,,,,,,holomorphic mapping,,,,,,,,1064
fágun,na,kvk,Eintala,,,,,,,,holomorphy,,,,,,,,1065
fágunaraðgreinanlegur,ls,kk,Eintala,,,,,,,,holomorphically separable,,,,,,,,1066
fágunarfullkominn,ls,kk,Eintala,,,,,,,,holomorphically complete,,,,,,,,1067
fágunarhjúpur,na,kk,Eintala,,,,,,,,envelope of holomorphy,,,,,,,,1068
fágunarkúptur,ls,kk,Eintala,,,,,,,,holomorphically convex,,,,holomorph-convex,,,,1069
fágunarsvæði,na,hk,Eintala,,,,,,,,domain of holomorphy,,,,,,,,1070
fágunarsvæði,na,hk,Eintala,,,,,,,,region of analyticity,,,,,,,,1071
fánavíðátta,na,kvk,Eintala,,,,flaggvíðátta,,,,flag manifold,,,,manifold of flags,,,,1096
fáni,na,,Eintala,,,,flagg,,,,flag,,,,,,,,1097
fánýti,na,hk,Eintala,,,,,,,,triviality,,,,,,,,1098
fátækleg tala,na,kvk,Eintala,,,,,,,,deficient number,,,,"defective number, diminute number",,,,1114
fellagreining,na,kvk,Eintala,,,,,,,linear functional analysis,functional analysis,,,,,,,,1116
fella-,pref,,,,,,falla-,,,,functional,,,,,,,,1115
felli,na,hk,Eintala,,,,,,,,functional,,,,,,,,1117
felliafleiða,na,kvk,Eintala,,,,,,,,functional derivative,,,,,,,,1118
fellideildun,na,kvk,Eintala,,,,fellidiffrun,,,,functional differentiation,,,,,,,,1119
felliheildi,na,hk,Eintala,,,,fellitegur,,,,functional integral,,,,,,,,1120
felliheildun,na,kvk,Eintala,,,,fellitegrun,,,,functional integration,,,,,,,,1121
felujafna,na,kvk,Eintala,,,,,,,,implicit equation,,,,,,,,1122
ferð,na,kvk,Eintala,,,,,,,,speed,,,,,,,,1123
ferfaldur,ls,kk,Eintala,,,,fjórfaldur,,,,quadruple,,,,,,,,1124
ferflötungur,na,,Eintala,<ref idTerm=5286>Pýramídi</ref> með <ref idTerm=6438>þríhyrning</ref> sem <ref idTerm=1716>grunnflöt</ref>.,,,"fjórflötungur, þrístrend strýta, þrístrendur píramíti",,,,tetrahedron,,,,"tetrahedral pyramid, triangular pyramid",,,,1125
ferhliðungur,na,kk,Eintala,,,,fjórhliðungur,,,,quadrilateral,,,,,,,,1126
ferhyrningur,na,kk,Eintala,<ref idTerm=3161>Marghyrningur</ref> með fjórar <ref idTerm=2048>hliðar</ref>.,Eftirfarandi er mynd af ferhyrningi:\n\n\begin{center}\n\includegraphics[width=150px]{myndir/ferhyrningur.png}\n\end{center},,,,,,quadrangle,,,,,,,,1127
ferilaðlögun,na,kvk,Eintala,,,,,,,,curve fitting,,,,,,,,1128
ferilheildi,na,hk,Eintala,,,,feriltegur,,,contour integral,line integral,,,,path integral,,,,1129
ferilhorn,na,hk,Eintala,<ref idTerm=2198>Horn</ref> með <ref idTerm=3661>oddpunkt</ref> á <ref idTerm=2295>hring</ref> sem hefur <ref idTerm=5261>strengi</ref> fyrir <ref idTerm=334>arma</ref>.,Ef hornið er <ref idTerm=0>eiginlegt</ref> þá skera strengirnir tveir hringinn í tveim <ref idTerm=4001>punktum</ref> og sagt er þá að ferilhornið \textit{spanni} <ref idTerm=2276>hringbogann</ref> milli punktanna. Ferilhorn er jafnt hálfum boganum sem það spannar.,,,,,,angle at circumference,,,,inscribed angle,,,,1130
ferillyfting,na,kvk,Eintala,,,,,,,,path lifting,,,,,,,,1133
ferill,na,,Eintala,"<ref idTerm=3417>Myndmengi</ref> <ref idTerm=4359>samfelldrar vörpunar</ref> \(f : [a,b] \to \mathbb{R}^n\). <ref idTerm=4001>Punktarnir</ref> \(f(a)\) og \(f(b)\) kallast \textit{endapunktar ferilsins}. Óformlega má segja að ferill í tveim <ref idTerm=6087>víddum</ref> sé það sem verður til þegar þú dregur blýant um <ref idTerm=4884>sléttu</ref> án þess að lyfta honum.",,,"boglína, sveiglína",,,"Agnesi versiera, algebraic curve, algebraic plane curve, analytic curve, arc, Archimedean spiral, asteroid, astroid, base curve, base line, boundary curve, brachistochrone, cardioid, catenary, characteristic, characteristic curve, circle, circuit, circular helix, circumference, circuit, cissoid, closed contour, closed curve, closed line, closed path, clothoid, common cycloid, conic, conic section, conchoid, contour, contour line, contracted cycloid, convex curve, Cornu spiral, cubic, curtate cycloid, curtate trochoid, cycloid, cylindrical helix, curved line, deltoid, depth contour, dextrorse curve, dextrorse helix, directing curve, directrix, distribution curve, dual curve, ellipse, elliptic curve, envelope, enveloping curve, epicycloid, epitrochoid, equidistance curve, equiangular spiral, equipotential line, error curve, error distribution curve, evolute, evolvent, exponential curve, extended cycloid, Fermat spiral, flow line, folium of Descartes, four-leaved rose, functional graph, Gaussian curve, Gaussian error curve, generic curve, geodesic, geodesic line, graph, height contour, height line, helical curve, helix, hyperbola, hyperbolic spiral, hypercycle, hypercycloid, hypocycloid, hypotrochoid, integral curve, involute, isobath, isochronal, isochronal curve, isochrone, isochronous curve, isocline, isogonal trajectory, isohypse, Jordan arc, Jordan curve, left-handed curve, left-handed helix, level curve, level line, limaçon, line, lituus, logarithmic spiral, logistic curve, logistic spiral, loop, loxodromic curve, loxodromic line, loxodromic spiral, meridian, meridian curve, meridian line, moving curve, nephroid, non-singular algebraic curve, non-singular analytic curve, normal curve, normal distribution curve, normal error curve, normal frequency curve, normal probability curve, ogive, open curve, orbiform curve, orbit, orthogonal trajectory, oval, parabola, parabolic spiral, paracycloid, parameter curve, parametric curve, path, Peano curve, pericycloid, pfaffian, phase curve, plane curve, polar curve, prolate cycloid, prolate trochoid, quadratic curve, quadric, quadric curve, quadrifolium, quartic, quartic curve, quintic, quintic curve, rational curve, reciprocal spiral, rectifiable curve, regression curve, regular algebraic curve, regular analytic curve, regular arc, regular curve, response curve, rhodonea, rhumb line, right-handed curve, right-handed helix, rose, rosette, roulette, screw, screw line, serpentine, sextic, sextic curve, simple arc, simple closed curve, sine curve, sine spiral, singular curve, sinistrorse curve, sinistrorse helix, sinusoid, skew curve, slope line, smooth curve, solution curve, space curve, spatial curve, spherical helix, spiral, stream line, tangential curve, tautochrone, three-leaved rose, tractory, tractrix, trajectory, tricuspid curve, trident of Newton, trisectrix, trochoid, twisted cubic, twisted curve, unicursal curve, versiera, witch of Agnesi",curve,,,,,,,,1131
ferill,na,kk,Eintala,,,,"vegur, leið",,,curve,path,,,,,,,,1132
ferilris,na,,Eintala,,,,reisn,,,,coefficient of excess,,,,"excess, kurtosis",,,,1134
ferilsamanhangandi,ls,,Eintala,,,,"vegsamanhangandi, ferilsamhangandi, vegsamhangandi",,,,(of a topological space) arcwise connected,,,,"arc-connected, path-connected, pathwise connected",,,,1135
ferilsamhengisþáttur,na,kk,Eintala,,,,vegsamhengisþáttur,,,,arc component,,,,path component,,,,1136
ferlarúm,na,hk,Eintala,,,,"vegarúm, leiðarúm",,,,path space,,,,,,,,1137
ferli,na,hk,Eintala,,,,,,,stochastic process,process,,,,,,,,1138
ferlínulegur,ls,kk,Eintala,,,,fjórlínulegur,,,,quadrilinear,,,,,,,,1139
Fermat-frumtala,na,kvk,Eintala,,,,,,,,Fermat prime,,,,,,,,1140
Fermat-vefja,na,kvk,Eintala,,,,fleygger vefja,,,,Fermat spiral,,,,parabolic spiral,,,,1141
fernd,na,kvk,Eintala,,,,,,,,quadruple,,,,,,,,1142
ferninga,sag,,,,,,,,,squaring the circle,square,,,,,,,,1143
ferningsbestun,na,kvk,Eintala,,,,,,,,quadratic programming,,,,quadratic optimization,,,,1144
ferningseileif,na,kvk,Eintala,,,,,,,,quadratic nonresidue,,,,,,,,1145
ferningsflötur,na,kk,Eintala,,,,,,,,quadric,,,,"quadric surface, surface of second order",,,,1146
ferningsform,na,hk,Eintala,,,,,,,,quadratic form,,,,,,,,1147
ferningsfylki,na,hk,Eintala,,,,ferningslaga fylki,,,,quadratic matrix,,,,square matrix,,,,1148
ferningsgagnkvæmni,na,kvk,Eintala,,,,,,,,quadratic reciprocity,,,,,,,,1149
ferningsgagnkvæmnissetning,na,kvk,Eintala,,,,setning um ferningsgagnkvæmni,,,,law of quadratic reciprocity,,,,quadratic reciprocity law,,,,1150
ferningsheildanlegur,ls,kk,Eintala,,,,ferningstegranlegur,,,,quadratically integrable,,,,square integrable,,,,1151
ferningslaga,ls,,Eintala,,,,,,,,square,,,,,,,,1152
ferningslaus,ls,,Eintala,,,,,,,,square-free,,,,,,,,1153
ferningsleif,na,kvk,Eintala,,,,,,,,quadratic residue,,,,,,,,1154
ferningsmeðaltal,na,hk,Eintala,,,,,,,"root-mean-square, root-sum-square",quadratic mean,,,,,,,,1155
ferningsmeðaltalsrót,na,kvk,Eintala,,,,,,,quadratic mean,root-mean-square,,,,root-sum-square,,,,1156
ferningsrót,na,kvk,Eintala,Sú <ref idTerm=4093>rauntala</ref> \(x \geq 0\) sem uppfyllir \(x^2=a\) kallast \textit{kvaðratrótin} af \(a\) og táknuð með \(\sqrt{a}\).,Kvaðratrót er sértilvik af almenna hugtakinu um <ref idTerm=4250>\(n\)-tu rót</ref>.,,önnur rót,,,,second root,,,,square root,,,,1157
ferningssumma frávika,na,,Eintala,,,,ferningsfrávik,,,,deviance,,,,squariance,,,,1158
ferningssvið,na,hk,Eintala,,,,,,,,quadratic field,,,,,,,,1159
ferningstala,na,kvk,Eintala,,,,ferhyrnd tala,,,"figurate number, square",perfect square,,,,square number,,,,1160
ferningun,na,kvk,Eintala,,,,,,,integration,quadrature,,,,,,,,1161
ferningun hrings,na,kvk,Eintala,,,,,,,,quadrature of the circle,,,,squaring the circle,,,,1162
ferningur,na,kk,Eintala,<ref idTerm=4175>Rétthyrningur</ref> með allar <ref idTerm=2048>hliðar</ref> jafn <ref idTerm=2860>langar</ref>.,Eftirfarandi er mynd af ferningi:\n\n\begin{center}\n\includegraphics[width=150px]{myndir/ferningur.png}\n\end{center},,,,,,(in geometry) square,,,,,,,,1163
ferstrendingur,na,kk,Eintala,,,,,,,,quadrangular prism,,,,,,,,1164
fertala,na,kvk,Eintala,,,,,,,Hamilton quaternion,quaternion,,,,,,,,1165
ferverpill,na,kk,Eintala,,,,fjórvíður teningur,,,,tesseract,,,,,,,,1166
fervik,na,hk,Eintala,,,,,,,,square deviation,,,,,,,,1167
fervikagreining,na,kvk,Eintala,,,,,,,ANOVA,analysis of variance,,,,variance analysis,,,,1168
Fibonacci-runa,na,kvk,Eintala,,,,,,,,Fibonacci sequence,,,,,,,,1169
Fibonacci-tala,na,kvk,Eintala,,,,,,,,Fibonacci number,,,,,,,,1170
fimmfaldur,ls,kk,Eintala,,,,,,,,quintuple,,,,,,,,1171
fimmflötungur,na,kk,Eintala,,,,,,,,pentahedron,,,,,,,,1172
fimmhyrndur,ls,kk,Eintala,,,,,,,,pentagonal,,,,,,,,1173
fimmhyrningstala,na,kvk,Eintala,,,,fimmhyrnd tala,,,figurate number,pentagonal number,,,,,,,,1174
fimmhyrningur,na,kk,Eintala,,,,,,,,pentagon,,,,,,,,1175
fimmsetning,na,kvk,Eintala,,,,,,,,five lemma,,,,,,,,1176
fimmstirningur,na,kk,Eintala,,,,reglulegur fimmstirningur,,,,pentagram,,,,,,,,1177
fimmta stigs,ls,,Eintala,,,,,,,,quintic,,,,,,,,1178
fimmta stigs ferill,na,kk,Eintala,,,,,,,,quintic,,,,quintic curve,,,,1179
fimmta stigs flötur,na,kk,Eintala,,,,,,,,quintic,,,,quintic surface,,,,1180
fimmta stigs jafna,na,kvk,Eintala,,,,,,,,quintic,,,,quintic equation,,,,1181
fimmtánhyrningur,na,kk,Eintala,,,,,,,,pentadecagon,,,,,,,,1182
fimmtungsmark,na,hk,Eintala,,,,,,,"fractile, quantile",quintile,,,,,,,,1183
fimmund,na,kvk,Eintala,,,,,,,,quintuple,,,,,,,,1184
fingrareikningur,na,kk,Eintala,,,,,,,,chironomy,,,,dactylonomy,,,,1187
finna gildi (einhvers),sag,,,,,,reikna út,,,,evaluate,,,,,,,,1190
firð,na,kvk,Eintala,"Firð á <ref idTerm=3270>mengi</ref> \(M\) er <ref idTerm=1078>fall</ref> \(d:M \times M \to \mathbb{R}_+\), sem uppfyllir \n\n\begin{itemize}\n    \item \(d(x,x)=0\) fyrir öll \(x \in M\)\n    \item \(d(x,y)>0\) fyrir öll \(x \neq y \in M\)\n    \item \(d(x,y)=d(y,x)\) fyrir öll \(x,y \in M\)\n    \item \(d(x,y) \leq d(x,z) + d(z,y)\) fyrir öll \(x,y,z \in M\)\n\end{itemize} <ref idTerm=5102>Stærðin</ref> \(d(x,y)\) er gjarnan kölluð <ref idTerm=1204>fjarlægðin</ref> milli \(x\) og \(y\).",,,,,,distance,metric,,,,,,,,1194
firðanlegur,ls,kk,Eintala,,,,,,,,metrizable,,,,,,,,1196
firðanleiki,na,kk,Eintala,,,,,,,,metrizability,,,,,,,,1197
firðargrannmynstur,na,hk,Eintala,,,,firðgrannmynstur,,,"strong topology, natural topology, norm topology",metric topology,,,,,,,,1198
firðrúm,na,hk,Eintala,"<ref idTerm=5627>Tvennd</ref> \((M,d)\) þar sem \(M\) er <ref idTerm=3270>mengi</ref> og \(d:M \times M \to \mathbb{R}_+\) er <ref idTerm=1194>firð</ref>.",,,,,,,metric space,,,,,,,,1200
firðrækinn,ls,kk,Eintala,,,,,,,,distance-preserving,,,,isometric,,,,1199
firðun,na,kvk,Eintala,,,,,,,,metrization,,,,,,,,1201
firðunarsetning,na,kvk,Eintala,,,,,,,,metrization theorem,,,,,,,,1202
firðþinur,na,kk,Eintala,,,,,,,,fundamental tensor,,,,metric tensor,,,,1203
firð-,pref,,,,,,,,,,metric,,,,,,,,1195
fíngerving,na,kvk,Eintala,,,,,,,,refinement,,,,,,,,1186
fínleiki,na,kk,Eintala,,,,,,,,fineness,,,,,,,,1188
fínn,ls,kk,Eintala,,,,,,,,fine,,,,,,,,1189
fínna grannmynstur,na,hk,Eintala,,,,sterkara grannmynstur,,,"coarser topology, weaker topology",finer topology,,,,stronger topology,,,,1191
fínni þakning,na,kvk,Eintala,,,,,,,,finer covering,,,,,,,,1192
fínt knippi,na,hk,Eintala,,,,,,,,fine sheaf,,,,,,,,1193
fín upplausn,na,kvk,Eintala,,,,,,,,fine resolution,,,,,,,,1185
fjarlægð,na,kvk,Eintala,,,,,,,metric,distance,,,,,,,,1204
fjarlægt innra horn,na,hk,Eintala,Þau <ref idTerm=6295>innri horn</ref> <ref idTerm=3161>marghyrnings</ref> sem ekki eru <ref idTerm=1677>grannhorn</ref> tiltekins <ref idTerm=6295>ytra horns</ref>.,Á eftirfarandi mynd eru \(\angle BAC\) og \(\angle ACB\) fjarlæg innri horn við ytra hornið \(\angle DBC\):\n\n\begin{center}\n\includegraphics[width=150px]{myndir/ytrahorn.png}\n\end{center},,,,,,remote interior angle,,,,,,,,1205
fjarstæða,na,kvk,Eintala,,,,,,,,paradox,,,,,,,,1206
fjórða rót,na,kvk,Eintala,,,,,,,,biquadratic root,,,,,,,,1236
fjórða stigs,ls,,Eintala,,,,,,,"biquadratic equation, biquadratic number",biquadratic,,,,quartic,,,,1237
fjórða stigs ferill,na,kk,Eintala,,,,,,,,quartic,,,,quartic curve,,,,1238
fjórða stigs flötur,na,kk,Eintala,,,,,,,,quartic,,,,quartic surface,,,,1239
fjórða stigs jafna,na,kvk,Eintala,,Stundum sérstaklega notað um fjórða stigs jöfnu þar sem einungis koma fyrir jöfn veldi af óþekktu stærðinni,,,,,,biquadratic equation,,,,"quartic, quartic equation",,,,1240
fjórðungsbogi,na,kk,Eintala,,,,,,,,(of a circle) quadrant,,,,,,,,1241
fjórðungsgeiri,na,kk,Eintala,,,,,,,,(of a disc) quadrant,,,,,,,,1242
fjórðungsmark,na,hk,Eintala,,,,,,,"fractile, quantile",quartile,,,,,,,,1243
fjórðungur,na,kk,Eintala,Sjá skýringu við <ref idTerm=2554>kartesk hnit</ref>.,,,,,,,(in a coordinate system) quadrant,,,,,,,,1244
fjórflötungsgrúpa,na,kvk,Eintala,,,,,,,,tetrahedral group,,,,,,,,1245
fjórflötungshnit,na,hk,Fleirtala,,,,,,,,tetrahedral coordinates,,,,,,,,1246
fjórflötungstala,na,kvk,Eintala,,,,,,,figurate number,tetrahedral number,,,,,,,,1247
fjórgrúpa Kleins,na,kvk,Eintala,,,,,,,,Klein four-group,,,,quadratic group,,,,1248
fjórhliða rúmhorn,na,hk,Eintala,,,,,,,,tetrahedral angle,,,,,,,,1249
fjórlaufaferill,na,kk,Eintala,,,,"fjögralaufaferill, fjögralaufasmári",,,,four-leaved rose,,,,"quadrifolium, rosette",,,,1250
fjórsetning,na,kvk,Eintala,,,,,,,,four lemma,,,,,,,,1251
fjórskipting,na,kvk,Eintala,,,,fjórhlutun,,,,quadripartition,,,,,,,,1252
fjórveldi,na,hk,Eintala,,,,fjórða veldi,,,,biquadrate,,,,,,,,1253
fjórveldi,na,hk,Eintala,,,,fjórða veldi (af heilli tölu),,,,biquadratic number,,,,,,,,1254
fjórvigur,na,kk,Eintala,,,,fjórvíður vigur,,,,four-vector,,,,,,,,1255
fjögraferningasetning,na,kvk,Eintala,,,,fjögurraferningasetning,,,,four squares theorem,,,,,,,,1207
fjögralitasetning,na,kvk,Eintala,,,,fjögurralitasetning,,,,four-colour theorem,,,,,,,,1208
fjölbreytugreining,na,kvk,Eintala,,,,,,,,multivariate analysis,,,,,,,,1209
fjöldatala,na,kvk,Eintala,,,,,,,,absolute frequency,,,,class frequency,,,,1210
fjöldatala,na,kvk,Eintala,<ref idTerm=2489>Jafngildisflokkur</ref> <ref idTerm=3270>mengja</ref> þar sem <ref idTerm=3332>milli</ref> sérhverra tveggja <ref idTerm=3270>mengja</ref> er til <ref idTerm=1586>gagntæk vörpun</ref>.,,,,,,"cardinality, number",cardinal number,,,,cardinal,,,,1211
fjöldatalnareikningur,na,kk,Eintala,,,,reikningur með fjöldatölum,,,,cardinal arithmetic,,,,,,,,1212
fjöldi,na,kk,Eintala,,,,,,,"cardinal number, cardinality",number,,,,,,,,1213
fjöldi,na,,Eintala,,,,"fjöldatala, stétt",,,"cardinal number, equipotent, number",cardinality,,,,"potency, power",,,,1214
fjölfylgni,na,kvk,Eintala,,,,,,,,multiple correlation,,,,,,,,1215
fjölfylgnistuðull,na,kk,Eintala,,,,,,,,coefficient of multiple correlation,,,,multiple correlation coefficient,,,,1216
fjölgeisli,na,kk,Eintala,,,,,,,,polyradius,,,,,,,,1217
fjölhlutanet,na,hk,Eintala,,,,,,,,multipartite graph,,,,,,,,1218
fjölhnattaverkefni,na,hk,Eintala,,,,fjölagnaverkefni,,,three body problem,many body problem,,,,,,,,1219
fjölkryppudreifing,na,kvk,Eintala,,,,fjöltindadreifing,,,bimodal distribution,multimodal distribution,,,,,,,,1220
fjölliða,na,kvk,Eintala,,,,,,,polynomial,multinomial,,,,,,,,1221
fjölliðudreifing,na,kvk,Eintala,,,,fjölkostadreifing,,,binomial distribution,multinomial distribution,,,,polynomial distribution,,,,1222
fjölliðuregla,na,kvk,Eintala,,,,,,,,multinomial theorem,,,,,,,,1223
fjöllotubundinn,ls,kk,Eintala,,,,margfaldlega lotubundinn,,,,multiperiodic,,,,multiply periodic,,,,1224
fjölmættisfræði,na,kvk,Eintala,,,,,,,,pluripotential theory,,,,,,,,1225
fjölnet,na,hk,Eintala,,,,net,,,graph,multigraph,,,,,,,,1226
fjölskipting,na,kvk,Eintala,,,,,,,,multipartition,,,,,,,,1228
fjölskífa,na,kvk,Eintala,,,,,,,,polydisc,,,,polycylinder,,,,1227
fjölskylda,na,kvk,Eintala,,,,,,,system,family,,,,,,,,1229
fjölstafa tala,na,kvk,Eintala,,,,,,,,multidigit number,,,,multiplace number,,,,1230
fjölstig,na,hk,Eintala,,,,,,,,multidegree,,,,,,,,1231
fjölundirþýður,ls,kk,Eintala,,,,,,,,plurisubharmonic,,,,,,,,1232
fjölvísir,na,kk,Eintala,,,,,,,,multi-index,,,,,,,,1233
fjölyfirþýður,ls,kk,Eintala,,,,,,,,plurisuperharmonic,,,,,,,,1234
fjölþýður,ls,kk,Eintala,,,,,,,,pluriharmonic,,,,,,,,1235
flatarheildi,na,hk,Eintala,,,,flatartegur,,,,surface integral,,,,,,,,1263
flatarmál,na,hk,Eintala,Stærð <ref idTerm=4891>flatarmynda</ref> með tilliti til <ref idTerm=3072>mælieiningarinnar</ref> þar sem flatarmál <ref idTerm=884>einingarfernings</ref> er skilgreint sem 1.,,,,,,,(of a plane set) area,,,,measure of area,,,,1265
flatarmálsform,na,hk,Eintala,,,,,,,element of area,area form,,,,,,,,1267
flatarmálsfrymi,na,hk,Eintala,,,,,,,area form,element of area,,,,surface element,,,,1268
flatarmál,na,hk,Eintala,,,,"yfirborðsmál, yfirborð",,,,(of a surface) area,,,,"surface area, surface measure",,,,1266
flatarmælir,na,kk,Eintala,,,,,,,,(mathematical instrument) integrator,,,,,,,,1264
flatarrækinn,ls,kk,Eintala,,,,,,,,area preserving,,,,,,,,1269
flatarrækni,na,kvk,Eintala,,,,,,,,preservation of area,,,,,,,,1270
flatarskiki,na,kk,Eintala,,,,,,,,planar body,,,,planar solid,,,,1271
flatarskiki,na,kk,Eintala,,,,,,,,surface patch,,,,,,,,1272
flatneskja,na,kvk,Eintala,,,,,,,,flatness,,,,,,,,1273
flattur sporvölusnúðflötur,na,kk,Eintala,,,,,,,prolate ellipsoid,oblate ellipsoid,,,,oblate spheroid,,,,1274
flattur sporvölusnúður,na,kk,Eintala,,,,,,,prolate ellipsoid,oblate ellipsoid,,,,oblate spheroid,,,,1275
flatur,ls,kk,Eintala,,,,,,,,flat,,,,,,,,1276
flatur punktur,na,kk,Eintala,,,,flatpunktur,,,,flat point,,,,planar point,,,,1277
flaumrænn,ls,kk,Eintala,,,,,,,,analog,,,,,,,,1278
flaumtölva,na,kvk,Eintala,,,,flaumræn tölva,,,,analog computer,,,,,,,,1279
fleygaður,ls,kk,Eintala,,,,,,,,exact,,,,,,,,1282
fleygaður frá hægri,ls,kk,Eintala,,,,nákvæmur frá hægri,,,,right exact,,,,,,,,1283
fleygaður frá vinstri,ls,kk,Eintala,,,,nákvæmur frá vinstri,,,,left exact,,,,,,,,1284
fleygaður varpi,na,kk,Eintala,,,,,,,,exact functor,,,,,,,,1285
fleygbogaflötur,na,kk,Eintala,,,,,,,,paraboloid,,,,,,,,1286
fleygbogariti,na,kk,Eintala,,,,,,,,parabolograph,,,,,,,,1287
fleygbogasneið,na,kvk,Eintala,,,,,,,,parabolic segment,,,,,,,,1288
fleygbogasnúðflötur,na,kk,Eintala,,,,,,,,paraboloid of revolution,,,,,,,,1289
fleygbogi,na,kk,Eintala,,,,,,,,parabola,,,,,,,,1290
fleygger,ls,,Eintala,,,,,,,,parabolic,,,,,,,,1291
fleyggerð,na,kvk,Eintala,,,,,,,parabolicity,parabolic type,,,,,,,,1300
fleyggerð,na,kvk,Eintala,,,,,,,parabolic type,parabolicity,,,,,,,,1301
fleyggert aðhvarf,na,hk,Eintala,,,,,,,,parabolic regression,,,,,,,,1302
fleygger hlutafleiðujafna,na,kvk,Eintala,,,,,,,,parabolic partial differential equation,,,,,,,,1292
fleygger hnit,na,hk,Fleirtala,,,,,,,,parabolic coordinates,,,,,,,,1293
fleygger punktur,na,kk,Eintala,,,,,,,,parabolic point,,,,,,,,1294
fleygger Riemannflötur,na,kk,Eintala,,,,,,,,parabolic Riemann surface,,,,,,,,1295
fleygger rúmfræði,na,kvk,Eintala,,,,,,,euclidean geometry,parabolic geometry,,,,,,,,1296
fleygger sívalningur,na,kk,Eintala,,,,,,,,parabolic cylinder,,,,,,,,1297
fleygger sjálfmótun,na,kvk,Eintala,,,,fleygger færsla,,,,parabolic automorphism,,,,parabolic transformation,,,,1298
fleygger slétta,na,kvk,Eintala,,,,,,,euclidean plane,parabolic plane,,,,,,,,1299
fleyguð lest,na,kvk,Eintala,,,,,,,,exact sequence,,,,,,,,1303
fléttingur,na,kk,Eintala,,,,,,,,(in algebra) complex,,,,,,,,1280
fléttufræði,na,kvk,Eintala,,,,"samtakagreining, samtektagreining",,,enumerative combinatorics,combinatorial analysis,,,,"combinatorial theory, combinatorics",,,,1281
flísalagning,na,kvk,Eintala,,,,,,,,tesselation,,,,tiling,,,,1304
flokkafjöldi,na,kk,Eintala,,,,,,,,class number,,,,,,,,1305
flokkatala,na,kvk,Eintala,,,,,,,,class number,,,,,,,,1306
flokksbreidd,na,kvk,Eintala,,,,flokkslengd,,,,class length,,,,class range,,,,1307
flokksmark,na,hk,Eintala,,,,,,,,class limit,,,,class boundary,,,,1308
flokksmeðaltal,na,hk,Eintala,,,,,,,,class mean,,,,,,,,1309
flokksmiðja,na,,Eintala,,,,miðpunktur flokkunarbils,,,,class mid value,,,,,,,,1310
flokksnúmer,na,hk,Eintala,,,,,,,,class number,,,,,,,,1311
flokkuð gögn,na,hk,Fleirtala,,,,,,,,grouped data,,,,,,,,1312
flokkun,na,kvk,Eintala,,,,,,,,classification,,,,,,,,1313
flokkun,na,kvk,Eintala,,,,,,,,grouping,,,,,,,,1314
flokkunarbil,na,hk,Eintala,,,,,,,,class interval,,,,,,,,1315
flokkunarbreyta,na,kvk,Eintala,,,,,,,,(in statistics) attribute,,,,categorical variable,,,,1316
flokkunargögn,na,hk,Fleirtala,,,,,,,,categorical data,,,,,,,,1317
flokkunarhending,na,kvk,Eintala,,,,,,,,classification statistic,,,,,,,,1318
flokkunarrúm,na,hk,Eintala,,,,,,,,classifying space,,,,,,,,1319
flokkunarsetning,na,kvk,Eintala,,,,,,,,classification theorem,,,,,,,,1320
flokkur,na,kk,Eintala,,,,,,,,(in statistics) cell,,,,class,,,,1322
flokkur,na,kk,Eintala,,,,,,,"equivalence class, set",(in set theory) class,,,,,,,,1323
flutningagrúpa,na,kvk,Eintala,,,,hreyfingagrúpa,,,,group of motions,,,,,,,,1326
flutningsíðal,na,hk,Eintala,,,,,,,,transfer ideal,,,,,,,,1327
flutningur,na,,Eintala,<ref idTerm=5779>Færsla</ref> á tiltekinni <ref idTerm=4884>sléttu</ref> sem <ref idTerm=5963>varðveitir</ref> <ref idTerm=1204>fjarlægðir</ref>.,"Sérhvern flutning má framkvæma með því að nota <ref idTerm=2056>hliðrun</ref>, <ref idTerm=4954>snúning</ref> og <ref idTerm=4986>línuspeglun</ref>. Eins og aðrar færslur, þá varðveita flutningar <ref idTerm=4509>samsíða</ref> <ref idTerm=2911>línur</ref>. Flutningar varðveita líka <ref idTerm=2223>stærðir</ref> <ref idTerm=2198>horna</ref>.",,hreyfing,,,"displacement, isometry",motion,,,,movement,,,,1328
flytja,sag,,,,,,,,,,transfer,,,,,,,,1329
flæði,na,hk,Eintala,,,,,,,,flux,,,,,,,,1256
flæðihraði,na,kk,Eintala,,,,,,,derivative,fluxion,,,,,,,,1257
flæðinet,na,hk,Eintala,,,,,,,,transportation network,,,,,,,,1258
flæðirit,na,hk,Eintala,,,,,,,,flow chart,,,,flow diagram,,,,1259
flæðistærð,na,kvk,Eintala,,,,,,,function,fluent,,,,,,,,1260
flæðisþéttleiki,na,kk,Eintala,,,,,,,,flux density,,,,,,,,1261
flækja,na,,Eintala,,,,flækjustig,,,,complexity,,,,,,,,1262
flökkupunktur,na,kk,Eintala,,,,"hlaupapunktur, breytilegur punktur",,,,running point,,,,,,,,1321
flötur,na,kk,Eintala,,,,,,,manifold,surface,,,,,,,,1324
flötur,na,,Eintala,Sjá <ref idTerm=3133>margflötungur</ref>.,,,"hliðarflötur, hlið",,,lateral face,(of a polyhedron) face,,,,,,,,1325
forgrunnur,na,kk,Eintala,,,,,,,,subbase,,,,,,,,1335
forhlutur,na,,Eintala,,,,"fráhlutur, óðal",,,,(of a morphism) domain,,,,"domain carrier, domain object, source",,,,1336
forknippi,na,hk,Eintala,,,,,,,,presheaf,,,,,,,,1337
forkönnun,na,kvk,Eintala,,,,,,,,pilot survey,,,,,,,,1338
forliður,na,kk,Eintala,,,,,,,"consequent, succedent",(of a proportion or ratio) antecedent,,,,,,,,1339
form,na,hk,Eintala,,,,,,,differential form,(in analysis) form,,,,,,,,1340
formengi,na,hk,Eintala,Sjá <ref idTerm=3282>vörpun</ref>.,,,"frámengi, skilgreiningarmengi, óðal",,,"index set, interval of definition",(of a mapping) argument domain,,,,"domain, domain of definition, range of arguments, set of definition, source, source set",,,,1343
formerki,na,hk,Eintala,,,,,,,,algebraic sign,,,,sign,,,,1344
formerkisfall,na,hk,Eintala,,,,,,,,sign function,,,,signum function,,,,1346
formerkislaus,ls,kvk,Eintala,,,,án formerkis,,,,unsigned,,,,signless,,,,6573
formerkispróf,na,hk,Eintala,,,,,,,,sign test,,,,,,,,1347
formerkjaregla,na,kvk,Eintala,,,,,,,,rule of signs,,,,,,,,1348
formerkjaskipti,na,hk,Fleirtala,,,,,,,,change of sign,,,,reversal of sign,,,,1349
formerkjatala,na,kvk,Eintala,,,,,,,,(of a quadratic form) signature,,,,,,,,1350
formgera,sag,,,,,,,,,,formalize,,,,,,,,1351
formhyggja,na,kvk,Eintala,,,,,,,,formalism,,,,,,,,1352
formlega samkvæmur,ls,kk,Eintala,,,,,,,,formally consistent,,,,,,,,1358
formlegt kerfi,na,hk,Eintala,,,,formkerfi,,,,formal system,,,,,,,,1359
formlegt mál,na,hk,Eintala,,,,,,,,formal language,,,,formalized language,,,,1360
formlegt raunsvið,na,hk,Eintala,,,,,,,,formally real field,,,,,,,,1361
formlegur,ls,kk,Eintala,,,,,,,,formal,,,,,,,,1362
formleg afleiða,na,kvk,Eintala,,,,,,,,formal derivative,,,,,,,,1353
formleg kenning,na,kvk,Eintala,,,,formgerð kenning,,,,formalized theory,,,,formalism,,,,6574
formleg margliða,na,kvk,Eintala,,,,,,,,formal polynomial,,,,,,,,1354
formleg rökfræði,na,kvk,Eintala,,,,,,,"mathematical logic, logistics, symbolic logic",formal logic,,,,,,,,1355
formleg sönnun,na,kvk,Eintala,,,,,,,,formal proof,,,,,,,,1356
formleg veldaröð,na,kvk,Eintala,,,,,,,,formal power series,,,,,,,,1357
formúla,na,,Eintala,,,,"formkorn, formáli",,,,formula,,,,,,,,1363
formúlusafn,na,hk,Eintala,,,,,,,,formulary,,,,,,,,1364
formynd,na,kvk,Eintala,,,,,,,inverse image,(of a cohomology class,,,,differential    form etc.) pull-back,,,,1365
formynd,na,kvk,Eintala,Fyrir <ref idTerm=3282>vörpun</ref> \(f: X \to Y\) og <ref idTerm=2098>hlutmengi</ref> \(B\) í \(Y\) kallast <ref idTerm=3270>mengi</ref> þeirra <ref idTerm=5128>staka</ref> úr \(X\) sem \(f\) varpar í stak úr \(B\) \textit{frummynd} vörpunarinnar \(f\) af menginu \(B\). Hana má rita á forminu \[ f^{-1}(B) = \{x \in X \mid f(x) \in B\}. \],"Fyrir sérhvert \(y \in B\) eru þau stök úr \(X\) sem \(f\) varpar í \(y\) lausnir <ref idTerm=2478>jöfnunnar</ref> \(f(x) = y\). Frummyndina \(f^{-1}(B)\) má því einnig skilgreina sem mengi allra lausna jöfnunnar \(f(x) = y\) fyrir sérhvert \(y \in B\) og þannig má rita hana á forminu \[ f^{-1}(B) = \{x \in X \mid \text{til er}\; y \in B \;\text{þ.a.}\; f(x) = y\}. \] <ref idTerm=6050>Venn-myndin</ref> að neðan sýnir vörpunina \(f: X \to Y\), hlutmengið \(B\) í \(Y\) og frummynd þess \(f^{-1}(B)\):\n\n\begin{center}\n\includegraphics[width=150px]{myndir/frummynd.png}\n\end{center}\n\nFrummyndir af <ref idTerm=4464>sammengjum</ref>, <ref idTerm=4928>sniðmengjum</ref> og <ref idTerm=1553>fyllimengjum</ref> fullnægja eftirfarandi <ref idTerm=4150>reiknireglum</ref>, sem segja að fyrir sérhver hlutmengi \(B_1\) og \(B_2\) í \(Y\) gildi:\n\n\begin{enumerate}\n    \item \(f^{-1}(B_1 \cup B_2) = f^{-1}(B_1) \cup f^{-1}(B_2)\).\n    \item \(f^{-1}(B_1 \cap B_2) = f^{-1}(B_1) \cap f^{-1}(B_2)\).\n    \item \(f^{-1}(B_1^c) = (f^{-1}(B_1))^c\).\n\end{enumerate}\n\nEf \(A\) er hlutmengi í \(X\) og \(B\) er hlutmengi í \(Y\) fást jafnframt eftirfarandi reiknireglur um samspil <ref idTerm=3417>mynda</ref> og frummynda:\n\n\begin{enumerate}\n    \item \(A \subseteq f^{-1}(f(A))\).\n    \item \(f(f^{-1}(B)) \subseteq B\).\n\end{enumerate}",,"frummynd, öfug mynd",,,,counterimage,,,,"inverse, inverse image, preimage",,,,1366
form,na,,Eintala,,,,"jafnþætt margliða, einsleit margliða",,,quadratic form,(in algebra) form,,,,"homogeneous polynomial, quantic",,,,1341
forraðað mengi,na,hk,Eintala,,,,,,,,preordered set,,,,quasi-ordered set,,,,1367
forrit,na,hk,Eintala,,,,,,,,program,,,,,,,,1368
forritun,na,kvk,Eintala,,,,,,,,programming,,,,,,,,1370
forrit,na,hk,Eintala,,,,tölvuforrit,,,,computer program,,,,,,,,1369
forröðun,na,kvk,Eintala,,,,,,,ordering,preorder,,,,"preordering, quasi-order, weak ordering",,,,1371
forsagnar- og leiðréttingaraðferð,na,kvk,Eintala,,,,,,,,predictor-corrector method,,,,,,,,1372
forsegjandi,na,,Eintala,,,,spáfall,,,,predictor,,,,prediction function,,,,1373
forsenda,na,kvk,Eintala,,,,,,,"consequent, succedent",(of a conditional) antecedent,,,,"hypothesis, premise, premisse",,,,1374
forsenda,na,kvk,Eintala,,,,,,,,assumption,,,,,,,,1375
forsenda til einföldunar,na,kvk,Eintala,,,,,,,,simplifying assumption,,,,,,,,1376
forsenda,na,kvk,Eintala,,,,krafa,,,,postulate,,,,,,,,1377
forsía,na,kvk,Eintala,,,,,,,,prefilter,,,,,,,,1378
forskema,na,hk,Eintala,,,,,,,scheme,prescheme,,,,,,,,1379
forskeyti,na,hk,Eintala,,,,,,,,prefix,,,,,,,,1380
fortáknun,na,,Eintala,,,,pólskur ritháttur,,,"parenthesis-free notation, postfix notation",Lukasiewicz notation,,,,"Polish notation, prefix notation",,,,1381
fortilraun,na,kvk,Eintala,,,,,,,,pilot experiment,,,,,,,,1382
forystuliður,na,kk,Eintala,,,,,,,,highest degree term,,,,"highest term, leading term",,,,1383
forystustuðull,na,kk,Eintala,Sjá <ref idTerm=1948>margliða</ref>.,,,,,,,highest coefficient,,,,"highest degree coefficient, leading coefficient",,,,1384
forþjappaður,ls,kk,Eintala,,,,,,,,precompact,,,,,,,,1385
for-Hilbert-rúm,na,hk,Eintala,,,,,,,unitary space,prehilbert space,,,,,,,,1334
fossaferli,na,hk,Eintala,,,,skriðuferli,,,,cascade process,,,,,,,,1386
Fourier-færsla,na,kvk,Eintala,,,,"Fourier-myndun, Fourier-ummyndun",,,,Fourier transformation,,,,,,,,1391
Fourier-greining,na,kvk,Eintala,,,,sveiflugreining,,,,Fourier analysis,,,,harmonic analysis,,,,1392
Fourier-heildi,na,hk,Eintala,,,,Fourier-tegur,,,,Fourier integral,,,,,,,,1393
Fourier-liðun,na,kvk,Eintala,,,,sveifluliðun,,,,Fourier expansion,,,,,,,,1394
Fourier-mynd,na,kvk,Eintala,,,,Fourier-færsla,,,characteristic function,Fourier transform,,,,,,,,1395
Fourier-röð,na,kvk,Eintala,,,,,,,trigonometric series,Fourier series,,,,,,,,1396
Fourier-stuðull,na,kk,Eintala,,,,,,,,Fourier coefficient,,,,,,,,1397
Fourier-,pref,,,,,,sveiflu-,,,,harmonic,,,,,,,,1390
fólgið fall,na,hk,Eintala,,,,,,,,implicit function,,,,,,,,1332
fólginn,ls,kk,Eintala,,,,,,,explicit,implicit,,,,,,,,1333
fótpunktaþríhyrningur,na,kk,Eintala,,,,,,,,pedal triangle,,,,,,,,1388
fótpunktur,na,kk,Eintala,<ref idTerm=4845>Skurðpunktur</ref> <ref idTerm=2911>línu</ref> og <ref idTerm=2975>þverils</ref> síns.,,,,,,,(of a perpendicular) foot,,,,,,,,1389
framandlegt hvel,na,hk,Eintala,,,,,,,,exotic sphere,,,,,,,,1404
framfærsla,na,kvk,Eintala,,,,,,,,forward shift,,,,,,,,1405
framinnsetning,na,kvk,Eintala,,,,forinnsetning,,,back substitution,forward substitution,,,,,,,,1406
framleiða,sag,,,,,,,,,,generate,,,,,,,,1407
framleiðandi fall,na,hk,Eintala,,,,,,,"enumerating power series, moment generating function, probability generating function",generating function,,,,,,,,1408
framleiðandi lína,na,,Eintala,,,,framleiðandi,,,,generating line,,,,"generator, generatrix",,,,1409
framleiðandi veldaröð,na,kvk,Eintala,,,,,,,generating function,enumerating power series,,,,,,,,1410
framlenging,na,kvk,Eintala,,,,útvíkkun,,,,continuation,,,,"extension, prolongation",,,,1411
frammunur,na,kk,Eintala,,,,,,,,descending difference,,,,forward difference,,,,1412
framsetjandi,,,,,,,,,,,representing,,,,,,,,1413
framsetjanlegur,ls,kk,Eintala,,,,,,,,representable,,,,,,,,1414
framsetjanleiki,na,kk,Eintala,,,,,,,,representability,,,,,,,,1415
framsetning,na,kvk,Eintala,,,,,,,,presentation,,,,,,,,1416
framsetning,na,kvk,Eintala,,,,,,,presentation,representation,,,,,,,,1417
framsetningarregla,na,kvk,Eintala,,,,framsetningarsetning,,,,representation theorem,,,,,,,,1418
framvinda,na,kvk,Eintala,,,,tilhneiging,,,,evolution,,,,tendency,,,,1419
framvindill,na,,Eintala,,,,útbreiðslufall,,,,propagator,,,,,,,,1420
framvindujafna,na,kvk,Eintala,,,,,,,,evolution equation,,,,,,,,1422
framvindu-,pref,,,,,,,,,,evolutionary,,,,,,,,1421
frádragi,na,kk,Eintala,,,,,,,,subtrahend,,,,,,,,1398
frádráttarstofn,na,kk,Eintala,,,,,,,,minuend,,,,,,,,1399
frádráttur,na,kk,Eintala,,,,,,,,subtraction,,,,,,,,1400
frávik,na,hk,Eintala,,,,,,,,deviation,,,,,,,,1423
frávikshlutfall,na,hk,Eintala,,,,,,,,coefficient of variation,,,,,,,,1424
Fredholm-skilyrði,na,hk,Eintala,,,,,,,,Fredholm alternative,,,,,,,,1427
frekar jákvæður deilir,na,kk,Eintala,,,,,,,,effective divisor,,,,non-negative divisor,,,,1428
fremsti tölustafur,na,kk,Eintala,,,,,,,,first digit,,,,,,,,1429
fremsti tölustafur,na,kk,Eintala,,,,,,,least significant digit,most significant digit,,,,,,,,1430
Fréchet-deildanlegur,ls,kk,Eintala,,,,Fréchet-diffranlegur,,,differentiable,Fréchet differentiable,,,,totally differentiable,,,,1425
Fréchet-rúm,na,hk,Eintala,,,,,,,,Fréchet space,,,,,,,,1426
frjáls,ls,,Eintala,,,,,,,,free,,,,,,,,1431
frjálst margfeldi,na,hk,Eintala,,,,,,,,free product,,,,,,,,1441
frjálst stak,na,hk,Eintala,,,,,,,,free element,,,,,,,,1442
frjáls breyta,na,kvk,Eintala,,,,frjáls breytistærð,,,,free variable,,,,,,,,1432
frjáls grunnur,na,kk,Eintala,,,,,,,basis,free basis,,,,,,,,1433
frjáls grúpa,na,kvk,Eintala,,,,,,,,free group,,,,,,,,1434
frjáls Riemann-flötur,na,kk,Eintala,,,,,,,,abstract Riemann surface,,,,,,,,1435
frjáls spönnuður,na,kk,Eintala,,,,,,,,free generator,,,,,,,,1436
frjáls útvíkkun,na,kvk,Eintala,,,,frjáls víkkun,,,,free extension,,,,,,,,1437
frjáls vigur,na,kk,Eintala,,,,,,,bound vector,free vector,,,,,,,,1438
frjáls vísir,na,kk,Eintala,,,,,,,,free index,,,,,,,,1439
frjáls þáttur,na,kk,Eintala,,,,,,,,free factor,,,,,,,,1440
fruma,na,kvk,Eintala,,,,,,,,(in topology) cell,,,,,,,,1444
frumbreyta,na,kvk,Eintala,,,,"óháð breyta, óháð breytistærð, frumstærð",,,,(of a function) argument,,,,independent variable,,,,1445
frumbútur (í rúmfræði),na,kk,Eintala,,,,,,,,geometrical element,,,,,,,,1446
frumdeilir,na,kk,Eintala,,,,,,,,prime divisor,,,,,,,,1447
frumhugtak,na,hk,Eintala,,,,"grunnhugtak, undirstöðuhugtak",,,,basic concept,,,,fundamental concept,,,,1448
frumíðal,na,hk,Eintala,,,,,,,,prime ideal,,,,,,,,1449
frummargliða,na,kvk,Eintala,,,,,,,,prime polynomial,,,,,,,,1450
frumsenda um lítil mengi,na,kvk,Eintala,,,,frumsetning um lítil mengi,,,,axiom of pairing,,,,pairing axiom,,,,1451
frumsenda,na,kvk,Eintala,<ref idTerm=1515>Yrðing</ref> sem lögð er til grundvallar en ekki er ætlast til að sé <ref idTerm=4554>sönnuð</ref>.,Í fyrstu gæti virst vafasamt að gefa sér að eitthvað sé <ref idTerm=6659>satt</ref> í staðinn fyrir að sanna það enda eru <ref idTerm=4964>sannanir</ref> aðalverkfæri <ref idTerm=5117>stærðfræðinga</ref> til þess að sannfæra sjálfa sig og aðra um að staðhæfingar séu réttar. Því miður er ekki hægt að komast hjá því en það væri eins og að keyra bíl án eldsneytis. Svokölluðu \textit{afleiðslukerfin} sem stærðfræðingar nota er einungis hægt að nota til þess að álykta nýjar staðreyndir út frá staðreyndum sem er nú þegar búið að sanna. Þess vegna þurfa fyrst að vera til staðreyndir sem er ákveðið að séu sannar. Það er ákveðin hætta að frumsendurnar séu innbyrðis <ref idTerm=3401>mótsagnakenndar</ref> eða að þær endurspegli ekki innsæi okkar varðandi það sem ætti að vera satt.,,frumsetning,,,,axiom,,,,postulate,,,,1452
frumsenduaðferð,na,kvk,Eintala,,,,frumsetningaraðferð,,,,axiomatic method,,,,,,,,1453
frumsendugrip,na,hk,Eintala,,,,"frumsetningargrip, frumsenduskema, frumsetningaskema",,,,axiom scheme,,,,,,,,1454
frumsendukerfi,na,hk,Eintala,,,,frumsetningakerfi,,,,axiom system,,,,system of axioms,,,,1455
frumsendulegur,,,,,,,"frumsendu-, frumsetninga-",,,,axiomatic,,,,,,,,1457
frumsenduleg mengjafræði,na,kvk,Eintala,,,,frumsendumengjafræði,,,,axiomatic set theory,,,,,,,,1456
frumstak,na,hk,Eintala,,,,,,,,prime,,,,prime element,,,,1465
frumstak,na,hk,Eintala,,,,,,,,prime element,,,,prime,,,,6575
frumstak,na,hk,Eintala,,,,,,,individual,urelement,,,,,,,,6576
frumstæður,ls,kk,Eintala,,,,,,,,primitive,,,,,,,,1461
frumstæð margliða,na,kvk,Eintala,,,,,,,,primitive polynomial,,,,,,,,1458
frumstæð rót,na,kvk,Eintala,,,,,,,,primitive root,,,,,,,,1459
frumstæð sviðsútvíkkun,na,kvk,Eintala,,,,frumstæð sviðsvíkkun,,,,primitive field extension,,,,,,,,1460
frumstætt íðal,na,hk,Eintala,,,,,,,,primitive ideal,,,,,,,,1462
frumstætt rakið fall,na,hk,Eintala,,,,,,,,primitive recursive function,,,,,,,,1463
frumstætt stak,na,hk,Eintala,,,,,,,,primitive element,,,,,,,,1464
frumsvið,na,hk,Eintala,,,,frumkroppur,,,,prime field,,,,,,,,1467
frumtala,na,kvk,Eintala,<ref idTerm=3475>Náttúruleg tala</ref> \(p > 1\) kallast \textit{frumtala} ef einu náttúrulegu tölurnar sem <ref idTerm=1599>ganga upp í</ref> henni eru <ref idTerm=5397>talan</ref> \(1\) og talan \(p\).,"Þessi skilgreining jafngildir því að segja að talan \(p\) sé frumtala ef fyrir sérhverjar náttúrulegar tölur \(a\) og \(b\) þannig að \(p\) <ref idTerm=1599>gengur upp í</ref> \(a \cdot b\) þá gengur \(p\) líka upp í a.m.k. annarri þeirra.\n\nLjóst er að fyrsta frumtalan er 2 og almennt er hægt að ákvarða hvort gefin náttúruleg tala \(n\) sé frumtala með því að prófa að <ref idTerm=686>deila</ref> öllum frumtölum frá 2 til \(\sqrt{n}\) upp í \(n\). Ef alltaf fæst afgangur þá er talan frumtala.\n\nAllar frumtölur minni en 100 eru eftirfarandi: 2, 3, 5, 7, 11, 13, 17, 19, 23, 29, 31, 37, 41, 43, 47, 53, 59, 61, 67, 71, 73, 79, 83, 89, 97.",,prímtala,,,,prime,,,,prime number,,,,1468
frumtalnasetning,na,kvk,Eintala,,,,,,,,prime number theorem,,,,,,,,1469
frumtalnatafla,na,kvk,Eintala,,,,,,,,table of primes,,,,,,,,1470
frumtalnatvíburar,na,kk,Fleirtala,,,,,,,,pair of primes,,,,"prime pair, prime twins, twin primes",,,,1471
frumuklasi,na,kk,Eintala,,,,,,,,cell complex,,,,,,,,1473
frumu-,pref,,,,,,,,,,cellular,,,,,,,,1472
frumþáttun,na,kvk,Eintala,,,,,,,factorization,prime decomposition,,,,prime factorization,,,,1474
frumþáttur,na,kk,Eintala,Sjá <ref idTerm=5824>undirstöðusetningu reikningslistarinnar</ref>.,,,,,,,prime factor,,,,,,,,1475
frum-,pref,,,,,,,,,,prime,,,,,,,,1443
frymi,na,hk,Eintala,,,,,,,"element of arc length, element of area, element of length, element of volume",element,,,,,,,,1476
frymið íðal,na,hk,Eintala,,,,,,,,primary ideal,,,,,,,,1477
fryminn þáttur,na,kk,Eintala,,,,,,,,primary component,,,,,,,,1480
frymin framsetning,na,kvk,Eintala,,,,,,,,primary representation,,,,,,,,1478
frymin þáttun,na,kvk,Eintala,,,,,,,,primary decomposition,,,,,,,,1479
fræði,na,kvk,Eintala,,,,,,,"additive number theory, algebraic number theory, algebraic theory of numbers, analytic number theory, analytic theory of numbers, approximation theory, automata theory, axiomatic set theory, bifurcation theory, bordism theory, Cantorian set theory, category theory, classical set theory, catastrophe theory, coding theory, cohomology theory, combinatorial theory, computability theory, control theory, data base theory, decision theory, dimension theory, distribution theory, elementary number theory, estimation theory, field theory, function theory, Galois theory, game theory, general theory of relativity, graph theory, group theory, homology theory, homotopy theory, information theory, integration theory, iteration theory, knot theory, \(K\)-theory, lattice theory, matrix theory, measure theory, model theory, module theory, multiplicative number theory, naive set theory, number theory, numerical approximation theory, obstruction theory, perturbation theory, potential theory, prediction theory, probability theory, proof theory, quantification theory, queuing theory, recursion theory, recursive function theory, representation theory, set theory, sheaf theory, special theory of relativity, spectral theory, type theory, utility theory, valuation theory, value distribution theory",theory,,,,,,,,1401
fræðin um keilusnið,na,hk,Fleirtala,,,,,,,,conics,,,,,,,,1402
frændhorn,na,hk,Eintala,Tvö <ref idTerm=2198>horn</ref> sem samanlagt <ref idTerm=2223>mælast</ref> 180 <ref idTerm=1667>gráður</ref>.,Á eftirfarandi mynd eru \(\angle BOA\) og \(\angle DPC\) frændhorn:\n\n\begin{center}\n\includegraphics[width=150px]{myndir/fraendhorn.png}\n\end{center},,,,,,supplementary angle,,,,"supplement, supplemental angle",,,,1403
fullgerð lokun,na,kvk,Eintala,,,,,,,,perfect closure,,,,,,,,1481
fullgerð útvíkkun,na,kvk,Eintala,,,,"heilsteypt útvíkkun, fullgerð víkkun, heilsteypt víkkun",,,,perfect extension,,,,,,,,1482
fullgert svið,na,hk,Eintala,,,,heilsteypt svið,,,,perfect field,,,,,,,,1483
fullheildanlegur,ls,kk,Eintala,,,,fulltegranlegur,,,,completely integrable,,,,totally integrable,,,,1484
fullkomið firðrúm,na,hk,Eintala,,,,,,,,complete metric space,,,,,,,,1485
fullkomið frumsendukerfi,na,hk,Eintala,,,,fullkomið frumsetningakerfi,,,,complete axiom system,,,,,,,,1486
fullkomið leifamengi,na,hk,Eintala,,,,fullkomið leifakerfi,,,,complete residue system,,,,,,,,1487
fullkomið mál,na,hk,Eintala,,,,,,,,complete measure,,,,,,,,1488
fullkomið raðsvið,na,hk,Eintala,,,,fullkomið raðað svið,,,,complete ordered field,,,,,,,,1489
fullkominn,ls,kk,Eintala,,,,,,,,complete,,,,,,,,1493
fullkominn ferhliðungur,na,kk,Eintala,,,,,,,,complete quadrilateral,,,,,,,,1494
fullkominn ferhyrningur,na,kk,Eintala,,,,,,,,complete quadrangle,,,,,,,,1495
fullkomin kenning,na,kvk,Eintala,,,,,,,,complete theory,,,,,,,,1490
fullkomin spyrðing,na,kvk,Eintala,,,,,,,,linear factor,,,,perfect matching,,,,1491
fullkomin tala,na,kvk,Eintala,,,,,,,,perfect number,,,,,,,,1492
fullkomlega samfelldur,ls,kk,Eintala,,,,,,,compact operator,completely continuous,,,,,,,,1496
fullkomlega viðbætinn,ls,kk,Eintala,,,,fullkomlega samleggjandi,,,additive,completely additive,,,,,,,,1497
fullkomleikafrumsenda,na,kvk,Eintala,,,,fullkomleikafrumsetning,,,,completeness axiom,,,,,,,,1498
fullkomleikafrumsenda,na,kvk,Eintala,,,,"fullkomleikafrumsetning, frumsenda um fullkomleika, frumsetning um fullkomleika",,,,axiom of completeness,,,,,,,,1499
fullkomleikasetning,na,kvk,Eintala,,,,,,,,completeness theorem,,,,,,,,1500
fullkomleikasetning Gödels,na,kvk,Eintala,,,,,,,,Gödel's completeness theorem,,,,,,,,1501
fullkomleiki,na,kk,Eintala,,,,,,,,completeness,,,,,,,,1502
fullkomnun,na,kvk,Eintala,,,,,,,,completion,,,,,,,,1503
fullnægjanlegur,ls,kk,Eintala,,,,uppfyllanlegur,,,,satisfiable,,,,,,,,1505
fullnægja,sag,,,,,,uppfylla,,,,fulfill,,,,"meet (a condition), satisfy",,,,1504
fullskipað hlutnet,na,hk,Eintala,,,,,,,,full subgraph,,,,,,,,1506
fullstytt brot,na,hk,Eintala,,,,,,,,fraction in its lowest terms,,,,"reduced fraction, simplified fraction",,,,1507
fulltengt net,na,hk,Eintala,,,,,,,,clique,,,,complete graph,,,,1511
fulltrúa-,pref,,,,,,,,,,representative,,,,,,,,1512
fulltrúi,na,kk,Eintala,,,,,,,,representative,,,,,,,,1513
fullt hlutríki,na,hk,Eintala,,,,,,,,full subcategory,,,,,,,,1508
fullt horn,na,hk,Eintala,,,,\(360^\circ\) horn,,,,full angle,,,,"perigon, round angle",,,,1509
fullt horn,na,hk,Eintala,,,,\(360^\circ\)  horn,,,,perigon,,,,"full angle, round angle",,,,6577
fullt rúmhorn,na,hk,Eintala,,,,,,,,full solid angle,,,,,,,,1510
fullur,ls,kk,Eintala,,,,,,,,full,,,,,,,,1514
fullyrðing,na,kvk,Eintala,<ref idTerm=5072>Staðhæfing</ref> sem er annaðhvort <ref idTerm=4565>sönn</ref> eða <ref idTerm=3890>ósönn</ref>.,"Yrðingar eru yfirleitt táknaðar með litlum bókstöfum eins og \(p\), \(q\), \(r\) og svo framvegis.",,yrðing,,,"assertion, formula, meaningful formula, sentence, statement, well-formed formula",proposition,,,,,,,,1515
fylgibreyta,na,kvk,Eintala,,,,,,,,concomitant variable,,,,,,,,1516
fylgibreyta,na,kvk,Eintala,,,,"fylgistærð, háð breyta, háð breytistærð",,,dependent variable,(in optimization) basic variable,,,,,,,,1517
fylgibreyta,na,kvk,Eintala,,,,"fylgistærð, háð breyta, háð breytistærð",,,"basic variable, independent variable",dependent variable,,,,,,,,1518
fylginn,ls,kk,Eintala,,,,,,,,correlated,,,,,,,,1519
fylgisetning,na,kvk,Eintala,,,,,,,,corollary,,,,,,,,1520
fylgiþáttur,na,kk,Eintala,,,,,,,,concomitant factor,,,,,,,,1521
fylgnar breytur,na,kvk,Fleirtala,,,,,,,,correlated variables,,,,,,,,1522
fylgni,na,kvk,Eintala,,,,,,,,correlation,,,,intercorrelation,,,,1523
fylgnifall,na,hk,Eintala,,,,,,,,correlation function,,,,,,,,1524
fylgnifylki,na,hk,Eintala,,,,,,,,correlation matrix,,,,,,,,1525
fylgnigreining,na,kvk,Eintala,,,,,,,,correlation analysis,,,,,,,,1526
fylgnihlutfall,na,hk,Eintala,,,,,,,,correlation ratio,,,,,,,,1527
fylgnireikningur,na,kk,Eintala,,,,,,,,correlation calculus,,,,,,,,1528
fylgnirit,na,hk,Eintala,,,,,,,,correlogram,,,,,,,,1529
fylgnisporbaugur,na,kk,Eintala,,,,,,,,contour ellipse,,,,"correlation ellipse, dispersion ellipse, ellipse of correlation, homothetic ellipse",,,,1530
fylgnisporvala,na,kvk,Eintala,,,,,,,,contour ellipsoid,,,,"correlation ellipsoid, dispersion ellipsoid, ellipsoid of correlation, homothetic ellipsoid",,,,1531
fylgnistuðull,na,kk,Eintala,,,,,,,,coefficient of correlation,,,,correlation coefficient,,,,1532
fylgnitafla,na,kvk,Eintala,,,,,,,,correlation table,,,,,,,,1533
fylki,na,hk,Eintala,,,,,,,,array,,,,matrix,,,,1534
fylkjaalgebra,na,kvk,Eintala,,,,,,,,matrix algebra,,,,,,,,1536
fylkjafall,na,hk,Eintala,,,,,,,,matrix function,,,,,,,,1537
fylkjafræði,na,kvk,Eintala,,,,,,,,matrix theory,,,,,,,,1538
fylkjagildur,ls,kk,Eintala,,,,,,,,matrix valued,,,,,,,,1539
fylkjagrúpa,na,kvk,Eintala,,,,,,,,matrix group,,,,,,,,1540
fylkjajafna,na,kvk,Eintala,,,,,,,,matrix equation,,,,,,,,1541
fylkjamargfeldi,na,hk,Eintala,,,,,,,,matrix product,,,,,,,,1542
fylkjareikningur,na,kk,Eintala,,,,,,,,matrix calculation,,,,,,,,1543
fylkjaritháttur,na,kk,Eintala,,,,,,,,matrix notation,,,,,,,,1544
fylkjastaðall,na,kk,Eintala,,,,,,,,matrix norm,,,,,,,,1545
fylkjaumhverfing,na,kvk,Eintala,,,,fylkjaandhverfing,,,,matrix inversion,,,,,,,,1546
fylkjaútsetning,na,kvk,Eintala,,,,,,,,matrix representation,,,,matricial representation,,,,1547
fylkja-,pref,,,,,,,,,,matricial,,,,,,,,1535
fylkjungur,na,kk,Eintala,,,,,,,,matroid,,,,,,,,1548
fylliaðgerð,na,kvk,Eintala,,,,,,,,complementation,,,,,,,,1549
fylliatburður,na,kk,Eintala,,,,"andstæða, andstæður atburður",,,,complementary event,,,,complement,,,,6578
fyllilega óbreyttur,ls,kk,Eintala,,,,,,,,fully invariant,,,,,,,,1550
fyllilega tryggur,ls,kk,Eintala,,,,,,,,fully faithful,,,,,,,,1551
fyllilíkindi,na,hk,Fleirtala,,,,,,,,complementary probability,,,,,,,,1552
fyllimengi,na,hk,Eintala,<ref idTerm=3280>Mengjamunur</ref> á forminu \(G \setminus A\) þar sem \(A \subseteq G\) kallast \textit{fyllimengi \(A\) í \(G\)}. Ef enginn vafi leikur á hvert <ref idTerm=3270>mengið</ref> \(G\) sé og við höfum ekki áhuga á því sem er utan \(G\) (sem kallast þá \textit{grunnmengi}) köllum við þennan mengjamun einfaldlega fyllimengi \(A\) og taknum hann með \(A^c\).,"Ýmis önnur tákn þekkjast fyrir fyllimengi \(A\); til dæmis \(\overline{A}\), \(A’\) og \(\mathbf{C}A\). Við höfum sem sagt: \[ A^c = G \setminus A. \] Óformlega má segja að fyllimengið \(A^c\) sé sá hluti grunnmengisins sem liggur utan mengisins \(A\). Á <ref idTerm=6050>Venn-myndum</ref> er venja að tákna grunnmengið með <ref idTerm=4175>rétthyrningi</ef> og á myndinni að neðan er fyllimengið \(A^c\) litað rautt:\n\n\begin{center}\n\includegraphics[width=150px]{myndir/fyllimengi.png}\n\end{center}\n\nUm fyllimengi <ref idTerm=4464>sam-</ref> og <ref idTerm=4928>sniðmengja</ref> gilda reglur De Morgans, sem segja að fyrir sérhver tvö mengi \(A\) og \(B\) gildi: \[ (A \cup B)^c = A^c \cap B^c \quad \text{og} \quad (A \cap B)^c = A^c \cup B^c. \] Jafnframt gilda eftirfarandi reglur fyrir mengin \(A\) og \(B\):\n\n\begin{enumerate}\n    \item \(A \cap A^c = \varnothing\).\n    \item \(A \cup A^c = G\).\n    \item \((A^c)^c = A\).\n    \item \(A \subset B\) ef og aðeins ef \(B^c \subset A^c\).\n\end{enumerate}",,,,,difference,(of a subset) complement,,,,complementary subset,,,,1553
fylling,na,kvk,Eintala,,,,,,,,(in a Boolean algebra etc.) complement,,,,,,,,1554
fyllingarskilyrði,na,hk,Eintala,,,,,,,,complementarity,,,,,,,,1555
fyllirúm,na,hk,Eintala,,,,,,,,(of a linear subspace) complement,,,,"complementary subspace, supplement, supplementary space",,,,1556
fyllitala,na,kvk,Eintala,,,,tölufylling,,,,complementary number,,,,,,,,1557
fyrirframdreifing,na,kvk,Eintala,,,,,,,,a priori distribution,,,,"distribution a priori, prior distribution",,,,1559
fyrirframlíkindi,na,hk,Fleirtala,,,,,,,,a priori probability,,,,prior probability,,,,1560
fyrirframmat,na,hk,Eintala,,,,,,,,a priori estimate,,,,prior estimate,,,,1561
fyrir fram,,,,,,,,,,,a priori,,,,,,,,1558
fyrri teljanleikafrumsendan,na,kvk,Eintala,,,,,,,,first axiom of countability,,,,,,,,1562
fyrsta meginform,na,hk,Eintala,,,,fyrsta undirstöðuform,,,,first fundamental form,,,,,,,,1563
fyrsta stigs,ls,,Eintala,,,,,,,,first-order,,,,,,,,1564
fyrstu raðar,ls,,Eintala,,,,,,,,first-order,,,,,,,,1565
fyrstu stéttar,ls,,Eintala,,,,,,,order,first-order,,,,,,,,1566
fæðingaferli,na,hk,Eintala,,,,,,,,birth process,,,,,,,,1046
fæðingar- og dánarferli,na,hk,Eintala,,,,,,,,birth-and-death process,,,,,,,,1047
fæðingatíðni,na,kvk,Eintala,,,,,,,,birth rate,,,,,,,,1048
færsla,na,kvk,Eintala,,,,,,,,record,,,,,,,,1049
færslufylki,na,hk,Eintala,,,,,,,,(in probability theory) transition matrix,,,,,,,,1050
færslugrúpa,na,kvk,Eintala,,,,,,,,group of transformations,,,,transformation group,,,,1051
færslulíkindi,na,hk,Fleirtala,,,,,,,,transition probability,,,,transition function,,,,6579
földun,na,kvk,Eintala,,,,,,,,convolution,,,,resultant,,,,1330
földunarjafna,na,kvk,Eintala,,,,,,,,convolution equation,,,,,,,,1331
föst færslulíkindi,na,hk,Fleirtala,,,,stöðug færslulíkindi,,,,constant transition probability,,,,,,,,1387
gagnabanki,na,kk,Eintala,,,,,,,,data bank,,,,,,,,1568
gagnasafnsfræði,na,kvk,Eintala,,,,,,,,data base theory,,,,,,,,1570
gagnasafn,na,,Eintala,,,,gagnagrunnur,,,,data base,,,,,,,,1569
gagnavinnsla,na,kvk,Eintala,,,,,,,,data processing,,,,,,,,1571
gagnfágaður,ls,kk,Eintala,,,,,,,,biholomorphic,,,,,,,,1572
gagnkvæmnissetning,na,kvk,Eintala,,,,,,,,reciprocity law,,,,,,,,1573
gagnkvæmur,ls,kk,Eintala,,,,,,,,reciprocal,,,,,,,,1574
gagnræður,ls,kk,Eintala,,,,,,,,birational,,,,,,,,1575
gagnsnið,na,hk,Eintala,,,,,,,,transversality,,,,,,,,1576
gagnsniða,ls,,Eintala,,,,,,,intersect transversally,transversal,,,,,,,,1577
gagnsniðill,na,kk,Eintala,,,,,,,,transversal,,,,,,,,1579
gagnsniðsskilyrði,na,hk,Eintala,,,,,,,,transversality condition,,,,,,,,1580
gagnsníða,ls,,,,,,,,,transversal,intersect transversally,,,,,,,,1578
gagnstæður,ls,kk,Eintala,,,,,,,,antipodal,,,,,,,,1583
gagnstæð stefna,ls,kvk,Eintala,,,,gagnstæð átt,,,,opposite direction,,,,,,,,1581
gagnstæð tala,na,kvk,Eintala,,,,,,,,opposite number,,,,,,,,1582
gagnstætt formerki,na,hk,Eintala,,,,,,,,opposite sign,,,,,,,,1584
gagntekt,na,kvk,Eintala,,,,gagntaka,,,,bijectivity,,,,,,,,1588
gagntilgáta,na,kvk,Eintala,,,,,,,,alternative hypothesis,,,,,,,,1589
gagntækur,ls,kk,Eintala,,,,,,,,bijective,,,,"biunique, one-one, one-to-one, one-to-one onto",,,,1587
gagntæk samsvörun,na,kvk,Eintala,,,,gagnkvæm samsvörun,,,,one-to-one correspondence,,,,,,,,1585
gagntæk vörpun,na,kvk,Eintala,<ref idTerm=3282>Vörpun</ref> sem er bæði <ref idTerm=965>eintæk</ref> og <ref idTerm=351>átæk</ref>.,Eftirfarandi mynd sýnir gagntæka vörpun:\n\n\begin{center}\n\includegraphics[width=150px]{myndir/gagntaek_vorpun.png}\n\end{center},,,,,,bijection,,,,,,,,1586
gagnvegafjarlægð,na,kvk,Eintala,,,,,,,,geodesic distance,,,,,,,,1591
gagnvegafullkominn,ls,kk,Eintala,,,,,,,,geodesically complete,,,,,,,,1592
gagnvegahnit,na,hk,Fleirtala,,,,,,,,central coordinates,,,,geodesic coordinates,,,,1593
gagnvegastreymi,na,hk,Eintala,,,,,,,,geodesic flow,,,,,,,,1594
gagnvega-,pref,,,,,,,,,,geodesic,,,,,,,,1590
gagnvegur,na,kk,Eintala,,,,,,,,geodesic line,,,,geodesic,,,,6580
Galois-grúpa,na,kvk,Eintala,,,,,,,,Galois group,,,,,,,,6581
Galois-kenning,na,kvk,Eintala,,,,,,,,Galois theory,,,,,,,,6582
Galois-útvíkkun,na,kvk,Eintala,,,,Galois-víkkun,,,,Galois extension,,,,normal separable extension,,,,6583
gammafall,na,hk,Eintala,,,,,,,factorial function,gamma function,,,,,,,,1598
ganga upp í,sag,,,Sagt er að <ref idTerm=3475>náttúruleg tala</ref> \(n\) \textit{gangi upp í} náttúrulegri tölu \(m\) ef hægt er að <ref idTerm=685>deila \(m\) með \(n\) án afgangs</ref>.,,,,,,,divide,,,,,,,,1599
gangbestun,na,kvk,Eintala,,,,"kvik bestun, hreyfibestun, hreyfin bestun",,,,dynamic programming,,,,dynamic optimization,,,,1600
gangkerfi,na,hk,Eintala,,,,hreyfikerfi,,,,dynamic system,,,,dynamical system,,,,1601
gataður,ls,kk,Eintala,,,,,,,,punctured,,,,,,,,1602
Gauss-dreifingarfall,na,hk,Eintala,,,,"normlegt dreifingarfall, normlegt dreififall",,,,cumulative normal distribution,,,,normal distribution function,,,,1604
Gauss-dreifing,na,kvk,Eintala,,,,normleg dreifing,,,,Gauss distribution,,,,normal distribution,,,,1603
Gauss-ferill,na,kk,Eintala,,,,normlegur dreififerill,,,,curve of normal distribution,,,,"error curve, error distribution curve, Gaussian curve, Gaussian error curve, normal curve, normal distribution curve, normal error curve, normal frequency curve, normal probability curve",,,,1605
Gauss-ferli,na,hk,Eintala,,,,normlegt ferli,,,,Gaussian process,,,,normal process,,,,1606
Gauss-krappi,na,,Eintala,,,,"Gauss-sveigja, heildarkrappi, heildarsveigja",,,,Gauss curvature,,,,total curvature,,,,1607
Gauss-Markov-metill,na,kk,Eintala,,,,,,,,best unbiased linear estimator,,,,"best estimator, Gauss-Markov estimator",,,,1608
Gauss-tala,na,kvk,Eintala,,,,Gauss-heiltala,,,,complex integer,,,,"Gaussian complex integer, Gaussian integer",,,,1609
gegnvirkni,na,kvk,Eintala,,,,,,,,transitivity,,,,,,,,1611
gegnvirkniregla,na,,Eintala,,,,gegnvirkniháttur,,,,modus barbara,,,,,,,,1612
gegnvirkniregla,na,kvk,Eintala,,,,gegnvirknilögmál,,,,transitive law,,,,,,,,1613
gegnvirkur,ls,kk,Eintala,,,,,,,,transitive,,,,,,,,1614
gegnvirk grúpa,na,kvk,Eintala,,,,,,,,transitive group,,,,,,,,1610
geirahorn,na,hk,Eintala,,,,,,,,sector angle,,,,,,,,1615
geiri,na,kk,Eintala,<ref idTerm=4891>Flatarmynd</ref> sem afmarkast af <ref idTerm=1130>ferilhorni</ref> og <ref idTerm=2276>boganum</ref> sem það <ref idTerm=1130>spannar</ref>.,,,hringgeiri,,,spherical sector,sector,,,,,,,,1616
geislahnit,na,hk,Eintala,,,,,,,,polar radius,,,,"radius, radius vector",,,,1617
geislamarkgildi,na,hk,Eintala,,,,,,,,radial limit,,,,,,,,1618
geisli,na,kk,Eintala,\textit{Geisli} getur bæði átt við <ref idTerm=2958>línustrik</ref> frá miðju <ref idTerm=2295>hrings</ref> í einhvern <ref idTerm=4001>punkt</ref> hans eða <ref idTerm=2860>lengd</ref> línustriksins.,,,hringgeisli,,,,(of a circle) radius,,,,,,,,1619
geisli,na,kk,Eintala,\textit{Geisli} getur bæði átt við <ref idTerm=2958>línustrik</ref> frá miðju <ref idTerm=2319>kúluhvels</ref> í einhvern <ref idTerm=4001>punkt</ref> á kúluhvelinu eða <ref idTerm=2860>lengd</ref> línustriksins.,,,kúlugeisli,,,,(of a sphere) radius,,,,,,,,1620
gera ráð fyrir,sag,,,,,,"setja sem svo, ganga út frá, gefa sér",,,,(a hypothesis) assume,,,,,,,,1621
gerðarfræði,na,kvk,Eintala,,,,,,,,type theory,,,,,,,,1624
gerðarsetning,na,kvk,Eintala,,,,,,,,structure theorem,,,,,,,,1625
gerðarstöðugleiki,na,kk,Eintala,,,,,,,,structural stability,,,,,,,,1626
gerð fylkis,na,kvk,Eintala,,,,,,,,matrix form,,,,,,,,1622
gerð,na,,Eintala,,,,tag,,,,type,,,,,,,,1623
gervihvel,na,hk,Eintala,,,,,,,,pseudosphere,,,,,,,,1628
gervikúptur,ls,kk,Eintala,,,,,,,,pseudoconvex,,,,,,,,1629
gervimál,na,hk,Eintala,,,,,,,,artificial language,,,,,,,,1630
gervislembitölur,na,kvk,Fleirtala,,,,,,,,pseudorandom numbers,,,,,,,,1631
gervi-,pref,,,,,,,,,,pseudo-,,,,,,,,1627
geyma,sag,,,,,,,,,,carry,,,,,,,,1632
geyma,sag,,,,,,,,,,retain,,,,,,,,1633
geymd,na,kvk,Eintala,,,,,,,,carry,,,,carry-over,,,,1634
geymdur tölustafur,na,kk,Eintala,,,,,,,,carry digit,,,,,,,,1636
geymd,na,kvk,Eintala,,,,varðveisla,,,,conservation,,,,,,,,1635
giftingarsetning,na,kvk,Eintala,,,,,,,,marriage theorem,,,,,,,,1637
giftingarverkefni,na,hk,Eintala,,,,,,,,dancing problem,,,,marriage problem,,,,1638
gildamengi,na,hk,Eintala,,,,,,,,value set,,,,,,,,1639
gildisdreifing,na,kvk,Eintala,,,,,,,,value distribution,,,,,,,,1641
gildisdreifingarfræði,na,kvk,Eintala,,,,,,,,value distribution theory,,,,,,,,1642
gildi,na,,Eintala,,,,mynd (staks),,,,(of an element) image,,,,value,,,,1640
gildleiki,na,kk,Eintala,,,,,,,,(of a graph) girth,,,,,,,,1643
gjaldgeng lausn,na,kvk,Eintala,,,,,,,,feasible solution,,,,,,,,1644
gjaldþrot,na,hk,Eintala,,,,hrun,,,,(of a player in a game) ruin,,,,,,,,1645
gleiðhyrndur,ls,kk,Eintala,<ref idTerm=6438>Þríhyrningur</ref> kallast \textit{gleiðhyrndur} ef hann hefur eitt <ref idTerm=1647>gleitt</ref> <ref idTerm=2198>horn</ref>.,Eftirfarandi mynd sýnir gleiðhyrndan þríhyrning:\n\n\begin{center}\n\includegraphics[width=150px]{myndir/gleidhyrndur_thrihyrningur.png}\n\end{center},,sljóhyrndur,,,,(of a triangle) obtuse,,,,,,,,1646
gleiður,ls,kk,Eintala,<ref idTerm=2198>Horn</ref> kallast \textit{gleitt} ef það <ref idTerm=2223>mælist</ref> stærra en <ref idTerm=4167>rétt horn</ref>.,Á eftirfarandi mynd er hornið \(\angle BOC\) gleitt:\n\n\begin{center}\n\includegraphics[width=150px]{myndir/hvasst_gleitt.png}\n\end{center},,sljór,,,,(of an angle) obtuse,,,,,,,,1647
gleitt horn,na,hk,Eintala,,,,"gleiðhorn, sljótt horn, sljóhorn",,,,obtuse angle,,,,,,,,1648
gleymskuvarpi,na,kk,Eintala,,,,,,,,forgetful functor,,,,,,,,1649
gleypið ástand,na,hk,Eintala,,,,,,,,absorbing state,,,,,,,,1650
gleypið mengi,na,hk,Eintala,,,,,,,,absorbing set,,,,,,,,1651
gleypilíkindi,na,hk,Fleirtala,,,,,,,,absorption probability,,,,,,,,1652
gleyping,na,kvk,Eintala,,,,,,,,absorption,,,,,,,,1653
gleypinn,ls,kk,Eintala,,,,,,,,absorbing,,,,,,,,1654
gleypinn tálmi,na,kk,Eintala,,,,,,,,absorbing barrier,,,,,,,,1655
gleypiregla,na,kvk,Eintala,,,,,,,,absorption law,,,,,,,,1656
gloppa,na,kvk,Eintala,,,,,,,,exceptional value,,,,lacunary value,,,,1657
gloppa,na,kvk,Eintala,,,,eyða,,,lacunary value,gap,,,,,,,,1658
gloppuröð,na,kvk,Eintala,,,,eyðuröð,,,,gap series,,,,"lacunar series, lacunary series",,,,1659
gloppusetning,na,kvk,Eintala,,,,eyðusetning,,,,gap theorem,,,,,,,,1660
gná,na,kvk,Eintala,,,,,,,,dominance,,,,,,,,1661
gnæfur,ls,kk,Eintala,,,,,,,,dominant,,,,,,,,1662
grannalgebra,na,kvk,Eintala,,,,,,,,topological algebra,,,,,,,,1669
grannbaugur,na,kk,Eintala,,,,,,,,topological ring,,,,,,,,1670
grannfræði,na,kvk,Eintala,,,,,,,,(theory of topological spaces) topology,,,,analysis situs,,,,1671
grannfræðilegur,,,,,,,grann-,,,,topological,,,,,,,,1673
grannfræðileg óbreyta,na,kvk,Eintala,,,,,,,,topological invariant,,,,,,,,1672
grannfræðingur,na,kk,Eintala,,,,,,,,topologist,,,,,,,,1674
granngrúpa,na,kvk,Eintala,,,,,,,,topological group,,,,,,,,1675
grannhnútur,na,kk,Eintala,,,,grannstæður hnútur,,,,(of a vertex in a graph) adjacent vertex,,,,adjacent node,,,,1676
grannhorn,na,hk,Eintala,"Ef tvö <ref idTerm=2198>horn</ref> hafa einn sameiginlegan <ref idTerm=334>arm</ref> og hinir armarnir eru <ref idTerm=3400>gagnstæðar</ref> <reg idTerm=1840>hálflínur</ref>, þá er sagt að hornin séu \textit{grannhorn}",Á eftirfarandi mynd eru \(\angle COB\) og \(\angle BOA\) grannhorn:\n\n\begin{center}\n\includegraphics[width=150px]{myndir/grannhorn.png}\n\end{center},,aðlæg frændhorn,,,,adjacent supplementary angles,,,,,,,,1677
grannhvel,na,hk,Eintala,,,,,,,,topological sphere,,,,,,,,1678
grannleggur,na,kk,Eintala,,,,grannstæður leggur,,,,adjacent edge,,,,,,,,1679
grannmóta,ls,,,,,,,,,,homeomorphic,,,,topologically equivalent,,,,1680
grannmótun,na,kvk,Eintala,,,,,,,,bicontinuous mapping,,,,"homeomorphic mapping, homeomorphism, topological homeomorphism, topological isomorphism, topological mapping",,,,1681
grannmynstur,na,hk,Eintala,,,,,,,,topological structure,,,,topology,,,,1682
grannnet,na,hk,Eintala,,,,,,,,topological graph,,,,,,,,1683
grannrúm,na,hk,Eintala,,,,,,,,topological space,,,,,,,,1685
grannstæður hornpunktur,na,kk,Eintala,,,,,,,,(of a vertex of a polyhedron) adjacent vertex,,,,,,,,1686
grannsvið,na,hk,Eintala,,,,,,,,topological field,,,,,,,,1687
grannvíðátta,na,kvk,Eintala,,,,,,,,topological manifold,,,,,,,,1688
grannör,na,kvk,Eintala,,,,grannstæð ör,,,arc,adjacent arc,,,,,,,,1684
Grassmann-margfeldi,na,hk,Eintala,,,,"Grassmann-feldi, ytra margfeldi, útfeldi",,,,alternating product,,,,"exterior product, Grassmann product, outer product, wedge product",,,,1689
Grassmann-víðátta,na,kvk,Eintala,,,,,,,,Grassmann manifold,,,,,,,,1690
gráða,na,kvk,Eintala,<ref idTerm=3072>Mælieining</ref> sem oft er notuð til að mæla stærð <ref idTerm=2276>hringboga</ref> og <ref idTerm=2198>horna</ref> sem er fengin með því að skipta <ref idTerm=2295>hring</ref> í 360 <ref idTerm=0>eins</ref> boga sem kallast \textit{gráður} og eru táknaðar með \(1^\circ\).,Eftirfarandi mynd sýnir ýmis horn <ref idTerm=887>einingarhrings</ref> auk stærð þeirra í bæði gráðum og <ref idTerm=478>radíönum</ref>:\n\n\begin{center}\n\includegraphics[width=150px]{myndir/hornamal.png}\n\end{center},,"horngráða, bogagráða",,,deg,angular degree,,,,"degree, degree of angle, degree of arc, sexagesimal degree",,,,1667
gráðubogi,na,kk,Eintala,,,,,,,,protractor,,,,,,,,1668
greinargott mengi,na,hk,Eintala,,,,Súslín-mengi,,,,(in topology) analytic set,,,,"Souslin set, Suslin set",,,,1692
greining,na,kvk,Eintala,,,,"stærðfræðigreining, stærðfræðileg greining",,,"analysis of covariance, analysis of dispersion, analysis of time series, analysis of variance, backward error analysis, calculus, combinatorial analysis, complex analysis, component analysis, constructive analysis, correlation analysis, covariance analysis, differential and integral calculus, differential calculus, diophantine analysis, discriminance analysis, discriminant analysis, discriminatory analysis, dispersion analysis, error analysis, factor analysis, Fourier analysis, functional analysis, global analysis, harmonic analysis, infinitesimal calculus, integral calculus, linear functional analysis, multivariate analysis, multivariate analysis of variance, non-standard analysis, numerical analysis, real analysis, regression analysis, sequential analysis, spectral analysis, spinor analysis, system analysis, tensor analysis, time series analysis, variance analysis, vector analysis",(a mathematical discipline) analysis,,,,mathematical analysis,,,,1693
grein breiðboga,na,kvk,Eintala,,,,grein gleiðboga,,,,branch of a hyperbola,,,,,,,,1691
grennd,na,kvk,Eintala,,,,,,,,neighbourhood,,,,,,,,1694
grenndagrunnur,na,kk,Eintala,,,,grunnur af grenndum,,,,(for a neighbourhood system) base,,,,"base at a point, local base, local basis, neighbourhood base, neighbourhood basis",,,,1695
grenndakerfi,na,hk,Eintala,,,,,,,,neighbourhood system,,,,system of neighbourhoods,,,,1696
grenndarinndragi,na,kk,Eintala,,,,,,,,neighbourhood retract,,,,,,,,1697
grenndasía,na,kvk,Eintala,,,,,,,,neighbourhood filter,,,,,,,,1698
grennsl,na,,,,,,,,,,adjacency,,,,,,,,1699
grennslafylki,na,hk,Eintala,,,,hnútafylki,,,,adjacency matrix,,,,,,,,1700
greyping,na,kvk,Eintala,,,,,,,,embedding,,,,imbedding,,,,1701
greyptur,ls,kk,Eintala,,,,,,,,imbedded,,,,,,,,1703
greypt frymið íðal,na,hk,Eintala,,,,,,,,imbedded primary ideal,,,,,,,,1702
grind,na,kvk,Eintala,,,,,,,,(type of partially ordered set) lattice,,,,,,,,1704
grind,na,kvk,Eintala,,,,,,,,(discrete subgroup in a vector space) lattice,,,,,,,,1705
grindafræði,na,kvk,Eintala,,,,,,,,lattice theory,,,,,,,,1706
grindamótun,na,kvk,Eintala,,,,,,,,lattice homomorphism,,,,,,,,1707
grindargrúpa,na,kvk,Eintala,,,,,,,,lattice group,,,,,,,,1708
grófara grannmynstur,na,hk,Eintala,,,,veikara grannmynstur,,,"finer topology, stronger topology",coarser topology,,,,weaker topology,,,,1711
gróft mat,na,hk,Eintala,,,,,,,,rough estimate,,,,,,,,1712
gróf nálgun,na,kvk,Eintala,,,,,,,,rough approximation,,,,,,,,1709
gróf tala,na,kvk,Eintala,,,,snyrt tala,,,,round figure,,,,,,,,1710
grunnbaugur,na,kk,Eintala,,,,,,,,basic ring,,,,,,,,1714
grunneining,na,kvk,Eintala,,,,,,,,fundamental unit,,,,,,,,1715
grunnflötur,na,kk,Eintala,,,,,,,,(of a solid) base,,,,,,,,1716
grunnform,na,hk,Eintala,,,,,,,,fundamental form,,,,,,,,1717
grunnfylki,na,hk,Eintala,,,,,,,,fundamental matrix,,,,,,,,1718
grunnhorn,na,hk,Eintala,,,,,,,,base angle,,,,,,,,1719
grunnhringur,na,kk,Eintala,,,,,,,,(of a circular cone) base circle,,,,,,,,1720
grunnlausn,na,kvk,Eintala,,,,,,,,basic solution,,,,,,,,1721
grunnlausn,na,kvk,Eintala,,,,stofnlausn,,,,fundamental solution,,,,,,,,1722
grunnlína,na,kvk,Eintala,,,,,,,,(of a triangle) base,,,,,,,,1723
grunnlína,na,kvk,Eintala,,,,,,,,fundamental line,,,,,,,,1724
grunnlota,na,kvk,Eintala,,,,,,,,primitive period,,,,,,,,1725
grunnlota,na,kvk,Eintala,,,,"stofnlota, minnsta lota",,,,fundamental period,,,,,,,,1726
grunnlotukerfi,na,hk,Eintala,,,,,,,,(of periods) fundamental system,,,,,,,,1727
grunnpunktur,na,kk,Eintala,,,,,,,,base point,,,,distinguished element,,,,1728
grunnpunktur,na,kk,Eintala,,,,,,,,fundamental point,,,,,,,,1729
grunnpunktur,na,,Eintala,,,,miðja,,,,(of a pencil) centre,,,,,,,,1730
grunnreikningsaðgerð,na,kvk,Eintala,,,,,,,arithmetic operation,elementary operation,,,,,,,,1731
grunnrúm,na,hk,Eintala,,,,,,,,base space,,,,,,,,1732
grunnstak,na,hk,Eintala,,,,stak í grunni,,,,basic element,,,,basis element,,,,1735
grunnstæð sönnun,na,kvk,Eintala,,,,,,,,elementary proof,,,,,,,,1733
grunnstætt fall,na,hk,Eintala,,,,,,,,elementary function,,,,,,,,1734
grunnsvið,na,hk,Eintala,,,,,,,,base field,,,,"basic field, ground field",,,,1736
grunntala náttúrlegs logra,na,kvk,Eintala,,,,stofntala náttúrlegs logra,,,\(e\),(talan \(e\)) base of natural logarithms,,,,,,,,1737
grunntala,na,kvk,Eintala,,,,stofntala,,,,(of a logarith) base,,,,,,,,1738
grunnur,na,kk,Eintala,,,,opinn grunnur,,,,(for a topology) base,,,,"basis, open base",,,,1740
grunnvigur,na,kk,Eintala,,,,,,,,base vector,,,,basis vector,,,,1741
grunn-,ls,,Eintala,,,,"undirstöðu-, meg\hbox{in{-}.}\ekkipunktur",,,,fundamental,,,,,,,,6584
grúpa,na,kvk,Eintala,,,,,,,,(in algebra) group,,,,,,,,1742
grúpa með virkjum,na,kvk,Eintala,,,,,,,,group with operators,,,,,,,,1743
grúpuaðgerð,na,kvk,Eintala,,,,,,,,group law,,,,,,,,1744
grúpueinsmótun,na,kvk,Eintala,,,,,,,,group isomorphism,,,,,,,,1745
grúpufræði,na,kvk,Eintala,,,,,,,,group theory,,,,,,,,1746
grúpumiðja,na,kvk,Eintala,,,,miðja,,,,(of a group) centre,,,,,,,,1747
grúpumótun,na,kvk,Eintala,,,,grúpusammótun,,,,group homomorphism,,,,,,,,1748
grúpumynstur,na,hk,Eintala,,,,,,,,group structure,,,,,,,,1749
grúpuríki,na,hk,Eintala,,,,,,,,category of groups,,,,,,,,1750
grúputafla,na,kvk,Eintala,,,,,,,,group table,,,,,,,,1751
grúpuútvíkkun,na,kvk,Eintala,,,,grúpuvíkkun,,,,group extension,,,,,,,,1752
grúpuverkun,na,kvk,Eintala,,,,verkun grúpu,,,,group action,,,,group operation,,,,1753
grýpi,na,hk,Eintala,,,,,,,,groupoid,,,,,,,,1755
gullinn rétthyrningur,na,kk,Eintala,"<ref idTerm=4175>Rétthyrningur</ref> með <ref idTerm=2048>hliðarlengdir</ref> \(a,b\) þar sem \(b > a\) sem uppfylla\n\n\[ \n\frac{b-a}{a}=\frac{a}{b}\n.\]",,,,,,,golden rectangle,,,,,,,,1756
gullinsnið,na,hk,Eintala,"<ref idTerm=2072>Hlutfall</ref> <ref idTerm=2048>hliða</ref> í <ref idTerm=1756>gullnum rétthyrningi</ref>, sem hefur gildið \(\frac{1+\sqrt{5}}{2}\), oft táknað \(\varphi\).",,,,,,,golden section,,,,,,,,1757
gæðaeftirlit,na,hk,Eintala,,,,,,,,quality control,,,,,,,,1567
Gödel-tölusetning,na,kvk,Eintala,,,,,,,,gödelization,,,,,,,,1663
gögn,na,hk,Fleirtala,,,,,,,,data,,,,,,,,1664
götuð hringskífa,na,kvk,Eintala,,,,,,,,punctured disk,,,,,,,,1665
götuð tvinntalnaslétta,na,kvk,Eintala,,,,,,,,punctured complex plane,,,,,,,,1666
Haar-mál,na,hk,Eintala,,,,,,,,Haar measure,,,,,,,,1759
hafa í för með sér,sag,,,,,,"leiða af sér, leiða til",,,,entail,,,,"implicate, imply",,,,1805
hafa (lausn),sag,,,,,,,,,,(a solution) admit,,,,,,,,1804
hafna,sag,,,,,,vísa frá,,,,reject,,,,,,,,1807
hagstæður atburður,na,kk,Eintala,,,,,,,,favourable event,,,,,,,,1811
hagstætt tilfelli,na,hk,Eintala,,,,,,,,favourable case,,,,,,,,1812
hagtölfræði,na,kvk,Eintala,,,,,,,,econometrics,,,,,,,,1813
haldagripur,na,kk,Eintala,,,,,,,sphere with handles,handlebody,,,,,,,,1823
haldahvel,na,hk,Eintala,,,,kúluhvel með handföngum,,,handlebody,sphere with handles,,,,,,,,1824
hali,na,kk,Eintala,,,,,,,heads or tails,tail,,,,,,,,1859
hallahorn,na,hk,Eintala,,,,,,,,slope angle,,,,,,,,1860
halli,na,kk,Eintala,,,,,,,"inclination, slope",grade,,,,,,,,1861
halli,na,kk,Eintala,,,,,,,"grade, slope",inclination,,,,,,,,1862
halli,na,,Eintala,"Mælikvarði á halla <ref idTerm=2911>línu</ref> með tilliti til <ref idTerm=6252>x-áss</ref>. Ef \((x_1,y_1)\) og \((x_2,y_2)\) eru tveir <ref idTerm=4001>punktar</ref> sem liggja á línunni (sem má ekki vera <ref idTerm=4509>samsíða</ref> <ref idTerm=6253>y-ás</ref>, þ.e. \(x_1 \neq x_2\)) fæst \textit{hallatala} línunnar með\n\n\[\n\frac{y_2-y_1}{x_2-x_1}\n.\]",,,hallatala,,,"grade, inclination",slope,,,,,,,,1863
hamfarafræði,na,kvk,Eintala,,,,,,,,catastrophe theory,,,,,,,,1869
hamför,na,kvk,Eintala,,,,,,,,catastrophe,,,,,,,,1870
Hamilton-fertala,na,kvk,Eintala,,,,,,,quaternion,Hamilton quaternion,,,,,,,,1871
Hamilton-rás,na,kvk,Eintala,,,,,,,,Hamilton circuit,,,,"Hamilton cycle, hamiltonian circuit, hamiltonian cycle",,,,1872
Hamilton-vegur,na,kk,Eintala,,,,,,,,hamiltonian path,,,,,,,,1873
Hamilton-virki,na,kk,Eintala,,,,,,,,Hamiltonian,,,,,,,,1874
handfang,na,hk,Eintala,,,,,,,,handle,,,,,,,,1876
happ,na,hk,Eintala,,,,,,,,success,,,,,,,,1877
harðger,ls,,Eintala,,,,,,,,robust,,,,,,,,1878
Hartogs-svæði,na,hk,Eintala,,,,,,,,Hartogs domain,,,,,,,,1881
Hausdorff-grannmynstur,na,hk,Eintala,,,,,,,,Hausdorff topology,,,,,,,,1889
Hausdorff-rúm,na,hk,Eintala,,,,,,,,Hausdorff space,,,,separated space,,,,1890
Hausdorff-vídd,na,kvk,Eintala,,,,,,,,Hausdorff dimension,,,,,,,,1891
haus eða sporður,,,,,,,,,,,heads or tails,,,,,,,,1888
háðar hendingar,na,kvk,Fleirtala,,,,,,,,dependent random variables,,,,dependent variates,,,,1760
háðir atburðir,na,kk,Fleirtala,,,,,,,,dependent events,,,,stochastically dependent events,,,,1761
háður,ls,kk,Eintala,,,,,,,"algebraically dependent, linearly dependent",dependent,,,,,,,,1762
háflötur,na,kk,Eintala,,,,,,,,hypersurface,,,,,,,,1806
hágildispunktur,na,kk,Eintala,,,,,,,,maximum point,,,,,,,,1808
hágildissetning,na,,Eintala,,,,"hágildislögmál, háalgildissetning, háalgildislögmál",,,,(for holomorphic functions) maximum principle,,,,"maximum modulus principle, principle of maximum",,,,1810
háíðalarúm,na,hk,Eintala,,,,,,,,maximal ideal space,,,,,,,,1815
háíðal,na,hk,Eintala,,,,óstækkanlegt íðal,,,,maximal ideal,,,,,,,,1814
hákeðja,na,kvk,Eintala,,,,óstækkanleg keðja,,,,maximal chain,,,,,,,,1816
hákeðjulögmál Hausdorffs,na,hk,Eintala,,,,,,,,Hausdorff maximal principle,,,,maximal chain principle,,,,1817
hálágmark,na,hk,Eintala,,,,,,,,minimax,,,,,,,,1818
hálágmarkslausn,na,kvk,Eintala,,,,,,,,minimax solution,,,,,,,,1819
hálágmarksleikáætlun,na,kvk,Eintala,,,,hálágmarksáætlun,,,,minimax strategy,,,,,,,,1820
hálágmarkslögmál,na,,Eintala,,,,fjalldalaregla,,,,maximum-minimum principle,,,,minimax principle,,,,1821
hálágmarkssetning,na,kvk,Eintala,,,,,,,,minimax theorem,,,,,,,,1822
hálfákveðinn,ls,kk,Eintala,,,,,,,,semidefinite,,,,,,,,1827
hálfás,na,kk,Eintala,,,,,,,,semi-axis,,,,,,,,1828
hálfbaugur,na,kk,Eintala,,,,,,,,semi-ring,,,,,,,,1829
hálfeinfaldur,ls,kk,Eintala,,,,,,,,semisimple,,,,,,,,1830
hálffirð,na,kvk,Eintala,,,,,,,,quasi-metric,,,,,,,,1831
hálffleygaður varpi,na,kk,Eintala,,,,,,,,half-exact functor,,,,,,,,1832
hálfgildingsfirð,na,kvk,Eintala,,,,gervifirð,,,,pseudo-metric,,,,semimetric,,,,1833
hálfgrúpa,na,kvk,Eintala,,,,,,,monoid,demigroup,,,,"hemigroup, semigroup",,,,1834
hálfgrúpumótun,na,kvk,Eintala,,,,,,,,semigroup homomorphism,,,,,,,,1835
hálfhliðarregla,na,kvk,Eintala,,,,,,,,half-side formula,,,,,,,,1836
hálfhornrækinn,ls,kk,Eintala,,,,,,,,quasi-conformal,,,,,,,,1837
hálfhringur,na,kk,Eintala,<ref idTerm=2276>Hringbogi</ref> milli endapunkta <ref idTerm=3325>miðstrengs</ref> <ref idTerm=2295>hrings</ref>.,,,,,,,semicircle,,,,,,,,1838
hálfhvel,na,hk,Eintala,,,,,,,,hemisphere,,,,,,,,1839
hálflína,na,kvk,Eintala,<ref idTerm=457>Bil</ref> sem hefur nákvæmlega einn endapunkt.,"Eftirfarandi myndir sýna mismunandi gerðir hálflína:\n\n\begin{center}\n\includegraphics[width=150px]{myndir/lokud_halflina_pos.png}\n\end{center}\n\begin{center}\n\includegraphics[width=150px]{myndir/opin_halflina_pos.png}\n\end{center}\n\begin{center}\n\includegraphics[width=150px]{myndir/lokud_halflina_neg.png}\n\end{center}\n\begin{center}\n\includegraphics[width=150px]{myndir/opin_halflina_neg.png}\n\end{center}\n\nÁ fyrstu myndinni má sjá hálflínuna \([a,\infty)\), á annarri myndinni hálflínuna \((a,\infty)\), á þriðju myndinni hálflínuna \((-\infty,a]\) og á seinustu myndinni hálflínuna \((-\infty,a)\).",,,,,,half-line,,,,ray,,,,1840
hálflínulegur,ls,kk,Eintala,,,,,,,,semilinear,,,,,,,,1841
hálflograpappír,na,kk,Eintala,,,,,,,,semilogarithmic paper,,,,,,,,1842
hálflokað bil,na,hk,Eintala,Samheiti fyrir <ref idTerm=1844>hálfopið bil</ref>.,,,,,,half-open interval,half-closed interval,,,,semi-closed interval,,,,1843
hálfopið bil,na,hk,Eintala,<ref idTerm=457>Bil</ref> með tvo endapunkta sem inniheldur nákvæmlega einn þeirra.,Eftirfarandi myndir sína hálfopin bil:\n\n\begin{center}\n\includegraphics[width=150px]{myndir/halfopid_bil.png}\n\includegraphics[width=150px]{myndir/halflokad_bil.png}\n\end{center}\n\nÁ fyrri myndinni inniheldur bilið einungis hægri endapunkt sinn og á síðari myndinni inniheldur bilið einungis vinstri endapunkt sinn.,,,,,half-closed interval,half-open interval,,,,semi-open interval,,,,1844
hálfrúm,na,hk,Eintala,,,,,,,,half-space,,,,,,,,1845
hálfsamfelldni,na,kvk,Eintala,,,,,,,,semicontinuity,,,,,,,,1846
hálfsamfelldur,ls,kk,Eintala,,,,,,,,semicontinuous,,,,,,,,1847
hálfsamfelldur að neðan,ls,kk,Eintala,,,,,,,,lower semi-continuous,,,,lower continuous,,,,1848
hálfsamfelldur að ofan,ls,kk,Eintala,,,,,,,,upper semi-continuous,,,,upper continuous,,,,1849
hálfslétta,na,kvk,Eintala,,,,,,,,half-plane,,,,,,,,1850
hálfstaðall,na,kk,Eintala,,,,hálfgildingsstaðall,,,,pseudonorm,,,,seminorm,,,,1851
hálfstig,na,hk,Eintala,,,,,,,"in-degree, out-degree",semi-degree,,,,,,,,1852
hálftvílínulegur,ls,kk,Eintala,,,,,,,,sesquilinear,,,,,,,,1853
hálfur langás,na,kk,Eintala,,,,,,,major axis,semimajor axis,,,,,,,,1854
hálfur meginás,na,kk,Eintala,,,,,,,transverse axis,semitransverse axis,,,,,,,,1855
hálfur miðstrengur,na,kk,Eintala,,,,,,,,(of a conic) semi-diameter,,,,,,,,1856
hálfur skammás,na,kk,Eintala,,,,,,,minor axis,semiminor axis,,,,,,,,1857
hálfur þverás,na,kk,Eintala,,,,,,,conjugate axis,semiconjugate axis,,,,,,,,1858
hálf lota,na,kvk,Eintala,,,,hálflota,,,,half-period,,,,,,,,1825
hálf-,,,,,,,næstum,,,,quasi-,,,,,,,,1826
hámarka,sag,,,,,,,,,,maximize,,,,,,,,1864
hámarkalágmörkun,na,kvk,Eintala,,,,,,,,minimax,,,,,,,,1865
hámarksleikáætlun,na,kvk,Eintala,,,,hámarksáætlun,,,optimum strategy,maximum strategy,,,,,,,,1866
hámarksskekkja,na,kvk,Eintala,,,,,,,,limit of error,,,,"maximum error, limiting error",,,,1867
hámarksstaðall,na,kk,Eintala,,,,,,,,supremum norm,,,,,,,,1868
hámörkun,na,kvk,Eintala,,,,,,,,maximization,,,,,,,,1875
háreisn,na,kvk,Eintala,,,,,,,,leptokurtosis,,,,peakedness,,,,1879
háreistur,ls,kk,Eintala,,,,,,,"kurtosis, mesokurtic, platikurtic",leptokurtic,,,,peaked,,,,1880
háslétta,na,kvk,Eintala,,,,,,,,hyperplane,,,,,,,,1882
hástak,na,hk,Eintala,,,,óstækkanlegt stak,,,,maximal element,,,,,,,,1883
háttargrind,na,kvk,Eintala,,,,,,,,modular lattice,,,,,,,,1884
háttarlögmál,na,hk,Eintala,,,,,,,,modular identity,,,,"modular axiom, modular law",,,,1885
háttarökfræði,na,kvk,Eintala,,,,,,,,modal logic,,,,,,,,1886
háttur,na,kk,Eintala,,,,,,,,modality,,,,mode,,,,1887
hávísir,na,kk,Eintala,,,,brjóstvísir,,,,superscript,,,,upper index,,,,1892
há-,,,,,,,óstækkanlegur,,,,maximal,,,,,,,,1758
hefja í annað veldi,sag,,,,,,,,,,square,,,,,,,,1894
hefja (í veldi),sag,,,,,,,,,,(to a power) raise,,,,,,,,1893
heilbaugur,na,kk,Eintala,,,,,,,,(in algebra) domain,,,,"domain of integrity, entire ring, integral domain, integral ring",,,,1898
heild,na,kvk,Eintala,,,,,,,,whole,,,,,,,,1899
heildajafna,na,kvk,Eintala,,,,tegurjafna,,,,integral equation,,,,,,,,1902
heildanlegur,ls,kk,Eintala,,,,tegranlegur,,,,integrable,,,,,,,,1903
heildanleikaskilyrði,na,hk,Eintala,,,,tegranleikaskilyrði,,,,integrability condition,,,,,,,,1904
heildanleiki,na,kk,Eintala,,,,tegranleiki,,,,integrability,,,,,,,,1905
heildarafleiða,na,kvk,Eintala,,,,,,,derivative,total derivative,,,,,,,,1906
heildareikningur,na,kk,Eintala,,,,tegurreikningur,,,"differential and integral calculus, integration theory",integral calculus,,,,,,,,1907
heildarfylgni,na,kvk,Eintala,,,,,,,,overall correlation,,,,total correlation,,,,1908
heildari,na,kk,Eintala,,,,tegrari,,,,(in a Stieltes integral) integrator,,,,,,,,1909
heildarlausn,na,kvk,Eintala,,,,"almenn lausn, fullkomin lausn",,,,complete solution,,,,general solution,,,,1910
heildarskekkja,na,kvk,Eintala,,,,,,,,total error,,,,,,,,1911
heildarsumma,na,kvk,Eintala,,,,,,,,grand total,,,,,,,,1912
heildarsumma,na,kvk,Eintala,,,,lokasumma,,,,total,,,,total sum,,,,1913
heildarvik,na,hk,Eintala,,,,,,,,total variation,,,,,,,,1914
heilda,sag,,,,,,tegra,,,,integrate,,,,,,,,1901
heilda-,pref,,,,,,"heildunar-, heildis-, tegur-",,,,integral,,,,,,,,1900
heildisformúla,na,kvk,Eintala,,,,tegurformúla,,,,integral formula,,,,,,,,1917
heildisfærsla,na,kvk,Eintala,,,,"heildismyndun, heildisummyndun, tegurfærsla, tegurmyndun, tegurummyndun",,,,integral transform,,,,,,,,1916
heildismælir,na,kk,Eintala,,,,tegurmælir,,,,integrimeter,,,,,,,,1918
heildispróf,na,hk,Eintala,,,,tegurpróf,,,,integral convergence test,,,,integral test,,,,1919
heildissetning,na,kvk,Eintala,,,,tegursetning,,,,integral theorem,,,,,,,,1920
heildisstofn,na,kk,Eintala,,,,tegurstofn,,,,integrand,,,,,,,,1921
heildisteiknari,na,kk,Eintala,,,,tegurteiknari,,,,integraph,,,,,,,,1922
heildisvirki,na,kk,Eintala,,,,"heildunarvirki, tegurvirki, tegrunarvirki",,,,integral operator,,,,,,,,1924
heildisvíðátta,na,kvk,Eintala,,,,,,,,integral manifold,,,,,,,,1923
heildi,na,hk,Eintala,,,,tegur,,,,integral,,,,,,,,1915
heildunarbil,na,hk,Eintala,,,,tegrunarbil,,,,integration interval,,,,,,,,1927
heildunarbreyta,na,kvk,Eintala,,,,tegrunarbreyta,,,,integration variable,,,,,,,,1928
heildunarfasti,na,kk,Eintala,,,,tegrunarfasti,,,,integration constant,,,,,,,,1929
heildunarferill,na,kk,Eintala,,,,"heildunarvegur, tegrunarferill, tegrunarvegur",,,,path of integration,,,,,,,,1930
heildunarfræði,na,kvk,Eintala,,,,tegurfræði,,,,integration theory,,,,,,,,1931
heildunarsvæði,na,hk,Eintala,,,,tegrunarsvæði,,,,domain of integration,,,,,,,,1932
heildunarvirki,na,kk,Eintala,,,,tegrunarvirki,,,,integration operator,,,,,,,,1933
heildunarþáttur,na,kk,Eintala,,,,tegrunarþáttur,,,,integrating factor,,,,,,,,1934
heildun með innsetningu,na,kvk,Eintala,,,,"tegrun með innsetningu, innsetningaraðferð",,,,integration by substitution,,,,,,,,1925
heildun,na,kvk,Eintala,,,,tegrun,,,quadrature,integration,,,,,,,,1926
heill,ls,kk,Eintala,,,,,,,,entire,,,,integral,,,,1935
heillega lokaður,ls,kk,Eintala,,,,,,,,integrally closed,,,,,,,,1939
heillegur,ls,kk,Eintala,,,,,,,"integral closure, integral extension",integral,,,,,,,,1940
heilleg lokun,na,kvk,Eintala,,,,,,,,integral closure,,,,,,,,1937
heilleg útvíkkun,na,kvk,Eintala,,,,"heilleg baugsútvíkkun, heilleg víkkun, heilleg baugsvíkkun",,,,integral extension,,,,integral ring extension,,,,1938
heill snúningur,na,kk,Eintala,,,,,,,,revolution,,,,,,,,1936
heilsteyptur töfraferningur,na,kk,Eintala,,,,,,,,diabolic magic square,,,,"pandiagonal magic square, perfect magic square",,,,1944
heilsteyptur,ls,kk,Eintala,,,,fullgerður,,,,perfect,,,,,,,,1945
heilsteypt grúpa,na,kvk,Eintala,,,,,,,,perfect group,,,,,,,,1941
heilsteypt mengi,na,hk,Eintala,,,,,,,,perfect set,,,,,,,,1942
heilsteypt net,na,hk,Eintala,,,,,,,,perfect graph,,,,,,,,1943
heiltölubestun,na,kvk,Eintala,,,,,,,,integer programming,,,,,,,,1950
heiltölufylki,na,hk,Eintala,,,,,,,,integral matrix,,,,,,,,1951
heiltölugildur,ls,kk,Eintala,,,,,,,,integer-valued,,,,,,,,1952
heiltöluhjúpur,na,kk,Eintala,,,,,,,,integer hull,,,,,,,,1953
heiltöluhlutafall,na,hk,Eintala,,,,gólffall,,,"entier, integer part, integral part, ceiling function",floor function,,,,"greatest integer function, square bracket function",,,,1954
heiltöluhluti,na,kk,Eintala,,,,,,,"floor function, greatest integer function, square bracket function",entier,,,,"integer part, integral part",,,,1955
heiltölulausn,na,kvk,Eintala,,,,,,,,integer solution,,,,,,,,1956
heilt fall,na,hk,Eintala,,,,,,,,entire function,,,,integral function,,,,1946
heilt margfeldi,na,hk,Eintala,,,,margfeldi,,,,integral multiple,,,,multiple,,,,1947
heilt rætt fall,na,,Eintala,"<ref idTerm=5097>Stæða</ref> af gerðinni \[a_{n}x^n + a_{n-1}x^{n-1} + \ldots + a_{1}x + a_{0},\] þar sem \(a_{0},\ldots,a_{n}\) eru <ref idTerm=4093>rauntölur</ref> og \(a_{n} \neq 0\), kallast \textit{margliða}. \n\nTölurnar \(a_{0}, \ldots, a_{n}\) kallast \textit{stuðlar} margliðunnar og kallast þá \(a_{n}\) \textit{forystustuðull} hennar og \(a_{0}\) \textit{fastastuðull} hennar. <ref idTerm=5102>Stærðirnar</ref> \(a_{i}x^i\) kallast \textit{liðir} margliðunnar og kallast þá \(a_{n}x^n\) \textit{forystuliður} hennar og \(a_{0}\) \textit{fastaliður} hennar.\n\nTalan \(n\) kallast \textit{stig} margliðunnar og er það táknað með \(\text{deg}(P)\).","Stuðlar margliðu þurfa ekki endilega að vera rauntölur. Almennt þarf <ref idTerm=3270>stuðlamengið</ref> bara að vera <ref idTerm=419>baugur</ref>. Þegar allir stuðlar gefinnar margliðu koma úr einhverju gefnu <ref idTerm=5415>talnakerfi</ref> \(\mathbb{K}\) sem hefur svipaða <ref idTerm=803>eiginleika</ref> og \(\mathbb{Z}\), \(\mathbb{Q}\), \(\mathbb{R}\) eða \(\mathbb{C}\), þá er sagt að hún sé \textit{margliða yfir \(\mathbb{K}\)}. Oft má líta á gefna margliðu sem margliðu yfir mörg mismunandi talnamengi.",,margliða,,,,entire rational function,,,,polynomial,,,,1948
heilt stak,na,hk,Eintala,,,,heilstak,,,,integral element,,,,,,,,1949
heil línuleg færsla,na,kvk,Eintala,,,,,,,,entire linear transformation,,,,,,,,1895
heil tala,na,kvk,Eintala,<ref idTerm=3270>Mengið</ref> \(\mathbb{Z}=\mathbb{N} \cup (-\mathbb{N})\) kallast mengi \textit{heillra talna},,,heiltala,,,algebraic integer,integer,,,,"integral number, rational integer, whole number",,,,1896
heil veldaröð,na,kvk,Eintala,,,,,,,,entire power series,,,,,,,,1897
heimfærður,ls,kk,Eintala,,,,,,,,applied,,,,,,,,1958
heimfærð stærðfræði,na,kvk,Eintala,,,,,,,,applied mathematics,,,,,,,,1957
heiti,na,hk,Eintala,,,,,,,,(in logic) term,,,,,,,,1959
helminga,sag,,,,,,,,,,bisect,,,,,,,,1960
helmingalína,na,kvk,Eintala,,,,,,,,bisecting line,,,,"bisector, bisectrix",,,,1961
helmingalína horns,na,kvk,Eintala,<ref idTerm=2911>Lína</ref> sem fer í gegnum <ref idTerm=3661>oddpunkt</ref> <ref idTerm=2198>horns</ref> og skiptir horninu í tvö <ref idTerm=0>eins</ref> horn kallast \textit{helmingalína hornsins},Stundum á orðið helmingalína einungis við <ref idTerm=1840>hálflínuna</ref> með endapunkt í oddpunkti hornsins sem liggur innaní horninu. Eftirfarandi mynd sýnir helmingalínu hornsins \(A\):\n\n\begin{center}\n\includegraphics[width=150px]{myndir/helmingalina.png}\n\end{center} \n\nHelmingalínur horna <ref idTerm=6438>þríhyrnings</ref> <ref idTerm=4771>skerast</ref> allar í einum <ref idTerm=4001>punkti</ref> en <ref idTerm=4845>skurðpunkturinn</ref> er miðja <ref idTerm=2418>innritaðs hrings</ref> þríhyrningsins.,,,,,bisector,angle bisector,,,,,,,,1962
helmingaslétta,na,kvk,Eintala,,,,,,,,bisecting plane,,,,,,,,1963
helmingun,na,kvk,Eintala,,,,,,,,bisection,,,,halving,,,,1964
hending,na,kvk,Eintala,,,,"slembibreyta, slembistærð, slemba",,,,aleatory variable,,,,"chance variable, random variable, stochastic variable, variate",,,,1965
herma,na,kvk,Eintala,,,,meðsveiflun,,,,resonance,,,,,,,,1966
herming,na,kvk,Eintala,,,,,,,,simulation,,,,,,,,1967
hermískt form,na,hk,Eintala,,,,Hermite-form,,,"antihermitian form, antihermitian sesquilinear form, hermitian inner product, inner product, scalar product",hermitian sesquilinear form,,,,"hermitian bilinear form, hermitian form",,,,1969
hermískt innfeldisrúm,na,hk,Eintala,,,,"hermískt rúm, innfeldisrúm",,,euclidean inner product space,hermitian inner product space,,,,"hermitian space, inner product space, unitary space",,,,1971
hermískt innfeldi,na,hk,Eintala,,,,innfeldi,,,"euclidean inner product, hermitian sesquilinear form",hermitian inner product,,,,"inner product, scalar product",,,,1970
hermískur,ls,kk,Eintala,,Einnig ritað með upphafsstaf: {\it Hermitian},,,,,self-adjoint,hermitian,,,,,,,,1972
hermískur virki,na,kk,Eintala,,,,,,,symmetric operator,hermitian operator,,,,,,,,1973
hermísk firð,na,kvk,Eintala,,,,Hermite-firð,,,,hermitian metric,,,,,,,,1968
Heronsregla,na,kvk,Eintala,"Ef <ref idTerm=6438>þríhyrningur</ref> hefur <ref idTerm=0>hliðarlengdir</ref> \(a, b\) og \(c\) og \(s=\frac{1}{2}(a+b+c)\) er hálft <ref idTerm=5774>ummálið</ref>, þá segir \textit{regla Herons} að <ref idTerm=1265>flatarmál</ref> þríhyrningsins sé \(\) F = \sqrt{s (s - a)(s - b)(s - c)}. \(\)","\begin{center}\n\includegraphics[width=150px]{myndir/heron.png}\n\end{center}\n\nEf þríhyrningurinn hér að ofan hefur hliðarlengdir \(a=13\), \(b=16\) og \(c=21\) þá er \(s=25\) og við getum reiknað flatarmálið með \[ F = \sqrt{25\cdot (25-13)\cdot (25-16) \cdot (25-21)}=30\cdot \sqrt{15} .\]",,,,,,Heron's formula,,,,,,,,1974
herping,na,,Eintala,,,,samdráttur,,,,contraction,,,,contractive mapping,,,,1975
Hesse-ákveða,na,kvk,Eintala,,,,,,,,Hessian determinant,,,,Hessian,,,,1976
Hesse-fylki,na,hk,Eintala,,,,,,,,Hessian matrix,,,,,,,,1977
Hilbert-rúm,na,hk,Eintala,,,,,,,,Hilbert space,,,,,,,,1978
Hilbert-teningur,na,kk,Eintala,,,,,,,,Hilbert cube,,,,,,,,1979
himinaflfræði,na,kvk,Eintala,,,,"himinhreyfingafræði, hnatthreyfingafræði",,,,celestial mechanics,,,,,,,,1980
himinhvel,na,hk,Eintala,,,,"himinhvolf, himinhvelfing, himinkúla",,,,celestial sphere,,,,,,,,1981
hindranafræði,na,kvk,Eintala,,,,,,,,obstruction theory,,,,,,,,1982
hindrun,na,kvk,Eintala,,,,,,,,obstruction,,,,,,,,1983
hitajafna,na,kvk,Eintala,,,,varmaleiðnijafna,,,,heat equation,,,,,,,,1984
hjartaferill,na,kk,Eintala,,,,,,,,cardioid,,,,,,,,2007
hjáaðoka,ls,,Eintala,,,,aðoka frá hægri,,,"adjoint, left-adjoint",coadjoint,,,,right-adjoint,,,,1985
hjáalgebra,na,kvk,Eintala,,,,,,,,coalgebra,,,,,,,,1986
hjáendanlegur,ls,kk,Eintala,,,,,,,,cofinite,,,,,,,,1987
hjáfylki,na,hk,Eintala,,,,"bylt hjáþáttafylki, bylt fylgiþáttafylki",,,,(transposed cofactor matrix) adjoint matrix,,,,"adjoint, adjugate matrix",,,,6585
hjágrúpa,na,kvk,Eintala,,,,,,,,cogroup,,,,,,,,1988
hjáhæð,na,kvk,Eintala,,,,dýpt,,,,coheight,,,,depth,,,,1989
hjájaðar,na,kk,Eintala,,,,,,,,coboundary,,,,,,,,1990
hjájaðarvirki,na,kk,Eintala,,,,,,,,coboundary operator,,,,,,,,1991
hjájaðra,ls,,Eintala,,,,,,,,cobordant,,,,,,,,1992
hjájöðrun,na,kvk,Eintala,,,,,,,,cobordism,,,,,,,,1993
hjákarteskur ferningur,na,kk,Eintala,,,,,,,,cocartesian square,,,,push-out diagram,,,,1994
hjákeðja,na,kvk,Eintala,,,,,,,,cochain,,,,,,,,1995
hjákeðjufléttingur,na,kk,Eintala,,,,,,,,cochain complex,,,,,,,,1996
hjákjarni,na,kk,Eintala,,,,,,,,cokernel,,,,,,,,1997
hjálokaður,ls,kk,Eintala,,,,,,,,coclosed,,,,,,,,1998
hjálparlína,na,kvk,Eintala,,,,,,,,auxiliary line,,,,,,,,1999
hjálparsetning,na,kvk,Eintala,,,,,,,,lemma,,,,,,,,2000
hjálparsetning Zorns,na,kvk,Eintala,,,,,,,,principle of Zorn,,,,Zorn's lemma,,,,2001
hjámagurt mengi,na,hk,Eintala,,,,,,,,residual set,,,,,,,,2002
hjámargfeldi,na,,Eintala,,,,summa,,,direct sum,coproduct,,,,sum,,,,2003
hjámengi,na,hk,Eintala,,,,,,,residue class,coset,,,,,,,,2004
hjámynd,na,kvk,Eintala,,,,,,,,coimage,,,,,,,,2005
hjárás,na,kvk,Eintala,,,,,,,,cocycle,,,,,,,,2006
hjásamtoga,ls,,,,,,,,,,cohomotopic,,,,,,,,2008
hjásamtogun,na,kvk,Eintala,,,,,,,,cohomotopy,,,,,,,,2009
hjásvipfræði,na,kvk,Eintala,,,,,,,,cohomology,,,,,,,,2010
hjásvipfræði,na,kvk,Eintala,,,,,,,,cohomology theory,,,,,,,,2011
hjásvipfræðibaugur,na,kk,Eintala,,,,,,,,cohomology ring,,,,,,,,2012
hjásvipfræðiflokkur,na,kk,Eintala,,,,,,,,cohomology class,,,,,,,,2013
hjásvipfræðigrúpa,na,kvk,Eintala,,,,,,,,cohomology group,,,,,,,,2014
hjátrefjasumma,na,kvk,Eintala,,,,trefjasumma,,,,cofibred sum,,,,"fibre sum, fibred sum, push-out",,,,2015
hjátrefjun,na,kvk,Eintala,,,,,,,,co-fibering,,,,,,,,2016
hjávarpi,na,kk,Eintala,,,,"andbrigður varpi, mótbrigður varpi",,,,cofunctor,,,,contravariant functor,,,,2017
hjávigur,na,kk,Eintala,,,,hjávektor,,,,covector,,,,,,,,2019
hjávídd,na,kvk,Eintala,,,,fyllivídd,,,,codimension,,,,,,,,2018
hjáþáttafylki,na,hk,Eintala,,,,fylgiþáttafylki,,,,cofactor matrix,,,,,,,,2020
hjáþáttur,na,kk,Eintala,,,,fylgiþáttur,,,,algebraic adjunct,,,,cofactor,,,,2021
hjól,na,hk,Eintala,,,,,,,,(of a cycloid) generating circle,,,,rolling circle,,,,2022
hjól,na,hk,Eintala,,,,,,,,wheel,,,,,,,,2023
hjólferill,na,kk,Eintala,,,,,,,,common cycloid,,,,cycloid,,,,2024
hjólflatarhnútur,na,kk,Eintala,,,,,,,,torus knot,,,,,,,,2025
hjólflötungur,na,kk,Eintala,,,,hjólþykkvi,,,,solid torus,,,,"tore, torus",,,,2026
hjólflötur,na,,Eintala,,,,hringfeldi,,,,anchor ring,,,,"ring surface, torus",,,,2027
hjúfrun,na,kvk,Eintala,,,,,,,,osculation,,,,,,,,2028
hjúfurhringur,na,kk,Eintala,,,,"krappahringur, sveigjuhringur",,,,circle of curvature,,,,osculating circle,,,,2030
hjúfurhvel,na,,Eintala,,,,"krappahvel, sveigjuhvel, hjúfurkúla, krappakúla, sveigjukúla",,,,osculating sphere,,,,sphere of curvature,,,,2031
hjúfurslétta,na,kvk,Eintala,,,,,,,,osculating plane,,,,,,,,2032
hjúfursnertill,na,kk,Eintala,,,,,,,,osculating tangent,,,,,,,,2033
hjúfur-,pref,,,,,,,,,,osculating,,,,,,,,2029
hjúpferill,na,kk,Eintala,,,,,,,,envelope,,,,enveloping curve,,,,2034
hjúpflötur,na,kk,Eintala,,,,,,,,envelope,,,,enveloping surface,,,,2035
hjúpur,na,kk,Eintala,,,,,,,,envelope,,,,,,,,2036
hjúpur,na,kk,Eintala,,,,,,,"closed hull, closed convex hull, convex hull",hull,,,,,,,,2037
hlaupakommureikningur,na,kk,Eintala,,,,,,,,floating point arithmetic,,,,,,,,2038
hlaupandi meðaltal,na,hk,Eintala,,,,,,,,consecutive mean,,,,"moving average, running mean, sliding average",,,,2039
hlaupandi,ls,kk,Eintala,,,,breytilegur,,,variable,running,,,,,,,,2040
hlaupavísir,na,kk,Eintala,,,,breytilegur vísir,,,,running index,,,,variable index,,,,2041
hleðsla,na,kvk,Eintala,,,,,,,,charge,,,,,,,,2042
hlekking,na,,Eintala,,,,"hlekkjafesti, festi",,,,link,,,,,,,,2043
hlekkjaður,ls,kk,Eintala,,,,"samhlekkjaður, samslunginn",,,,interlaced,,,,"linked, intertwined",,,,2044
hlekkjunartala,na,kvk,Eintala,,,,,,,,linking number,,,,looping coefficient,,,,2045
hlekkur,na,kk,Eintala,,,,,,,,link,,,,,,,,2046
hliðarhorn,na,hk,Eintala,,,,,,,,face angle,,,,,,,,2049
hliðarsetning,na,kvk,Eintala,,,,samantekt,,,,scholium,,,,,,,,2050
hliðarvirki,na,kk,Eintala,,,,,,,,face operator,,,,,,,,2051
hliðhjólferill,na,kk,Eintala,,,,,,,,paracycloid,,,,,,,,2052
hliðraður,ls,kk,Eintala,,,,,,,,(of linear systems) inhomogeneous,,,,non-homogeneous,,,,2053
hliðranagrúpa,na,kvk,Eintala,,,,,,,,group of translations,,,,translation group,,,,2054
hliðruð línuleg deildajafna,na,kvk,Eintala,,,,hliðruð línuleg diffurjafna,,,,inhomogeneous linear differential equation,,,,non-homogeneous linear differential equation,,,,2055
hliðrun,na,kvk,Eintala,"<ref idTerm=5779>Færsla</ref> \(\tau\) á tiltekinni <ref idTerm=4884>sléttu</ref> kallast \textit{hliðrun} ef hún hefur eftirfarandi tvo <ref idTerm=803>eiginleika</ref>:\n\n\begin{enumerate}\n    \item <ref idTerm=1204>fjarlægðin</ref> milli \(A\) og \(\tau(A)\) er sú sama fyrir alla <ref idTerm=4001>punkta</ref> \(A\),\n    \item <ref idTerm=1840>hálflínurnar</ref> frá \(A\) í gegnum \(\tau(A)\) tilgreina sömu <ref idTerm=5135>stefnuna</ref> fyrir alla punkta \(A \neq \tau(A)\)\n\end{enumerate}","Hlutlausa færslan telst líka til hliðrana; hún hefur hinsvegar enga tiltekna stefnu. Hliðranir hafa eftirfarandi eiginleika:\n\n\begin{enumerate}\n    \item Hliðranir varðveita lengdir allra <ref idTerm=2958>strika</ref> og eru því <ref idTerm=1328>flutningar</ref>.\n    \item Ef \(\tau\) er hliðrun, þá eru línurnar \(l\) og \(\tau(l)\) <ref idTerm=4509>samsíða</ref>. Einu flutningarnir sem hafa þennan eiginleika eru hliðranir og <ref idTerm=0>punktspeglanir</ref>.\n    \item Flutningur sem heldur engum punkti kyrrum er hliðrun.\n    \item Samskeyting tveggja hliðrana er hliðrun.\n\end{enumerate}",,,,,,parallel displacement,,,,translation,,,,2056
hliðrun til hægri,na,kvk,Eintala,,,,hægri hliðrun,,,,right translation,,,,,,,,2057
hliðrun til vinstri,na,kvk,Eintala,,,,vinstri hliðrun,,,,left translation,,,,,,,,2058
hlið,na,,Eintala,Sjá <ref idTerm=3161>marghyrningur</ref>.,,,"hliðarlína, hliðarstrik",,,,(of a polygon) side,,,,,,,,2048
hlutafleiða,na,kvk,Eintala,,,,,,,partial differential coefficient,partial derivative,,,,,,,,2059
hlutafleiða (í punkti),na,kvk,Eintala,,,,,,,partial derivative,partial differential coefficient,,,,,,,,2060
hlutafleiðujafna,na,kvk,Eintala,,,,,,,,partial differential equation,,,,,,,,2061
hlutafleiðuvirki,na,kk,Eintala,,,,,,,,partial differential operator,,,,,,,,2062
hlutalgebra,na,kvk,Eintala,,,,,,,,subalgebra,,,,,,,,2064
hlutákveða,na,kvk,Eintala,,,,,,,,minor,,,,"minor determinant, subdeterminant",,,,2063
hlutbaugur,na,kk,Eintala,,,,,,,,subring,,,,,,,,2065
hlutbil,na,hk,Eintala,,,,,,,,subinterval,,,,,,,,2066
hlutbrot,na,hk,Eintala,,,,,,,,partial quotient,,,,,,,,2067
hlutdeildanlegur,ls,kk,Eintala,,,,hlutdiffranlegur,,,,partially differentiable,,,,,,,,2068
hlutdeildun,na,kvk,Eintala,,,,hlutdiffrun,,,,partial differentiation,,,,,,,,2069
hluteinsfirðun,na,kvk,Eintala,,,,,,,,partial isometry,,,,,,,,2070
hluteinungur,na,kk,Eintala,,,,,,,,submonoid,,,,,,,,2071
hlutfall,na,hk,Eintala,\textit{Hlutfallið} milli tveggja <ref idTerm=5397>talna</ref> \(a\) og \(b \neq 0\) er fyrri talan <ref idTerm=0>deild</ref> með þeirri síðari.,,,,,,"fraction, quotient",ratio,,,,,,,,2072
hlutfallajafna,na,kvk,Eintala,,,,,,,,proportion,,,,,,,,2073
hlutfallslegt tíðnifall,na,hk,Eintala,,,,,,,"cumulative relative frequency function, probability density function",relative frequency function,,,,,,,,2076
hlutfallslegur vöxtur,na,kk,Eintala,,,,,,,,relative growth,,,,,,,,2077
hlutfallsleg skekkja,na,kvk,Eintala,,,,,,,,relative error,,,,,,,,2074
hlutfallsleg tíðni,na,kvk,Eintala,,,,,,,,class frequency,,,,relative frequency,,,,2075
hlutfallspróf,na,hk,Eintala,,,,,,,,ratio test,,,,,,,,2078
hlutfallsstuðull,na,kk,Eintala,,,,hlutfallsþáttur,,,,factor of proportionality,,,,,,,,2079
hlutfallstala,na,,Eintala,,,,hlutfallsþáttur,,,,constant of proportionality,,,,,,,,2080
hlutfjölskylda,na,kvk,Eintala,,,,,,,,subfamily,,,,,,,,2081
hlutflokkur,na,kk,Eintala,,,,,,,,subclass,,,,,,,,2082
hlutfylgni,na,kvk,Eintala,,,,,,,,partial correlation,,,,,,,,2083
hlutfylgnistuðull,na,kk,Eintala,,,,,,,,partial correlation coefficient,,,,,,,,2084
hlutfylki,na,hk,Eintala,,,,,,,,minor array,,,,"partial matrix, submatrix",,,,2085
hlutgrind,na,kvk,Eintala,,,,,,,,sublattice,,,,,,,,2086
hlutgrúpa,na,kvk,Eintala,,,,,,,,subgroup,,,,,,,,2087
hlutheildun,na,kvk,Eintala,,,,hluttegrun,,,,integration by parts,,,,partial integration,,,,2088
hluti,na,kk,Eintala,,,,partur,,,,part,,,,,,,,2089
hlutíðal,na,hk,Eintala,,,,,,,,subideal,,,,,,,,2090
hlutkenning,na,kvk,Eintala,,,,,,,,subtheory,,,,,,,,2091
hlutkerfi,na,hk,Eintala,,,,,,,,subsystem,,,,,,,,2092
hlutlaus,ls,,Eintala,,,,,,,,neutral,,,,,,,,2093
hlutlaus rúmfræði,na,kvk,Eintala,,,,,,,,absolute geometry,,,,neutral geometry,,,,2094
hlutleysa,na,kvk,Eintala,,,,hlutlaust stak,,,,(of a group or semigroup) identity element,,,,"identity, neutral element",,,,6586
hlutleysuþáttur,na,kk,Eintala,,,,,,,,identity component,,,,,,,,2095
hlutlíkan,na,hk,Eintala,,,,,,,,submodel,,,,,,,,2096
hlutmargfeldi,na,,Eintala,,,,margfeldisstúfur,,,,partial product,,,,,,,,2097
hlutmengi,na,hk,Eintala,<ref idTerm=3270>Mengi</ref> \(A\) er sagt vera \textit{hlutmengi} í mengi \(B\) ef sérhvert <ref idTerm=5128>stak</ref> í \(A\) er líka stak í \(B\). Þetta er táknað með \(A \subset B\).,Á <ref idTerm=6050>Venn-myndinni</ref> að neðan er \(A\) hlutmengi í \(B\) því <ref idTerm=5335>svæðið</ref> innan minni <ref idTerm=2295>hringsins</ref> (sem táknar stökin í \(A\)) er líka innan stærri hringsins (sem táknar stökin í \(B\)):\n\n\begin{center}\n\includegraphics[width=150px]{myndir/hlutmengi.png}\n\end{center},,,,,,part,,,,subset,,,,2098
hlutmengjafrumsenda,na,kvk,Eintala,,,,"hlutmengjafrumsetning, frumsenda um hlutmengi, frumsetning um hlutmengi",,,,axiom of subsets,,,,axiom of separation,,,,6587
hlutmismunajafna,na,kvk,Eintala,,,,,,,,partial difference equation,,,,,,,,2099
hlutmismunur,na,kk,Eintala,,,,,,,,partial difference,,,,,,,,2100
hlutmótull,na,kk,Eintala,,,,,,,,submodule,,,,,,,,2101
hlutmynstur,na,hk,Eintala,,,,,,,,substructure,,,,,,,,2102
hlutnefnari,na,kk,Eintala,,,,,,,,partial denominator,,,,,,,,2103
hlutnet,na,hk,Eintala,,,,,,,,partial graph,,,,subgraph,,,,2104
hlutnet,na,hk,Eintala,,,,,,,,subnet,,,,,,,,2105
hlutniðurstaða,na,kvk,Eintala,,,,hlutútkoma,,,,partial result,,,,,,,,2106
hlutorð,na,hk,Eintala,,,,,,,,subword,,,,,,,,2107
hlutrakinn,na,kk,Eintala,,,,,,,,partially recursive,,,,,,,,2108
hlutreiknanlegur,ls,kk,Eintala,,,,,,,,partially computable,,,,,,,,2109
hlutríki,na,hk,Eintala,,,,,,,,subcategory,,,,,,,,2110
hlutruna,na,kvk,Eintala,,,,,,,,partial sequence,,,,subsequence,,,,2113
hlutrúm,na,hk,Eintala,,,,,,,,subspace,,,,,,,,2112
hlutröð,na,kvk,Eintala,,,,,,,,subseries,,,,,,,,2111
hlutskilgreind aðgerð,na,kvk,Eintala,,,,hlutskilgreind reikniaðgerð,,,,partial algebraic operation,,,,"partial composition, partial operation",,,,2114
hlutskilgreind vörpun,na,kvk,Eintala,,,,,,,,partial mapping,,,,,,,,2115
hlutskilgreint fall,na,hk,Eintala,,,,,,,,partial function,,,,partially defined function,,,,2116
hlutskilgreint rakið fall,na,hk,Eintala,,,,hlutrakið fall,,,,partially recursive function,,,,partial recursive function,,,,2117
hlutsumma,na,,Eintala,,,,summustúfur,,,,partial sum,,,,,,,,2118
hlutsvið,na,hk,Eintala,,,,,,,,subfield,,,,,,,,2120
hlutsvæði,na,hk,Eintala,,,,,,,,subdomain,,,,,,,,2119
hlutteljari,na,kk,Eintala,,,,,,,,partial numerator,,,,,,,,2121
hluttré,na,hk,Eintala,,,,,,,,subtree,,,,,,,,2122
hlutur,na,kk,Eintala,,,,gripur,,,,object,,,,,,,,2123
hlutúrtak,na,hk,Eintala,,,,,,,,subsample,,,,,,,,2124
hlutvera,na,,,,,,hlutmengisvensl,,,,(state or relation of being included) inclusion,,,,"inclusion relation, subset relation",,,,2125
hlutverutákn,na,hk,Eintala,,,,,,,,sign of inclusion,,,,,,,,2126
hlutvigurrúm,na,hk,Eintala,,,,línulegt hlutrúm,,,,vector subspace,,,,,,,,2129
hlutvíðátta,na,kvk,Eintala,,,,,,,,submanifold,,,,,,,,2127
hlutvíðerni,na,hk,Eintala,,,,,,,,subvariety,,,,,,,,2128
hlutþakning,na,kvk,Eintala,,,,,,,,subcovering,,,,,,,,2130
hnappelda,na,kvk,Eintala,,,,,,,,lemniscate,,,,,,,,2131
hneppishraði,na,kk,Eintala,,,,hnapphraði,,,,group velocity,,,,,,,,2132
hnig,na,hk,Eintala,,,,,,,,(in optimization) descent,,,,,,,,2133
hnigaðferð,na,kvk,Eintala,,,,,,,,(in optimization) descent method,,,,method of descent,,,,2134
hnigaðferð mesta bratta,na,kvk,Eintala,,,,,,,gradient method,method of steepest descent,,,,steepest descent method,,,,2135
hnigskref,na,hk,Eintala,,,,,,,,descent step,,,,,,,,2136
hnik,na,hk,Eintala,,,,,,,,(of a functional) variation,,,,,,,,2137
hnikaafleiða,na,kvk,Eintala,,,,,,,,variational derivative,,,,,,,,2138
hnikajafna,na,kvk,Eintala,,,,,,,,variational equation,,,,,,,,2139
hnikalögmál,na,hk,Eintala,,,,,,,,variational principle,,,,,,,,2140
hnikareikningur,na,kk,Eintala,,,,,,,,calculus of variations,,,,variational calculus,,,,2141
hnikaverkefni,na,hk,Eintala,,,,,,,,variational problem,,,,,,,,2142
hnit,na,hk,Eintala,Sjá <ref idTerm=2145>hnitakerfi</ref>.,,,,,,"abscissa, affine coordinates, amplitude, angular coordinate, anomaly, azimuth, barycentric coordinates, cartesian coordinates, central coordinates, curvilinear coordinates, cylindrical coordinates, ellipsoidal coordinates, geodesic coordinates, homogeneous coordinates, inhomogeneous coordinates, local coordinate, normal coordinates, oblique coordinates, ordinate, orthogonal coordinates, orthonormal coordinates, parabolic coordinates, parallel coordinates, plane coordinates, polar angle, polar coordinates, projective coordinates, radius vector, rectangular coordinates, spatial coordinates, spherical coordinates, spherical polar coordinates, tetrahedral coordinates, triangular coordinates, trilinear coordinates",coordinate,,,,,,,,2143
hnitakerfi,na,hk,Eintala,<ref idTerm=4541>Samsvörun</ref> milli <ref idTerm=4001>punkta</ref> í <ref idTerm=6087>\(n\)-víðu</ref> <ref idTerm=4266>rúmi</ref> og <ref idTerm=6>\(n\)-undar</ref> af <ref idTerm=5397>tölum</ref> sem kallast \textit{hnit}. Hnitin eru notuð til að staðsetja punkta í rúminu.,Fjalla um almennari hnitakerfi.,,,,,,coordinate system,,,,system of coordinates,,,,2145
hnitapappír,na,kk,Eintala,,,,,,,,graph paper,,,,,,,,2146
hnitarúmfræði,na,kvk,Eintala,,,,hnitafræði,,,,(coordinate geometry) analytic geometry,,,,"analytical geometry, cartesian geometry, coordinate geometry",,,,2147
hnitaskiptafylki,na,hk,Eintala,,,,grunnskiptafylki,,,,(in linear algebra) transition matrix,,,,,,,,2149
hnitaskiptavörpun,na,kvk,Eintala,,,,,,,,transition function,,,,,,,,2150
hnitaskipti,na,,,,,,hnitafærsla,,,,change of coordinates,,,,"coordinate change, coordinate transformation, transformation of coordinates",,,,2151
hnitás,na,kk,Eintala,,,,hnitaás,,,"axis, real axis",coordinate axis,,,,,,,,2148
hnitfall,na,hk,Eintala,,,,hnitafall,,,,coordinate function,,,,,,,,2152
hnitgrennd,na,kvk,Eintala,,,,hnitagrennd,,,,coordinate neighbourhood,,,,,,,,2153
hnitrúm,na,hk,Eintala,,,,hnitarúm,,,cartesian space,coordinate space,,,,,,,,2154
hnitslétta,na,kvk,Eintala,,,,hnitaslétta,,,cartesian plane,coordinate plane,,,,,,,,2155
hnit,na,,Eintala,,,,"stak, stuðull",,,,(of an \(n\)-tuple) component,,,,,,,,2144
hnútafræði,na,kck,Eintala,,,,,,,,knot theory,,,,,,,,2157
hnútalitun,na,kvk,Eintala,,,,,,,,vertex colouration,,,,,,,,2158
hnútamengi,na,hk,Eintala,,,,,,,,vertex set,,,,,,,,2159
hnútflötur,na,kk,Eintala,,,,,,,,nodoid,,,,,,,,2160
hnútgrúpa,na,kvk,Eintala,,,,,,,,knot group,,,,,,,,2161
hnútsnet,na,hk,Eintala,,,,örnet,,,,trivial graph,,,,,,,,2162
hnútur,na,kk,Eintala,,,,,,,,knot,,,,,,,,2163
hnútur,na,,Eintala,,,,gálma,,,,(of a differiental equation) node,,,,,,,,2164
hnútur,na,kk,Eintala,,,,punktur,,,,(of a graph) node,,,,vertex,,,,2165
hnýttur,ls,kk,Eintala,,,,,,,,knotted,,,,,,,,2166
hnöttóttur,ls,kk,Eintala,,,,kúlulaga,,,,spherical,,,,,,,,2156
horn,na,hk,Eintala,Tvær <ref idTerm=1840>hálflínur</ref> með sama <ref idTerm=5850>upphafspunkt</ref> eru sagðar mynda \textit{horn}. Upphafspunktur hálflínanna kallast þá \textit{oddpunktur} hornsins og hálflínurnar kallast \textit{armar} þess. Horn með oddpunkt \(O\) er táknað \(\angle O\). Ef \(A\) og \(B\) eru tveir punktar sem liggja á sitthvorum armi hornsins þá er einnig hægt að tákna hornið \(\angle AOB\).,"Á eftirfarandi mynd sést horn með oddpunkt \(O\) og arma \(h\) og \(k\):\n\n\begin{center}\n\includegraphics[width=150px]{myndir/horn.png}\n\end{center}\n\nÞegar armar horns liggja ekki á sömu <ref idTerm=2911>línu</ref>, þá er sagt að hornið sé \textit{eiginlegt}. <ref idTerm=4001>Punktur</ref> sem ekki liggur á örmum eiginlegs horns er \textit{innaní} horninu ef hann liggur á <ref idTerm=2958>línustriki</ref> með endapunka á örmum þess, en \textit{utanvið} hornið annars. Athugið að sérhver tvö línustrik með sameiginlegan endapunkt sem eru innihaldin í horninu mynda jafnframt sama horn.",,,,,"adjacent angles, adjacent supplementary angles, alternate angles, alternate-exterior angles, alternate-interior angles, apex angle, apical angle, base angle, central angle, complementary angle, concave angle, conjugate angle, corresponding angles, degree of angle, described angle, dihedral angle, directed angle, direction angle, distortion angle, eccentric angle, edge angle, escribed angle, explement, explementary angle, exterior alternate angles, exterior angle, exterior opposite angles, exterior-interior angles, external angle, face angle, flat angle, full angle, full solid angle, included angle, inscribed angle, interior alternate angles, interior angle, mark off angles, measure of angle, minute of angle, oblique angle, obtuse angle, opposite angle, opposite angles, oriented angle, parallel angle, perigon, polar angle, polyhedral angle, preservation of angles, radian measure, reentrant angle, related angle, right angle, rotation angle, round angle, salient angle, second of angle, sector angle, slope angle, solid angle, spherical angle, straight angle, supplement, supplemental angle, supplementary angle, tetrahedral angle, vertex angle, vertical angles",angle,,,,,,,,2198
hornafall,na,hk,Eintala,,,,,,,,circular function,,,,trigonometric function,,,,2202
hornafallamargliða,na,kvk,Eintala,,,,,,,,trigonometric polynomial,,,,,,,,2203
hornafallaröð,na,kvk,Eintala,,,,,,,Fourier series,trigonometric series,,,,,,,,2204
hornafleiða,na,kvk,Eintala,,,,,,,,angular derivative,,,,,,,,2205
hornafræði,na,kvk,Eintala,,,,,,,,trigonometry,,,,,,,,2206
hornalína,na,kvk,Eintala,,,,,,,,diagonal,,,,,,,,2207
hornalínuaðferð,na,kvk,Eintala,,,,,,,Cantor's diagonal  method,diagonal method,,,,"diagonal procedure, diagonal process",,,,2209
hornalínuaðferð Cantors,na,kvk,Eintala,,,,,,,diagonal method,Cantor's diagonal method,,,,,,,,2210
hornalínuaðhvarf,na,hk,Eintala,,,,,,,,diagonal regression,,,,,,,,2211
hornalínufylki,na,hk,Eintala,,,,,,,,diagonal matrix,,,,,,,,2212
hornalínugera,sag,,,,,,hornalínufæra,,,,diagonalize,,,,,,,,2213
hornalínugerð,na,kvk,Eintala,,,,,,,,diagonal form,,,,,,,,2214
hornalínugerlegur,ls,kk,Eintala,,,,,,,,diagonalizable,,,,,,,,2215
hornalínugerningur,na,kk,Eintala,,,,,,,,diagonalization,,,,,,,,2216
hornalínugná,na,kvk,Eintala,,,,,,,,diagonal dominance,,,,,,,,2217
hornalínugnæfur,ls,kk,Eintala,,,,,,,,diagonally dominant,,,,,,,,2218
hornalínureitur,na,kk,Eintala,,,,,,,,diagonal block,,,,,,,,2219
hornalínustak,na,,Eintala,,,,hornalínustuðull,,,,diagonal element,,,,diagonal coefficient,,,,2220
hornalínuvörpun,na,kvk,Eintala,,,,,,,,diagonal map,,,,,,,,2221
hornalínuþríhyrningur,na,kk,Eintala,,,,,,,,diagonal triangle,,,,,,,,2222
hornalínu-reitafylki,na,hk,Eintala,,,,,,,,block diagonal matrix,,,,,,,,2208
hornamál,na,hk,Eintala,"Til þess að bera saman tvö eiginleg <ref idTerm=2198>horn</ref>, þá flytjum við annað hornið þannig að annar <ref idTerm=334>armur</ref> hornanna sé sameiginlegur og þannig að sérhver <ref idTerm=4001>punktur</ref> innaní öðru horninu liggi líka innaní hinu horninu. Þá getur þrennt gerst:\n\n\begin{enumerate}\n    \item Hinn armur flutta hornsins fellur saman við hinn arm óhreyfða hornsins. Þá eru hornin \textit{jafn stór}, eða einfaldlega \textit{eins}\n    \item Hinn armur flutta hornsins lendir á milli arma óhreyfða hornsins. Þá er flutta hornið minna en óhreyfða hornið, sem er þá jafnframt \textit{stærra} en flutta hornið\n    \item Hinn armur flutta hornsins lendir utanvið óhreyfða hornið. Þá er flutta hornið stærra en óhreyfða hornið, sem er þá jafnframt \textit{minna} en flutta hornið\n\end{enumerate}",Stærð horns er oft mælt í <ref idTerm=1667>gráðum</ref> eða <ref idTerm=478>radíönum</ref>.,,,,,"angular degree, cc, centesimal minute, centesimal second, deg, degree, degree of angle, circular measure, grad, grade, min, min, minute, minute of angle, radian, radian measure, second of angle, sexagesimal degree, sexagesimal minute, sexagesimal second",angle measure,,,,measure of angle,,,,2223
hornamál,na,hk,Eintala,,,,hornmál,,,,angular measure,,,,,,,,2224
hornasumma,na,kvk,Eintala,<ref idTerm=5320>Summa</ref> allra <ref idTerm=2198>horna</ref> í <ref idTerm=3161>marghyrningi</ref>.,"Auðvelt er að finna hornasummu marghyrnings með því að <ref idTerm=4814>skipta honum upp í þríhyrninga</ref>. Hægt er að skipta \(n\)-hyrningi upp í \(n-2\) þríhyrninga, svo að hornasumma \(n\)-hyrnings er \((n-2)\cdot 180\). Sem dæmi er hægt að skipta fimmhyrningnum \(A B C D E\) að neðan í þrjá þríhyrninga, svo að hornasumma hans er \((5 - 2) \cdot 180^\circ = 540^\circ\):\n\n\begin{center}\n\includegraphics[width=150px]{myndir/hornasumma.png}\n\end{center}",,,,,,angle sum,,,,,,,,2225
hornaukasetning,na,kvk,Eintala,,,,,,,,argument principle,,,,"principle of argument, principle of the argument",,,,2226
horna-,pref,,,,,,hornafræði-,,,,trigonometric,,,,trigonometrical,,,,2201
hornfjarlægð,na,kvk,Eintala,,,,,,,,angular distance,,,,angular separation,,,,2227
hornhraði,na,kk,Eintala,,,,,,,,angular velocity,,,,angular speed,,,,2228
hornhröðun,na,kvk,Eintala,,,,,,,,angular acceleration,,,,,,,,2229
hornið á milli,na,,Eintala,,{\it A triangle is determined by two sides and the included angle}: þríhyrningur ákvarðast af  tveimur hliðum og horninu á milli þeirra ,,,,,,included angle,,,,,,,,6588
hornklofamargfeldi,na,hk,Eintala,,,,Lie-margfeldi,,,Lie bracket,bracket product,,,,,,,,2231
hornklofamargföldun,na,kvk,Eintala,,,,Lie-margföldun,,,Lie bracket,bracket operation,,,,,,,,2232
hornklofi,na,kk,Eintala,,,,,,,,bracket,,,,,,,,2233
hornmínúta,na,kvk,Eintala,,,,,,,minute of arc,minute of angle,,,,,,,,2234
hornpunktur,na,kk,Eintala,<ref idTerm=4001>Punktur</ref> þar sem tvær <ref idTerm=2048>hliðar</ref> <ref idTerm=3161>marghyrnings</ref> <ref idTerm=4771>skerast</ref> (í tveimur <ref idTerm=6087>víddum</ref>) eða punktur þar sem þrjár eða fleiri <ref idTerm=1325>hliðar</ref> <ref idTerm=3133>margflötungs</ref> skerast (í þrem víddum).,,,oddpunktur,,,,(of a polygon) vertex,,,,,,,,2235
hornréttur,ls,kk,Eintala,,,,,,,,rectangular,,,,,,,,2242
hornrétt liðun,na,kvk,Eintala,,,,"þverstæð liðun, þverliðun",,,orthogonal series,orthogonal expansion,,,,,,,,2240
hornrétt ofanvarp,na,hk,Eintala,,,,,,,,orthogonal projection,,,,,,,,2241
hornrækinn,ls,kk,Eintala,,,,,,,,angle-preserving,,,,"conformal, equiangular, isogonal",,,,2237
hornrækin vörpun,na,kvk,Eintala,,,,,,,,conformal mapping,,,,,,,,2236
hornrækni,na,kvk,Eintala,,,,,,,,conformality,,,,"isogonality, preservation of angles",,,,2238
hornræknirúmfræði,na,kvk,Eintala,,,,,,,,conformal geometry,,,,,,,,2239
hornsekúnda,na,kvk,Eintala,,,,,,,second of arc,second of angle,,,,,,,,2243
horn,na,hk,Eintala,,,,"stefnuhorn, áttarhorn, horngildi",,,,(of a complex number) amplitude,,,,argument,,,,2199
horn,na,hk,Eintala,,,,"stefnuhorn, áttarhorn, hornhnit",,,,(in polar coordinates) amplitude,,,,"angular coordinate, anomaly, azimuth, polar angle",,,,2200
hófur,na,kk,Eintala,,,,,,,,ungula,,,,,,,,2192
hóptíðni,na,kvk,Eintala,,,,,,,,group frequency,,,,,,,,2195
hópur,na,kk,Eintala,,,,,,,,(generally) group,,,,,,,,2196
hópþáttur,na,kk,Eintala,,,,flokksþáttur,,,,group factor,,,,,,,,2197
hraði,na,kk,Eintala,,,,,,,velocity,speed,,,,,,,,2244
hraði,na,kk,Eintala,,,,,,,speed,velocity,,,,,,,,2245
hraðminnkandi,ls,,,,,,hraðfallandi,,,,rapidly decreasing,,,,,,,,2246
hraður,ls,kk,Eintala,,,,,,,,rapid,,,,,,,,2247
hraðvaxandi,ls,,,,,,hraðstækkandi,,,,rapidly increasing,,,,,,,,2248
hreiðraður,ls,kk,Eintala,,,,,,,,nested,,,,,,,,2249
hreiðruð bil,na,hk,Fleirtala,,,,,,,,nested intervals,,,,,,,,2250
hreiðruð margföldun,na,kvk,Eintala,,,,,,,,nested multiplication,,,,,,,,2251
hreiðruð tvískipting,na,kvk,Eintala,,,,,,,,nested disection,,,,,,,,2252
hreiður,na,hk,Eintala,,,,,,,,nest,,,,,,,,2253
hreinlega óaðskiljanleg útvíkkun,na,kvk,Eintala,,,,"óaðskiljanleg útvíkkun, hreinlega óaðskiljanleg víkkun, óaðskiljanleg víkkun",,,,inseparable extension,,,,purely inseparable extension,,,,2258
hreintóna deildajafna,na,kvk,Eintala,,,,,,,,harmonic differential equation,,,,,,,,2260
hreintóna hreyfing,na,kvk,Eintala,,,,,,,,simple harmonic motion,,,,,,,,2261
hreintóna sveifill,na,kk,Eintala,,,,,,,,harmonic oscillator,,,,,,,,2262
hreintóna sveifla,na,kvk,Eintala,,,,hrein sveifla,,,simple harmonic motion,harmonic motion,,,,,,,,2263
hreint lotutugabrot,na,hk,Eintala,,,,hreint umferðartugabrot,,,,pure recurring decimal,,,,purely periodic decimal,,,,2259
hreinvíður,ls,kk,Eintala,,,,,,,,equidimensional,,,,"homogeneously dimensional, purely dimensional, unmixed",,,,2264
hreinvíður,ls,kk,Eintala,,,,,,,,pure dimensional,,,,,,,,2265
hrein algebra,na,kvk,Eintala,,,,,,,,abstract algebra,,,,,,,,2254
hrein rúmfræði,na,kvk,Eintala,,,,,,,,pure geometry,,,,synthetic geometry,,,,2255
hrein stærðfræði,na,kvk,Eintala,,,,,,,,abstract mathematics,,,,pure mathematics,,,,2256
hrein torræð útvíkkun,na,kvk,Eintala,,,,hrein torræð víkkun,,,,pure transcendental extension,,,,,,,,2257
hreyfanleg sérstaða,na,,Eintala,,,,hreyfanlegur sérstöðupunktur,,,,movable singularity,,,,,,,,2266
hreyfifræði,na,kvk,Eintala,,,,,,,,dynamics,,,,,,,,2267
hreyfihnitakerfi,na,hk,Eintala,,,,,,,,moving coordinate system,,,,,,,,2268
hreyfilýsing,na,kvk,Eintala,,,,gangfræði,,,,kinematics,,,,,,,,2269
hreyfing,na,kvk,Eintala,,,,,,,,(physical motion) motion,,,,,,,,2270
hreyfingarfasti,na,kk,Eintala,,,,,,,,constant of motion,,,,,,,,2271
hreyfirammi,na,kk,Eintala,,,,hreyfigrunnur,,,,moving frame,,,,,,,,2272
hringabundin,ls,,Eintala,,,,bundin af hringjum,,,,bundle of circles,,,,sheaf of circles,,,,2273
hringaðferð,na,kvk,Eintala,,,,,,,,circle method,,,,,,,,2274
hringbogaþríhyrningur,na,kk,Eintala,,,,,,,,circular triangle,,,,,,,,2275
hringbogi,na,,Eintala,Sá hluti <ref idTerm=2295>hrings</ref> sem liggur milli tveggja <ref idTerm=4001>punkta</ref> hans kallast \textit{hringbogi},Á eftirfarandi mynd má sjá hringbogana á milli \(A\) og \(B\). Sá þessara hringboga sem er innaní <ref idTerm=2198>horninu</ref> \(\angle AMB\) er dekkri:\n\n\begin{center}\n\includegraphics[width=150px]{myndir/hringbogi.png}\n\end{center} \n\nÞegar talað er um bogann \(AB\) er jafnan átt við þann minni.,,"bogi, örk",,,,(of a circle) arc,,,,circular arc,,,,2276
hringfari,na,kk,Eintala,,,,,,,,compass,,,,pair of compasses,,,,2277
hringfeldisgrúpa,na,kvk,Eintala,,,,,,,,torus group,,,,,,,,2278
hringgrúpa,na,kvk,Eintala,,,,,,,,circle group,,,,,,,,2279
hringhreyfing,na,kvk,Eintala,,,,,,,,circular motion,,,,,,,,2280
hringhverfing punkts,na,kvk,Eintala,,,,spegilmynd punkts í hring,,,,inverse point,,,,,,,,2281
hringhverfing,na,kvk,Eintala,,,,"hringspeglun, speglun í hring",,,,(with respect to a circle) inversion,,,,,,,,2282
hringjaðar,na,kk,Eintala,,,,hringferill,,,circle,circumference,,,,,,,,2283
hringkragi,na,kk,Eintala,,,,kragi,,,,annulus,,,,circular ring,,,,2284
hringlaga,,,,,,,"kringlóttur, hring-",,,,circular,,,,,,,,2285
hringsamhverfni,na,kvk,Eintala,,,,,,,,circular symmetry,,,,radial symmetry,,,,2286
hringskiptijafna,na,kvk,Eintala,,,,,,,,cyclotomic equation,,,,,,,,2287
hringskiptimargliða,na,kvk,Eintala,,,,,,,,cyclotomic polynomial,,,,,,,,2288
hringskipting,na,kvk,Eintala,,,,,,,,circular division,,,,cyclotomy,,,,2289
hringskiptisvið,na,hk,Eintala,,,,,,,,cyclotomic field,,,,,,,,2290
hringskífa,,,Eintala,<ref idTerm=4891>Sléttumynd</ref> sem afmarkast af <ref idTerm=2295>hring</ref>.,Eftirfarandi er mynd af hringskífu með miðju \(M\) og geisla \(r\). Skyggða <ref idTerm=5335>svæðið</ref> tilheyrir allt hringskífunni:\n\n\begin{center}\n\includegraphics[width=150px]{myndir/hringskifa.png}\n\end{center},,hringflötur,,,,circular disc,,,,"circle, disc, disk",,,,6589
hringsneið,na,kvk,Eintala,<ref idTerm=3325>Miðstrengur</ref> í <ref idTerm=6589>hringskífu</ref> skiptir henni upp í tvo <ref idTerm=2089>hluta</ref> sem kallast \textit{sneiðar},,,sneið,,,,circular segment,,,,segment,,,,2291
hringsvæði,na,hk,Eintala,,,,,,,,circular domain,,,,,,,,2292
hringur,na,kk,Eintala,,,,,,,circuit,(of a matroid) stigm,,,,,,,,2294
hringur,na,,Eintala,<ref idTerm=3270>Mengi</ref> þeirra <ref idTerm=4001>punkta</ref> í tiltekinni <ref idTerm=4884>sléttu</ref> sem eru í sömu <ref idTerm=1204>fjarlægð</ref> frá punkti sem liggur á sléttunni sem kallast þá \textit{miðja} hringsins.,"Hring með geisla \(r\) má einnig skilgreina sem mengi punkta \((x,y)\) sem uppfylla <ref idTerm=2478>jöfnuna</ref> \[ x^2+y^2=r^2. \] Eftirfarandi mynd sýnir hring með miðju \(M\) og <ref idTerm=1619>geisla</ref> \(r\):\n\n\begin{center}\n\includegraphics[width=150px]{myndir/hringur.png}\n\end{center}",,"hringferill, hringlína",,,"asymptotic circle, auxiliary circle, base circle, bundle of circles, circumcircle, circumscribed circle, cycle, escribed circle, excircle, generating circle, great circle, imaginary circle, incircle, inscribed circle, nine-point circle, nine-point circle theorem, one-sphere, oriented circle, orthoptic circle, osculating circle, pencil of circles, polar circle, principal circle, quadrature of the circle, rolling circle, semicircle, sheaf of circles, small circle, squaring the circle, unit circle",circle,,,,,,,,2295
hringvik,na,hk,Eintala,,,,,,,,eccentricity,,,,,,,,2296
hringvika,ls,,Eintala,,,,,,,,eccentric,,,,,,,,2297
hringvikshorn,na,hk,Eintala,,,,,,,,eccentric angle,,,,,,,,2298
hrísla,na,kvk,Eintala,,,,,,,tree,arborescence,,,,,,,,2299
hröðun,na,kvk,Eintala,,,,,,,,acceleration,,,,,,,,2301
hröð samleitni,na,kvk,Eintala,,,,,,,,rapid convergence,,,,,,,,2300
hugarreikningur,na,kk,Eintala,,,,,,,,mental arithmetic,,,,,,,,2302
hugartilraun,na,kvk,Eintala,,,,,,,,gedanken experiment,,,,"imaginary experiment, thought experiment",,,,2303
hugbúnaður,na,kk,Eintala,,,,,,,,software,,,,,,,,2304
hugsaður,ls,kk,Eintala,,,,,,,,ideal,,,,,,,,2305
hugtak,na,hk,Eintala,,,,,,,,concept,,,,,,,,2306
huldureikningur,na,kk,Eintala,,,,,,,,umbral calculus,,,,,,,,2307
hulduvísir,na,kk,Eintala,,,,,,,,umbral index,,,,,,,,2308
hundraðshlutamark,na,hk,Eintala,,,,hundraðsmark,,,"fractile, quantile",centile,,,,percentile,,,,2309
hvarf,na,hk,Eintala,,,,,,,extremal surface,extremal,,,,,,,,2310
hvarf,na,hk,Eintala,,,,,,,,vanishing,,,,,,,,2311
hvarfflötur,na,kk,Eintala,,,,,,,,extremal surface,,,,,,,,2312
hvarfgildi,na,hk,Eintala,,,,,,,,(in analysis) critical value,,,,critical level,,,,2313
hvarfgildi,na,hk,Eintala,,,,stöðugildi,,,,stationary value,,,,,,,,2314
hvarfpunktur,na,,Eintala,,,,"hvarf, jafnvægispunktur, stöðupunktur",,,,critical point,,,,"equilibrium point, singular point, stationary point",,,,2315
hvarfsetning,na,kvk,Eintala,,,,,,,,vanishing theorem,,,,,,,,2316
hvass,ls,kk,Eintala,<ref idTerm=2198>Horn</ref> kallast \textit{hvasst} ef það <ref idTerm=2223>mælist</ref> minna en <ref idTerm=4167>rétt horn</ref>.,Á eftirfarandi mynd er \(\angle AOB\) hvasst horn:\n\n\begin{center}\n\includegraphics[width=150px]{myndir/hvasst_gleitt.png}\n\end{center},,,,,,(of an angle) acute,,,,,,,,2317
hvasshyrndur,ls,kk,Eintala,<ref idTerm=6438>Þríhyrningur</ref> kallast \textit{hvasshyrndur} ef öll <ref idTerm=2198>horn</ref> hans eru <ref idTerm=2317>hvöss</ref>.,Eftirfarandi mynd sýnir hvasshyrndan þríhyrning:\n\n\begin{center}\n\includegraphics[width=150px]{myndir/hvasshyrndur_thrihyrningur.png}\n\end{center},,,,,,(of a triangle) acute,,,,,,,,2318
hvelfdur,ls,kk,Eintala,,,,,,,,(of a function) concave,,,,,,,,2321
hvelft fall,na,hk,Eintala,,,,,,,,concave function,,,,,,,,2322
hvelft horn,na,hk,Eintala,,,,,,,,concave angle,,,,,,,,2323
hvel,na,,Eintala,<ref idTerm=3270>Mengi</ref> þeirra <ref idTerm=4001>punkta</ref> sem eru í sömu <ref idTerm=1204>fjarlægð</ref> frá tilteknum punkti sem kallast \textit{miðja} kúluhvelsins.,Eftirfarandi er mynd af kúluhveli:\n\n\begin{center}\n\includegraphics[width=150px]{myndir/kuluhvel.png}\n\end{center},,"kúluhvel, kúluflötur, kúluyfirborð",,,"bundle of spheres, celestial sphere, circumscribed sphere, circumsphere, complex sphere, escribed sphere, exotic sphere, exsphere, hemisphere, horned sphere, horosphere, inscribed sphere, insphere, northern hemisphere, one-sphere, osculating sphere, pseudosphere, Riemann sphere, sheaf of spheres, southern hemisphere, topological sphere, unit sphere",(spherical surface) sphere,,,,spherical surface,,,,2319
hverfandi,ls,kk,Eintala,,,,sem hverfur,,,,vanishing,,,,,,,,2326
hverfa alls staðar,sag,,,,,,vera alls staðar núll,,,,vanish identically,,,,,,,,2324
hverfa,sag,,,,,,verða núll,,,,vanish,,,,,,,,2325
hverfipunktur,na,,Eintala,,,,beygjuskil,,,,flex point,,,,"flex, inflection point, inflexion point, point of inflection, point of inflexion",,,,2327
hverfisnertill,na,kk,Eintala,,,,beygjuskilasnertill,,,,flex tangent,,,,"inflectional tangent, inflexional tangent, stationary tangent",,,,2328
hverfitregða,na,,Eintala,,,,tregðuvægi,,,,moment of inertia,,,,,,,,2329
hverfulleiki,na,kk,Eintala,,,,,,,,transience,,,,,,,,2331
hverfull,ls,kk,Eintala,,,,svipull,,,,transient,,,,,,,,2330
hverfult ástand,na,hk,Eintala,,,,,,,,transient state,,,,,,,,2332
hvergi deildanlegur,ls,kk,Eintala,,,,hvergi diffranlegur,,,,nowhere differentiable,,,,,,,,2333
hvergi núll,ls,,Eintala,,,,,,,,non-vanishing,,,,,,,,2334
hvergi samleitinn,ls,kk,Eintala,,,,,,,,nowhere convergent,,,,,,,,2335
hvergi þéttur,ls,kk,Eintala,,,,,,,,nowhere dense,,,,,,,,2336
hversdagsleg mengjafræði,na,kvk,Eintala,,,,,,,"Cantorian set theory, classical set theory",naive set theory,,,,,,,,2337
hversu lítill sem vera skal,,,,,,,,,,,arbitrarily small,,,,,,,,2338
hversu stór sem vera skal,,,,,,,,,,,arbitrarily great,,,,,,,,2339
hvirfilhringur,na,kk,Eintala,,,,,,,"auxiliary circle, eccentric",(of an ellipse or hyperbola) eccentric circle,,,,,,,,2340
hvirfilpunktur,na,kk,Eintala,,,,,,,"secondary vertex, vertex",(of a conic section) vertex,,,,,,,,2341
hvirfilpunktur,na,kk,Eintala,,,,,,,"four-vertex theorem, vertex",(of a plane curve) vertex,,,,,,,,2342
hvirfilpunktur,na,,Eintala,,,,miðja,,,,(in differential equations) centre,,,,vortex point,,,,2343
hyrna,na,kvk,Eintala,,,,,,,,simplex,,,,,,,,2344
hyrnt hvel,na,hk,Eintala,,,,,,,,horned sphere,,,,,,,,2345
hyrnuaðferð,na,kvk,Eintala,,,,,,,,simplex method,,,,,,,,2346
hyrnubákn,na,,Eintala,,,,hyrnuþyrping,,,,simplicial complex,,,,,,,,2347
hyrnufruma,na,kvk,Eintala,,,,,,,,simplicial cell,,,,,,,,2348
hyrnukeðja,na,kvk,Eintala,,,,,,,,simplicial chain,,,,,,,,2349
hyrnunálgun,na,kvk,Eintala,,,,,,,,simplicial approximation,,,,,,,,2350
hyrnurit,na,hk,Eintala,,,,,,,,simplex algorithm,,,,,,,,2351
hyrnusvipfræði,na,kvk,Eintala,,,,,,,,simplicial homology,,,,,,,,2352
hyrnuvörpun,na,kvk,Eintala,,,,,,,,simplicial mapping,,,,,,,,2353
hæð,na,kvk,Eintala,,,,,,,,altitude,,,,height,,,,1763
hæðafótpunktaþríhyrningur,na,kk,Eintala,,,,,,,,orthic triangle,,,,orthoptic triangle,,,,1764
hæðarflötur,na,kk,Eintala,,,,,,,,contour surface,,,,level surface,,,,1765
hæðarlína,na,,Eintala,,,,hæðarferill,,,,contour line,,,,"depth contour, height contour, height line, isobath, isohypse, level curve, level line",,,,1767
hæðarsetning,na,kvk,Eintala,,,,,,,,(of a right triangle) altitude theorem,,,,,,,,1768
hæðarslétta,na,kvk,Eintala,,,,,,,,first principal plane,,,,height plane,,,,1769
hæðasetning,na,kvk,Eintala,,,,,,,,altitude theorem,,,,,,,,1770
hæðaskurðpunktur,na,kk,Eintala,,,,hæðapunktur,,,,orthocentre,,,,orthocenter,,,,1771
hæði,na,hk,Eintala,,,,,,,,dependence,,,,,,,,1772
hægra einingarstak,na,hk,Eintala,,,,,,,,right identity,,,,,,,,1773
hægra hjámengi,na,hk,Eintala,,,,,,,,right coset,,,,,,,,1774
hægra íðal,na,hk,Eintala,,,,,,,one-sided ideal,right ideal,,,,,,,,1775
hægrisnúinn,ls,kk,Eintala,,,,,,,,dextrorse,,,,,,,,1795
hægrisnúinn ferill,na,kk,Eintala,,,,,,,,dextrorse curve,,,,right-handed curve,,,,1796
hægrisnúin skrúflína,na,kvk,Eintala,,,,,,,,dextrorse helix,,,,right-handed helix,,,,1794
hægri aðoki,na,kk,Eintala,,,,,,,"left adjoint, right-adjoint",right adjoint,,,,,,,,1776
hægri afleiða,na,kvk,Eintala,,,,afleiða frá hægri,,,,derivative on the right,,,,"forward derivative, right derivative, right-hand derivative, right-handed derivative",,,,1777
hægri andhverfa,na,kvk,Eintala,,,,andhverfa frá hægri,,,,(of a mapping) right inverse,,,,,,,,1778
hægri deildanleiki,na,kk,Eintala,,,,"deildanleiki frá hægri, hægri diffranleiki, diffranleiki frá hægri",,,,differentiability on the right,,,,"forward differentiability, right differentiability, right-hand differentiability",,,,1779
hægri dreifiregla,na,kvk,Eintala,Sjá <ref idTerm=723>dreifiregla</ref>.,,,,,,,right distributive law,,,,,,,,1780
hægri endapunktur,na,kk,Eintala,,,,,,,,right end point,,,,right extremity,,,,1781
hægri grennd,na,kvk,Eintala,,,,,,,,neighbourhood on the right,,,,,,,,1782
hægri handar hnitakerfi,na,hk,Eintala,,,,,,,,right-handed coordinate system,,,,,,,,1783
hægri hávísir,na,kk,Eintala,,,,,,,,post-superscript,,,,,,,,1784
hægri hlið,na,kvk,Eintala,,,,,,,,right-hand side,,,,right side,,,,1785
hægri hlutleysa,ls,kk,Fleirtala,,,,hlutleysa frá hægri,,,,right neutral element,,,,right identity,,,,6590
hægri hornklofi,na,kk,Eintala,,,,,,,,right bracket,,,,,,,,1786
hægri lágvísir,na,kk,Eintala,,,,,,,,post-subscript,,,,,,,,1787
hægri mótull,na,kk,Eintala,,,,,,,,right module,,,,,,,,1788
hægri oddklofi,na,kk,Eintala,,,,,,,pointed bracket,right pointed bracket,,,,,,,,1789
hægri oddsvigi,na,kk,Eintala,,,,,,,,right brace,,,,right curly bracket,,,,1790
hægri samsemdarmótun,na,kvk,Eintala,,,,,,,,right identity,,,,,,,,1791
hægri svigi,na,kk,Eintala,,,,,,,,right parenthesis,,,,,,,,1792
hægri umhverfa,na,kvk,Eintala,,,,"umhverfa frá hægri, hægri andhverfa, andhverfa frá hægri",,,,(with respect to an operation) right inverse,,,,,,,,1793
hægvaxandi,ls,,Eintala,,,,hægstígandi,,,,slowly increasing,,,,,,,,1797
hækka upp,sag,,,,,,,,,,round up,,,,,,,,1798
hækkun,na,kvk,Eintala,,,,,,,,round-up,,,,rounding up,,,,1799
hækkunarskekkja,na,kvk,Eintala,,,,,,,,round-up error,,,,,,,,1800
hærri afleiða,na,kvk,Eintala,,,,,,,,derivative of higher order,,,,"higher derivative, higher-order derivative",,,,1801
hærri liður,na,kk,Eintala,,,,"liður af hærri röð, liður af hærra stigi",,,,higher-order term,,,,,,,,1802
hæsta stig,na,hk,Eintala,,,,hástig,,,,maximal degree,,,,maximal valency,,,,1803
höfnunarfall,na,hk,Eintala,,,,"styrkleikafall, styrkfall",,,,(in statistics) power function,,,,,,,,2168
höfnunarhætta,na,kvk,Eintala,,,,,,,beta-risk,alpha-risk,,,,"risk of the first kind, type I error probability, type I risk",,,,2169
höfnunarlíkindi,na,hk,Fleirtala,,,,frávísunarlíkindi,,,,critical probability,,,,critical level,,,,2170
höfnunarlíkindi,na,hk,Fleirtala,,,,frávísunarlíkindi,,,,rejection probability,,,,,,,,2171
höfnunarlína,na,kvk,Eintala,,,,frávísunarlína,,,,rejection line,,,,,,,,2172
höfnunarmark,na,hk,Eintala,,,,frávísunarmark,,,,(in statistics) critical value,,,,"rejection boundary, rejection limit, significance point",,,,2173
höfnunarmistök,na,hk,Fleirtala,,,,,,,beta-error,alpha-error,,,,"error of the first kind, type I error",,,,2174
höfnunarsvæði,na,hk,Eintala,,,,frávísunarsvæði,,,,critical region,,,,,,,,2175
höfnun,na,kvk,Eintala,,,,frávísun,,,,rejection,,,,,,,,2167
höfuðásaaðferð,na,kvk,Eintala,,,,meginásaaðferð,,,,method of principal axes,,,,,,,,2176
höfuðdeilir,na,kk,Eintala,,,,,,,,principal divisor,,,,,,,,2177
höfuðgildi,na,hk,Eintala,,,,megingildi,,,,Cauchy principal value,,,,"main value, principal value",,,,2178
höfuðgrein,na,kvk,Eintala,,,,megingrein,,,,main branch,,,,,,,,2179
höfuðhlutákveða,na,kvk,Eintala,,,,,,,,principal minor,,,,,,,,2180
höfuðhluti,na,kk,Eintala,,,,,,,,meromorphic part,,,,"principal part, singular part",,,,2181
höfuðíðal,na,hk,Eintala,,,,,,,,principal ideal,,,,,,,,2182
höfuðíðalbaugur,na,kk,Eintala,,,,,,,,principal ideal domain,,,,principal ideal ring,,,,2183
höfuðíðalsetning,na,kvk,Eintala,,,,,,,,principal ideal theorem,,,,,,,,2184
höfuðkrappageisli,na,kk,Eintala,,,,"meginkrappageisli, höfuðsveigjugeisli, meginsveigjugeisli",,,,principal radius of curvature,,,,radius of principal curvature,,,,2185
höfuðkrappamiðja,na,kvk,Eintala,,,,"krappamiðja, sveigjumiðja",,,,centre of principal curvature,,,,,,,,2186
höfuðkrappi,na,,Eintala,,,,"meginkrappi, höfuðsveigja, meginsveigja",,,,principal curvature,,,,,,,,2187
höfuðlausn,na,kvk,Eintala,,,,,,,,principal solution,,,,,,,,2188
höfuðsnertill,na,kk,Eintala,,,,meginsnertill,,,,principal tangent,,,,,,,,2189
höfuðstóll,na,kk,Eintala,,,,,,,,principal,,,,,,,,2190
höfuðturn,na,kk,Eintala,,,,,,,,chief series,,,,principal series,,,,2191
höggbylgja,na,kvk,Eintala,,,,,,,,shock wave,,,,,,,,2193
högun,na,kvk,Eintala,,,,,,,,design,,,,,,,,2194
iða,na,kvk,Eintala,,,,,,,,turbulence,,,,,,,,2359
iðurfeldi,na,hk,Eintala,,,,,,,,interior product,,,,,,,,2366
illa framsett verkefni,na,hk,Eintala,,,,,,,,ill-posed problem,,,,"mal-posed problem, not-well posed problem",,,,2375
ilpunktur,na,kk,Eintala,,,,,,,,nadir,,,,,,,,2376
innanmótun,na,kvk,Eintala,,,,,,,,endomorphism,,,,,,,,2378
innanverð víxlhorn,na,hk,Fleirtala,,,,innri víxlhorn,,,,alternate-interior angles,,,,interior alternate angles,,,,2379
innbyrðis óháðir atburðir,na,kk,Fleirtala,,,,,,,,mutually independent events,,,,,,,,2380
innbyrðis óháður,ls,kk,Eintala,,,,,,,pairwise independent,mutually independent,,,,,,,,2381
inndragi,na,kk,Eintala,,,,,,,,retract,,,,,,,,2382
inndráttur,na,kk,Eintala,,,,,,,,retraction,,,,,,,,2383
inngeisli,na,kk,Eintala,,,,"geisli innritaðs hrings, geisli innritaðrar kúlu",,,,inradius,,,,,,,,2386
inngeisli,na,kk,Eintala,,,,"innri geisli, skammgeisli",,,,(of a regular polygon) apothem,,,,short radius,,,,2387
innhjólferill,na,kk,Eintala,,,,,,,"asteroid, astroid, deltoid, tricuspid curve",hypocycloid,,,,,,,,2388
innhorn,na,hk,Eintala,,,,,,,,interior angle,,,,,,,,2389
innhyrndur,ls,kk,Eintala,,,,,,,,concave,,,,,,,,2390
innhyrndur marghyrningur,na,kk,Eintala,<ref idTerm=832>Einfaldur marghyrningur</ref> sem er ekki <ref idTerm=2717>kúptur</ref>.,,,,,,,concave polygon,,,,,,,,2391
innifalinn,ls,kk,Eintala,,,,umlukinn,,,,included,,,,,,,,2392
innihalda,sag,,,,,,,,,include,contain,,,,,,,,2394
innihaldslaus,ls,,Eintala,,,,,,,,vacuous,,,,,,,,2395
innihaldslaus staðhæfing,na,kvk,Eintala,,,,,,,,vacuous assertion,,,,,,,,2396
innihald,na,hk,Eintala,,,,Jordan-innihald,,,,content,,,,Jordan content,,,,2393
innliðavíxl,na,hk,Fleirtala,,,,,,,,(of a proportion) alternation,,,,,,,,2397
innmengi,na,,Eintala,,,,"iður, innri kjarni, opinn kjarni",,,,inside,,,,"interior, open kernel",,,,2398
innmiðja,na,kvk,Eintala,,,,"miðja innritaðs hrings, miðja innritaðrar kúlu",,,,incentre,,,,incenter,,,,2399
innmyndun,na,kvk,Eintala,,,,staðbundin greyping,,,submersion,immersion,,,,,,,,2400
innra innihald,na,hk,Eintala,,,,innra Jordan-innihald,,,,inner content,,,,"inner Jordan content, interior content, interior Jordan content",,,,2402
innra margfeldi,na,hk,Eintala,,,,,,,"contracted tensor, contraction, inner tensor multiplication, tensor product, transvection",(tensor product followed by contraction) inner product,,,,,,,,2404
innra mál,na,hk,Eintala,,,,innanmál,,,,inner measure,,,,"interior measure, lower measure",,,,2403
innra meðalfervik,na,,Eintala,,,,innri dreifni,,,between-class variance,internal variance,,,,"intra-class variance, within-class variance",,,,2405
innrita,sag,,,,,,,,,,inscribe,,,,,,,,2416
innritaður,ls,kk,Eintala,,,,,,,circumscribed,inscribed,,,,,,,,2417
innritaður hringur,na,kk,Eintala,<ref idTerm=2295>Hringur</ref> er \textit{innritaður} í <ref idTerm=3161>marghyrning</ref> ef allar <ref idTerm=2048>hliðar</ref> marghyrningsins eru <ref idTerm=4912>snertlar</ref> við hringinn.,Eftirfarandi mynd sýnir þríhyrning með innrituðum hring:\n\n\begin{center}\n\includegraphics[width=150px]{myndir/innritaður_hringur.png}\n\end{center},,innanverður snertihringur,,,,incircle,,,,inscribed circle,,,,2418
innrituð kúla,na,kvk,Eintala,,,,innanverð snertikúla,,,,inscribed sphere,,,,insphere,,,,2419
innri aðgerð,na,kvk,Eintala,,,,innri reikniaðgerð,,,"algebraic operation, law of composition, operation",internal operation,,,,internal composition,,,,2406
innri eiginleiki,na,kk,Eintala,,,,,,,,absolute property,,,,intrinsic property,,,,2407
innri firð,na,kvk,Eintala,,,,,,,,intrinsic metric,,,,,,,,2408
innri fylgni,na,kvk,Eintala,,,,,,,between-class correlation,intra-class correlation,,,,within-class correlation,,,,2409
innri helmingalína,na,kvk,Eintala,,,,,,,,interior bisector,,,,,,,,2410
innri jafna,na,kvk,Eintala,,,,,,,,intrinsic equation,,,,natural equation,,,,2411
innri margföldun,na,kvk,Eintala,,,,,,,"contraction, inner product",inner tensor multiplication,,,,"inner multiplication, transvection",,,,2412
innri punktur,na,kk,Eintala,,,,,,,,inner point,,,,interior point,,,,2413
innri rúmfræði,na,kvk,Eintala,,,,,,,,absolute geometry,,,,intrinsic geometry,,,,2414
innri sjálfmótun,na,kvk,Eintala,,,,,,,,inner automorphism,,,,,,,,2415
innsetjanlegur,ls,kk,Eintala,,,,,,,,substitutable,,,,,,,,2423
innsetning,na,kvk,Eintala,,,,,,,substitution,replacement,,,,,,,,2424
innsetning,na,kvk,Eintala,,,,,,,"change of variables, integration by substitution",substitution,,,,,,,,2425
innsetningaraðferð,na,kvk,Eintala,<ref idTerm=41>Aðferð</ref> til þess að <ref idTerm=2870>leysa</ref> <ref idTerm=2548>jöfnuhneppi</ref> þar sem <ref idTerm=538>breytur</ref> eru einangraðar og síðan settar inn í aðrar <ref idTerm=2478>jöfnur</ref>.,,,,,,,substitution method,,,,,,,,2426
innsetningarfrumsenda,na,kvk,Eintala,,,,"innsetningarfrumsetning, frumsenda um innsetningu, frumsetning um innsetningu",,,,axiom of substitution,,,,axiom of replacement,,,,2427
innsetningarregla,na,kvk,Eintala,,,,,,,,rule of substitution,,,,,,,,2428
innsetningarregla,na,kvk,Eintala,,,,,,,,substitution rule,,,,,,,,2429
innstig,na,,Eintala,,,,inngráða,,,,in-degree,,,,in-valence,,,,2434
innstæður þvervigur,na,kk,Eintala,,,,"innstæður þverill, innri þvervigur, innri þverill",,,,inward normal,,,,,,,,2430
innstæður,ls,,Eintala,,,,innri,,,,inward,,,,,,,,2431
innstæður,ls,,Eintala,,,,innri,,,,outward,,,,,,,,2432
innstætt horn,na,hk,Eintala,,,,,,,,reentrant angle,,,,,,,,2433
innsveifarferill,na,kk,Eintala,,,,,,,,hypotrochoid,,,,,,,,2435
innsæiskenning,na,kvk,Eintala,,,,,,,,intuitionism,,,,,,,,2421
innsæisrökfræði,na,kvk,Eintala,,,,,,,,intuitionist logic,,,,intuitional logic,,,,2422
innsæi,na,,Eintala,,,,"skjótsæi, snarskyggni",,,,intuition,,,,,,,,2420
innör,na,hk,Eintala,,,,,,,outgoing arc,entering arc,,,,incoming arc,,,,2401
íðal,na,hk,Eintala,,,,,,,,ideal,,,,,,,,2360
íðalflokkagrúpa,na,kvk,Eintala,,,,,,,,ideal class group,,,,,,,,2362
íðalflokkur,na,kk,Eintala,,,,,,,,ideal class,,,,,,,,2363
íðalgrúpa,na,kvk,Eintala,,,,,,,,ideal group,,,,,,,,2364
íðalkeðja,na,kvk,Eintala,,,,,,,,chain of ideals,,,,,,,,2365
íðal-,pref,,,,,,,,,,ideal,,,,,,,,2361
íholur,ls,kk,Eintala,,,,íbjúgur,,,,concave,,,,,,,,2367
ílag,na,hk,Eintala,,,,,,,,input,,,,,,,,2368
ílagsgögn,na,hk,Fleirtala,,,,,,,,input data,,,,,,,,2370
ílags-frálagsgreining,na,kvk,Eintala,,,,,,,,input-output analysis,,,,,,,,2369
ílangur sporvölusnúðflötur,na,kk,Eintala,,,,,,,,ovary ellipsoid,,,,prolate ellipsoid,,,,2371
ílangur sporvölusnúðflötur,na,kk,Eintala,,,,,,,oblate ellipsoid,prolate ellipsoid,,,,prolate spheroid,,,,2372
ílangur sporvölusnúður,na,kk,Eintala,,,,,,,,ovary ellipsoid,,,,prolate ellipsoid,,,,2373
ílangur sporvölusnúður,na,kk,Eintala,,,,,,,oblate ellipsoid,prolate ellipsoid,,,,prolate spheroid,,,,2374
ímyndaður hringur,na,kk,Eintala,,,,,,,,imaginary circle,,,,,,,,2377
ítreka,sag,,,,,,,,,,iterate,,,,,,,,2436
ítrekað heildi,na,hk,Eintala,,,,"ítrekað tegur, endurtekið heildi, endurtekið tegur",,,multiple integral,iterated integral,,,,repeated integral,,,,2437
ítrekun,na,kvk,Eintala,,,,,,,iterate,iteration,,,,"iterating, iteration process",,,,2438
ítrekunaraðferð,na,kvk,Eintala,,,,,,,,iterative method,,,,iteration method,,,,2440
ítrekunarfræði,na,kvk,Eintala,,,,,,,,iteration theory,,,,,,,,2441
ítrekunarrás,na,,Eintala,,,,"ítrekunarhringur, ítrekunarlykkja",,,,(iterative cycle) cycle,,,,iterative cycle,,,,2442
ítrekunarreikningur,na,kk,Eintala,,,,,,,,iterative computation,,,,,,,,2443
ítrekunarskref,na,hk,Eintala,,,,,,,,iterative step,,,,iteration step,,,,2444
ítrekun (vörpunar),na,kvk,Eintala,,,,ítrekuð vörpun,,,iteration,(result of iterating) iterate,,,,iterated mapping,,,,2439
ívarp,sag,,Eintala,,,,,,,,inclusion mapping,,,,"inclusion, inclusion function",,,,6591
ívera,na,kvk,Eintala,,,,,,,,membership,,,,,,,,2445
íverutákn,na,hk,Eintala,,,,,,,,membership sign,,,,set-membership symbol,,,,2446
íveruvensl,na,hk,Fleirtala,,,,,,,,membership relation,,,,,,,,2447
í hið óendanlega,,,,,,,,,,,ad infinitum,,,,,,,,2354
í jöfnum mæli,,,,,,,,,,,uniform,,,,,,,,2355
í punkti,,,,,,,í hverjum punkti,,,,punctual,,,,,,,,2357
í samræmi við röðun,,,,,,,raðvís,,,,order compatible,,,,,,,,2358
í öfugu hlutfalli við,,,,,,,,,,directly proportional,inversely proportional,,,,reciprocally proportional,,,,2356
jaðar,na,kk,Eintala,,,,,,,"circumference, contour, periphery",boundary,,,,frontier,,,,2453
jaðar,na,kk,Eintala,,,,,,," boundary, circumference,  perimeter",periphery,,,,,,,,2454
jaðarbogi,na,kk,Eintala,,,,,,,,boundary arc,,,,,,,,2456
jaðarbútur,na,kk,Eintala,,,,,,,,boundary element,,,,,,,,2457
jaðardreifing,na,kvk,Eintala,,,,,,,,marginal distribution,,,,,,,,2458
jaðarferill,na,kk,Eintala,,,,,,,,boundary curve,,,,,,,,2459
jaðargildi,na,hk,Eintala,,,,,,,,boundary value,,,,,,,,2460
jaðargildisverkefni,na,hk,Eintala,,,,,,,,boundary value problem,,,,boundary problem,,,,2461
jaðarhegðun,na,kvk,Eintala,,,,,,,,boundary behaviour,,,,,,,,2462
jaðarhringur,na,kk,Eintala,,,,,,,,horocycle,,,,,,,,2463
jaðarkúla,na,kvk,Eintala,,,,,,,,horosphere,,,,,,,,2464
jaðarlag,na,hk,Eintala,,,,,,,,boundary layer,,,,,,,,2465
jaðarpunktur,na,kk,Eintala,,,,,,,,boundary point,,,,frontier point,,,,2466
jaðarskilyrði,na,hk,Eintala,,,,,,,,boundary condition,,,,,,,,2467
jaðarvirki,na,kk,Eintala,,,,,,,,boundary operator,,,,,,,,2469
jaðarvíðátta,na,kvk,Eintala,,,,,,,manifold with boundary,bounding manifold,,,,,,,,2468
jaðarvörpun,na,kvk,Eintala,,,,,,,,mapping of the boundary,,,,,,,,2470
jaðarþéttleiki,na,kk,Eintala,,,,,,,,marginal density,,,,,,,,2471
jaðar,na,kk,Eintala,,,,jaðarferill,,,boundary,contour,,,,,,,,2455
jaðraður,ls,kk,Eintala,,,,,,,manifold with boundary,(of a manifold) bounded,,,,,,,,2472
jafnaðarmerki,na,hk,Eintala,,,,"jöfnunarmerki, samasemmerki, samsemdarmerki",,,,equal sign,,,,"equals sign, sign of equality",,,,2479
jafnarma,ls,,Eintala,<ref idTerm=6438>Þríhyrningur</ref> kallast \textit{jafnarma} ef hann hefur tvær jafn <ref idTerm=2860>langar</ref> <ref idTerm=2048>hliðar</ref>.,Eftirfarandi er mynd af jafnarma þríhyrningi:\n\n\begin{center}\n\includegraphics[width=150px]{myndir/jafnarma_thrihyrningur.png}\n\end{center},,,,,,isosceles,,,,,,,,2480
jafna Pells,na,kvk,Eintala,,,,,,,,Pell's equation,,,,Pellian equation,,,,2476
jafna út,sag,,,,,,,,,,round off,,,,,,,,2477
jafna,na,kvk,Eintala,<ref idTerm=1515>Yrðing</ref> sem lýsir því að tvær <ref idTerm=5102>stærðir</ref> séu <ref idTerm=2474>jafnar</ref>.,"Dæmi um jöfnu er staðhæfingin \(q(x)\): „\(x^2 = 1\)“ sem er jafna með óþekktu <ref idTerm=5102>stærðina</ref> \(x\). Þegar talan \(-1\) er sett í stað óþekktu stærðarinnar fæst staðhæfingin \(p(-1)\): „\((-1)^2 = 1\)“, sem er <ref idTerm=6659>sönn</ref> yrðing. Þegar talan \(-2\) er sett í stað óþekktu stærðarinnar fæst hins vegar staðhæfingin \(p(-2)\): „\((-2)^2 = 1\)“, sem er <ref idTerm=6624>ósönn</ref> yrðing.",,líking,,,,equation,,,,,,,,2478
jafnása breiðbogi,na,kk,Eintala,,,,"jafnhliða breiðbogi, réttstæður breiðbogi",,,,equiangular hyperbola,,,,"equilateral hyperbola, rectangular hyperbola",,,,2481
jafnbreiður ferill,na,kk,Eintala,,,,,,,,curve of constant breadth,,,,orbiform curve,,,,2482
jafnbreytinn,ls,kk,Eintala,,,,,,,,equivariant,,,,,,,,2483
jafndreifður,ls,kk,Eintala,,,,,,,,equally distributed,,,,"equidistributed, uniformly distributed",,,,2484
jafnfirðarferill,na,kk,Eintala,,,,,,,hypercycle,equidistance curve,,,,,,,,2485
jafnfirðarferill,na,kk,Eintala,,,,,,,equidistance curve,hypercycle,,,,,,,,2486
jafnfjarlægur,ls,kk,Eintala,,,,,,,,equidistant,,,,,,,,2487
jafngildi,na,hk,Eintala,,,,,,,"material equivalence, biconditional",equivalence,,,,,,,,2488
jafngildisflokkur,na,kk,Eintala,"<ref idTerm=2098>Hlutmengi</ref> \(A\) í <ref idTerm=3270>mengi</ref> \(X\) sem uppfyllir fyrir öll \(x,y \in A\) að \(x\) og \(y\) séu <ref idTerm=0>vensluð saman</ref> með tilliti til tiltekinna <ref idTerm=6592>jafngildisvensla</ref> og að \(x \in A\) sé ekki venslað saman við neitt <ref idTerm=5128>stak</ref> í \(X \setminus A\).",,,,,,,equivalence class,,,,,,,,2489
jafngildisvensl,na,hk,Fleirtala,"<ref idTerm=5705>Tvístæð vensl</ref> \(\sim\) á <ref idTerm=3270>mengi</ref> \(X\) sem uppfylla eftirfarandi þrjú <ref idTerm=4797>skilyrði</ref>: \n\n\begin{enumerate}\n    \item \(x \sim x\) fyrir öll \(x \in X\) (\textit{spegilvirkni})\n    \item Fyrir sérhver stök \(x,y \in X\) gildir að ef \(x \sim y\) þá gildir einnig \(y \sim x\) (\textit{samhverfni})\n    \item Fyrir sérhver stök \(x,y,z \in X\) gildir að ef \(x \sim y\) og \(y \sim z\), þá gildir einnig \(x \sim z\) (\textit{gegnvirkni})\n\end{enumerate}","Jafngildisvensl á mengi \(X\) eru ákveðin útvíkkun á hugtakinu að tvö <ref idTerm=5128>stök</ref> úr \(X\) séu <ref idTerm=2474>jöfn</ref>, enda uppfylla venslin \(=\) skilyrði þess að vera jafngildisvensl. Sérhver jafngildisvensl á \(X\) mynda <ref idTerm=5325>skiptingu</ref> á \(X\) í <ref idTerm=5329>sundurlæga</ref> <ref idTerm=2489>jafngildisflokka</ref>. Venslin \(=\) eru sértilfelli þar sem jafngildisflokkarnir eru allir <ref idTerm=963>einstökungar</ref>, með öðrum orðum eru tvö stök \(x,y \in X\) jöfn þá og því aðeins að þau séu sama stakið. Almenn jafngildisvensl gera manni hins vegar kleift að einblína á ákveðna <ref idTerm=803>eiginleika</ref> stakanna og líta á tvö stök sem eru vensluð saman sem jafngild þó að þau séu ekki jöfn stök. Dæmi um jafngildisvensl eru venslin ``eru <ref idTerm=4509>samsíða</ref>'' á mengi <ref idTerm=2911>lína</ref> í <ref idTerm=1031>evklíðskri sléttu</ref> en þá ákveðum við að einblína einungis á <ref idTerm=1863>halla</ref> línanna og hunsum alveg hvaða <ref idTerm=4001>punktar</ref> liggja á þeim.",,,,,,equivalence relation,,,,equivalence,,,,6592
jafngildur,ls,kk,Eintala,,,,,,,,equivalent,,,,,,,,2490
jafngildur í jöfnum mæli,ls,kk,Eintala,,,,,,,,uniformly equivalent,,,,,,,,2491
jafngilt fylki,na,hk,Eintala,,,,,,,,associated matrix,,,,equivalent matrix,,,,2492
jafnhallaferill,na,kk,Eintala,,,,,,,,isocline,,,,,,,,2493
jafnhallaferill,na,kk,Eintala,,,,,,,,slope line,,,,,,,,2494
jafnhliða,ls,,Eintala,,,,,,,,(of a triangle,,,,polygon etc.) equilateral,,,,2495
jafnhliða þríhyrningur,na,kk,Eintala,<ref idTerm=6438>Þríhyrningur</ref> með allar <ref idTerm=2048>hliðar</ref> jafn <ref idTerm=2860>langar</ref>.,"Öll <ref idTerm=2198>horn</ref> jafnhliða þríhyrnings eru <ref idTerm=2223>jafn stór</ref>, reyndar mælast þau öll \(\frac23\pi\) <ref idTerm=478>radíana</ref> eða 60 <ref idTerm=1667>gráður</ref>. Eftirfarandi er mynd af jafnhliða þríhyrningi:\n\n\begin{center}\n\includegraphics[width=150px]{myndir/jafnhlida_thrihyrningur.png}\n\end{center}",,,,,,equilateral triangle,,,,regular triangle,,,,2496
jafnhlutfallaruna,na,kvk,Eintala,,,,kvótaruna,,,,geometric progression,,,,geometric sequence,,,,2498
jafnhlutfallaröð,na,kvk,Eintala,,,,"kvótaröð, rúmkynja röð",,,,geometric series,,,,,,,,2497
jafnhornaferill,na,kk,Eintala,,,,,,,,isogonal trajectory,,,,,,,,2500
jafnhorna,ls,,,,,,sem mynda sama horn,,,,isogonal,,,,,,,,2499
jafnhyrndur,ls,kk,Eintala,,,,með öll horn jöfn,,,,(of a triangle,,,,"polygon etc.) equiangular, equiangled, isogonal",,,,2501
jafnhyrningur,na,kk,Eintala,,,,jafnhyrndur marghyrningur,,,,isogon,,,,,,,,2502
jafnlíklegur,ls,kk,Eintala,,,,,,,,equipossible,,,,,,,,2503
jafnmunaruna,na,kvk,Eintala,,,,,,,,arithmetic progression,,,,arithmetic sequence,,,,2511
jafnmunaröð,na,kvk,Eintala,,,,,,,,arithmetic series,,,,,,,,2510
jafnmælisgrannmynstur,na,hk,Eintala,,,,,,,,uniform topology,,,,,,,,2504
jafnmælismynstur,na,hk,Eintala,,,,,,,,uniform structure,,,,uniformity,,,,2505
jafnmælisrúm,na,hk,Eintala,,,,,,,,uniform space,,,,,,,,2506
jafnmælisskorða,na,kvk,Eintala,,,,,,,,uniform bound,,,,,,,,2507
jafnmættisflötur,na,kk,Eintala,,,,,,,,equipotential surface,,,,,,,,2508
jafnmættislína,na,kvk,Eintala,,,,,,,,equipotential line,,,,,,,,2509
jafnsamfelldni,na,kvk,Eintala,,,,,,,,equicontinuity,,,,,,,,2512
jafnsamfelldur,ls,kk,Eintala,,,,,,,,equicontinuous,,,,,,,,2513
jafnsamleitinn,ls,kk,Eintala,,,,,,,,equiconvergent,,,,,,,,2514
jafnsamleitni,na,kvk,Eintala,,,,,,,,equiconvergence,,,,,,,,2515
jafnstæðni,na,kk,Eintala,,,,"jafnleiki, sléttleiki",,,,evenness,,,,,,,,2516
jafnstæðugrúpa,na,kvk,Eintala,,,,,,,,alternating group,,,,,,,,2517
jafnstæður,ls,kk,Eintala,<ref idTerm=1078>Fall</ref> \(f: X \to Y\) þar sem \(X\) og \(Y\) eru <ref idTerm=2098>hlutmengi</ref> í <ref idTerm=3270>mengi</ref> <ref idTerm=4093>rauntalna</ref> kallast \textit{jafnstætt} ef fyrir öll \(x \in X\) gildi að \[ f(-x) = f(x).\],<ref idTerm=2955>Graf</ref> jafnstæðs falls fellur í sjálft sig við <ref idTerm=4986>speglun</ref> um \(y\)-ásinn. Eftirfarandi mynd sýnir jafnstætt fall:\n\n\begin{center}\n\includegraphics[width=150px]{myndir/jafnstaett_fall.png}\n\end{center},,,,,odd,(of a function) even,,,,,,,,2518
jafnstæður,ls,kk,Eintala,,,,,,,odd,(of a permutation) even,,,,,,,,2519
jafntímaferill,na,kk,Eintala,,,,,,,cycloid,isochronal,,,,"isochronal curve, isochrone, isochronous curve, tautochrone",,,,2520
jafnvíður,ls,kk,Eintala,,,,,,,,(equal in dimension) equidimensional,,,,,,,,2525
jafnvígur hnútur,na,kk,Eintala,,,,,,,,amphicheiral knot,,,,,,,,2526
jafnvægi,na,hk,Eintala,,,,,,,,equilibrium,,,,,,,,2522
jafnvægt mengi,na,hk,Eintala,,,,,,,,balanced set,,,,,,,,2523
jafnvægur,ls,kk,Eintala,,,,,,,,balanced,,,,,,,,2524
jafnvæg skekkja,na,kvk,Eintala,,,,,,,,balanced error,,,,,,,,2521
jafnþátta,sag,,,,,,,,,,homogenize,,,,,,,,2529
jafnþáttuð margliða,na,kvk,Eintala,,,,,,,,homogenized polynomial,,,,,,,,2530
jafnþættur,ls,kk,Eintala,,,,einsleitur,,,,(of a polynomial) homogeneous,,,,,,,,2528
jafnþætt hnit,na,hk,Fleirtala,,,,einsleit hnit,,,,homogeneous coordinates,,,,,,,,2527
jafn að ummáli,ls,kk,Eintala,,,,ummálsjafn,,,,isoperimetric,,,,,,,,2473
jafn,ls,kk,Eintala,,,,jafnstór,,,,equal,,,,,,,,2474
jafn,ls,kk,Eintala,,,,sléttur,,,odd,(of a number) even,,,,,,,,2475
japanskur baugur,na,kk,Eintala,,,,,,,,Japanese ring,,,,,,,,2540
japönsk kúlnagrind,na,kvk,Eintala,,,,"japönsk talnagrind, japönsk reiknigrind",,,"abacus, calculating frame, counting frame",saroban,,,,soroban,,,,2541
Jacobi-ákveða,na,kvk,Eintala,,,,,,,,functional determinant,,,,"Jacobian, Jacobian determinant",,,,2448
Jacobi-fylki,na,hk,Eintala,,,,,,,,functional matrix,,,,"Jacobian, Jacobian matrix",,,,2449
Jacobi-tákn,na,hk,Eintala,,,,,,,,Jacobi symbol,,,,,,,,2450
Jacobi-víðerni,na,hk,Eintala,,,,,,,,Jacobian variety,,,,Jacobian,,,,2451
Jacobson-rót,na,kvk,Eintala,,,,,,,,Jacobson radical,,,,,,,,2452
jákvæður snúningur,na,kk,Eintala,,,,snúningur rangsælis,,,,anticlockwise rotation,,,,"counterclockwise rotation, left-handed rotation, positive rotation",,,,2533
jákvæður snúningur,na,kk,Eintala,,,,snúningur rangsælis,,,,left-handed rotation,,,,,,,,2534
jákvæður,ls,kk,Eintala,<ref idTerm=4093>Rauntala</ref> kallast \textit{jákvæð} ef hún er stærri en 0.,,,viðlægur,,,,positive,,,,,,,,2535
jákvæð fylgni,na,kvk,Eintala,,,,,,,,direct correlation,,,,positive correlation,,,,2531
jákvæð stríkkun,na,kvk,Eintala,,,,,,,,direct homothety,,,,"direct similitude, positive homothety, positive similitude",,,,2532
jákvætt ákveðinn,ls,kk,Eintala,,,,,,,,positive definite,,,,,,,,2536
jákvætt áttaður,ls,kk,Eintala,,,,,,,,positively oriented,,,,,,,,2537
jákvætt endurkvæmur,ls,kk,Eintala,,,,jákvætt afturkvæmur,,,,positive recurrent,,,,,,,,2538
jákvætt hálfákveðinn,ls,kk,Eintala,,,,,,,,positive semidefinite,,,,,,,,2539
Jordan-ferill,na,kk,Eintala,,,,einfaldur lokaður ferill,,,,Jordan curve,,,,simple closed curve,,,,2549
jöðrun,na,kvk,Eintala,,,,,,,,bordism,,,,,,,,2542
jöðrunarfræði,na,kvk,Eintala,,,,,,,,bordism theory,,,,,,,,2543
jöfnuður,na,kk,Eintala,,,,,,,,equality,,,,,,,,2547
jöfnuhneppi,na,hk,Eintala,<ref idTerm=3744>Ogun</ref> á <ref idTerm=2478>jöfnum</ref> sem innihalda sameiginlegar <ref idTerm=538>breytur</ref> teknar úr sama <ref idTerm=3270>menginu</ref>.,,,,,,,simultaneous equations,,,,system of equations,,,,2548
jöfn dreifing,na,kvk,Eintala,,,,,,,rectangular distribution,uniform distribution,,,,,,,,2544
jöfn hröðun,na,kvk,Eintala,,,,,,,,uniform acceleration,,,,,,,,2545
jöfn tala,na,kvk,Eintala,"<ref idTerm=1896>Heil tala</ref> sem er <ref idTerm=648>deilanleg</ref> með \(2\), þ.e. heil tala \(n\) sem rita má á forminu \(n = 2 \cdot k\) þar sem \(k\) er heil tala.",,,slétt tala,,,odd number,even number,,,,even integer,,,,2546
karteskt rúm,na,hk,Eintala,,,,Kartesarrúm,,,"coordinate space, euclidean space, number space, real number space",cartesian space,,,,,,,,2556
karteskur ferningur,na,kk,Eintala,,,,,,,,cartesian square,,,,pull-back diagram,,,,2557
karteskur,ls,,Eintala,,Einnig ritað með upphafsstaf: {\it Cartesian},,"Descartes-, Kartes\hbox{ar-.}\ekkipunktur",,,,cartesian,,,,,,,,6593
kartesk hnit,na,,Eintala,<ref idTerm=2143>Hnit</ref> í <ref idTerm=6596>karteskri sléttu</ref>.,,,Kartesarhnit,,,"affine coordinates, oblique coordinates, orthogonal coordinates, orthonormal coordinates, rectangular coordinates",cartesian coordinates,,,,,,,,2554
kartesk slétta,na,,Eintala,<ref idTerm=1031>Evklíðsk slétta</ref> með <ref idTerm=2145>hnitakerfi</ref> sem fæst með því að setja upp <ref idTerm=6469>þverstæðar</ref> <ref idTerm=5416>talnalínur</ref> sem kallast \textit{hnitaásar} og <ref idTerm=4771>skerast</ref> í núllpunktum sínum. Þessi <ref idTerm=4845>skurðpunktur</ref> kallast þá \textit{upphafspunktur} hnitakerfisins sem er yfirleitt táknaður með \(O\) og venja er að kalla aðra talnalínuna \(x\)-ás og hina \(y\)-ás.,"Eftirfarandi er mynd af kartesku hnitakerfi:\n\n\begin{center}\n\includegraphics[width=150px]{myndir/kartesk_hnit.png}\n\end{center}\n\nUpphafspunkturinn skiptir \(x\)-ás í tvær <ref idTerm=1840>hálflínur</ref>; þá sem hefur <ref idTerm=4001>punkta</ref> með <ref idTerm=981>frekar jákvæð</ref> hnit og kallast \textit{jákvæði \(x\)-ás}, og aðra sem hefur punkta með <ref idTerm=980>frekar neikvæð</ref> hnit og kallast \textit{neikvæði \(x\)-ás}. Sama á við um \(y\)-ás. Jákvæðu ásarnir tilgreina <ref idTerm=5135>stefnu</ref> á hnitaásunum. Á mynd er venja að gefa jákvæðu stefnu hnitaásanna til kynna með <ref idTerm=3810>ör</ref> og merkja ásana við örina með \(x\) eða \(y\).\n\nHnitaásarnir skipta sléttunni í fjóra \textit{fjórðunga}:\n\n\begin{enumerate}\n    \item Fyrsti fjórðungur samanstendur af þeim punktum sléttunnar sem eru innaní <ref idTerm=4167>rétta horninu</ref> sem hefur jákvæða \(x\)-ás og jákvæða \(y\)-ás fyrir <ref idTerm=334>arma</ref> sína,\n\n    \item Annar fjórðungur samanstendur af þeim punktum sléttunnar sem eru innaní rétta horninu sem hefur neikvæða \(x\)-ás og jákvæða \(y\)-ás fyrir arma sína,\n\n    \item Þriðji fjórðungur samanstendur af þeim punktum sléttunnar sem eru innaní rétta horninu sem hefur neikvæða \(x\)-ás og neikvæða \(y\)-ás fyrir arma sína,\n\n    \item Fjórði fjórðungur samanstendur af þeim punktum sléttunnar sem eru innaní rétta horninu sem hefur jákvæða \(x\)-ás og neikvæða \(y\)-ás fyrir arma sína,\n\end{enumerate}\n\nÞegar sléttan er <ref idTerm=0>áttuð</ref> er venja að velja hnitaásana þannig að <ref idTerm=5145>stefnuhornið</ref> sem hefur jákvæða \(x\)-ás sem fyrri arm og jákvæða \(y\)-ás fyrir seinni arm hafi jákvæða áttun. Þá fæst að þegar jákvæða \(x\)-ás er <ref idTerm=4954>snúið</ref> <ref idTerm=290>rangsælis</ref>, þá fer hann fyrst í gegnum fyrsta fjórðung áður en hann fellur í jákvæða \(y\)-ás. Þegar honum er snúið áfram, þá fer hann næst í gegnum annan fjórðung, þá þriðja og loks fjórða fjórðung.\n\nMeð hjálp hnitaásanna má samsama punktum sléttunnar við <ref idTerm=5627>tvenndir</ref> af <ref idTerm=4093>rauntölum</ref> með eftirfarandi hætti:\n\n\begin{enumerate}\n    \item Látum \(P\) vera punkt í sléttunni. Látum \(A\) vera <ref idTerm=1389>fótpunkt</ref> þverilsins á \(x\)-ás í gegnum \(P\). Hnit \(A\) á \(x\)-ásnum er rauntala \(a\) sem kallast \(x\)-hnit \(P\). Hún er stundum táknuð \(x(P)\). Eins látum við \(B\) vera fótpunkt <ref idTerm=2975>þverilsins</ref> á \(y\)-ás í gegnum \(P\). Hnit \(B\) á \(y\)-ásnum er rauntala \(b\) sem kallast \(y\)-hnit \(P\). Hún er stundum táknuð \(y(P)\). Talnatvenndin \((a,b)\) kallast einu nafni \textit{kartesk hnit} punktsins \(P\), eða einfaldlega hnit \(P\). Talan \(a\) er einnig kölluð \textit{láhnit} og talan \(b\) \textit{lóðhnit}.\n\n    \item Látum \((a,b)\) vera rauntalnatvennd. Látum \(A\) er punktinn á \(x\)-ás sem hefur hnit \(a\) og \(B\) vera punktinn á \(y\)-ás sem hefur hnit \(b\). Þverillinn á \(x\)-ás í gegnum punktinn \(A\) sker þverilinn á \(y\)-ás í gegnum punktinn \(B\). Látum \(P\) vera skurðpunktinn. Stundum er skurðpunkturinn einnig táknaður með \(P(a,b)\) til að gefa talnatvenndina til kynna.\n\end{enumerate}\n\n\begin{center}\n\includegraphics[width=150px]{myndir/kartesk_hnit_b.png}\n\end{center}",,Kartesarslétta,,,coordinate plane,cartesian plane,,,,,,,,6595
kassi,na,kk,Eintala,<ref idTerm=4625>Sexflötungur</ref> þar sem allar <ref idTerm=1325>hliðar</ref> eru <ref idTerm=4175>rétthyrningar</ref>.,"Eftirfarandi er mynd af kassa með hliðarlengdir \(l,b\) og \(h\):\n\n\begin{center}\n\includegraphics[width=150px]{myndir/kassi.png}\n\end{center}",,"kubbur, rétthyrndur samhliðungur",,,,block,,,,rectangular parallelepiped,,,,2559
kast,na,hk,Eintala,,,,,,,,cast,,,,throw,,,,2560
kápubrún,na,kvk,Eintala,,,,möttulbrún,,,,lateral edge,,,,,,,,2550
kápuflatarmál,na,hk,Eintala,,,,möttulflatarmál,,,,lateral area,,,,,,,,2551
kápuflötur,na,,Eintala,,,,"kápa, möttull, möttulflötur",,,,lateral surface,,,,,,,,2552
kápuhlið,na,,Eintala,,,,"kápuhliðarflötur, möttulhlið, möttulhliðarflötur",,,,lateral face,,,,,,,,2553
keðja,na,kvk,Eintala,,,,,,,,(in topology) chain,,,,,,,,2561
keðjuályktun,na,kvk,Eintala,,,,,,,,chain inference,,,,sorites,,,,2562
keðjubrot,na,hk,Eintala,,,,,,,,continued fraction,,,,,,,,2563
keðjubrotsliðun,na,kvk,Eintala,,,,liðun í keðjubrot,,,,continued fraction expansion,,,,expansion into a continued fraction,,,,2564
keðjuferill,na,kk,Eintala,,,,,,,,catenary,,,,,,,,2565
keðjufléttingur,na,kk,Eintala,,,,,,,,chain complex,,,,,,,,2566
keðjuflötur,na,kk,Eintala,,,,,,,,catenoid,,,,,,,,2567
keðjugrúpa,na,kvk,Eintala,,,,,,,,chain group,,,,,,,,2568
keðjuherping,na,kvk,Eintala,,,,,,,,chain contraction,,,,,,,,2569
keðjujaðar,na,kk,Eintala,,,,,,,,chain boundary,,,,,,,,2570
keðjujafngildi,na,hk,Eintala,,,,,,,,chain equivalence,,,,,,,,2571
keðjuregla,na,kvk,Eintala,,,,,,,,chain rule,,,,,,,,2572
keðjusamtoga,ls,,,,,,,,,,chain homotopic,,,,,,,,2573
keðjusamtogun,na,kvk,Eintala,,,,,,,,chain homotopy,,,,,,,,2574
keðjuskilyrði,na,hk,Eintala,,,,,,,,chain condition,,,,,,,,2575
keila,na,kvk,Eintala,<ref idTerm=6532>Rúmmynd</ref> sem afmarkast af <ref idTerm=2579>fleti</ref> með <ref idTerm=488>sveigðum</ref> <ref idTerm=2453>jaðri</ref> og <ref idTerm=2579>fletinum</ref> sem fæst með því að draga <ref idTerm=2958>línustrik</ref> milli <ref idTerm=4001>punkta</ref> jaðarins og eins tiltekins punkts.,,,,,,"circular cone, right circular cone, right cone, conical surface",cone,,,,,,,,2576
keiluflötur,na,kk,Eintala,,,,,,,cone,conical surface,,,,,,,,2579
keilulaga,ls,,Eintala,,,,,,,,conic,,,,,,,,2580
keilulaga,ls,,,,,,,,,,conical,,,,,,,,2581
keilusnið,na,hk,Eintala,,,,,,,quadratic curve,conic section,,,,conic,,,,6596
keilusnið með miðju,na,hk,Eintala,,,,miðpunktskeilusnið,,,,central conic,,,,,,,,2582
keilustúfur,na,kk,Eintala,,,,,,,,conical frustum,,,,,,,,2583
keilustúfur,na,,Eintala,,,,stýfð keila,,,,frustum of cone,,,,truncated cone,,,,2584
keilu-,pref,,,,,,,,,,conic,,,,,,,,2577
keilu-,pref,,,,,,,,,,conical,,,,,,,,2578
kennifall,na,hk,Eintala,,,,,,,Fourier transform,(of a random variable) characteristic function,,,,,,,,2585
kenniferill,na,kk,Eintala,,,,,,,,(of a partial differential equation) characteristic,,,,characteristic curve,,,,2587
kenniferill,na,kk,Eintala,,,,,,,characteristic,characteristic curve,,,,,,,,2588
kenniflokkur,na,kk,Eintala,,,,,,,,characteristic class,,,,,,,,2589
kenniflötur,na,kk,Eintala,,,,,,,,characteristic,,,,characteristic surface,,,,2590
kenniflötur,na,kk,Eintala,,,,,,,characteristic,characteristic surface,,,,,,,,2591
kennigrúpa,na,kvk,Eintala,,,,nykurgrúpa,,,,character group,,,,dual group,,,,2592
kennijafna,na,kvk,Eintala,,,,,,,,characteristic equation,,,,,,,,2593
kennileg hlutgrúpa,na,kvk,Eintala,,,,,,,,characteristic subgroup,,,,,,,,2594
kennimargliða,na,kvk,Eintala,,,,,,,,characteristic polynomial,,,,characteristic function,,,,6597
kenning,na,kvk,Eintala,,,,,,,"complete theory, decidable theory, formalized theory, metatheory, object theory, stronger theory, subtheory, undecidable theory",theory,,,,,,,,2595
kenning um mikil frávik,na,kvk,Eintala,,,,,,,,theory of large deviations,,,,,,,,2596
kennirót,na,kvk,Eintala,,,,,,,characteristic value,characteristic root,,,,,,,,2599
kennir,na,,Eintala,,,,"grúpukennir, kennimótun",,,,(of a group) character,,,,group character,,,,2597
kennir,na,,Eintala,,,,kennimótun,,,,(of an algebra) character,,,,,,,,2598
kennitala,na,kvk,Eintala,,,,,,,,(of a logarithm) characteristic,,,,,,,,2600
kennitala,na,kvk,Eintala,,,,,,,field characteristic,(of a ring or field) characteristic,,,,,,,,2601
kennitala sviðs,na,kvk,Eintala,,,,,,,characteristic,field characteristic,,,,,,,,2602
keppnisnet,na,hk,Eintala,,,,,,,,tournament,,,,,,,,2603
kerfi,na,hk,Eintala,,,,,,,"associated homogeneous system, axiom system, binary number system, binary numeration system, categorical axiom system, complete axiom system, complete residue system, complex number system, coordinate system, decimal number system, decimal numeration system, decimal system (of numeration), direct system, duodecimal numeration system, dynamic system, dynamical system, extended real number system, family, formal system, fundamental system, hexadecimal numeration system, indeterminate system of equations, left-handed coordinate system, linear system, linear system of equations, local coordinate system, minimal system of generators, moving coordinate system, neighbourhood system, number system, numeral system, numeration system, oblique coordinate system, octal numeration system, orthogonal coordinate system, orthonormal coordinate system, place value system, polar coordinate system, primitive period system, real number system, rectangular coordinate system, reduced residue system, residue system, right-handed coordinate system, sexadecimal numeration system, sexagesimal numeration system, subsystem, ternary number system, ternary numeration system, underdeterminate system, underdetermined system",system,,,,,,,,2604
kerfisbundin skekkja,na,,Eintala,,,,"bjagi, vilhalli, hliðrunarskekkja, hlutdrægni",,,,bias,,,,"fixed error, regular error, systematic error",,,,2605
kerfisbundin úrtakskönnun,na,kvk,Eintala,,,,,,,,aligned sampling,,,,systematic sampling,,,,2606
kerfisgreining,na,kvk,Eintala,,,,,,,,system analysis,,,,,,,,2607
kíkisröð,na,kvk,Eintala,,,,,,,,telescopic series,,,,,,,,2611
kím,na,hk,Eintala,,,,,,,,germ,,,,,,,,2612
kínverska leifasetningin,na,kvk,Eintala,,,,,,,,Chinese remainder theorem,,,,,,,,2614
kínversk talnagrind,na,kvk,Eintala,,,,"kínversk kúlnagrind, kínversk reiknigrind",,,"abacus, calculating frame, counting frame",suan-pan,,,,,,,,2613
kí-dreifing,na,kvk,Eintala,,,,\(\chi\)-dreifing,,,,chi-distribution,,,,,,,,2608
kí-í-öðru-dreifing,na,kvk,Eintala,,,,\(\chi^2\)-dreifing,,,,chi-squared distribution,,,,chi-square distribution,,,,2609
kí-í-öðru-próf,na,hk,Eintala,,,,\(\chi^2\)-próf,,,,chi-squared test,,,,,,,,2610
kjarnafall,na,hk,Eintala,,,,,,,,kernel function,,,,,,,,2616
kjarngott rúm,na,hk,Eintala,,,,,,,,nuclear space,,,,,,,,2618
kjarngóður virki,na,kk,Eintala,,,,,,,,nuclear operator,,,,,,,,2617
kjarni,na,kk,Eintala,,,,,,,"Ker, null-space",kernel,,,,,,,,2619
kjarni,na,kk,Eintala,,,,,,,kernel,(of a linear mapping) null-space,,,,null space,,,,2620
kjálki,na,kk,Eintala,,,,,,,,(of a parabola) leg,,,,,,,,2615
kjörgildisskilyrði,na,hk,Eintala,,,,útgildisskilyrði,,,,optimality condition,,,,,,,,2622
kjörgildi,na,hk,Eintala,,,,besta gildi,,,,optimum,,,,,,,,2621
kjörlausn,na,kvk,Eintala,,,,besta lausn,,,,optimal solution,,,,optimum solution,,,,2623
kjörpunktur,na,kk,Eintala,,,,besti punktur,,,,optimum point,,,,,,,,2624
klasaúrtaka,na,kvk,Eintala,,,,,,,,cluster sampling,,,,,,,,2626
klasaúrtak,na,hk,Eintala,,,,hreiðrað úrtak,,,,cluster sample,,,,nested sample,,,,2625
klasi,na,kk,Eintala,,,,,,,,cluster,,,,,,,,2627
klasi,na,kk,Eintala,,,,,,,,(in topology) complex,,,,,,,,2628
Klein-flaska,na,kvk,Eintala,,,,,,,,Klein bottle,,,,,,,,2629
Klein-grúpa,na,kvk,Eintala,,,,,,,,Kleinian group,,,,,,,,2630
klifurferill,na,kk,Eintala,,,,,,,,cissoid,,,,,,,,2631
klofinn,ls,kk,Eintala,,,,,,,,split,,,,,,,,2634
klofin fleyguð lest,ls,kvk,Eintala,,,,,,,,split exact sequence,,,,,,,,2632
klofin útvíkkun,na,kvk,Eintala,,,,klofin víkkun,,,,split extension,,,,,,,,2633
klofna,sag,,,,,,þættast,,,,decompose,,,,,,,,2635
klofningssvið,na,hk,Eintala,,,,,,,,decomposition field,,,,"field of decomposition, root field, splitting field",,,,2636
klofningur,na,,Eintala,,,,klofnun,,,,splitting,,,,,,,,2637
knappasti tæmandi metill,na,kk,Eintala,,,,,,,,minimum sufficient estimator,,,,,,,,2638
knippafræði,na,kvk,Eintala,,,,,,,,sheaf theory,,,,,,,,2639
knippamótun,na,kvk,Eintala,,,,,,,,sheaf homomorphism,,,,,,,,2640
knippi,na,hk,Eintala,,,,,,,,(in topology) sheaf,,,,,,,,2641
knippisrúm,na,hk,Eintala,,,,,,,,sheaf space,,,,,,,,2642
koma á eftir,sag,,,,,,,,,,succeed,,,,,,,,2643
koma á undan,sag,,,,,,,,,,precede,,,,,,,,2644
komma,na,kvk,Eintala,,,,,,,decimal point,(in a positional system) radix point,,,,,,,,2645
komma,na,kvk,Eintala,,,,tugakomma,,,,decimal point,,,,,,,,2646
kompáslína,na,kvk,Eintala,,,,,,,,loxodrome,,,,"loxodromic curve, loxodromic line, loxodromic spiral, rhumb, rhumb line, spherical helix",,,,2647
kompássjálfmótun,na,kvk,Eintala,,,,kompásfærsla,,,,loxodromic automorphism,,,,loxodromic transformation,,,,2648
kortalitun,na,kvk,Eintala,,,,,,,,map-colouring,,,,,,,,2655
kostnaðarfall,na,hk,Eintala,,,,viðfangsfall,,,,cost function,,,,"performance function, object function, objective function",,,,2659
kórbundin,ls,,Eintala,,,,,,,,canonical bundle,,,,,,,,2650
kórfærsla,na,,,,,,kórhnitaskipti,,,,canonical transformation,,,,,,,,2651
kórgerð,na,kvk,Eintala,,,,,,,Jordan canonical form,canonical form,,,,,,,,2652
kórgerð Jordans,na,kvk,Eintala,,,,"Jordan-kórgerð, Jordan-gerð",,,canonical form,Jordan canonical form,,,,"Jordan form, Jordan normal form",,,,2653
kórsamoka,ls,,,,,,,,,,canonically conjugate,,,,,,,,2654
kósekans,na,kk,Eintala,,,,,,,,cosecant,,,,,,,,2656
kósínus,na,kk,Eintala,"Fyrir <ref idTerm=4173>rétthyrndan þríhyrning</ref> \(ABC\) þar sem \(C\) er <ref idTerm=4167>rétt horn</ref> er <ref idTerm=2202>hornafallið</ref> \textit{kósínus} af <ref idTerm=2198>horninu</ref> \(A\), táknað \(\cos(A)\), skilgreint sem <ref idTerm=2072>hlutfallið</ref> milli <ref idTerm=2860>lengd</ref> <ref idTerm=65>aðlægrar</ref> <ref idTerm=4725>skammhliðar</ref> og lengd <ref idTerm=2789>langhliðar</ref>. Sjá eftirfarandi mynd: \n\n\begin{center}\n\includegraphics[width=150px]{myndir/hornafoll.png}\n\end{center}",Eftirfarandi mynd sýnir hluta <ref idTerm=2955>grafs</ref> kósínusarfallsins: \n\n\begin{center}\n\includegraphics[width=150px]{myndir/cos.png}\n\end{center},,,,,cos,cosine,,,,,,,,2657
kósínusregla,na,kvk,Eintala,"Um <ref idTerm=6438>þríhyrning</ref> \(\Delta A B C\) með <ref idTerm=0>hliðarlengdir</ref> \(a\), \(b\) og \(c\) gildir \textit{kósínusreglan} \(\) c^2 = a^2 + b^2 - 2 a b\, \cos(C). \(\)","Þegar <ref idTerm=2198>hornið</ref> \(C\) er <ref idTerm=4167>rétt</ref>, þá er síðasti liðurinn \(0\) og <ref idTerm=2478>jafnan</ref> gefur <ref idTerm=4002>reglu Pýþagórasar</ref>.",,,,,,cosine law,,,,"cosine rule, law of cosines",,,,2658
kótangens,na,kk,Eintala,"<ref idTerm=2202>Hornafall</ref> sem er skilgreint sem \(\frac{1}{\tan(A)}\) fyrir \(A \neq k \pi,k\in\mathbb{Z}\), táknað \(\cot(A)\). Fyrir <ref idTerm=4173>rétthyrndan þríhyrning</ref> \(ABC\) þar sem \(C\) er <ref idTerm=4167>rétt horn</ref> er \textit{kótangens} af <ref idTerm=2198>horninu</ref> \(A\) <ref idTerm=2072>hlutfallið</ref> milli <ref idTerm=2860>lengd</ref> <ref idTerm=65>aðlægrar</ref> <ref idTerm=4725>skammhliðar</ref> og lengd <ref idTerm=3396>mótlægrar</ref> skammhliðar.",Eftirfarandi mynd sýnir hluta <ref idTerm=2955>grafs</ref> kótangensfallsins: \n\n\begin{center}\n\includegraphics[width=150px]{myndir/cot.png}\n\end{center},,,,,cot,cotangent,,,,,,,,2661
kóta,sag,,,,,,"dulrita, lykla",,,decode,code,,,,encode,,,,2660
kóti,na,kk,Eintala,,,,"lykill, dulmálslykill, lykilmál",,,,code,,,,,,,,2662
kótunarfræði,na,kvk,Eintala,,,,"lyklunarfræði, dulmálsfræði",,,information theory,coding theory,,,,,,,,2664
kótun,na,kvk,Eintala,,,,"dulritun, lyklun",,,,coding,,,,"codification, encoding",,,,2663
krafa,na,kvk,Eintala,,,,,,,,requirement,,,,,,,,2665
krappageisli,na,kk,Eintala,,,,sveigjugeisli,,,,radius of curvature,,,,,,,,2666
krappamiðja,na,kvk,Eintala,,,,sveigjumiðja,,,,centre of curvature,,,,,,,,2667
krappamiðjuferill,na,kk,Eintala,,,,,,,,evolute,,,,,,,,2668
krappaþinur,na,kk,Eintala,,,,,,,,curvature tensor,,,,,,,,2669
krappi,na,,Eintala,,,,"sveigja, dás ({\it hk.})",,,,curvature,,,,,,,,2670
krefjast,sag,,,,,,gefa sem forsendu,,,,postulate,,,,,,,,2671
kristalgrúpa,na,kvk,Eintala,,,,,,,,crystallographic group,,,,,,,,2672
Kronecker-tákn,na,hk,Eintala,,,,,,,,Kronecker delta,,,,Kronecker symbol,,,,2673
krosshlutfall,na,hk,Eintala,,,,,,,,anharmonic ratio,,,,"cross ratio, double ratio",,,,2674
krosshúfa,na,kvk,Eintala,,,,,,,,cross-cap,,,,,,,,2675
krossmargfeldi,na,hk,Eintala,,,,"vigurmargfeldi, vektormargfeldi, krossfeldi, vigurfeldi",,,,alternating product,,,,"cross product, outer product, skew product, vector product",,,,2676
krosspunktur,na,kk,Eintala,,,,,,,,(of a curve) node,,,,nodal singularity,,,,2677
kúffeldi,na,hk,Eintala,,,,,,,cup product,cap product,,,,,,,,2678
kúfur,na,kk,Eintala,,,,,,,cup,(the symbol \(\cap\)) cap,,,,,,,,2679
kúla,na,,Eintala,<ref idTerm=6532>Rúmmynd</ref> sem afmarkast af <ref idTerm=2319>kúluhveli</ref>.,,,"hnöttur, knöttur",,,,ball,,,,"full sphere, solid sphere, sphere",,,,2680
kúla,na,kvk,Eintala,,,,reiknikúla,,,,(of an abacus) bead,,,,counter,,,,2681
kúlnarúmfræði,na,kvk,Eintala,,,,,,,,spherical geometry,,,,,,,,2682
kúlnatroðsla,na,kvk,Eintala,,,,,,,,packing of spheres,,,,sphere packing,,,,2683
kúlubelti,na,hk,Eintala,,,,,,,,(of two bases) spherical zone,,,,zone,,,,2685
kúlufall,na,hk,Eintala,,,,hvelfall,,,,spherical function,,,,,,,,2686
kúlufleygur,na,kk,Eintala,,,,,,,,spherical wedge,,,,,,,,2687
kúluflutningur,na,,Eintala,,,,kúluhreyfing,,,,spherical motion,,,,,,,,2688
kúlugeiri,na,kk,Eintala,,,,,,,,spherical sector,,,,,,,,2689
kúlugrennd,na,kvk,Eintala,,,,,,,,spherical neighbourhood,,,,,,,,2690
kúluhattur,na,,Eintala,,,,kúluhetta,,,,cap,,,,"spherical calotte, spherical cap, spherical zone, zone",,,,2691
kúluhelmingur,na,,Eintala,,,,hálfkúla,,,,hemisphere,,,,,,,,2692
kúluhnit,na,hk,Fleirtala,,,,,,,,spherical coordinates,,,,spherical polar coordinates,,,,2693
kúluhornafræði,na,kvk,Eintala,,,,,,,,spherical trigonometry,,,,,,,,2695
kúluhorn,na,hk,Eintala,,,,hnatthorn,,,,spherical angle,,,,,,,,2694
kúluhringgeisli,na,kk,Eintala,,,,,,,,spherical radius,,,,,,,,2696
kúluhringmiðja,na,kvk,Eintala,,,,,,,,pole,,,,spherical centre,,,,2697
kúluhverfing punkts,na,kvk,Eintala,,,,spegilmynd punkts í kúlu,,,,inverse point,,,,,,,,2698
kúluhverfing,na,kvk,Eintala,,,,"kúluspeglun, speglun í kúlu",,,,(with respect to a sphere) inversion,,,,spherical inversion,,,,2699
kúlulíki,na,hk,Eintala,,,,,,,"ellipsoid, ovoid",spheroid,,,,,,,,2700
kúlumarghyrningur,na,kk,Eintala,,,,kúluhyrningur,,,,spherical polygon,,,,,,,,2701
kúluofanvarp,na,hk,Eintala,,,,,,,,stereographic projection,,,,,,,,2702
kúlurúmfræði,na,kvk,Eintala,,,,,,,,spherical geometry,,,,spherics,,,,2703
kúlusamhverfni,na,kvk,Eintala,,,,,,,,(in three or more dimensions) radial symmetry,,,,spherical symmetry,,,,2704
kúluskel,na,kvk,Eintala,,,,,,,,spherical shell,,,,,,,,2705
kúluskífa,na,kvk,Eintala,,,,,,,,(spherical,,,,"of two bases) segment, spherical layer, spherical segment, spherical segment of two bases",,,,2706
kúlustrýta,na,,Eintala,,,,kúlupíramíti,,,,spherical pyramid,,,,,,,,2707
kúluþríhyrningur,na,kk,Eintala,,,,,,,,spherical triangle,,,,,,,,2708
kúlu-,pref,,,,,,"hnatt-, hvel-",,,,spherical,,,,,,,,2684
kúpni,na,kvk,Eintala,,,,,,,,convexity,,,,,,,,2709
kúpniskilyrði,na,hk,Eintala,,,,,,,,convexity condition,,,,,,,,2710
kúptur,ls,kk,Eintala,,,,,,,,convex,,,,,,,,2714
kúptur ferill,na,kk,Eintala,,,,,,,,convex curve,,,,,,,,2715
kúptur hjúpur,na,kk,Eintala,,,,,,,convex closure,convex hull,,,,,,,,2716
kúptur marghyrningur,na,kk,Eintala,<ref idTerm=3161>Marghyrningur</ref> kallast \textit{kúptur} ef öll <ref idTerm=2958>línustrik</ref> með endapunkta inni í honum liggja innan marghyrningsins.,,,úthyrndur marghyrningur,,,,convex polygon,,,,,,,,2717
kúptur þykkvi,na,kk,Eintala,,,,,,,,convex body,,,,"convex solid, ovoid, ovoid body",,,,2718
kúpt fall,na,hk,Eintala,,,,,,,,convex function,,,,,,,,2711
kúpt línuleg samantekt,na,kvk,Eintala,,,,,,,,convex linear combination,,,,,,,,2712
kúpt mengi,na,hk,Eintala,,,,,,,,convex set,,,,,,,,2713
kúvending,na,kvk,Eintala,,,,,,,,complete pivoting,,,,,,,,2719
kvarðagrúpa,na,kvk,Eintala,,,,kvörðunargrúpa,,,,gauge group,,,,,,,,2720
kvarðahlutfall,na,hk,Eintala,,,,,,,,scale ratio,,,,,,,,2721
kvarðaskipting,na,kvk,Eintala,,,,,,,,scale division,,,,,,,,2722
kvarði,na,kk,Eintala,,,,,,,,gauge,,,,,,,,2723
kvarði,na,kk,Eintala,,,,"mælikvarði, stigi",,,,scale,,,,,,,,2724
kvíslaður,ls,kk,Eintala,,,,,,,,ramified,,,,,,,,2728
kvíslað fall,na,hk,Eintala,,,,marggilt fall,,,,branched function,,,,"many-valued function, multifunction, multiple-valued function, multivalued function",,,,2726
kvíslað þekjurúm,na,hk,Eintala,,,,,,,,ramified covering space,,,,,,,,2727
kvíslideilir,na,kk,Eintala,,,,,,,,branch divisor,,,,,,,,2729
kvísliferli,na,hk,Eintala,,,,kvíslunarferli,,,branching,branching process,,,,,,,,2730
kvíslipunktur,na,kk,Eintala,,,,kvíslunarpunktur,,,,branch point,,,,"point of ramification, ramification point",,,,2731
kvíslisnið,na,hk,Eintala,,,,,,,,branch cut,,,,,,,,2732
kvíslivísir,na,kk,Eintala,,,,kvíslunarvísir,,,,index of multiplicity,,,,,,,,2733
kvísluð lausn,na,kvk,Eintala,,,,,,,,branched solution,,,,,,,,2734
kvíslunarfræði,na,kvk,Eintala,,,,forkunarfræði,,,,bifurcation theory,,,,,,,,2737
kvíslun,na,kvk,Eintala,,,,"forkun, tvíkvíslun",,,,bifurcation,,,,"branching, forking",,,,2736
kvísl,na,kvk,Eintala,,,,grein,,,,branch,,,,,,,,2725
kvóti,na,,Eintala,,,,"hlutfall, hlutatala",,,"fraction, ratio",quotient,,,,,,,,2740
kvörðun,na,kvk,Eintala,,,,,,,,scaling,,,,,,,,2738
kvörðunaraðferð,na,kvk,Eintala,,,,,,,,scaling method,,,,,,,,2739
kyrragrúpa,na,kvk,Eintala,,,,,,,stability subgroup,group of isotropy,,,,isotropy group,,,,2742
kyrralína,na,kvk,Eintala,,,,,,,,nodal line,,,,,,,,2743
kyrrapunktssetning Banachs,na,kvk,Eintala,,,,"fastapunktssetning Banachs, herpingarsetning Banachs",,,,Banach's fixed point theorem,,,,,,,,2744
kyrrapunktssetning,na,kvk,Eintala,,,,fastapunktssetning,,,Banach's fixed point theorem,fixed point theorem,,,,,,,,2745
kyrrapunktur,na,kk,Eintala,,,,"kyrr punktur, fastapunktur",,,,fixed point,,,,invariant point,,,,2746
kyrrastak,na,hk,Eintala,,,,"kyrrt stak, fastastak",,,,fixed element,,,,invariant element,,,,2747
kyrrasvið,na,hk,Eintala,,,,"kyrrapunktasvið, fastapunktasvið",,,,fixed field,,,,,,,,2748
kyrr,,,,,,,"kyrra-, kyrrðar-, fastur, fasta-",,,,fixed,,,,,,,,2741
könnun,na,kvk,Eintala,,,,,,,,survey,,,,,,,,2649
lag,na,hk,Eintala,,,,,,,,stratum,,,,,,,,2755
lagnet,na,hk,Eintala,,,,,,,plane graph,planar graph,,,,,,,,2770
lagsfylki,na,hk,Eintala,,,,,,,,companion matrix,,,,,,,,2774
lagshorn,na,hk,Eintala,,,,,,,,(of an angle) complement,,,,,,,,2775
lagshorn,na,hk,Eintala,Tvö <ref idTerm=2198>horn</ref> sem samanlagt <ref idTerm=2223>mælast</ref> 90 <ref idTerm=1667>gráður</ref>.,Á eftirfarandi mynd eru \(\angle BOA\) og \(\angle COB\) lagshorn:\n\n\begin{center}\n\includegraphics[width=150px]{myndir/lagshorn.png}\n\end{center},,,,,,complementary angle,,,,,,,,2776
lagskipting,na,kvk,Eintala,,,,,,,,stratification,,,,,,,,2778
lagskipt úrtak,na,hk,Eintala,,,,,,,,stratified sample,,,,,,,,2777
landabréf,na,hk,Eintala,,,,kort,,,,map,,,,,,,,2782
Landau-tákn,na,hk,Eintala,,,,,,,\(o\)-notation,Landau order symbol,,,,ordo-symbol,,,,2783
landmæling,na,kvk,Eintala,,,,landmælingafræði,,,,geodesy,,,,,,,,2784
langadeiling,na,kvk,Eintala,,,,,,,,long division,,,,,,,,2785
langalína,na,kvk,Eintala,,,,,,,,long line,,,,,,,,2786
langamargföldun,na,kvk,Eintala,,,,,,,,long multiplication,,,,,,,,2787
langás,na,kk,Eintala,,,,,,,"focal axis, minor axis, principal axis",(of an ellipse) major axis,,,,,,,,2788
langhlið,na,kvk,Eintala,Sú <ref idTerm=2048>hlið</ref> <ref idTerm=>rétthyrnds þríhyrnings</ref> sem er <ref idTerm=3396>mótlæg</ref> <ref idTerm=4167>rétta horninu</ref>.,Á eftirfarandi mynd er \(CA\) langhlið þríhyrningsins:\n\n\begin{center}\n\includegraphics[width=150px]{myndir/retthyrndur_thrihyrningur.png}\n\end{center}\n\nÞessi hlið er nefnd langhliðin vegna þess að hún er lengri en báðar hinar hliðarnar. <ref idTerm=6436>Þríhyrningsójafnan</ref> segir okkur að \(|AB| + |BC| \leq |CA|\) en af því leiðir að ef þríhyrningurinn er ekki <ref idTerm=5871>úrkynjaður</ref> þá er \(|AB|>0\) og \(|BC|>0\) og því gildir \(|AB|<|CA|\) og \(|BC|<|CA|\).,,,,,,hypotenuse,,,,,,,,2789
langsveifarferill,na,kk,Eintala,,,,,,,trochoid,extended cycloid,,,,"prolate cycloid, prolate trochoid",,,,2790
Laplace-færsla,na,kvk,Eintala,,,,"Laplace-myndun, Laplace-ummyndun",,,,Laplace transformation,,,,,,,,2791
Laplace-liðun,na,kvk,Eintala,,,,,,,,Laplace expansion,,,,,,,,2792
Laplace-mynd,na,kvk,Eintala,,,,Laplace-færsla,,,,Laplace transform,,,,,,,,2793
Laplace-virki,na,kk,Eintala,,,,,,,,delta operator,,,,"Laplace operator, Laplacian",,,,2794
latneskur ferningur,na,kk,Eintala,,,,rómverskur ferningur,,,,latin square,,,,,,,,2798
lauf,na,hk,Eintala,,,,,,,,(in graph theory) leaf,,,,pendant vertex,,,,2799
laufaður,ls,kk,Eintala,,,,,,,,foliated,,,,,,,,2800
laufferill Descartes,na,kk,Eintala,,,,,,,,folium of Descartes,,,,,,,,2801
laufun,na,kvk,Eintala,,,,,,,,foliation,,,,,,,,2802
Laurent-röð,na,kvk,Eintala,,,,,,,,Laurent series,,,,,,,,2803
lausn,na,kvk,Eintala,,,,,,,,(of a differential equation) integral,,,,solution,,,,2804
lausnagrunnur,na,kk,Eintala,,,,,,,,(of solutions) fundamental system,,,,,,,,2807
lausnamengi,na,hk,Eintala,,,,,,,,solution set,,,,,,,,2808
lausnarferill,na,kk,Eintala,,,,heildisferill,,,,integral curve,,,,solution curve,,,,2809
lausnarflötur,na,kk,Eintala,,,,heildisflötur,,,,integral surface,,,,solution surface,,,,2810
lausnarformúla,na,kvk,Eintala,,,,,,,,solution formula,,,,,,,,2811
lausnartilgáta,na,kvk,Eintala,,,,,,,,Ansatz,,,,,,,,2812
lausnarúm,na,hk,Eintala,,,,,,,,solution space,,,,,,,,2813
lausn með rótardrætti,na,kvk,Eintala,,,,,,,,solution by radicals,,,,,,,,2805
lausn,na,kvk,Eintala,,,,úrlausn,,,,resolving,,,,"solution, solving",,,,2806
lágflötur,na,kk,Eintala,,,,,,,,minimal surface,,,,,,,,2757
lágfrumíðal,na,hk,Eintala,,,,óminnkanlegt frumíðal,,,,minimal prime ideal,,,,,,,,2758
lággildispunktur,na,kk,Eintala,,,,,,,,minimum point,,,,,,,,2760
lággildissetning,na,,Eintala,,,,"lággildislögmál, lágalgildissetning, lágalgildislögmál",,,,minimum modulus principle,,,,"minimum principle, principle of minimum",,,,2762
lággrunnur,na,kk,Eintala,,,,"óminnkanlegur grunnur, ósmækkanlegur grunnur",,,minimal system of generators,minimal basis,,,,,,,,2763
lágíðal,na,hk,Eintala,,,,"óminnkanlegt íðal, ósmækkanlegt íðal",,,,minimal ideal,,,,,,,,2764
lágjafna,na,kvk,Eintala,,,,,,,minimal polynomial,minimal equation,,,,,,,,2765
lágmargliða,na,kvk,Eintala,,,,,,,minimal equation,minimal polynomial,,,,,,,,2766
lágmarka,sag,,,,,,,,,,minimize,,,,,,,,2767
lágmarksleikáætlun,na,kvk,Eintala,,,,lágmarksáætlun,,,optimum strategy,minimum strategy,,,,,,,,2768
lágmörkun,na,kvk,Eintala,,,,,,,,minimization,,,,minimizing,,,,2769
lágnet,na,hk,Eintala,,,,,,,,minimal graph,,,,,,,,2771
lágreisn,na,kvk,Eintala,,,,,,,,platikurtosis,,,,,,,,2772
lágreistur,ls,kk,Eintala,,,,,,,"kurtosis, leptokurtic, mesokurtic",platikurtic,,,,,,,,2773
lágstak,na,hk,Eintala,,,,"óminnkanlegt stak, ósmækkanlegt stak",,,,minimal element,,,,,,,,2779
lágvísir,na,kk,Eintala,,,,knévísir,,,,lower index,,,,subscript,,,,2780
lág-,,,,,,,"óminnkanlegur, ósmækkanlegur",,,,minimal,,,,,,,,2756
láhnit,na,hk,Eintala,Sjá skýringu við <ref idTerm=6595>kartesk slétta</ref>.,,,,,,ordinate,abscissa,,,,,,,,2781
láréttur,ls,kk,Eintala,,,,,,,vertical,horizontal,,,,,,,,2795
lásnertill,na,kk,Eintala,,,,,,,,subtangent,,,,,,,,2796
láta kyrrt,sag,,,,,,,,,,let invariant,,,,,,,,2797
láþverill,na,kk,Eintala,,,,,,,,subnormal,,,,,,,,2814
Lebesgue-heildanlegur,ls,kk,Eintala,,,,Lebesgue-tegranlegur,,,,Lebesgue integrable,,,,,,,,2815
Lebesgue-heildi,na,hk,Eintala,,,,Lebesgue-tegur,,,,Lebesgue integral,,,,,,,,2816
Lebesgue-mál,na,hk,Eintala,,,,,,,,Lebesgue measure,,,,,,,,2817
leg,na,hk,Eintala,,,,,,,set,geometric locus,,,,locus,,,,2818
lega,na,kvk,Eintala,,,,,,,,incidence,,,,,,,,2819
leggjalitun,na,kvk,Eintala,,,,,,,,edge colouration,,,,,,,,2822
leggjamengi,na,hk,Eintala,,,,,,,,edge set,,,,,,,,2823
leggjanet,na,hk,Eintala,,,,"aðoka net, afleitt net",,,,adjoint graph,,,,"adjoint, derived graph, edge graph, line graph",,,,6598
leggjaruna,na,,Eintala,,,,vegur,,,"path, trail",(of a graph) edge sequence,,,,walk,,,,2824
leggja saman,sag,,,,,,,,,,add,,,,,,,,2820
leggja við,sag,,,,,,bæta við,,,,add,,,,,,,,2821
leggur,na,kk,Eintala,,,,,,,"arc, directed edge",(of a graph) edge,,,,,,,,2825
legufrumsenda,na,kvk,Eintala,,,,legufrumsetning,,,,axiom of incidence,,,,incidence axiom,,,,2826
legufylki,na,hk,Eintala,,,,,,,,incidence matrix,,,,matrix of incidence,,,,2827
legumynstur,na,hk,Eintala,,,,,,,,incidence structure,,,,partial plane,,,,2828
legurúmfræði,na,kvk,Eintala,,,,,,,,incidence geometry,,,,,,,,2829
leguvensl,na,hk,Fleirtala,,,,,,,,incidence relation,,,,,,,,2830
Leibniz-próf,na,hk,Eintala,,,,víxlmerkjapróf Leibniz,,,,alternating series test,,,,Leibniz test,,,,2831
Leibniz-röð,na,kvk,Eintala,,,,,,,,alternating harmonic series,,,,Leibniz series,,,,2832
leið,na,kvk,Eintala,,,,,,,"trail, walk",(edge-simple walk in a graph) path,,,,,,,,2833
leiða af,sag,,,,,,,,,,follow,,,,,,,,2834
leiðiliður,na,kk,Eintala,,,,,,,,(in logic) sequent,,,,,,,,2835
leiðing,na,kvk,Eintala,Fyrir sérhverjar <ref idTerm=1515>yrðingar</ref> \(p\) og \(q\) er \(p \implies q\) (lesið: „\(p\) leiðir að \(q\)“) sú yrðing sem segir að \(q\) sé <ref idTerm=4565>sönn</ref> ef \(p\) er það. Yrðingin \(p\) kallast þá \textit{skilyrði} og \(q\) \textit{ályktun},Leiðing \(p \implies q\) jafngildir \(\lnot p \lor q\).,,,,,"conditional, material implication",implication,,,,,,,,2836
leiðingarmerki,na,hk,Eintala,,,,,,,,implication sign,,,,sign of implication,,,,2837
leiðingarregla,na,kvk,Eintala,,,,,,,,implication rule,,,,,,,,2838
leiðréttandi,na,kk,Eintala,,,,,,,predictor-corrector method,corrector,,,,,,,,2839
leiðrétting,na,kvk,Eintala,,,,,,,,correction,,,,,,,,2840
leiðréttingarliður,na,kk,Eintala,,,,,,,,correction term,,,,,,,,2841
leiðréttingarþáttur,na,kk,Eintala,,,,,,,,correction factor,,,,,,,,2842
leif,na,kvk,Eintala,,,,,,,res,(in complex analysis) residue,,,,,,,,2843
leif,na,kvk,Eintala,,,,,,,,(in number theory) residue,,,,,,,,2844
leifaflokkasvið,na,hk,Eintala,,,,,,,residue class ring,residue class field,,,,residue field,,,,2845
leifaflokkur,na,kk,Eintala,,,,,,,coset,residue class,,,,,,,,2846
leifajafna,na,kvk,Eintala,,,,samleifing,,,,(in number theory) congruence,,,,,,,,2847
leifakerfi,na,hk,Eintala,,,,,,,,residue system,,,,,,,,2848
leifareikningur,na,kk,Eintala,,,,,,,,calculus of residues,,,,residue calculus,,,,2849
leifasetning,na,kvk,Eintala,,,,,,,,residue theorem,,,,theorem of residues,,,,2850
leifastofn,na,kk,Eintala,,,,,,,,(of a congruence) modulus,,,,,,,,2851
leikáætlun,na,kvk,Eintala,,,,áætlun,,,,policy,,,,strategy,,,,2852
leikmaður,na,kk,Eintala,,,,keppandi,,,,player,,,,,,,,2853
leikregla,na,kvk,Eintala,,,,,,,,game rule,,,,,,,,2854
leiktré,na,hk,Eintala,,,,,,,,game tree,,,,,,,,2855
leikur,na,kk,Eintala,,,,,,,,move,,,,,,,,2856
leit,na,kvk,Eintala,,,,,,,,search,,,,,,,,2857
leitaraðferð,na,kvk,Eintala,,,,,,,,search procedure,,,,,,,,2858
leitni,na,kvk,Eintala,,,,hneigð,,,,trend,,,,,,,,2859
lengd,na,kvk,Eintala,,,,,,,,length,,,,,,,,2860
lengdarbaugur,na,kk,Eintala,,,,,,,,meridian,,,,"meridian curve, meridian line",,,,2863
lengdarfrymi,na,hk,Eintala,,,,,,,,element of length,,,,"line element, linear element",,,,2864
lengdarsnið,na,hk,Eintala,,,,,,,meridian,meridian section,,,,,,,,2865
lengd,na,,Eintala,,,,"algildi, tölugildi",,,absolute value,(of a complex number) modulus,,,,,,,,2861
lengd,na,,Eintala,,,,"staðall, tölugildi",,,norm,(of a vector) absolute value,,,,,,,,2862
leppvísir,na,kk,Eintala,,,,,,,,dummy index,,,,,,,,2866
lest,na,kvk,Eintala,,,,,,,,(of spaces and mappings) sequence,,,,,,,,2867
leyfilegur,ls,kk,Eintala,,,,,,,,admissible,,,,,,,,2868
leyfilegur,ls,kk,Eintala,,,,,,,,permissible,,,,,,,,2869
leysa,sag,,,,,,,,,,solve,,,,,,,,2870
leysanlegur,ls,kk,Eintala,,,,,,,,soluble,,,,solvable,,,,2873
leysanleg grúpa,na,kvk,Eintala,,,,,,,,solvable group,,,,,,,,2871
leysanleg jafna,na,kvk,Eintala,,,,,,,,solvable equation,,,,,,,,2872
leysanleiki,na,kk,Eintala,,,,,,,,solubility,,,,solvability,,,,2874
leysifylki,na,hk,Eintala,,,,,,,,(of a matrix) resolvent,,,,,,,,2875
leysijafna,na,kvk,Eintala,,,,,,,,resolvent equation,,,,,,,,2876
leysikjarni,na,kk,Eintala,,,,,,,,resolvent kernel,,,,resolvent,,,,6599
leysimengi,na,hk,Eintala,,,,,,,,resolvent set,,,,,,,,2877
leysivirki,na,kk,Eintala,,,,,,,,(of an operator) resolvent,,,,resolvent operator,,,,2878
liða,sag,,,,,,,,,,expand,,,,,,,,2880
liðagreining,na,kvk,Eintala,,,,,,,,component analysis,,,,,,,,2881
liðhnútur,na,kk,Eintala,,,,,,,,articulation vertex,,,,,,,,2882
liðun,na,kvk,Eintala,,,,,,,,development,,,,expansion,,,,2883
liðun,na,kvk,Eintala,,,,,,,,resolving,,,,,,,,2884
liðun í beina summu,na,kvk,Eintala,,,,,,,,direct decomposition,,,,,,,,2885
liðun í Dirichlet-röð,na,kvk,Eintala,,,,,,,,Dirichlet expansion,,,,,,,,2886
liðun í rásir,na,kvk,Eintala,,,,,,,,cycle decomposition,,,,,,,,2887
liðun í röð,na,kvk,Eintala,,,,raðarliðun,,,,development in a series,,,,"expansion in a series, series expansion",,,,2888
liður,na,kk,Eintala,,,,,,,,(of a proportion) term,,,,,,,,2889
liður,na,kk,Eintala,,,,þáttur,,,,(of a vector) component,,,,component vector,,,,2890
lið fyrir lið,,,,,,,,,,,term-by-term,,,,termwise,,,,2879
Lie-algebra,na,kvk,Eintala,,,,,,,,Lie algebra,,,,,,,,2891
Lie-grúpa,na,kvk,Eintala,,,,,,,,Lie group,,,,,,,,2892
Lie-hornklofi,na,,Eintala,,,,Lie-margfeldi,,,"bracket operation, bracket product",Lie bracket,,,,,,,,2893
linur,ls,kk,Eintala,,,,,,,,flabby,,,,,,,,2954
litamargliða,na,kvk,Eintala,,,,,,,,chromatic polynomial,,,,,,,,2964
litatala,na,kvk,Eintala,,,,,,,,chromatic number,,,,,,,,2965
litla Fermat-setningin,na,kvk,Eintala,,,,,,,,Fermat's little theorem,,,,little Fermat theorem,,,,2969
litun,na,kvk,Eintala,,,,,,,"edge colouration, vertex colouration",colouration,,,,colouring,,,,2970
litvísir,na,kk,Eintala,,,,litaflokkur,,,,chromatic index,,,,,,,,2971
lit-,pref,,,,,,lita-,,,,chromatic,,,,,,,,2963
líftölfræði,na,kvk,Eintala,,,,,,,,biometry,,,,biostatistics,,,,2894
líkan,na,hk,Eintala,,,,,,,,model,,,,,,,,2895
líkanafræði,na,kvk,Eintala,,,,,,,,model theory,,,,,,,,2896
líkanagerð,na,kvk,Eintala,,,,,,,,modelling,,,,,,,,2897
líkindafall,na,hk,Eintala,,,,,,,,probability function,,,,,,,,2898
líkindaframleiðandi fall,na,hk,Eintala,,,,,,,,probability generating function,,,,,,,,2901
líkindafræði,na,kvk,Eintala,,,,,,,"probability calculus, stochastics",probability theory,,,,theory of probability,,,,2899
líkindafræðingur,na,kk,Eintala,,,,,,,,probabilist,,,,,,,,2900
líkindafylki,na,hk,Eintala,,,,,,,,probability matrix,,,,stochastic matrix,,,,2902
líkindamál,na,hk,Eintala,,,,,,,,probability measure,,,,,,,,2903
líkindareikningur,na,kk,Eintala,,,,,,,probability theory,calculus of probability,,,,probability calculus,,,,2904
líkindarúm,na,hk,Eintala,,,,,,,,probability space,,,,,,,,2905
líkindavísir,na,kk,Eintala,,,,,,,,probability amplitude,,,,,,,,2906
líkindaþéttleiki,sag,,Eintala,,,,"dreifingarþéttleiki, þéttleiki",,,,density of probability,,,,"density, distribution density, probability density",,,,6600
líkindi,na,,Fleirtala,,,,líkur,,,likelihood,probability,,,,,,,,2907
líklegt frávik,na,hk,Eintala,,,,,,,,probable deviation,,,,,,,,2908
líming,na,kvk,Eintala,,,,,,,,gluing,,,,,,,,2909
lína,na,kvk,Eintala,,,,,,,,(of a matrix) row,,,,,,,,2910
lína,na,kvk,Eintala,,,,bein lína,,,"affine line, auxiliary line, axis, base line, bisecting line, broken line, bundle of lines, bundle of parallel lines, centre line, complex line, complex projective line, connecting line, continuum, convergence line, directed line, directing line, first principal line, focal line, fundamental line, generating line, geodesic line, half-line, ideal line, infinite line, line at infinity, long line, nodal line, normal line, number axis, number line, numeric line, numerical line, oriented line, parallel line, pencil of lines, pencil of parallel lines, perpendicular line, polar line, polygonal line, real axis, real line, real projective line, rectifying line, regression line, rejection line, secant line, sheaf of lines, sheaf of parallel lines, skew lines, slope line, supporting line, tangent line",line,,,,straight line,,,,2911
lína,na,kvk,Eintala,,,,ferill,,,"base line, closed line, continuum, contour line, curve, equipotential line, flow line, geodesic line, height line, level line, loxodromic line, meridian line, rhumb line, screw line, stream line",line,,,,,,,,2912
línuaðgerð,na,kvk,Eintala,,,,,,,,row operation,,,,,,,,2913
línubundin,na,,Eintala,,,,,,,"bundle, vector bundle",line bundle,,,,,,,,2914
línuflötur,na,kk,Eintala,,,,,,,,ruled surface,,,,,,,,2915
línufylki,na,hk,Eintala,,,,einlínufylki,,,row vector,row matrix,,,,single-row matrix,,,,2916
línugera,sag,,,,,,,,,,linearize,,,,,,,,2917
línugerningur,na,kk,Eintala,,,,,,,,linearization,,,,,,,,2918
línulega háður,ls,kk,Eintala,,,,línulega venslaður,,,,linearly dependent,,,,,,,,2932
línulega óháður,ls,kk,Eintala,,,,línulega óvenslaður,,,,linearly independent,,,,,,,,2933
línulega raðað mengi,na,,Eintala,,,,"fullraðað mengi, keðja",,,,(in set theory) chain,,,,"linearly ordered set, ordered set, serially ordered set, simply ordered set, totally ordered set",,,,2934
línulegt aðhvarf,na,hk,Eintala,,,,,,,,linear regression,,,,,,,,2935
línulegt fall,na,hk,Eintala,,,,,,,"linear form, linear functional",linear function,,,,,,,,2936
línulegt fall,na,hk,Eintala,,,,línulegt form,,,"linear function, linear functional",linear form,,,,,,,,2937
línulegt felli,na,hk,Eintala,,,,,,,"linear form, linear function",linear functional,,,,,,,,2938
línulegt grannmynstur,na,hk,Eintala,,,,,,,,linear topology,,,,,,,,2939
línulegt grannrúm,na,hk,Eintala,,,,,,,,linear topological space,,,,"topological linear space, topological vector space",,,,2940
línulegt hlutrúm,na,hk,Eintala,,,,,,,,linear subspace,,,,,,,,2942
línulegt hæði,na,hk,Eintala,,,,,,,,linear dependence,,,,,,,,2941
línulegt jöfnuhneppi,na,hk,Eintala,,,,,,,,linear system of equations,,,,,,,,2943
línulegt kerfi,na,hk,Eintala,,,,,,,,linear system,,,,,,,,2944
línulegt óhæði,na,hk,Eintala,,,,,,,,linear independence,,,,,,,,2945
línulegt rúm,na,hk,Eintala,,,,"vigurrúm, vektorrúm",,,module,linear space,,,,vector space,,,,2946
línulegur,ls,kk,Eintala,,,,,,,,linear,,,,,,,,2947
línulegur á köflum,na,kk,Fleirtala,,,,,,,,piecewise linear,,,,,,,,2948
línulegur grunnur,na,kk,Eintala,,,,"vigurgrunnur, Hamel-grunnur, grunnur",,,,algebraic basis,,,,"basis, Hamel basis, linear basis, vector basis",,,,2949
línulegur kvarði,na,kk,Eintala,,,,,,,,linear scale,,,,,,,,2950
línulegur virki,na,kk,Eintala,,,,,,,linear mapping,linear operator,,,,,,,,2951
línuleg algebra,na,kvk,Eintala,,,,,,,,linear algebra,,,,,,,,2919
línuleg bestun,na,kvk,Eintala,,,,,,,,linear programming,,,,linear optimization,,,,2920
línuleg deildajafna,na,kvk,Eintala,,,,línuleg diffurjafna,,,,linear differential equation,,,,,,,,2921
línuleg fellagreining,na,kvk,Eintala,,,,línuleg fallagreining,,,functional analysis,linear functional analysis,,,,,,,,2922
línuleg grúpa,na,kvk,Eintala,,,,,,,,linear group,,,,,,,,2923
línuleg hlutafleiðujafna,na,kvk,Eintala,,,,,,,,linear partial differential equation,,,,,,,,2924
línuleg jafna,na,kvk,Eintala,,,,,,,,linear equation,,,,,,,,2925
línuleg lokun,na,kvk,Eintala,,,,,,,"linear span, affine closure",linear closure,,,,,,,,2926
línuleg röðun,na,kvk,Eintala,,,,fullröðun,,,,linear ordering,,,,"linear order, order, ordering, order relation, simple order, simple ordering, total order, total ordering",,,,2927
línuleg samantekt,na,kvk,Eintala,,,,,,,,linear combination,,,,,,,,2928
línuleg spönn,na,,Eintala,,,,línulegur hjúpur,,,"linear closure, affine closure",linear span,,,,,,,,2929
línuleg útsetning,na,kvk,Eintala,,,,,,,,linear representation,,,,,,,,2930
línuleg vörpun,na,kvk,Eintala,,,,línuleg færsla,,,"linear operator, module homomorphism",linear mapping,,,,"linear map, linear transformation",,,,2931
línuleiki,na,kk,Eintala,,,,,,,,linearity,,,,,,,,2952
línumeðaltal,na,hk,Eintala,,,,,,,,row mean,,,,row average,,,,2953
graf,na,,Eintala,"Fyrir <ref idTerm=1078>fall</ref> \(f: I \to \mathbb{R}\) þar sem \(I \subseteq \mathbb{R}\) kallast <ref idTerm=3270>mengi</ref> allra <ref idTerm=5627>tvennda</ref> af gerðinni \((x,f(x))\), þar sem \(x \in I\) \textit{graf} fallsins \(f\) og er táknað með \n\n\[ G_f = \{(x,f(x)) \mid x \in I\}. \]\n\nGraf falls má teikna í <ref idTerm=5729>tvívítt</ref> <ref idTerm=2145>hnitakerfi</ref> með því að merkja inn alla <ref idTerm=4001>punkta</ref> sem hafa <ref idTerm=2143>hnit</ref> \((x,f(x))\).","Venja er að merkja grafið með <ref idTerm=2478>jöfnunni</ref> \(y = f(x)\), því hún lýsir hvernig \(y\)-hnit punktanna á grafinu fást út frá \(x\)-hnitum þeirra. Skoðum sem dæmi <ref idTerm=1078>fallið</ref> \(f: \mathbb{R} \to \mathbb{R}\); \(f(x) = x^2\). Graf þess er mengið sem samanstendur af öllum tvenndum af gerðinni \((x,f(x)) = (x,x^2)\) þar sem \(x \in \mathbb{R}\), þ.e. \[ G_f = \{(x,x^2) \mid x \in \mathbb{R}\}. \] Eins og lýst er að ofan má teikna grafið í hnitakerfi með því að merkja inn alla punkta sem hafa hnit \((x,x^2)\). Nokkur dæmi um punkta af þessari gerð eru \((-3,9)\), \((-2,4)\), \((-1,1)\), \((0,0)\), \((1,1)\), \((2,4)\) og \((3,9)\). Á myndinni að neðan hefur graf \(f\) verið teiknað í hnitakerfi með rauðum lit og eru punktarnir sjö að framan blálitaðir. Grafið er síðan merkt með jöfnunni \(y = x^2\):\n\n\begin{center}\n\includegraphics[width=150px]{myndir/graf.png}\n\end{center} \n\nAlmennt fyrir <ref idTerm=3282>vörpun</ref> \(f: X \to Y\) kallast <ref idTerm=3270>mengi</ref> allra <ref idTerm=5627>tvennda</ref> af gerðinni \((x,f(x))\), þar sem \(x \in X\) graf vörpunarinnar \(f\) og er táknað með \[ G_f = \{(x,f(x)) \mid x \in X\}. \] Graf vörpunnar er hlutmengi í <ref idTerm=3279>faldmenginu</ref> \(X \times Y\).",,"línurit, fallrit, varprit, ferill (falls)",,,,functional graph,,,,graph,,,,2955
línustallagerð,na,,Eintala,,,,"línuþrepagerð, línuþrepaskipan",,,echelon form,row-echelon form,,,,,,,,2956
línustétt,na,kvk,Eintala,,,,,,,,row rank,,,,,,,,2957
línustrik,na,hk,Eintala,Sá <ref idTerm=2089>hluti</ref> <ref idTerm=2911>línu</ref> sem liggur milli tveggja <ref idTerm=4001>punkta</ref> sem kallast \textit{endapunktar} línustriksins.,,,strik,,,,line segment,,,,segment,,,,2958
línusumma,na,kvk,Eintala,,,,línusamtala,,,,row total,,,,,,,,2959
línuuppstokkun,na,kvk,Eintala,,,,línuumröðun,,,,permutation of rows,,,,,,,,2960
línuvigur,na,kk,Eintala,,,,,,,row matrix,row vector,,,,,,,,2961
línuvísir,na,kk,Eintala,,,,,,,,row index,,,,,,,,2962
lítið ríki,na,hk,Eintala,,,,smáríki,,,,small category,,,,,,,,2966
lítið úrtak,na,hk,Eintala,,,,,,,,small sample,,,,,,,,2967
lítill,ls,kk,Eintala,,,,,,,,small,,,,,,,,2968
ljósgeislafræði,na,kvk,Eintala,,,,,,,,geometrical optics,,,,,,,,2972
loðið mengi,na,hk,Eintala,,,,,,,,fuzzy set,,,,,,,,2974
loftfall,na,hk,Eintala,,,,,,,floor function,ceiling function,,,,,,,,2980
lograafleiða,na,kvk,Eintala,,,,,,,,logarithmic derivative,,,,,,,,2993
lografall,na,hk,Eintala,,,,,,,log,logarithm,,,,logarithmic function,,,,2994
lograheildi,na,hk,Eintala,,,,logrategur,,,,logarithmic integral,,,,,,,,2995
lograkúptur,ls,kk,Eintala,,,,,,,,logarithmically convex,,,,,,,,2996
lograkvarði,na,kk,Eintala,,,,,,,,logarithmic scale,,,,,,,,2997
lograkvíslipunktur,na,kk,Eintala,,,,lograkvíslunarpunktur,,,,logarithmic branch point,,,,,,,,2998
lograpappír,na,kk,Eintala,,,,,,,,logarithmic paper,,,,,,,,2999
lograpróf,na,hk,Eintala,,,,,,,,logarithmic test,,,,,,,,3000
lograstuðull,na,kk,Eintala,,,,,,,,(of  logarithms) modulus,,,,,,,,3001
logratafla,na,kvk,Eintala,,,,,,,,logarithm table,,,,"logarithmic table, table of logarithms",,,,3002
logravefja,na,,Eintala,,,,"lograkuðungur, lograkuðungslína",,,,equiangular spiral,,,,"logarithmic spiral, logistic spiral",,,,3003
logra-,pref,,,,,,,,,,logarithmic,,,,,,,,2992
logri,na,kk,Eintala,,,,,,,log,(of a number) logarithm,,,,,,,,3004
logri með grunntölu,na,kk,Eintala,,,,logri með stofntölu,,,,binary logarithm,,,,,,,,3005
lokaákvörðun,na,kvk,Eintala,,,,,,,,final decision,,,,terminal decision,,,,3008
lokaástand,na,hk,Eintala,,,,,,,,final state,,,,,,,,3009
lokaður,ls,kk,Eintala,,,,,,,,closed,,,,,,,,3015
lokaður ferill,na,,Eintala,<ref idTerm=1131>Ferill</ref> þar sem báðir <ref idTerm=0>endapunktar</ref> ferilsins eru sami punkturinn.,,,"lokaður vegur, lykkja",,,,circuit,,,,"closed contour, closed curve, closed line, closed path, contour, loop",,,,3016
lokaður flötur,na,kk,Eintala,,,,þjappaður flötur,,,,closed surface,,,,compact surface,,,,3017
lokaður gagnvegur,na,kk,Eintala,,,,,,,geodesic,closed geodesic,,,,,,,,3018
lokaður hjúpur,na,,Eintala,,,,lokun,,,,adherence,,,,"closed hull, closure",,,,3019
lokaður kúptur hjúpur,na,,Eintala,,,,kúpt lokun,,,convex hull,closed convex hull,,,,convex closure,,,,3020
lokaður línulegur virki,na,kk,Eintala,,,,,,,,closed linear operator,,,,,,,,3021
lokaður með tilliti til margföldunar,ls,kk,Eintala,,,,margföldunarlokaður,,,,multiplicatively closed,,,,,,,,3022
lokaður Riemann-flötur,na,kk,Eintala,,,,þjappaður Riemann-flötur,,,,closed Riemann surface,,,,,,,,3023
lokaður straumur,na,kk,Eintala,,,,,,,,closed current,,,,,,,,3024
lokað bil,na,hk,Eintala,<ref idTerm=457>Bil</ref> með tvo endapunkta sem inniheldur þá báða.,Eftirfarandi er mynd af lokuðu bili:\n\n\begin{center}\n\includegraphics[width=150px]{myndir/lokad_bil.png}\n\end{center},,,,,,closed interval,,,,,,,,3010
lokað deildaform,na,hk,Eintala,,,,lokað diffurform,,,,closed differential form,,,,,,,,3011
lokað hálfrúm,na,hk,Eintala,,,,,,,,closed half-space,,,,,,,,3012
lokað hlutrúm,na,hk,Eintala,,,,,,,,closed subspace,,,,,,,,3013
lokað mengi,na,hk,Eintala,,,,lokað hlutmengi,,,,closed set,,,,closed subset,,,,3014
lokagrannmynstur,na,hk,Eintala,,,,,,,,final topology,,,,,,,,3025
lokahlutur,na,kk,Eintala,,,,,,,,coinitial object,,,,"final object, terminal object",,,,3026
lokahnútur,na,kk,Eintala,,,,,,,,terminal vertex,,,,,,,,3027
lokajafna,na,kvk,Eintala,,,,,,,,eliminant,,,,,,,,3028
lokanlegur,ls,kk,Eintala,,,,,,,,closable,,,,,,,,3029
lokapunktur,na,kk,Eintala,,,,,,,,terminal point,,,,,,,,3030
lokastaða,na,kvk,Eintala,,,,,,,,terminal position,,,,,,,,3031
lokastak,na,hk,Eintala,,,,,,,,final element,,,,,,,,3032
loka-,pref,,,,,,,,,,(in category theory) coinitial,,,,"final, terminal",,,,3007
lokuð fullyrðing,na,kvk,Eintala,,,,,,,,sentence,,,,closed statement,,,,3033
lokuð hringskífa,na,kvk,Eintala,,,,,,,,closed disc,,,,,,,,3034
lokuð kúla,na,kvk,Eintala,,,,,,,,closed ball,,,,,,,,3035
lokuð segð,na,kvk,Eintala,<ref idTerm=1515>Yrðing</ref> sem inniheldur engar óþekktar <ref idTerm=5102>stærðir</ref>.,,,"lokuð fullyrðing, lokuð yrðing",,,,closed formula,,,,"closed statement, sentence",,,,3036
lokuð vörpun,na,kvk,Eintala,,,,,,,,closed mapping,,,,,,,,3037
lokuð þakning,na,kvk,Eintala,,,,,,,,closed covering,,,,,,,,3038
lokunarvirki,na,kk,Eintala,,,,,,,,closure operator,,,,,,,,3039
lota,na,,Eintala,,,,raðstig,,,,(of an element in a group) order,,,,period,,,,3040
lota,na,kvk,Eintala,,,,umferð,,,,period,,,,,,,,3041
lotubinding,na,kvk,Eintala,,,,,,,,periodicity,,,,,,,,3042
lotubundið flökt,na,hk,Eintala,,,,,,,,(periodic fluctuation) cycle,,,,periodic fluctuation,,,,3043
lotubundið keðjubrot,na,hk,Eintala,,,,,,,,periodic continued fraction,,,,"recurrent continued fraction, recurring continued fraction",,,,3044
lotubundinn,,,,,,,umferðar-,,,,periodic,,,,periodical,,,,3048
lotubundin framlenging,na,kvk,Eintala,,,,,,,,periodic continuation,,,,,,,,3045
lotubundin Markov-keðja,na,kvk,Eintala,,,,rásuð Markov-keðja,,,,cyclic Markov chain,,,,,,,,3046
lotubundin úrtakskönnun,na,kvk,Eintala,,,,,,,,rotation sampling,,,,,,,,3047
lotufall,na,hk,Eintala,<ref idTerm=1078>Fall</ref> \(f: \mathbb{R} \to \mathbb{R}\) er sagt vera \textit{lotubundið} ef til er <ref idTerm=4093>rauntala</ref> \(p > 0\) þannig að fyrir öll \(x \in \mathbb{R}\) gildi: \[ f(x + p) = f(x). \] Talan \(p\) kallast þá \textit{lota} fallsins.,<ref idTerm=5673>Tvinngild föll</ref> geta verið lotubundin meðfram <ref idTerm=5416>raunásnum</ref> annars vegar eða <ref idTerm=6473>þverásnum</ref> hins vegar. Ef fall er lotubundið meðfram báðum ásum kallast það \textit{tvílotubundið},,lotubundið fall,,,,periodic function,,,,,,,,3049
lotugrind,na,kvk,Eintala,,,,,,,"group of periods, period group",lattice of periods,,,,,,,,3050
lotugrunnur,na,kk,Eintala,,,,,,,,primitive period system,,,,,,,,3051
lotugrúpa,na,kvk,Eintala,,,,,,,lattice of periods,group of periods,,,,period group,,,,3052
loturæma,na,kvk,Eintala,,,,,,,,period strip,,,,,,,,3053
lotusamhliðungur,na,kk,Eintala,,,,,,,,period parallelotope,,,,,,,,3054
lotusamsíðungur,na,kk,Eintala,,,,,,,,parallelogram of periods,,,,period parallelogram,,,,3055
lotusamsíðungur,na,kk,Eintala,,,,lotusamhliðungur,,,,periodogram,,,,,,,,3056
lotusvæði,na,hk,Eintala,,,,,,,,period region,,,,,,,,3057
lotutugabrot,na,hk,Eintala,,,,umferðartugabrot,,,,circulating decimal,,,,"periodic decimal, recurring decimal, repeating decimal",,,,3058
lotutvennd,na,kvk,Eintala,,,,,,,,period pair,,,,,,,,3059
lóðhnit,na,hk,Eintala,Sjá skýringu við <ref idTerm=6595>kartesk slétta</ref>.,,,,,,abscissa,ordinate,,,,,,,,2973
lóðlína,na,kvk,Eintala,\textit{Þverill} á <ref idTerm=2911>línu</ref> \(l\) er lína \(m\) sem myndar <ref idTerm=4167>rétt horn</ref> við \(l\).,,,"þverlína, þverill",,,,perpendicular,,,,perpendicular line,,,,2975
lóðmengi,na,hk,Eintala,,,,,,,,ordinate set,,,,,,,,2976
lóðréttur,ls,kk,Eintala,,,,,,,,perpendicular,,,,,,,,2978
lóðréttur,ls,kk,Eintala,,,,,,,horizontal,vertical,,,,,,,,2979
lóðrétt ofanvarp,na,hk,Eintala,,,,,,,,vertical projection,,,,,,,,2977
lúpa,na,kvk,Eintala,,,,,,,,(in algebra) loop,,,,,,,,3060
lyfta,sag,,,,,,,,,,lift,,,,,,,,3061
lyfting,na,kvk,Eintala,,,,,,,,lifting,,,,lift,,,,6601
lygaraþversögn,na,kvk,Eintala,,,,,,,,liar paradox,,,,,,,,3062
lykkjuheildi,na,hk,Eintala,,,,"lykkjutegur, heildi yfir lokaðan feril, tegur yfir lokaðan feril",,,"line integral, path integral",contour integral,,,,,,,,3063
lykkjurúm,na,hk,Eintala,,,,,,,,loop space,,,,,,,,3064
lýsandi tölfræði,na,kvk,Eintala,,,,,,,,descriptive statistics,,,,,,,,3065
lægri miðjuruna,na,,Eintala,,,,lægri miðjuturn,,,,lower central series,,,,,,,,2750
lægsta stak,na,hk,Eintala,,,,"neðsta stak, fyrsta stak, minnsta stak",,,min,first element,,,,"least element, minimum, minimum element, smallest element",,,,2751
lækka niður,sag,,,,,,,,,,round down,,,,,,,,2752
lækkun,na,kvk,Eintala,,,,,,,,round-down,,,,rounding down,,,,2753
lækkunarskekkja,na,kvk,Eintala,,,,,,,,round-down error,,,,,,,,2754
lögbundinn,,,,,,,"orsaka-, orsakar-",,,,causal,,,,,,,,2981
löggengur,ls,kk,Eintala,,,,,,,,deterministic,,,,,,,,2983
löggeng bestun,na,kvk,Eintala,,,,,,,,deterministic optimization,,,,,,,,2982
lögmál Bortkiewicz,na,,Eintala,,,,"markgildissetning Poissons, lögmál lítils fjölda, lögmál sjaldgæfra atburða",,,,Bortkiewicz law,,,,"law of rare events, law of small numbers, Poisson's limit theorem",,,,2984
lögmál mikils fjölda,na,hk,Eintala,,,,meðalgildislögmál,,,,law of large numbers,,,,,,,,2985
lögmál minnstu verkunar,na,hk,Eintala,,,,,,,,law of least action,,,,,,,,2986
lögmál um annað tveggja,na,hk,Eintala,<ref idTerm=1452>Frumsenda</ref> í <ref idTerm=4642>sígildri rökfræði</ref> sem segir að um allar <ref idTerm=1515>yrðingar</ref> \(p\) gildi annaðhvort að \(p\) sé <ref idTerm=6659>sönn</ref> eða að \(\lnot p\) sé sönn.,,,,,,,law of excluded middle,,,,"principle of the excluded middle, tertium non datur",,,,2987
lögmál um ofurendanlega þrepun,na,hk,Eintala,,,,,,,,principle of transfinite induction,,,,,,,,2988
lögmál um stærðfræðilega þrepun,na,hk,Eintala,,,,þrepunarlögmál,,,induction axiom,induction principle,,,,"principle of complete induction, principle of induction, principle of mathematical induction",,,,2989
lögmál um takmörkun í jöfnum mæli,na,hk,Eintala,,,,"lögmál um skorðun í jöfnum mæli, jafnmælisskorðunarlögmál",,,,principle of uniform boundedness,,,,uniform-boundedness principle,,,,2990
lögmál,na,,Eintala,,,,regla,,,theorem,law,,,,,,,,2991
lögun,na,,Eintala,,,,"snið, gerð, mót",,,,form,,,,shape,,,,3006
l'Hôpital-regla,na,kvk,Eintala,,,,,,,,l'Hôpital's rule,,,,L'Hospital's rule,,,,2749
magn,na,hk,Eintala,,,,,,,,amount,,,,,,,,3080
magn,na,hk,Eintala,,,,,,,"absolute value, area, content, estimate, length, measure, modulus, norm, quantity, volume",magnitude,,,,,,,,3081
magnaralaus,ls,,Eintala,,,,,,,,quantifier-free,,,,,,,,3082
magnari,na,kk,Eintala,,,,"magnvirki, kvantari, kvöðull",,,,quantifier,,,,,,,,3083
magur,ls,kk,Eintala,,,,,,,,meagre,,,,,,,,3084
magurt mengi,na,hk,Eintala,,,,magurt hlutmengi,,,,meagre set,,,,"meagre subset, set of the first category, thin set",,,,3085
margblaða flötur,na,kk,Eintala,,,,,,,,many-sheeted surface,,,,,,,,3098
margbreytuaðhvarf,na,hk,Eintala,,,,fjölbreytuaðhvarf,,,,multiple regression,,,,,,,,3099
margein samsvörun,na,kvk,Eintala,,,,,,,,many-one correspondence,,,,,,,,3100
margfalda,sag,,,,,,,,,,multiply,,,,,,,,3101
margfaldanlegur,ls,kk,Eintala,,,,,,,,multipliable,,,,,,,,3105
margfaldari,na,kk,Eintala,,,,,,,"factor, multiplicand",multiplier,,,,multiplicator,,,,3106
margfalda í kross,sag,,,,,,,,,,cross-multiply,,,,,,,,3102
margfalda í kross,sag,,,,,,,,,,multiply crosswise,,,,,,,,3103
margfalda upp úr sviga,sag,,,,,,,,,,multiply out,,,,,,,,3104
margfaldlega,at,,,,,,,,,,multiply,,,,,,,,3107
margfaldlega samanhangandi,ls,kk,Eintala,,,,margfaldlega samhangandi,,,,multiply connected,,,,,,,,3108
margfaldur,ls,kk,Eintala,,,,,,,,(of an eigenvalue) degenerate,,,,,,,,3109
margfaldur,ls,kk,Eintala,,,,,,,,multiple,,,,,,,,3110
margfaldur leggur,na,kk,Eintala,,,,,,,parallel edge,multiple edge,,,,,,,,3111
margfaldur punktur,na,kk,Eintala,,,,,,,,multiple point,,,,singular point,,,,3112
margfaldur samanburður,na,kk,Eintala,,,,,,,,multiple comparison,,,,,,,,3113
margfaldur snertill,na,kk,Eintala,,,,,,,,multiple tangent,,,,,,,,3114
margfalt heildi,na,hk,Eintala,,,,margfalt tegur,,,"iterated integral, repeated integral",multiple integral,,,,,,,,3115
margfalt próf,na,hk,Eintala,,,,,,,,multiple test,,,,,,,,3116
margfeldi,na,hk,Eintala,,,,,,,law of composition,composition,,,,,,,,3117
margfeldi,na,hk,Eintala,<ref idTerm=5102>Stærðin</ref> sem fæst með því að <ref idTerm=3141>margfalda</ref> tvær <ref idTerm=5397>tölur</ref> saman.,,,,,,,multiple,,,,,,,,3118
margfeldið fall,na,hk,Eintala,,,,,,,,multiplicative function,,,,,,,,3120
margfeldinn,ls,kk,Eintala,,,,,,,,multiplicative,,,,,,,,3121
margfeldisfrumsenda,na,kvk,Eintala,,,,margfeldisfrumsetning,,,axiom of choice,multiplicative axiom,,,,,,,,3122
margfeldisgrannmynstur,na,hk,Eintala,,,,faldgrannmynstur,,,,product topology,,,,,,,,3123
margfeldisregla,na,kvk,Eintala,,,,,,,,(for differentiation) product rule,,,,,,,,3124
margfeldistákn,na,hk,Eintala,,,,"feldistákn, faldtákn",,,"multiplication sign, sign of multiplication",(the symbol \(\prod\)) product sign,,,,,,,,3125
margfeldi,na,hk,Eintala,,,,"feldi, fald",,,"alternating product, bracket product, cartesian product, Cauchy product, continued product, cross product, direct product, dot product, dyadic product, exterior product, fibre product, fibred product, free product, Grassmann product, hermitian inner product, infinite product, inner product, interior product, logical product, matrix product, outer product, scalar product, set product, skew product, tensor product, torsion product, triple product, vector product, wedge product",product,,,,,,,,3119
margfeldni,na,kvk,Eintala,,,,,,,,(of an eigenvalue) degeneracy,,,,,,,,3126
margfeldni,na,kvk,Eintala,,,,,,,,multiplicity,,,,,,,,3127
margfeldni,na,kvk,Eintala,,,,,,,,(of a zero) order,,,,,,,,3128
margflötungsgrúpa,na,kvk,Eintala,,,,,,,,polyhedral group,,,,,,,,3129
margflötungshorn,na,hk,Eintala,,,,,,,,polyhedral angle,,,,,,,,3130
margflötungsnet,na,hk,Eintala,,,,,,,,polyhedral graph,,,,,,,,3131
margflötungstala,na,kvk,Eintala,,,,,,,figurate number,polyhedral number,,,,,,,,3132
margflötungur,na,kk,Eintala,,,,flötungur,,,,polyhedron,,,,,,,,3133
margföldun,na,kvk,Eintala,"\textit{Margföldun} tveggja <ref idTerm=3475>náttúrulegra talna</ref> \(n\) og \(m\), táknað \(n\cdot m\) eða \(nm\), er endurtekin <ref idTerm=4411>samlagning</ref> \(n\) við sjálfa sig \(m\) sinnum, þ.e.\n\n\[ m \cdot n = n + n + \cdots + n \quad (\text{\(m\) sinnum}). \] \n\nÞessi skilgreining útvíkkast í <ref idTerm=1896>heiltölur</ref> með því að skilgreina \((-n)\cdot m = n\cdot (-m) = -(n \cdot m)\) og \((-n)\cdot (-m)=n\cdot m\). Í framhaldi er auðvelt að útvikka skilgreininguna í <ref idTerm=4039>ræðar tölur</ref> með því að skilgreina\n\n\[ \frac{a}{b} \cdot \frac{c}{d} = \frac{a\cdot c}{b \cdot d} \] fyrir \(a,b,c,d \in \mathbb{Z}\), \(b,d\neq0\).",,,,,,multiplication law,multiplication,,,,,,,,3141
margföldunargrúpa,na,kvk,Eintala,,,,,,,,multiplicative group,,,,,,,,3148
margföldunarmerki,na,hk,Eintala,,,,,,,product sign,multiplication sign,,,,sign of multiplication,,,,3149
margföldunarsetning,na,kvk,Eintala,,,,,,,,multiplication theorem,,,,,,,,3150
margföldunarstofn,na,kk,Eintala,,,,,,,multiplier,multiplicand,,,,,,,,3151
margföldunartafla,na,kvk,Eintala,,,,,,,,multiplication table,,,,,,,,3152
margföldunar-,ls,,Eintala,,,,,,,,multiplicative,,,,,,,,6602
margföldun fjöldatalna,na,kvk,Eintala,,,,,,,,cardinal multiplication,,,,,,,,6603
margföldun frá hægri,na,kvk,Eintala,,,,hægri margföldun,,,,multiplication on the right,,,,"postmultiplication, right multiplication",,,,6604
margföldun frá vinstri,na,kvk,Eintala,,,,vinstri margföldun,,,,left multiplication,,,,"multiplication on the left, premultiplication",,,,6605
margföldun í kross,na,kvk,Eintala,,,,,,,,cross multiplication,,,,,,,,6606
margföldun,na,kvk,Eintala,,,,reikniaðgerð rituð sem margföldun,,,"multiplication, law of composition",multiplication law,,,,,,,,6607
margföld flokkun,na,kvk,Eintala,,,,,,,,manifold classification,,,,multiple classification,,,,6608
margföld núllstöð,,,Eintala,,,,,,,multiple root,multiple zero,,,,,,,,6609
margföld rakning,na,kvk,Eintala,,,,,,,,multiple recursion,,,,,,,,6610
margföld rót,na,kvk,Eintala,,,,,,,multiple zero,multiple root,,,,repeated root,,,,6611
margföld runa,ls,hk,Fleirtala,,,,,,,,multiple sequence,,,,,,,,6612
margföld röð,na,kvk,Eintala,,,,,,,,multiple series,,,,,,,,6613
margföld ör,na,kvk,Eintala,,,,,,,,multiple arc,,,,,,,,6614
marggildni,na,kvk,Eintala,,,,,,,,many-valuedness,,,,multiple-valuedness,,,,3156
marggildur,ls,kk,Eintala,,,,,,,,many-valued,,,,"multiple-valued, multivalent, multivalued",,,,3157
marggild rökfræði,na,kvk,Eintala,,,,,,,,many-valued logic,,,,multivalued logic,,,,3154
marggild vörpun,na,kvk,Eintala,,,,,,,many-valued function,many-valued mapping,,,,"multiple-valued mapping, multivalued mapping",,,,3155
marghliðungur,na,kk,Eintala,,,,,,,,multilateral,,,,polylateral,,,,3158
marghyrninganet,na,hk,Eintala,,,,,,,,polygonal net,,,,,,,,3159
marghyrningstala,na,kvk,Eintala,,,,,,,figurate number,polygonal number,,,,,,,,3160
marghyrningur,na,kk,Eintala,<ref idTerm=4891>Flatarmynd</ref> sem samanstendur af <ref idTerm=1009>endanlega</ref> mörgum <ref idTerm=2958>línustrikum</ref> (sem kallast \textit{hliðar} marghyrningsins) þannig að sérhvert línustrik deili endapunkti með nákvæmlega einu öðru línustriki.,Hugtakið marghyrningur er oft notað til að vísa í <ref idTerm=832>einfalda marghyrninga</ref> en almennt mega hliðar marghyrnings skera hvor aðra.,,hyrningur,,,"concave polygon, convex polygon, decagon, digon, dodecagon, enneagon, heptagon, hexagon, isogon, nonagon, octagon, pentadecagon, pentagon, quadrangle, reflex polygon, regular polygon, self-intersecting polygon, simple polygon, skew polygon, spherical digon, spherical polygon, triangle",polygon,,,,,,,,3161
margkynjuð tala,na,kvk,Eintala,,,,,,,,compound number,,,,,,,,3162
margliða með mörgum breytum,na,kvk,Eintala,,,,,,,,multinomial,,,,polynomial in several variables,,,,3163
margliðuaðhvarf,na,hk,Eintala,,,,,,,,polynomial regression,,,,,,,,3164
margliðubaugur,na,kk,Eintala,,,,,,,,polynomial ring,,,,,,,,3165
margliðufall,na,hk,Eintala,,,,,,,,polynomial function,,,,,,,,3166
margliðuíðal,na,hk,Eintala,,,,,,,,polynomial ideal,,,,,,,,3167
margliðujafna,na,kvk,Eintala,,,,,,,algebraic equation,polynomial equation,,,,,,,,3168
margliðujafna,na,kvk,Eintala,,,,,,,,polynomial identity,,,,,,,,3169
margliðuliðun,na,kvk,Eintala,,,,,,,,polynomial expansion,,,,,,,,3170
margliðunálgun,na,kvk,Eintala,,,,,,,,polynomial approximation,,,,,,,,3171
margliðuvöxtur,na,kk,Eintala,,,,,,,,polynomial growth,,,,,,,,3172
margliðuþáttun,na,kvk,Eintala,,,,,,,,polynomial factorization,,,,,,,,3173
marglínulegur,ls,kk,Eintala,,,,fjöllínulegur,,,,multilinear,,,,,,,,3175
marglínuleg algebra,na,kvk,Eintala,,,,fjöllínuleg algebra,,,,multilinear algebra,,,,,,,,3174
margra manna spil,na,hk,Eintala,,,,,,,,multi-person game,,,,,,,,3176
margræðni,na,kvk,Eintala,,,,,,,,non-uniqueness,,,,,,,,3178
margræð jafna,na,kvk,Eintala,,,,,,,,indeterminate equation,,,,,,,,3177
margrætt jöfnukerfi,na,hk,Eintala,,,,margrætt jöfnuhneppi,,,,indeterminate system of equations,,,,,,,,3179
margstæð umsögn,na,kvk,Eintala,,,,umsögn með mörgum breytum,,,relation,many-place predicate,,,,multiplace predicate,,,,3180
margtækur,ls,kk,Eintala,,,,,,,,multivalent,,,,,,,,3181
margviðbætinn,ls,kk,Eintala,,,,margsamleggjandi,,,,multi-additive,,,,,,,,3186
margvíður,ls,kk,Eintala,,,,,,,multivariate,many-dimensional,,,,multidimensional,,,,3187
margvíður,ls,kk,Eintala,,,,,,,multidimensional,multivariate,,,,,,,,3188
margvíð dreifing,na,kvk,Eintala,,,,,,,,multidimensional distribution,,,,multivariate distribution,,,,3182
margvíð dreifing,na,kvk,Eintala,,,,,,,,multivariate distribution,,,,,,,,3183
margvíð fervikagreining,na,kvk,Eintala,,,,fjölbreytufervikagreining,,,MANOVA,analysis of dispersion,,,,"dispersion analysis, multivariate analysis of variance",,,,3184
margvíð tölfræði,na,kvk,Eintala,,,,,,,,multivariate statistics,,,,,,,,3185
margvítt rúm,na,hk,Eintala,,,,,,,,multidimensional space,,,,,,,,3189
margþrepa aðferð,na,kvk,Eintala,,,,,,,,multi-step method,,,,,,,,3191
margþrepa bestun,na,kvk,Eintala,,,,margþrepabestun,,,,multistage programming,,,,,,,,3192
margþrepa leikur,na,kk,Eintala,,,,,,,,multistage game,,,,,,,,3193
margþætt tala,na,kvk,Eintala,,,,,,,,highly composite number,,,,,,,,3190
markfall,na,hk,Eintala,,,,markgildisfall,,,,limit function,,,,,,,,3194
markgildi,na,hk,Eintala,,,,,,,,limit,,,,,,,,3195
markgildispunktur,na,kk,Eintala,,,,,,,"accumulation point, cluster point",limit point,,,,limiting point,,,,3199
markgildissetning,na,kvk,Eintala,,,,,,,central limit theorem,limit theorem,,,,,,,,3200
markgildissetning Bernoullis,na,,Eintala,,,,Bernoulli-lögmál mikils fjölda,,,,Bernoulli's law of large numbers,,,,,,,,3201
markgildisstak,na,hk,Eintala,,,,,,,,limit element,,,,,,,,3202
markgildistaka,na,kvk,Eintala,,,,,,,,passage to the limit,,,,,,,,3203
markgildi frá hægri,na,hk,Eintala,,,,hægra markgildi,,,,limit on the right,,,,"limit from above, limit from the right, limit to the right, right limit, right-hand limit",,,,3196
markgildi frá vinstri,na,hk,Eintala,,,,vinstra markgildi,,,,left limit,,,,"left-hand limit, limit from below, limit from the left, limit on the left, limit to the left",,,,3197
markgildi í jöfnum mæli,na,hk,Eintala,,,,,,,,uniform limit,,,,,,,,3198
markmeðaltal,na,hk,Eintala,,,,,,,,arithmetic-geometric mean,,,,arithmetico-geometric mean,,,,3204
Markov-ferli,na,hk,Eintala,,,,,,,,Markov process,,,,"Markov stochastic process, Markovian process",,,,3205
Markov-keðja,na,kvk,Eintala,,,,,,,,Markov chain,,,,,,,,3206
Markov-reiknanlegur,ls,kk,Eintala,,,,,,,,Markov-computable,,,,,,,,3207
markraðtala,na,kvk,Eintala,,,,,,,,limit ordinal,,,,"limiting ordinal, ordinal of the second kind",,,,3208
markstaða,na,kvk,Eintala,,,,,,,,limiting position,,,,,,,,3209
marktekt,na,kvk,Eintala,,,,,,,,significance,,,,,,,,3212
marktektarstig,na,hk,Eintala,,,,prófstig,,,,significance level,,,,,,,,3213
marktilfelli,na,hk,Eintala,,,,,,,,limit case,,,,,,,,3214
marktækur,ls,kk,Eintala,,,,,,,,significant,,,,,,,,3210
marktækur tölustafur,na,kk,Eintala,,,,,,,valid digit,significant digit,,,,,,,,3211
marktökulíkur,na,,,,,,prófstig,,,,level of significance,,,,,,,,3215
markverður,ls,kk,Eintala,,,,,,,,non-trivial,,,,,,,,3216
massi,na,kk,Eintala,,,,,,,,mass,,,,,,,,3217
mat,na,hk,Eintala,,,,,,,,estimate,,,,,,,,3218
mat,na,hk,Eintala,,,,,,,,estimation,,,,,,,,3219
matsfræði,na,kvk,Eintala,,,,,,,,estimation theory,,,,,,,,3229
mat að ofan,na,hk,Eintala,,,,yfirmat,,,,majorization,,,,upper estimate,,,,3221
mat,na,hk,Eintala,,,,stikabundið mat,,,,(in statistics) estimation,,,,parametric estimation,,,,3222
mál,na,hk,Eintala,,,,,,,,measure,,,,,,,,3086
málalgebra,na,kvk,Eintala,,,,,,,,measure algebra,,,,,,,,3089
málfræði,na,kvk,Eintala,,,,mælifræði,,,,measure theory,,,,,,,,3090
málrúm,na,hk,Eintala,,,,,,,measurable space,measure space,,,,,,,,3092
málrækinn,ls,kk,Eintala,,,,málheldinn,,,,measure preserving,,,,,,,,3091
málsamleitni,na,kvk,Eintala,,,,samleitni í máli,,,,convergence in measure,,,,,,,,3093
málskipan,na,kvk,Eintala,,,,,,,,syntax,,,,,,,,3094
málskipanarbreyta,na,kvk,Eintala,,,,,,,metavariable,syntactic variable,,,,,,,,3095
málskipanarfræði,na,kvk,Eintala,,,,,,,,syntax,,,,,,,,3096
málskipti,na,hk,Fleirtala,,,,,,,,change of measure,,,,,,,,3097
mál fyrstu stéttar,na,hk,Eintala,,,,,,,,first-order language,,,,,,,,3087
mál,na,hk,Eintala,,,,tungumál,,,"artificial language, formal language, formalized language, machine language, metalanguage, object language",language,,,,,,,,3088
mát,na,hk,Eintala,,,,,,,,(of an elliptic function) modulus,,,,,,,,3220
mátað við,,,,,,,,,,,modulo,,,,,,,,3223
mátfall,na,hk,Eintala,,,,,,,,modular function,,,,,,,,3224
mátform,na,hk,Eintala,,,,,,,,modular form,,,,,,,,3225
mátgrúpa,na,kvk,Eintala,,,,,,,,modular group,,,,,,,,3227
mátgæði,na,hk,Fleirtala,,,,,,,,goodness of fit,,,,,,,,3226
mátrúm,na,hk,Eintala,,,,,,,,moduli space,,,,,,,,3228
mátstikar,na,kk,Fleirtala,,,,,,,,moduli,,,,,,,,3230
mátverkefni,na,hk,Eintala,,,,,,,,moduli problem,,,,,,,,3231
meðalferskekkja,na,kvk,Eintala,,,,,,,"root-mean-square error, standard error",mean square error,,,,,,,,3235
meðalfervik úrtaks,na,,Eintala,,,,úrtaksdreifni,,,,sample variance,,,,sample dispersion,,,,3236
meðalfervik,na,,Eintala,,,,"dreifni, brigði",,,,dispersion,,,,"variance, mean square deviation",,,,3237
meðalframleiðslugæði,na,hk,Fleirtala,,,,,,,,average outgoing quality,,,,,,,,3238
meðalfrávik,na,hk,Eintala,,,,,,,,average deviation,,,,mean deviation,,,,3239
meðalgildi,na,hk,Eintala,,,,,,,"average, mean",average value,,,,mean value,,,,3240
meðalgildiseiginleiki,na,kk,Eintala,,,,,,,,mean value property,,,,,,,,3241
meðalgildissetning,na,kvk,Eintala,,,,,,,,mean value theorem,,,,,,,,3242
meðalkrappi,na,,Eintala,,,,meðalsveigja,,,,mean curvature,,,,,,,,3243
meðalmunur,na,kk,Eintala,,,,,,,,mean difference,,,,,,,,3244
meðalreisn,na,kvk,Eintala,,,,,,,,mesokurtosis,,,,,,,,3245
meðalreistur,ls,kk,Eintala,,,,,,,"kurtosis, leptokurtic, platikurtic",mesokurtic,,,,,,,,3246
meðalsamleitni,na,kvk,Eintala,,,,"meðaltalssamleitni, samleitni í \(L_1\)-staðli",,,,convergence in the mean,,,,,,,,3247
meðalskekkja,na,kvk,Eintala,,,,,,,,average error,,,,mean error,,,,3248
meðalstærð úrtaks,na,kvk,Eintala,,,,,,,,average sample number,,,,,,,,3249
meðaltal,na,hk,Eintala,,,,"hreint meðaltal, venjulegt meðaltal",,,,arithmetic mean,,,,"arithmetic average, ordinary arithmetic mean",,,,3251
meðaltap,na,hk,Eintala,,,,,,,,average loss,,,,expected loss,,,,3252
meðalþéttleiki,na,kk,Eintala,,,,,,,,mean density,,,,,,,,3253
meðal-,,,,,,,"meðaltals-, að meðaltali",,,,average,,,,,,,,3234
með endanleg gildi,,,,,,,,,,,finitely valued,,,,finite-valued,,,,3232
með sömu brennipunkta,,,,,,,,,,,confocal,,,,,,,,3233
meginákveða,na,kvk,Eintala,,,,höfuðákveða,,,,principal determinant,,,,,,,,3255
meginás,na,kk,Eintala,,,,,,,"conjugate axis, focal axis, minor axis, principal axis",(of a hyperbola) major axis,,,,transverse axis,,,,3256
meginásafærsla,na,kvk,Eintala,,,,höfuðásafærsla,,,,principal axis transformation,,,,,,,,3258
meginásasetning,na,kvk,Eintala,,,,,,,,principal axes theorem,,,,,,,,3259
megináslausn,na,kvk,Eintala,,,,,,,,principal axis solution,,,,,,,,3260
meginás,na,kk,Eintala,,,,höfuðás,,,,principal axis,,,,,,,,3257
megingrein,na,kvk,Eintala,,,,höfuðgrein,,,,principal branch,,,,,,,,3261
meginhorn,na,hk,Eintala,,,,,,,,principal argument,,,,,,,,3262
meginhringur,na,kk,Eintala,,,,,,,,principal circle,,,,,,,,3263
meginhringur,na,kk,Eintala,,,,"meginhvirfilhringur, hjálparhringur",,,"eccentric circle, minor circle",(of a conic) auxiliary circle,,,,major circle,,,,3264
meginkrappastefna,na,kvk,Eintala,,,,"höfuðkrappastefna, meginsveigjustefna, höfuðsveigjustefna",,,,direction of principal curvature,,,,principal direction,,,,3265
meginmarkgildissetning tölfræðinnar,na,kvk,Eintala,,,,höfuðsetning tölfræðinnar,,,,central limit theorem,,,,,,,,3266
meginþáttur,na,kk,Eintala,,,,,,,,principal component,,,,,,,,3267
meginþverill,na,kk,Eintala,,,,höfuðþverill,,,,first normal,,,,principal normal,,,,3268
megin-,pref,,,,,,"höfuð-, aðal-",,,,principal,,,,,,,,3254
meirihlutaákvörðun,na,kvk,Eintala,,,,,,,,majority decision,,,,,,,,3269
mengjaaðgerð,na,kvk,Eintala,,,,,,,,set operation,,,,set-theoretical operation,,,,3271
mengjaalgebra,na,kvk,Eintala,,,,,,,,algebra of subsets,,,,field of sets,,,,3272
mengjaalgebra,na,kvk,Eintala,,,,,,,,set algebra,,,,,,,,3273
mengjafall,na,hk,Eintala,,,,,,,,set function,,,,,,,,3274
mengjafræði,na,kvk,Eintala,,,,,,,"axiomatic set theory, Cantorian set theory, classical set theory, naive set theory",set theory,,,,,,,,3275
mengjafræðilegur,ls,kk,Eintala,,,,,,,,set-theoretical,,,,set-theoretic,,,,3276
mengjagildur,ls,kk,Eintala,,,,,,,,set-valued,,,,,,,,3277
mengjahlutvera,na,kvk,Eintala,,,,,,,inclusion,set-inclusion,,,,,,,,3278
mengjamargfeldi,na,hk,Eintala,"\textit{Faldmengi} tveggja <ref idTerm=3270>mengja</ref> \(X\) og \(Y\), táknað \(X \times Y\), er mengi <ref idTerm=5627>para</ref> \((x,y)\) þannig að \(x \in X\) og \(y \in Y\).",Almennt ef \(I \subseteq \mathbb{N}\) er <ref idTerm=457>bil</ref> og \(\left(X_i\right)_{i \in I}\) er <ref idTerm=3684>runa</ref> af mengjum þá er faldmengi þeirra skilgreint sem mengi runa \((x_i)_{i \in I}\) þannig að \(x_i \in X_i\) fyrir öll \(i \in I\).,,"faldmengi, Kartesarmargfeldi, karteskt margfeldi",,,direct product,cartesian product,,,,"cross product, outer product, set product",,,,3279
mengjamunur,na,kk,Eintala,\textit{Mengjamunur} tveggja <ref idTerm=3270>mengja</ref> \(A\) og \(B\) er mengi þeirra <ref idTerm=5128>staka</ref> sem eru í \(A\) en ekki í \(B\). Þetta mengi er táknað með \(A \setminus B\) (lesið: \(A\) án \(B\)) og það má rita á forminu \[ A \setminus B = \{x \in A \mid x \notin B\}. \],"Óformlega má segja að mengjamunurinn \(A \setminus B\) sé sá hluti mengisins \(A\) sem er utan mengisins \(B\) og á <ref idTerm=6050>Venn-myndinni</ref> hér að neðan er hann litaður rauður:\n\n\begin{center}\n\includegraphics[width=150px]{myndir/mengjamunur.png}\n\end{center}\n\nFyrir öll mengi \(A\) og \(B\) má rita mengjamuninn \(A \setminus B\) sem <ref idTerm=4928>sniðmengi</ref> \(A\) og <ref idTerm=1553>fyllimengis</ref> \(B\), þ.e. \[ A \setminus B = A \cap B^c. \] Jafnframt gildir fyrir öll mengi \(A\) að \(A \setminus \varnothing = A\) og \(A \setminus A = \varnothing\).",,mengjamismunur,,,complement,(of sets) difference,,,,relative complement,,,,3280
mengjaríki,na,hk,Eintala,,,,,,,,category of sets,,,,,,,,3281
vörpun,na,kvk,Eintala,\textit{Vörpun} \(f: X \to Y\) frá <ref idTerm=3270>mengi</ref> \(X\) yfir í mengið \(Y\) er forskrift eða regla sem úthlutar sérhverju <ref idTerm=5128>staki</ref> úr \(X\) nákvæmlega einu staki úr \(Y\). Mengið \(X\) kallast \textit{skilgreiningarmengi} vörpunarinnar og mengið \(Y\) kallast \textit{bakmengi} hennar.,"Í <ref idTerm=3275>mengjafræði</ref> er vörpun \(f : X \to Y\) skilgreind sem <ref idTerm=6051>vensl</ref> sem uppfylla eftirfarandi tvö <ref idTerm=4797>skilyrði</ref>:\n\n\begin{enumerate}\n    \item Sérhvert stak \(x \in X\) er <ref idTerm=0>venslað við</ref> eitthvert stak \(y \in Y\)\n    \item Ef \(x \in X\) er venslað við \(y \in Y\) og \(x\) er einnig venslað við \(z \in Y\), þá gildir \(y = z\) \n\end{enumerate}\n\nFyrra skilyrðið tryggir að vörpunin sé skilgreind á öllu <ref idTerm=1343>formengi</ref> sínu og seinna skilyrðið tryggir það að vörpunin taki ekki mörg <ref idTerm=5968>gildi</ref> í einum <ref idTerm=4001>punkti</ref>.",,,,,,mapping of sets,,,,,,,,3282
merkingafræði,na,kvk,Eintala,,,,,,,,semantics,,,,,,,,3283
Mersenne-frumtala,na,kvk,Eintala,,,,,,,,Mersenne prime,,,,,,,,3284
meta,sag,,,,,,,,,,estimate,,,,,,,,3285
metakerfi,na,hk,Eintala,,,,stigveldi,,,,hierarchy,,,,,,,,3287
meta að ofan,sag,,,,,,yfirmeta,,,,majorize,,,,,,,,3286
metill,na,kk,Eintala,,,,,,,,estimator,,,,estimating function,,,,3288
mettaður,ls,kk,Eintala,,,,,,,,saturated,,,,,,,,3290
mettað mengi,na,hk,Eintala,,,,,,,,saturated set,,,,,,,,3289
mettun,na,kvk,Eintala,,,,,,,,saturation,,,,,,,,3291
miðalína,na,kvk,Eintala,,,,jafnveldislína,,,,radical axis,,,,,,,,3295
miðamiðja,na,kvk,Eintala,,,,jafnveldismiðja,,,,radical center,,,,,,,,3296
miðaslétta,na,kvk,Eintala,,,,jafnveldisslétta,,,,radical plane,,,,,,,,3297
miðbaugur,na,kk,Eintala,,,,,,,,equator,,,,,,,,3298
miðgildispróf,na,hk,Eintala,,,,,,,,median test,,,,,,,,3300
miðgildi,na,,Eintala,,,,miðtala,,,,(in statistics) median,,,,,,,,3299
miðhlutfallajafna,na,kvk,Eintala,,,,samfelld hlutfallajafna,,,,proportion with equal means,,,,proportion by extreme and mean ratio,,,,3302
miðhlutfalla stærð,na,kvk,Eintala,,,,,,,"geometric average, geometric mean",mean proportional,,,,,,,,3301
miðja sjónhorfsmyndunar,na,kvk,Eintala,,,,sjónhorfsmiðja,,,centre of perspective,centre of perspectivity,,,,centre of homology,,,,3303
miðja,na,,Eintala,,,,"miðdepill, miðpunktur",,,,(in geometry) centre,,,,"central point, centrum",,,,3304
miðjufjarlægð,na,kvk,Eintala,,,,,,,,centre-to-centre distance,,,,,,,,3305
miðjuhorn,na,hk,Eintala,,,,miðpunktshorn,,,,central angle,,,,,,,,3306
miðjungur,na,kk,Eintala,,,,,,,,centralizer,,,,commutant,,,,3307
miðjuofanvarp,na,hk,Eintala,,,,"miðjuvarp, keiluofanvarp",,,,central projection,,,,conic projection,,,,3308
miðjuruna,na,,Eintala,,,,miðjuturn,,,,central series,,,,,,,,3309
miðjusamhverfni,na,,Eintala,,,,miðjusamhvarf,,,,central symmetry,,,,,,,,3310
miðjusamhverfur,ls,kk,Eintala,,,,samhverfur um punkt,,,,centrosymmetric,,,,"centrally symmetric, centrally symmetrical, centrosymmetrical",,,,3311
miðjusjónhorf,na,hk,Eintala,,,,,,,,central perspective,,,,,,,,3312
miðjustak,na,hk,Eintala,,,,,,,,central element,,,,,,,,3313
miðjuvíðátta,na,kvk,Eintala,,,,,,,,centre manifold,,,,,,,,3314
miðliður,na,kk,Eintala,,,,,,,,middle term,,,,,,,,3315
miðlína,na,kvk,Eintala,,,,,,,,(of a trapezoid) median,,,,"meanline, midline",,,,3316
miðlína,na,kvk,Eintala,<ref idTerm=2911>Lína</ref> sem fer í gegnum <ref idTerm=3661>oddpunkt</ref> <ref idTerm=6438>þríhyrnings</ref> og <ref idTerm=3319>miðpunkt</ref> <ref idTerm=3396>mótlægrar hliðar</ref>.,,,,,,,(of a triangle or tetrahedron) median,,,,,,,,3317
miðmunur,na,kk,Eintala,,,,,,,,central difference,,,,,,,,3318
miðpunktur,na,kk,Eintala,<ref idTerm=4001>Punktur</ref> á <ref idTerm=2958>línustriki</ref> sem er í sömu fjarlægð frá endapunktum þess.,,,,,,,bisecting point,,,,"middle point, midpoint",,,,3319
miðsettur,ls,kk,Eintala,,,,,,,,centred,,,,,,,,3323
miðsett hending,na,kvk,Eintala,,,,miðsett slembibreyta,,,,centralized random variable,,,,centred random variable,,,,3320
miðsett úrtak,na,hk,Eintala,,,,,,,,centred sample,,,,,,,,3321
miðsett vikbil,na,hk,Eintala,,,,,,,,central confidence interval,,,,,,,,3322
miðslétta,na,kvk,Eintala,,,,,,,,median plane,,,,"middle plane, midplane",,,,3324
miðstrengur,na,kk,Eintala,Sjá skýringu við <ref idTerm=5261>strengur</ref>.,,,,,,,(of a central conic) diameter,,,,,,,,3325
miðtengilína,na,kvk,Eintala,,,,,,,,centre line,,,,,,,,3326
miðþverill,na,,Eintala,<ref idTerm=2911>Lína</ref> sem liggur í gegnum <ref idTerm=3319>miðpunkt</ref> annarrar línu og er <ref idTerm=6469>hornrétt</ref> á hana.,,,miðþverlína,,,,(of a line segment in the plane)) mid-perpendicular,,,,,,,,3328
miðþverslétta,na,kvk,Eintala,,,,,,,,(of a line segment in space) mid-perpendicular,,,,,,,,3329
mið (punkts) við kúlu,na,hk,Eintala,,,,veldi (punkts) við kúlu,,,power,spherical power,,,,,,,,3292
mið,na,hk,Eintala,,,,veldi,,,spherical power,(of a point with respect to a circle or sphere) power,,,,,,,,3294
mið-,pref,,,,,,"miðju-, miðpunkts-",,,,central,,,,,,,,3293
miklu minni,ls,,,,,,,,,,much less,,,,much smaller,,,,3330
miklu stærri,ls,,,,,,,,,,much greater,,,,much larger,,,,3331
milligildi,na,hk,Eintala,,,,,,,,intermediate value,,,,,,,,3333
milligildissetning,na,kvk,Eintala,,,,,,,,intermediate value theorem,,,,,,,,3334
milliliðalaus fáguð framlenging,na,kvk,Eintala,,,,,,,,direct analytic continuation,,,,,,,,3335
milliliður,na,kk,Eintala,,,,innliður,,,,(of a proportion) mean,,,,mean term,,,,3336
millimetrapappír,na,kk,Eintala,,,,,,,,millimeter squared paper,,,,,,,,3337
millireikningur,na,kk,Eintala,,,,,,,,intermediate calculation,,,,,,,,3338
millisvið,na,hk,Eintala,,,,,,,,intermediate field,,,,,,,,3339
milli,,,,,,,á milli,,,,between,,,,,,,,3332
millumleikafrumsenda,na,kvk,Eintala,,,,,,,"axiom of order, order axiom",axiom of betweenness,,,,betweenness axiom,,,,3340
millumleikafrumsenda,na,,Eintala,,,,millumleikafrumsetning,,,"axiom of order, order axiom",betweenness axiom,,,,axiom of betweenness,,,,6616
millumleikavensl,na,hk,Fleirtala,,,,,,,,betweenness relation,,,,,,,,3341
millumleiki,na,kk,Eintala,,,,,,,,betweenness,,,,,,,,3342
Minkowski-rúm,na,hk,Eintala,,,,,,,,Minkowski space,,,,,,,,3343
Minkowski-rúmfræði,na,kvk,Eintala,,,,,,,,Minkowski geometry,,,,,,,,3344
minni,na,hk,Eintala,,,,,,,,memory,,,,,,,,3345
minni eða jafn,,,,,,,"minni en eða jafn og, frekar minni",,,,less than or equal to,,,,,,,,3346
minni,ls,,,,,,smærri,,,smaller,less,,,,,,,,3347
minni,ls,,,,,,smærri,,,less,smaller,,,,,,,,3348
minnkandi atburðaruna,na,kvk,Eintala,,,,,,,,descending sequence of events,,,,,,,,3350
minnkandi,ls,,,,,,"fallandi, lækkandi",,,strictly decreasing,antitone,,,,"antitonic, decreasing, monotonically decreasing, non-increasing",,,,3351
minnka,sag,,,,,,"falla, lækka",,,,decrease,,,,,,,,3349
minnsta frávik,na,hk,Eintala,,,,,,,,best approximation,,,,,,,,3352
minnsta samfeldi,na,hk,Eintala,"<ref idTerm=3347>Minnsta</ref> <ref idTerm=4343>\textit{samfeldi}</ref> tveggja <ref idTerm=1896>heiltalna</ref> \(n\) og \(m\), táknað \(\text{lcm}(n,m)\).","Til þess að finna minnsta samfeldi talna \(n\) og \(m\) er byrjað á að <ref idTerm=5824>frumþátta</ref> þær. Ef \(p_{1},\ldots,p_{k}\) eru allir þeir frumþættir sem tilheyra að minnsta kosti annarri tölunni \(n\) eða \(m\), og \(a_{1},\ldots,a_{k}\) og \(b_{1},\ldots,b_{k}\) eru margfeldni þeirra í \(n\) og \(m\), þá er minnsta samfeldi þeirra:\n\n\[ \text{lcm}(n,m) = {p_{1}}^{c_{1}} \cdot {p_{2}}^{c_{2}} \cdot \ldots \cdot {p_{k-1}}^{c_{k-1}} \cdot {p_{k}}^{c_{k}} \] \n\nþar sem \(c_{i}=\max\{a_{i}, b_{i}\}\).",,minnsta sameiginlega margfeldi,,,l. c. m.\ekkipunktur,least common multiple,,,,"lowest common multiple, smallest common multiple",,,,3353
minnsta stig,na,hk,Eintala,,,,lágstig,,,,minimal degree,,,,minimal valency,,,,3354
minnsti samnefnari,na,kk,Eintala,,,,,,,,least common denominator,,,,lowest common denominator,,,,3355
misgeng ósamfelldni,na,kvk,Eintala,,,,,,,,jump discontinuity,,,,,,,,3360
misgilding,na,,Eintala,,,,misgildi,,,,alternation,,,,"alternative, exclusive disjunction, material non-equivalence, non-equivalence",,,,3361
mishverft fall,na,hk,Eintala,,,,misvíxlið fall,,,antisymmetric function,alternating function,,,,,,,,3363
mishverft fylki,na,hk,Eintala,,,,misvíxlið fylki,,,antisymmetric matrix,alternating matrix,,,,,,,,3364
mishverft tvílínulegt form,na,hk,Eintala,,,,misvíxlið tvílínulegt form,,,"antisymmetric bilinear form, inner product, scalar product",alternating bilinear form,,,,symplectic bilinear form,,,,3365
mishverfur hnútur,na,kk,Eintala,,,,,,,,alternating knot,,,,,,,,3366
mishverfur,ls,kk,Eintala,,,,misvíxlinn,,,,alternating,,,,,,,,3367
mishverf marglínuleg vörpun,na,kvk,Eintala,,,,misvíxlin marglínuleg vörpun,,,,alternating multilinear mapping,,,,,,,,3362
misleitur,ls,kk,Eintala,,,,,,,,(of coordinates) inhomogeneous,,,,non-homogeneous,,,,3370
misleit hnit,na,hk,Fleirtala,,,,,,,,inhomogeneous coordinates,,,,,,,,3369
mislægar línur,na,kvk,Fleirtala,,,,,,,,skew lines,,,,,,,,3368
mismunaaðferð,na,kvk,Eintala,,,,,,,,difference method,,,,,,,,3371
mismunaaðferð,na,kvk,Eintala,,,,,,,,finite difference method,,,,,,,,3372
mismunahlutfall,na,,Eintala,,,,mismunakvóti,,,"gradient, rate of change",difference quotient,,,,divided difference,,,,3373
mismunajafna,na,kvk,Eintala,,,,,,,,difference equation,,,,,,,,3374
mismunareikningur,na,kk,Eintala,,,,,,,,calculus of finite differences,,,,calculus of differences,,,,3375
mismunavirki,na,kk,Eintala,,,,,,,,difference operator,,,,,,,,3376
missamhverfur,ls,kk,Eintala,,,,mishverfur,,,,asymmetric,,,,asymmetrical,,,,3378
missamhverf vensl,na,hk,Fleirtala,,,,mishverf vensl,,,,asymmetric relation,,,,,,,,3377
misstór,ls,kk,Eintala,,,,misjafn,,,,unequal,,,,,,,,3379
mínus,na,,Eintala,,,,"mínusmerki, frádráttarmerki",,,,minus,,,,"minus mark, minus sign, minus symbol, sign of subtraction, subtraction sign",,,,3356
mínus,na,,Eintala,,,,"mínusmerki, mínusformerki, neikvætt formerki",,,,minus,,,,"minus mark, minus sign, minus symbol, negative sign",,,,3357
mínúta,na,kvk,Eintala,,,,,,,"centesimal minute, sexagesimal minute, min",minute,,,,,,,,3358
mínúta,na,kvk,Eintala,,,,"hornmínúta, bogamínúta",,,"minute of angle, minute of arc",sexagesimal minute,,,,,,,,3359
mjúkt knippi,na,hk,Eintala,,,,,,,,soft sheaf,,,,,,,,3380
mjúkur,ls,kk,Eintala,,,,,,,,soft,,,,,,,,3381
Monte-Carlo-aðferð,na,kvk,Eintala,,,,,,,,Monte Carlo method,,,,,,,,3386
Monte-Carlo-útreikningur,na,kk,Eintala,,,,hermiútreikningur,,,,calculation by Monte Carlo method,,,,computation by Monte Carlo method,,,,3387
mótanaríki,na,hk,Eintala,,,,örvaríki,,,,category of morphisms,,,,category of arrows,,,,3394
mótdæmi,na,hk,Eintala,,,,gagndæmi,,,,counterexample,,,,,,,,3395
mótlægt horn,na,hk,Eintala,Sjá <ref idTerm=5568>gagnstæð horn</ref>.,,,,,,,opposite angle,,,,,,,,3398
mótlægur hliðarflötur,na,kk,Eintala,,,,öndverður hliðarflötur,,,,opposite face,,,,,,,,3399
mótlægur,ls,kk,Eintala,,,,"mótstæður, gagnstæður, öndverður, andstæður, öfugur",,,,opposite,,,,,,,,3400
mótlæg hlið,na,kvk,Eintala,<ref idTerm=2048>Hlið</ref> <ref idTerm=6438>þríhyrnings</ref> kallast \textit{mótlæg} <ref idTerm=2198>horni</ref> ef hún er ekki <ref idTerm=65>aðlæg</ref> því horni. Fyrir <ref idTerm=1127>ferhyrning</ref> kallast tvær hliðar \textit{mótlægar} ef þær eru ekki aðlægar.,,,"öndverð hlið, gagnstæð hlið",,,,opposite side,,,,,,,,3396
mótlæg horn,na,hk,Fleirtala,,,,,,,,opposite angles,,,,,,,,3397
mótsagnakenndur,,,,,,,í mótsögn,,,,contradictory,,,,,,,,3401
mótskilyrðing,na,kvk,Eintala,Fyrir <ref idTerm=2836>leiðingu</ref> \(p \implies q\) kallast leiðingin \(\lnot q \implies \lnot p\) \textit{mótskilyrðing} hennar.,Mótskilyrðing leiðingar hefur sama <ref idTerm=4560>sanngildi</ref> og leiðingin sjálf.,,,,,,contrapositive,,,,contraposition,,,,3402
mótsögn,na,kvk,Eintala,Það að <ref idTerm=1515>yrðing</ref> \(r\) og <ref idTerm=3507>neitun</ref> hennar \(\lnot r\) séu báðar <ref idTerm=6659>sannar</ref> samtímis kallast \textit{mótsögn},,,,,,,contradiction,,,,,,,,3403
mótulfræði,na,kvk,Eintala,,,,,,,,module theory,,,,,,,,3404
mótulgrunnur,na,kk,Eintala,,,,,,,,module basis,,,,module base,,,,3405
mótulinnanmótun,na,kvk,Eintala,,,,,,,,module endomorphism,,,,,,,,3406
mótull,na,kk,Eintala,,,,,,,"linear space, vector space",module,,,,,,,,3407
mótulmótun,na,kvk,Eintala,,,,línuleg vörpun,,,linear mapping,module homomorphism,,,,,,,,3408
mótun,na,kvk,Eintala,,,,,,,"antiautomorphism, antiendomorphism, antihomomorphism, antiisomorphism, arrow, automorphism, diffeomorphism, endomorphism, epimorphism, homeomorphism, homomorphism, isomorphism, map, mapping, meromorphism, monomorphism",morphism,,,,,,,,3409
mótun,na,kvk,Eintala,,,,sammótun,,,"algebra homomorphism, antihomomorphism, canonical homomorphism, connecting homomorphism, group homomorphism, lattice homomorphism, module homomorphism, monoid homomorphism, morphism, natural homomorphism, restriction homomorphism, ring homomorphism, semigroup homomorphism",homomorphism,,,,homomorphic mapping,,,,3410
munur,na,kk,Eintala,,Orðið {\it afgangur} er einkum notað í samhengi sem þessu: {\it If we subtract \(5\)from \(7\) the remainder is \(2\): Þegar \(5\)eru dregnir frá \(7\)er afgangurinn (mismunurinn) \(2\),,"mismunur, afgangur (í frádrætti)",,,,difference,,,,remainder,,,,3411
mynd,na,kvk,Eintala,,,,,,,"geometric figure, plane geometric figure",(in geometry) figure,,,,,,,,3412
mynd,na,kvk,Eintala,,,,,,,,transform,,,,,,,,3413
mynda,sag,,,,,,setja upp,,,,form,,,,,,,,3416
myndmengi,na,,Eintala,Fyrir <ref idTerm=3282>vörpun</ref> \(f: X \to Y\) kallast <ref idTerm=3270>mengi</ref> allra <ref idTerm=5968>gilda</ref> sem vörpunin tekur \textit{mynd} vörpunarinnar \(f\). Hana má rita á forminu \[ f(X) = \{ f(x) \in Y \mid x \in X \}. \],"Myndina \(f(X)\) má einnig skilgreina sem mengi allra \(y \in Y\) þannig að <ref idTerm=2478>jafnan</ref> \(y = f(x)\) hafi lausn úr \(X\) og þannig má rita hana á forminu \[ f(X) = \{y \in Y \mid \text{til er}\; x \in X \;\text{þ.a.}\; y = f(x)\}. \] <ref idTerm=6050>Venn-myndin</ref> að neðan sýnir vörpunina \(f: X \to Y\) og mynd hennar \(f(X)\):\n\n\begin{center}\n\includegraphics[width=150px]{myndir/myndmengi.png}\n\end{center}\n\nMyndin \(f(X)\) er alltaf <ref idTerm=2098>hlutmengi</ref> í bakmenginu \(Y\), en eins og Venn-myndin sýnir þurfa þau ekki að vera <ref idTerm=2474>jöfn</ref>, þ.e. til geta verið <ref idTerm=5128>stök</ref> í bakmenginu sem eru ekki í myndinni. Með sama móti má tala um mynd vörpunar af hlutmengi í skilgreiningarmenginu. Ef \(A \subseteq X\) þá kallast mengi allra gilda sem \(f\) tekur á menginu \(A\) (táknað með \(f(A)\)) mynd vörpunarinnar \(f\) af menginu \(A\). Hana má rita á forminu \[ f(A) = \{f(x) \in Y \mid x \in A\}. \] Venn-myndin að neðan sýnir vörpunina \(f: X \to Y\), hlutmengið \(A\) í \(X\) og mynd þess \(f(A)\):\n\n\begin{center}\n\includegraphics[width=150px]{myndir/myndhlutmengi.png}\n\end{center}\n\nMyndir af <ref idTerm=4464>sammengjum</ref> og <ref idTerm=4928>sniðmengjum</ref> fullnægja eftirfarandi <ref idTerm=4150>reiknireglum</ref>, sem segja að fyrir sérhver hlutmengi \(A_1\) og \(A_2\) í \(X\) gildi:\n\n\begin{enumerate}\n    \item \(f(A_1 \cup A_2) = f(A_1) \cup f(A_2)\)\n    \item \(f(A_1 \cap A_2) \subseteq f(A_1) \cap f(A_2)\)\n\end{enumerate}\n\nEf \(A\) er hlutmengi í \(X\) og \(B\) er hlutmengi í \(Y\) fást jafnframt eftirfarandi reiknireglur um samspil mynda og <ref idTerm=1366>frummynda</ref>:\n\n\begin{enumerate}\n    \item \(A \subseteq f^{-1}(f(A))\)\n    \item \(f(f^{-1}(B)) \subseteq B\)\n\end{enumerate}",,mynd,,,latent range,(of a mapping) actual range,,,,"image, image set, range",,,,3417
myndmengi,na,,Eintala,,,,seiling,,,latent range,(of a correspondence or relation) actual range,,,,"counterdomain, range, right domain",,,,3418
myndrit,na,hk,Eintala,,,,,,,,pictogram,,,,,,,,3419
myndtala,na,kvk,Eintala,,,,,,,"heptagonal number, hexagonal number, nonagonal number, octagonal number, pentagonal number, perfect square, polygonal number, square number, tetrahedral number, triangular number",figurate number,,,,,,,,3420
myndunarregla,na,kvk,Eintala,,,,,,,,formation rule,,,,law of formation,,,,3422
myndun,na,kvk,Eintala,,,,uppsetning,,,,formation,,,,,,,,3421
mynd,na,,Eintala,,,,rit,,,"alignment chart, band chart, bar chart, circular chart, control chart, flow chart, nomographic chart, pie chart",chart,,,,,,,,3414
mynd,na,kvk,Eintala,,,,rúmmynd,,,"figure, plane geometric figure",geometric figure,,,,,,,,3415
mynstur,na,hk,Eintala,,,,,,,,structure,,,,,,,,3423
mynsturgrúpa,na,kvk,Eintala,,,,,,,,structure group,,,,,,,,3424
mynsturknippi,na,hk,Eintala,,,,,,,,structure sheaf,,,,,,,,3425
mælanlegt fall,na,hk,Eintala,,,,,,,,measurable function,,,,,,,,3067
mælanlegt mengi,na,hk,Eintala,,,,,,,,measurable set,,,,,,,,3068
mælanlegt rúm,na,hk,Eintala,,,,,,,measure space,measurable space,,,,,,,,3069
mælanlegur,ls,kk,Eintala,,,,,,,,measurable,,,,,,,,3070
mælanleg vörpun,na,kvk,Eintala,,,,,,,,measurable mapping,,,,measurable transformation,,,,3066
mælanleiki,na,kk,Eintala,,,,,,,,measurability,,,,,,,,3071
mælieining,na,kvk,Eintala,\textit{Mælieining} er ákveðið <ref idTerm=3081>magn</ref> tiltekinnar <ref idTerm=5102>stærðar</ref> sem er notað sem viðmið við mælingu slíkra stærða. Þannig er magni sérhverjar stærðar hægt að lýsa sem margfeldi mælieiningarinnar.,Mælieiningar eru oft staðlaðar en til að mynda heldur \textit{Bureau international des poids et mesures} (BIPM) utan um SI-einingakerfið sem er mikið notað í vísindum.,,,,,,unit,,,,,,,,3072
mælingarskekkja,na,kvk,Eintala,,,,,,,,measuring error,,,,,,,,3073
mælirúmfræði,na,kvk,Eintala,,,,,,,,metric geometry,,,,,,,,3074
mæliskekkja,na,kvk,Eintala,,,,athugunarskekkja,,,,observational error,,,,,,,,3075
mælistika,na,kvk,Eintala,,,,,,,,measuring rule,,,,rule,,,,3076
mætti,na,hk,Eintala,,,,,,,,potential,,,,,,,,3077
mættisfall,na,hk,Eintala,,,,,,,,potential function,,,,,,,,3078
mættisfræði,na,kvk,Eintala,,,,,,,,potential theory,,,,,,,,3079
Möbíusarrúmfræði,na,kvk,Eintala,,,,hringarúmfræði,,,,conformal geometry,,,,"Möbius geometry, inversive geometry",,,,3383
Möbíusarræma,na,kvk,Eintala,,,,,,,,Möbius strip,,,,Möbius band,,,,3382
Möbíusarslétta,na,kvk,Eintala,,,,,,,,inversive plane,,,,Möbius plane,,,,3384
möndulslétta,na,kvk,Eintala,,,,,,,,meridian plane,,,,,,,,3385
mörkuð reglustika,na,kvk,Eintala,,,,,,,,marked ruler,,,,,,,,3388
mörkun,na,kvk,Eintala,,,,tölusetning,,,,labelling,,,,,,,,3389
möskvahnútur,na,kk,Eintala,,,,hnútur,,,,mesh point,,,,,,,,3390
möskvaskipting,na,kvk,Eintala,,,,,,,,mesh,,,,,,,,3391
möskvastærð,na,kvk,Eintala,,,,,,,,mesh,,,,,,,,3392
möskvi,na,kk,Eintala,,,,,,,,(of an embedded graph) face,,,,region,,,,3393
naflapunktur,na,kk,Eintala,,,,,,,,spherical point,,,,"umbilic, umbilical point",,,,3446
nafla,na,,Eintala,,,,naflavirki,,,,del operator,,,,"del, Hamiltonian, nabla, nabla operator",,,,3445
nauðsyn,na,kvk,Eintala,,,,,,,,necessity,,,,,,,,3486
nauðsynlegt og nægjanlegt skilyrði,na,hk,Eintala,,,,nauðsynlegt og fullnægjandi skilyrði,,,,characteristic condition,,,,necessary and sufficient condition,,,,3487
nauðsynlegur,ls,kk,Eintala,,,,,,,,necessary,,,,,,,,3488
nágranni,na,kk,Eintala,,,,granni,,,,neighbour,,,,,,,,3447
nákvæmni,na,kvk,Eintala,,,,hittni,,,,accuracy,,,,precision,,,,3450
nákvæmt deildaform,na,hk,Eintala,,,,,,,,exact differential form,,,,,,,,3451
nákvæmt deildi,na,hk,Eintala,,,,fleygað deildi,,,,complete differential,,,,"exact differential, perfect differential, total differential",,,,3452
nákvæmur,ls,kk,Eintala,,,,,,,,exact,,,,,,,,3453
nákvæm deildajafna,na,kvk,Eintala,,,,,,,,exact differential equation,,,,,,,,3448
nákvæm lausn,na,kvk,Eintala,,,,,,,,exact solution,,,,,,,,3449
nálgast,sag,,,,,,,,,,approach,,,,,,,,3457
nálgast,sag,,,,,,,,,,approximate,,,,,,,,3458
nálga,sag,,,,,,"nálægja, námunda",,,,approximate,,,,,,,,3456
nálgunaraðferð,na,kvk,Eintala,,,,,,,,approximation method,,,,,,,,3462
nálgunarbrot,na,hk,Eintala,,,,,,,,approximant,,,,convergent,,,,3463
nálgunareining,na,kvk,Eintala,,,,,,,,approximate identity,,,,approximate unit,,,,3464
nálgunarfall,na,hk,Eintala,,,,,,,,approximating function,,,,approximation function,,,,3465
nálgunarfræði,na,kvk,Eintala,,,,,,,,approximation theory,,,,,,,,3466
nálgunargildi,na,hk,Eintala,,,,,,,,approximate value,,,,,,,,3467
nálgunarlausn,na,kvk,Eintala,,,,,,,,approximate solution,,,,,,,,3468
nálgunarsetning,na,kvk,Eintala,,,,,,,,approximation theorem,,,,,,,,3469
nálgunarskekkja,na,kvk,Eintala,,,,,,,,approximation error,,,,,,,,3470
nálgunarstaðall,na,,Eintala,,,,nákvæmd,,,,standard of approximation,,,,,,,,3471
nálgunar-,pref,,,,,,,,,,approximate,,,,,,,,3461
nálgun í jöfnum mæli,na,kvk,Eintala,,,,,,,,uniform approximation,,,,,,,,3459
nálgun,na,kvk,Eintala,,,,námundun,,,,approximation,,,,,,,,3460
nálægð,na,kvk,Eintala,,,,nánd,,,,accuracy,,,,closeness,,,,3454
nálægur,ls,kk,Eintala,,,,,,,,approximate,,,,,,,,3455
náttúrlegt grannmynstur,na,hk,Eintala,,,,,,,metric topology,natural topology,,,,,,,,3477
náttúrlegt ívarp,ls,hk,Eintala,,,,,,,,canonical injection,,,,natural injection,,,,3478
náttúrlegt jafngildi,na,hk,Eintala,,,,varpajafngildi,,,,natural equivalence,,,,,,,,3479
náttúrlegt ofanvarp,na,hk,Eintala,,,,,,,,canonical projection,,,,natural projection,,,,3480
náttúrlegur logri,na,kk,Eintala,,,,,,,"ln, logarithm",natural logarithm,,,,Napierian logarithm,,,,3481
náttúrlegur,ls,kk,Eintala,,,,"náttúrulegur, eðlilegur",,,"canonical, functorial",natural,,,,,,,,3482
náttúrlegur,,,,,,,varpa-,,,"canonical, natural",functorial,,,,,,,,3483
náttúrlegur,,,,,,,"viðtekinn, sjálfgefinn, aðallegur, eðlilegur, kór-",,,"functorial, natural",canonical,,,,,,,,3484
náttúrleg einsmótun,na,kvk,Eintala,,,,,,,,canonical isomorphism,,,,,,,,3472
náttúrleg færsla,na,kvk,Eintala,,,,"varpafærsla, varpamótun",,,,functorial map,,,,"functorial transformation, morphism of functors, natural transformation",,,,3473
náttúrleg mótun,na,kvk,Eintala,,,,,,,,canonical homomorphism,,,,natural homomorphism,,,,3474
náttúrleg tala,na,kvk,Eintala,"<ref idTerm=5128>Stak</ref> í <ref idTerm=3270>menginu</ref> \(\{0, 1, 2, \dots\}\) (stundum er <ref idTerm=5397>talan</ref> <ref idTerm=3549>0</ref> ekki tekin með), táknað með \(\mathbb{N}\).","Fyrsta tilraun til að skilgreina náttúrulegar tölur formlega var gerð af ítalska <ref idTerm=5117>stærðfræðingnum</ref> Giuseppe Peano árið 1889. Hann setti fram eftirfarandi fimm <ref idTerm=1452>frumsendur</ref>:\n\n\begin{enumerate}\n    \item \textit{Núll} er náttúruleg tala, táknuð með 0\n    \item Sérhver náttúruleg tala \(n\) á sér <ref idTerm=759>eftirfara</ref> sem er náttúruleg tala, táknað með \(S(n)\)\n    \item Núll er ekki eftirfari neinnar náttúrulegrar tölu, það er að segja \(0 \neq S(n)\) fyrir neina náttúrulega tölu \(n\)\n    \item Ef eftirfarar tveggja náttúrulegra talna \(n\) og \(m\) eru jafnir, þá eru \(n\) og \(m\) jafnar, í táknmáli \(S(n)=S(m)\implies n=m\)\n    \item Ef mengi inniheldur núll og það að náttúruleg tala \(n\) sé innihaldin í menginu hafi í för með sér að \(S(n)\) sé einnig innihaldið í menginu, þá inniheldur mengið náttúrulegu tölurnar\n\end{enumerate}\n\nSeinasta frumsendan er kölluð \textit{þrepunarfrumsendan} en hún gerir okkur kleift að tala um <ref idTerm=803>eiginleika</ref> allra náttúrulegra talna (sem eru óendanlega margar) í endanlega mörgum skrefum. Ef \(P : \mathbb{N} \to \{\bot,\top\}\) er <ref idTerm=3800>opin yrðing</ref> og við skoðum mengið \[ X = \{ n \in \mathbb{N} \mid P(n)\} \] þá segir frumsendan að ef \(P(0)\) sé <ref idTerm=6659>sönn</ref> og \(P(S(n))\) sé sönn að því gefnu að \(P(n)\) sé sönn fyrir einhverja náttúrulega tölu \(n\), þá er \(X = \mathbb{N}\) og þar með gildir \(P\) fyrir allar náttúrulegar tölur.",,,,,,natural number,,,,,,,,3475
náttúrleg vörpun,na,kvk,Eintala,,,,,,,,canonical mapping,,,,natural mapping,,,,3476
náttúrleiki,na,kk,Eintala,,,,,,,,naturality,,,,,,,,3485
neðra heildi,na,hk,Eintala,,,,neðra tegur,,,,lower integral,,,,,,,,3489
neðra markgildi,na,,Eintala,,,,"minnsti þéttipunktur, neðsti þéttipunktur",,,,inferior limit,,,,"limes inferior, limit inferior, lower limit",,,,3491
neðra mark,na,hk,Eintala,\textit{Neðra mark} <ref idTerm=4093>rauntölu</ref><ref idTerm=3270>mengis</ref> er stærsta <ref idTerm=5818>undirtala</ref> þess.,,,lágmark,,,"bound, lower bound, meet",greatest lower bound,,,,infimum,,,,3490
neðra þríhyrningsfylki,na,hk,Eintala,,,,,,,,lower triangular matrix,,,,,,,,3493
neðra öryggisbil,na,hk,Eintala,,,,,,,,lower confidence interval,,,,,,,,3492
neðri stallagerð,na,,Eintala,,,,"neðri þrepagerð, neðri þrepaskipan",,,,lower echelon form,,,,,,,,3494
neðri þríhyrningsgrúpa,na,kvk,Eintala,,,,,,,,lower triangular group,,,,,,,,3495
neðsta gildi,na,hk,Eintala,,,,"lægsta gildi, minnsta gildi, minnsta lággildi, víðfeðmt lággildi",,,minimum,absolute minimum,,,,"global minimum, least value, lowest value, minimal value, minimum in the large, minimum value, smallest value",,,,3496
nefnari,na,kk,Eintala,Sjá <ref idTerm=234>almennt brot</ref>.,,,,,,numerator,denominator,,,,,,,,3497
neikvæður atburður,na,,Eintala,,,,"óhapp, bilun",,,,failure,,,,,,,,3500
neikvæður hluti,na,kk,Eintala,,,,,,,,negative part,,,,,,,,3501
neikvæður snúningur,na,kk,Eintala,,,,snúningur réttsælis,,,,clockwise rotation,,,,"negative rotation, right-handed rotation",,,,3502
neikvæður,ls,kk,Eintala,,,,frádrægur,,,,negative,,,,,,,,3503
neikvæð fylgni,na,kvk,Eintala,,,,,,,,antithetic correlation,,,,"inverse correlation, negative correlation",,,,3498
neikvæð stefna,na,kvk,Eintala,,,,,,,,negative direction,,,,,,,,3499
neikvætt ákveðinn,ls,kk,Eintala,,,,,,,,negative definite,,,,negatively definite,,,,3504
neikvætt áttaður,ls,kk,Eintala,,,,,,,,negatively oriented,,,,,,,,3505
neikvætt hálfákveðinn,ls,kk,Eintala,,,,,,,,negative semidefinite,,,,negatively semidefinite,,,,3506
neitun,na,kvk,Eintala,Fyrir sérhverja <ref idTerm=1515>yrðingu</ref> \(p\) er \(\neg p\) (lesið: „ekki \(p\)“) sú yrðing sem fæst með því að \textit{neita} yrðingunni \(p\).,"Þessari staðreynd má lýsa með eftirfarandi töflu, sem sýnir <ref idTerm=4560>sanngildi</ref> \(\neg p\) eftir ólíkum sanngildum \(p\):.",,,,,,negation,,,,,,,,3507
neitunarháttur,na,kk,Eintala,,,,,,,,modus tollens,,,,,,,,3508
neitunarmerki,na,hk,Eintala,,,,,,,,negation sign,,,,,,,,3509
net,na,hk,Eintala,,,,,,,multigraph,(in graph theory) graph,,,,,,,,3510
net,na,hk,Eintala,,,,,,,transportation network,network,,,,,,,,3511
netafræði,na,kvk,Eintala,,,,"netjafræði, graffræði",,,,graph theory,,,,,,,,3512
Newton-aðferð,na,kvk,Eintala,,,,,,,,Newton method,,,,,,,,3513
niðji,na,kk,Eintala,,,,,,,,descendant,,,,,,,,3514
niðurstaða,na,kvk,Eintala,,,,,,,"outcome, result",solution,,,,,,,,3516
niðurstaða,na,kvk,Eintala,Sjá <ref idTerm=2836>leiðing</ref>.,,,"ályktun, lokaályktun",,,,conclusion,,,,,,,,3517
niðurstigningaraðferð,na,kvk,Eintala,,,,,,,,(method of proof) descent method,,,,"descent, method of descent",,,,6617
niðurstigning,na,kvk,Eintala,,,,niðurstigningaraðferð,,,,(method of proof) method of descent,,,,"descent, descent method",,,,6618
níhyrningstala,na,kvk,Eintala,,,,níhyrnd tala,,,figurate number,nonagonal number,,,,,,,,3518
níhyrningur,na,kk,Eintala,,,,,,,,enneagon,,,,nonagon,,,,3519
níupróf,na,hk,Eintala,,,,,,,,casting out nines,,,,nine test,,,,3520
níupunktahringur,na,kk,Eintala,,,,,,,,nine-point circle,,,,,,,,3521
níusetning,na,kvk,Eintala,,,,,,,,nine lemma,,,,,,,,3522
noetherskur,,,,,Einnig ritað með upphafsstaf: {\it Noetherian},,Noether-,,,,noetherian,,,,,,,,3525
Noether-baugur,na,kk,Eintala,,,,,,,,noetherian ring,,,,,,,,3523
Noether-mótull,na,kk,Eintala,,,,,,,,noetherian module,,,,,,,,3524
norðurskaut,na,,Eintala,,,,norðurpóll,,,,north pole,,,,,,,,3526
normgera,sag,,,,,,,,,,normalize,,,,,,,,3527
normlegt fylki,na,hk,Eintala,,,,,,,,normal matrix,,,,,,,,3533
normlegt grannmynstur,na,hk,Eintala,,,,,,,,normal topology,,,,,,,,3534
normlegt rúm,na,hk,Eintala,,,,,,,,normal space,,,,,,,,3535
normlegt svið,na,hk,Eintala,,,,,,,,normal field,,,,,,,,3536
normlegt tíðnifall,na,hk,Eintala,,,,,,,,normal frequency function,,,,,,,,3537
normlegt víðerni,na,hk,Eintala,,,,,,,,normal variety,,,,,,,,3538
normlegt þýði,na,hk,Eintala,,,,,,,,normal population,,,,,,,,3539
normlegur,ls,kk,Eintala,,,,,,,,normal,,,,,,,,3540
normlegur ferill,na,kk,Eintala,,,,,,,,(in algebraic geometry) normal curve,,,,,,,,3541
normlegur flötur,na,kk,Eintala,,,,,,,,normal surface,,,,,,,,3542
normlegur grunnur,na,kk,Eintala,,,,,,,,normal basis,,,,,,,,3543
normlegur turn,na,kk,Eintala,,,,,,,,normal series,,,,normal tower,,,,3544
normlegur virki,na,kk,Eintala,,,,,,,,normal operator,,,,,,,,3545
normleg hending,na,kvk,Eintala,,,,,,,,normal random variable,,,,normal variate,,,,3528
normleg hlutgrúpa,na,kvk,Eintala,,,,óbreytt hlutgrúpa,,,,distinguished subgroup,,,,"invariant subgroup, normal subgroup",,,,3529
normleg hnit,na,hk,Fleirtala,,,,,,,,normal coordinates,,,,,,,,3530
normleg jafna,na,kvk,Eintala,,,,,,,,(in algebra) normal equation,,,,,,,,3531
normleg útvíkkun,na,kvk,Eintala,,,,normleg víkkun,,,,normal extension,,,,,,,,3532
normleikafrumsenda,na,kvk,Eintala,,,,,,,,normality axiom,,,,,,,,3546
normleikagrúpa,na,kvk,Eintala,,,,,,,,normalizer,,,,,,,,3547
normleiki,na,kk,Eintala,,,,,,,,normality,,,,,,,,3548
núllbaugur,na,kk,Eintala,,,,,,,,null ring,,,,nullring,,,,3550
núllbaugur,na,kk,Eintala,,,,örbaugur,,,,trivial ring,,,,zero ring,,,,3551
núlldeilir,na,kk,Eintala,,,,,,,,divisor of zero,,,,zero divisor,,,,3552
núllendurkvæmur,ls,kk,Eintala,,,,,,,,null recurrent,,,,,,,,3553
núllendurkvæmur,ls,kk,Eintala,,,,núllafturkvæmur,,,,null-recurrent,,,,,,,,3554
núllfall,na,hk,Eintala,,,,,,,,null function,,,,zero function,,,,3555
núllfylki,na,hk,Eintala,,,,,,,,null matrix,,,,zero matrix,,,,3556
núllgagnvegur,na,kk,Eintala,,,,,,,,null geodesic,,,,,,,,3557
núllgild margliða,na,kvk,Eintala,,,,,,,,vanishing polynomial,,,,,,,,3558
núllhlutur,na,kk,Eintala,,,,,,,,null object,,,,zero object,,,,3559
núllíðal,na,hk,Eintala,,,,,,,,null ideal,,,,zero ideal,,,,3560
núlllausn,na,kvk,Eintala,,,,,,,,null solution,,,,,,,,3561
núlllausn,na,kvk,Eintala,,,,,,,trivial solution,zero solution,,,,,,,,3562
núllmargliða,na,kvk,Eintala,<ref idTerm=0>Fastamargliðan</ref> 0 kallast \textit{núllmargliðan}.,,,,,,,null polynomial,,,,zero polynomial,,,,3563
núllmengi,na,hk,Eintala,,,,,,,,null set,,,,set of measure zero,,,,3564
núllrót,na,kvk,Eintala,,,,,,,,nil-radical,,,,,,,,3565
núllrót,na,kvk,Eintala,,,,,,,,null-radical,,,,,,,,3566
núllsamtoga,ls,,,,,,,,,,homotopically trivial,,,,"inessential, null homotopic, nullhomotopic",,,,3568
núllsamtogun,na,kvk,Eintala,,,,,,,,null homotopy,,,,,,,,3569
núllstætt fall,na,hk,Eintala,,,,,,,,nullary function,,,,,,,,3570
núllstöð,na,kvk,Eintala,,,,,,,,(of a function) null,,,,zero,,,,3571
núllstöðvamengi,na,hk,Eintala,,,,,,,,set of zeros,,,,zero set,,,,3572
núllstöðvasetning,na,kvk,Eintala,,,,,,,,Nullstellensatz,,,,,,,,3573
núllsummuleikur,na,kk,Eintala,,,,,,,,zero-sum game,,,,,,,,3574
núllsækin runa,na,kvk,Eintala,,,,,,,,null sequence,,,,,,,,3567
núlltilgáta,na,kvk,Eintala,,,,,,,,null hypothesis,,,,,,,,3575
núllvalda,ls,,,,,,,,,,nilpotent,,,,,,,,3576
núllvigur,na,kk,Eintala,,,,núllvektor,,,,null vector,,,,zero vector,,,,3578
núllvíður,ls,kk,Eintala,,,,,,,,zero-dimensional,,,,,,,,3577
nútímarökfræði,na,kvk,Eintala,,,,,,,mathematical logic,modern logic,,,,,,,,3579
nykra,sag,,,,,,,,,,dualize,,,,,,,,3581
nykraður,,,,,,,nykur-,,,,dual,,,,,,,,3583
nykrað vigurrúm,na,hk,Eintala,,,,nykurrúm,,,,dual vector space,,,,,,,,3582
nykruð samlínumótun,na,kvk,Eintala,,,,,,,,dual collineation,,,,,,,,3584
nykrun,na,kvk,Eintala,,,,,,,,dualization,,,,,,,,3585
nykrunarsetning,na,kvk,Eintala,,,,,,,,duality theorem,,,,,,,,3586
nykrunarvarpi,na,kk,Eintala,,,,,,,,dualizing functor,,,,,,,,3587
nykurbundin,na,,Eintala,,,,,,,,dual bundle,,,,,,,,3588
nykurferill,na,kk,Eintala,,,,,,,,dual curve,,,,,,,,3590
nykurfærsla,na,kvk,Eintala,,,,,,,,dual transformation,,,,,,,,3589
nykurgrind,na,kvk,Eintala,,,,,,,,dual lattice,,,,,,,,3591
nykurgrunnur,na,kk,Eintala,,,,,,,,dual basis,,,,dual base,,,,3592
nykurgrúpa,na,kvk,Eintala,,,,nykurvíxlgrúpa,,,,dual abelian group,,,,,,,,3593
nykurlögmál,na,hk,,,,,nykurvensl,,,,duality,,,,,,,,3595
nykurnet,na,hk,Eintala,,,,,,,,dual graph,,,,medial graph,,,,3596
nykurríki,na,hk,Eintala,,,,,,,,dual category,,,,opposite category,,,,3597
nykurrúm,na,hk,Eintala,,,,,,,,adjoint space,,,,"adjoint, conjugate, conjugate space, dual, dual space",,,,6619
nykursetning,na,kvk,Eintala,,,,nykruð setning,,,,dual theorem,,,,,,,,3598
nykurvarpslétta,na,kvk,Eintala,,,,nykurslétta,,,,dual projective plane,,,,,,,,3599
nykurverkefni,na,hk,Eintala,,,,,,,,dual problem,,,,,,,,3600
nykurvirki,na,kk,Eintala,,,,,,,,dual operator,,,,,,,,3601
nykurvörpun,na,kvk,Eintala,,,,nykruð vörpun,,,,dual mapping,,,,,,,,3602
nyrðra hálfhvel,na,hk,Eintala,,,,norðurhvel,,,,northern hemisphere,,,,,,,,3605
nyt,na,kvk,Eintala,,,,,,,,utility,,,,,,,,3607
nytjafall,na,hk,Eintala,,,,,,,,utility function,,,,,,,,3608
nytjafræði,na,kvk,Eintala,,,,,,,,utility theory,,,,,,,,3609
nýgráða,na,kvk,Eintala,,,,,,,,grad,,,,grade,,,,3580
nýmínúta,na,kvk,Eintala,,,,,,,min,centesimal minute,,,,,,,,3603
nýraferill,na,kk,Eintala,,,,,,,,nephroid,,,,,,,,3604
nýsekúnda,na,kvk,Eintala,,,,,,,cc,centesimal second,,,,,,,,3606
nægjanlegt skilyrði,na,hk,Eintala,,,,"fullnægjandi skilyrði, tæmandi skilyrði",,,,sufficient condition,,,,,,,,3427
nægjanlegur,ls,kk,Eintala,,,,"fullnægjandi, tæmandi",,,,sufficient,,,,,,,,3428
nægjanleg hending,na,kvk,Eintala,,,,"tæmandi hending, nægjanleg reiknihending, tæmandi reiknihending",,,,sufficient statistic,,,,,,,,3426
nægjanleiki,na,kk,Eintala,,,,,,,,sufficiency,,,,,,,,3429
nægjanleiki,na,kk,Eintala,,,,tæmanleiki,,,,(in statistics) sufficiency,,,,,,,,3430
nærbaugur,na,kk,Eintala,,,,,,,,near-ring,,,,,,,,3431
nærfágaður,ls,kk,Eintala,,,,,,,,meromorphic,,,,,,,,3434
nærfágað deildi,na,hk,Eintala,,,,,,,,meromorphic differential,,,,,,,,3432
nærfágað fall,na,hk,Eintala,,,,,,,,meromorphic function,,,,,,,,3433
nærfáguð vörpun,na,kvk,Eintala,,,,,,,,meromorphic mapping,,,,meromorphism,,,,3435
nærfágun,na,kvk,Eintala,,,,,,,,meromorphy,,,,,,,,3436
nærsvið,na,hk,Eintala,,,,,,,,near-field,,,,,,,,3437
nærþjappaður,ls,kk,Eintala,,,,,,,,paracompact,,,,,,,,3438
nærþjappleiki,na,kk,Eintala,,,,,,,,paracompactness,,,,,,,,3439
næstum alls staðar,,,,,,,nærri alls staðar,,,a. e.,almost everywhere,,,,,,,,3440
næstum lotubundið fall,na,hk,Eintala,,,,,,,,almost periodic function,,,,,,,,3441
næstum sjálfoka,ls,,Eintala,,,,,,,,essentially self-adjoint,,,,,,,,3444
næstum örugglega,,,,,,,,,,a. s.,almost surely,,,,almost certainly,,,,3442
næstum öruggur,ls,kk,Eintala,,,,öruggur með líkindum,,,,almost certain,,,,almost sure,,,,3443
oddatala,na,kvk,Eintala,"<ref idTerm=1896>Heil tala</ref> sem ekki <ref idTerm=648>deilanleg</ref> með \(2\), þ.e. heil tala \(n\) sem rita má á forminu \(n = 2 \cdot k + 1\) þar sem \(k\) er heil tala.",,,"ójöfn tala, hvöss tala",,,even number,odd number,,,,"odd integer, uneven integer, uneven number",,,,3659
odda-,,,,,,,"ójafn, hvass",,,even,(of a number) odd,,,,,,,,3658
oddklofi,na,kk,Eintala,,,,,,,,angle bracket,,,,"broken bracket, pointed bracket",,,,3660
oddpunktur,na,kk,Eintala,Sjá <ref idTerm=2198>horn</ref>.,,,"topppunktur, broddur",,,,(of an angle) vertex,,,,,,,,3661
oddstæðni,na,,Eintala,,,,"oddleiki, hvassleiki",,,,oddness,,,,,,,,3662
oddstæður,ls,kk,Eintala,<ref idTerm=1078>Fall</ref> \(f: X \to Y\) þar sem \(X\) og \(Y\) eru <ref idTerm=2098>hlutmengi</ref> í <ref idTerm=3270>mengi</ref> <ref idTerm=4093>rauntalna</ref> kallast \textit{oddstætt} ef fyrir öll \(x \in X\) gildir að \[ f(-x) = - f(x). \],<ref idTerm=2955>Graf</ref> oddstæðs falls fellur í sjálft sig þegar því er <ref idTerm=4986>speglað</ref> um <ref idTerm=6253>\(y\)-ásinn</ref> og spegilmyndinni síðan speglað um <ref idTerm=6252>\(x\)-ásinn</ref>. Þetta má einnig orða svo að graf oddstæðs falls falli í sjálft sig ef því er snúið um <ref idTerm=1838>hálfhring</ref>. Eftirfarandi mynd sýnir oddstætt fall:\n\n\begin{center}\n\includegraphics[width=150px]{myndir/oddstaett_fall.png}\n\end{center},,,,,even,(of a function) odd,,,,,,,,3663
oddstæður,ls,kk,Eintala,,,,,,,even,(of a permutation) odd,,,,,,,,3664
oddsvigi,na,kk,Eintala,,,,,,,,brace,,,,curly bracket,,,,3665
ofanvarp,na,hk,Eintala,\textit{Ofanvarp <ref idTerm=4001>punkts</ref>} \(P\) á <ref idTerm=2911>línu</ref> \(l\) er <ref idTerm=4845>skurðpunktur</ref> línunnar \(l\) og <ref idTerm=2975>þverilsins</ref> á \(l\) gegnum \(P\). \textit{Ofanvarp <ref idTerm=2958>striks</ref>} á línu er <ref idTerm=3270>mengið</ref> af ofanvörpum allra punkta striksins á línuna.,,,,,,"canonical projection, central projection, conditional expectation, conic projection, natural projection, orthogonal projection, parallel projection, projection operator, stereographic projection",projection,,,,,,,,3710
ofanvarpi,na,,Eintala,,,,ofanvarp,,,projection,projection operator,,,,projector,,,,3711
ofanvarpslína,na,kvk,Eintala,,,,,,,,projector,,,,,,,,3712
ofanvarpsmiðja,na,kvk,Eintala,,,,varpmiðja,,,,centre of projection,,,,centre of perspective,,,,6620
ofaukinn,ls,kk,Eintala,,,,óþarfur,,,,redundant,,,,,,,,3713
ofhorn,na,hk,Eintala,,,,,,,angular defect,angular excess,,,,excess,,,,3714
ofurbreiðger,ls,,,,,,,,,,ultrahyperbolic,,,,,,,,3722
ofurendanlegur,ls,kk,Eintala,,,,,,,infinite,transfinite,,,,,,,,3727
ofurendanleg rakning,na,kvk,Eintala,,,,,,,transfinite induction,transfinite recursion,,,,,,,,3723
ofurendanleg tala,na,kvk,Eintala,,,,,,,"transfinite cardinal, transfinite ordinal",transfinite number,,,,,,,,3724
ofurendanleg þrepun,na,kvk,Eintala,,,,,,,transfinite recursion,transfinite induction,,,,,,,,3725
ofurendanleg þrepunarsönnun,na,kvk,Eintala,,,,ofurendanleg þrepasönnun,,,,proof by transfinite induction,,,,,,,,3726
ofurfirð,na,kvk,Eintala,,,,,,,,ultrametric,,,,,,,,3728
ofurfirðarójafna,na,kvk,Eintala,,,,sterk þríhyrningsójafna,,,,ultrametric triangle inequality,,,,,,,,3729
ofurfirðrúm,na,hk,Eintala,,,,,,,,ultrametric space,,,,,,,,3730
ofurmargfeldi,na,hk,Eintala,,,,ofurfeldi,,,,ultra-product,,,,ultra product,,,,3731
ofurnet,na,hk,Eintala,,,,,,,,hypergraph,,,,,,,,3732
ofurrúmkynja fall,na,hk,Eintala,,,,,,,,hypergeometric function,,,,,,,,3733
ofurrúmkynja röð,na,kvk,Eintala,,,,,,,,hypergeometric series,,,,,,,,3734
ofursía,na,kvk,Eintala,,,,,,,,ultrafilter,,,,,,,,3735
ofurveldi,na,hk,Eintala,,,,,,,,ultra power,,,,,,,,3736
ofurvirðing,na,kvk,Eintala,,,,óarkimedísk virðing,,,"additive valuation, exponential valuation, valuation",non-archimedean valuation,,,,ultrametric valuation,,,,3737
ofurþéttipunktur,na,kk,Eintala,,,,,,,,condensation point,,,,point of condensation,,,,3738
og,sam,,,,,,,,,conjunction,and,,,,,,,,3739
ogun,na,kvk,Eintala,"Fyrir sérhverjar <ref idTerm=1515>yrðingar</ref> \(p\) og \(q\) er \(p \wedge q\) (lesið: „\(p\) \textit{og} \(q\)“) sú yrðing sem segir að \(p\) og \(q\) séu báðar <ref idTerm=4565>sannar</ref>. Yrðingin \(p \wedge q\) er þess vegna sönn þegar yrðingarnar \(p\) og \(q\) eru báðar sannar, en annars er hún <ref idTerm=3890>ósönn</ref>.","Þessu má lýsa með eftirfarandi töflu, sem sýnir <ref idTerm=4560>sanngildi</ref> yrðingarinnar \(p \wedge q\) eftir ólíkum sanngildum \(p\) annars vegar og \(q\) hins vegar: \n\n\begin{center}\n\includegraphics[width=150px]{myndir/ogun.png}\n\end{center}",,,,,,conjunction,,,,logical product,,,,3744
ogunarhluti,na,kk,Eintala,,,,ogunarþáttur,,,,conjunct,,,,partial conjunction,,,,3745
og-tákn,na,hk,Eintala,,,,,,,,conjunction sign,,,,,,,,3740
opið bil,na,hk,Eintala,<ref idTerm=457>Bil</ref> sem inniheldur ekki endapunkta sína.,Eftirfarandi er myndir af opnum bilum:\n\n\begin{center}\n\includegraphics[width=150px]{myndir/opid_bil.png}\n\end{center}\n\begin{center}\n\includegraphics[width=150px]{myndir/opin_halflina_pos.png}\n\end{center}\n\begin{center}\n\includegraphics[width=150px]{myndir/opin_halflina_neg.png}\n\end{center},,,,,,open interval,,,,,,,,3793
opið hálfrúm,na,hk,Eintala,,,,,,,,open half-space,,,,,,,,3794
opið hlutrúm,na,hk,Eintala,,,,,,,,open subspace,,,,,,,,3795
opið mengi,na,hk,Eintala,,,,opið hlutmengi,,,,open set,,,,"open subset, region",,,,3796
opinleiki,na,kk,Eintala,,,,,,,,openness,,,,,,,,3803
opinn,ls,kk,Eintala,,,,,,,,open,,,,,,,,3804
opinn ferill,na,kk,Eintala,,,,,,,,open curve,,,,,,,,3805
opinn flötur,na,kk,Eintala,,,,,,,,open surface,,,,,,,,3806
opinn forgrunnur,na,kk,Eintala,,,,,,,,open subbase,,,,,,,,3807
opinn og lokaður,,,,,,,,,,,clopen,,,,,,,,3808
opin grennd,na,kvk,Eintala,,,,,,,,open neighbourhood,,,,,,,,3797
opin hringskífa,na,kvk,Eintala,,,,,,,,open disk,,,,,,,,3798
opin kúla,na,kvk,Eintala,,,,,,,,open ball,,,,,,,,3799
opin segð,na,kvk,Eintala,<ref idTerm=1515>Yrðing</ref> sem inniheldur eina eða fleiri <ref idTerm=538>breytur</ref>.,"Staðhæfingin \(p(x)\): ``\(x\) er <ref idTerm=2546>slétt tala</ref>'' er opin yrðing með óþekktu stærðina \(x\). Þegar talan 1 er sett í stað óþekktu stærðarinnar fæst staðhæfingin \(p(1)\): ``1 er slétt tala'', sem er <ref idTerm=6624>ósönn</ref> yrðing. Þegar talan 2 er sett í stað óþekktu stærðarinnar fæst hins vegar staðhæfingin \(p(2)\): ``\(2\) er slétt tala'', sem er <ref idTerm=6659>sönn</ref> yrðing. \n\nLátum \(p(x)\) vera opna yrðingu og \(X\) vera <ref idTerm=3270>mengi</ref>. Þau <ref idTerm=5128>stök</ref> úr \(X\) sem gera \(p(x)\) að sannri yrðingu þegar þau eru sett í stað óþekktu stærðarinnar kallast \textit{lausnir} opnu yrðingarinnar \(p(x)\) í menginu \(X\). Ennfremur kallast mengi allra lausna \(p(x)\) í \(X\) \textit{lausnamengi} \(p(x)\) í \(X\) og það er táknað með \[ P = \{x \in X \mid p(x)\} .\]",,"opin fullyrðing, opin yrðing",,,non-closed formula,open formula,,,,open statement,,,,3800
opin vörpun,na,kvk,Eintala,,,,,,,,open mapping,,,,,,,,3801
opin þakning,na,kvk,Eintala,,,,,,,,open covering,,,,,,,,3802
orð,na,hk,Eintala,,,,,,,string,word,,,,,,,,3817
orðalengd,na,kvk,Eintala,,,,,,,,word length,,,,,,,,3818
orðaverkefni,na,hk,Eintala,,,,,,,,word problem,,,,,,,,3819
óabelskur,ls,kk,Eintala,,,,,,,,(of a field extension) non-abelian,,,,,,,,3610
óaðgengilegur jaðarpunktur,na,kk,Eintala,,,,,,,,inaccessible boundary point,,,,,,,,3612
óaðgengileg fjöldatala,na,kvk,Eintala,,,,,,,,inaccessible cardinal,,,,,,,,3611
óaðlægur,ls,,,,,,"ósamlægur, ósamliggjandi, grunnstæður",,,,non-adjacent,,,,,,,,3613
óaðskiljanlegt net,na,hk,Eintala,,,,,,,biconnected graph,non-separable graph,,,,,,,,3614
óaðskiljanlegur,ls,kk,Eintala,,,,,,,,inseparable,,,,,,,,3615
óaðskiljanleikaröð,na,kvk,Eintala,,,,,,,,order of inseparability,,,,,,,,3616
óaðskiljanleikastig,na,hk,Eintala,,,,,,,index of inseparability,degree of inseparability,,,,"inseparability degree, inseparable degree",,,,3617
óaðskiljanleikavísir,na,kk,Eintala,,,,,,,degree of inseparability,exponent of inseparability,,,,index of inseparability,,,,3618
óaðskiljanleiki,na,kk,Eintala,,,,,,,inseparable degree,inseparability,,,,,,,,3619
óafmáanlegur,ls,kk,Eintala,,,,,,,,non-removable,,,,,,,,3620
óafsannanlegur,ls,kk,Eintala,,,,,,,,irrefutable,,,,,,,,3621
óandhverfanlegur,ls,kk,Eintala,,,,,,,,non-invertible,,,,,,,,3629
óargeskur,ls,kk,Eintala,,,,,,,,non-Desarguesian,,,,,,,,3630
óarkimedískur,ls,kk,Eintala,,Einnig ritað: {\it non-Archimedean},,,,,,non-archimedean,,,,,,,,3632
óarkimedísk rúmfræði,na,kvk,Eintala,,,,,,,,non-archimedean geometry,,,,,,,,3631
óaugljós,ls,,,,,,,,,,non-trivial,,,,,,,,3636
óákvarðaður,ls,kk,Eintala,,,,óákveðinn,,,,indeterminate,,,,,,,,3622
óákveðið form,na,hk,Eintala,,,,,,,,indeterminate form,,,,,,,,3623
óákveðið heildi,na,hk,Eintala,,,,óákveðið tegur,,,"antiderivative, primitive",indefinite integral,,,,,,,,3624
óákveðinn stuðull,na,kk,Eintala,,,,,,,,undetermined coefficient,,,,,,,,3626
óákveðinn,ls,kk,Eintala,,,,óákvarðaður,,,,undetermined,,,,,,,,3627
óákveðin stærð,na,kvk,Eintala,,,,,,,,indeterminate,,,,,,,,3625
óákveðnipunktur,na,kk,Eintala,,,,,,,,point of indeterminacy,,,,,,,,3628
óáttaður,ls,kk,Eintala,,,,,,,,non-oriented,,,,,,,,3633
óáttaður,ls,kk,Eintala,,,,"óstefndur, óstefnubundinn",,,,non-directed,,,,"non-oriented, undirected",,,,3634
óáttanlegur,ls,kk,Eintala,,,,,,,,non-orientable,,,,,,,,3635
óbein ályktun,na,kvk,Eintala,,,,,,,reductio ad absurdum,conclusion ex absurdo,,,,,,,,3637
óbein deildun,na,kvk,Eintala,,,,"óbein diffrun, fólgin deildun, fólgin diffrun",,,,implicit differentiation,,,,,,,,3638
óbein skilgreining,na,kvk,Eintala,,,,fólgin skilgreining,,,,implicit definition,,,,,,,,3639
óbein sönnun,na,kvk,Eintala,"<ref idTerm=4964>Sönnun</ref> á <ref idTerm=1515>yrðingingu</ref> \(p\) með því að gera ráð fyrir \(\lnot p\) og sýna að það leiði til <ref idTerm=3403>mótsagnar</ref>, það er að einhver yrðing \(r\) og \(\lnot r\) séu báðar <ref idTerm=6659>sannar</ref> samtímis.","Til þess að geta gert ráð fyrir því að \(p\) sé <ref idTerm=6624>ósönn</ref> þarf að nota <ref idTerm=1452>frumsendu</ref> sem kallast <ref idTerm=2987>lögmál um annað tveggja</ref> sem segir að fyrir allar yrðingar \(p\) gildi annaðhvort \(p\) eða \(\lnot p\). Í <ref idTerm=4642>sígildri rökfræði</ref>, sem er sú rökfræði sem <ref idTerm=5117>stærðfræðingar</ref> nota allra mest, er gert ráð fyrir þessari frumsendu og því eru óbeinar sannanir notaðar óspart þegar það einfaldar hlutina. Í svokallaðri <ref idTerm=2422>innsæisrökfræði</ref> hins vegar er ekki gert ráð fyrir þessari frumsendu og því einungis hægt að styðjast við <ref idTerm=425>beinar sannanir</ref>. Vert er að nefna að yrðing af taginu \(p \implies \lnot q\) er hægt að sanna í innsæisrökfræði með því að gera ráð fyrir \(p\) og \(q\) og sýna að það leiði til mótsagnar. Það krefst ekki lögmáls um annað tveggja vegna þess að neitun \(\lnot q\) er skilgreind sem \(q \implies \bot\) þar sem \(\bot\) merkir mótsögn. Því jafngildir \(p \implies \lnot q\) yrðingunni \(p \implies q \implies \bot\).",,,,,,indirect proof,,,,"proof by contradiction, reductio ad absurdum",,,,3640
óbein úrtaka,na,kvk,Eintala,,,,,,,,indirect sampling,,,,,,,,3641
óbjagaður metill,na,kk,Eintala,,,,meðalgildisréttur metill,,,,unbiased estimator,,,,,,,,3645
óbjagað próf,na,hk,Eintala,,,,,,,,unbiased test,,,,,,,,3642
óbjagað úrtak,na,hk,Eintala,,,,,,,,unbiased sample,,,,,,,,3643
óbjagað vikbil,na,hk,Eintala,,,,óbjagað öryggisbil,,,,unbiased confidence interval,,,,,,,,3644
óbjöguð úrtaka,na,kvk,Eintala,,,,,,,,unbiased sampling,,,,,,,,3646
óblandaður,ls,kk,Eintala,,,,,,,,unmixed,,,,,,,,3647
óbreyta,na,kvk,Eintala,,,,,,,,invariant,,,,,,,,3648
óbreytni,na,kvk,Eintala,,,,,,,,invariance,,,,,,,,3649
óbreyttur,ls,kk,Eintala,,,,,,,,invariant,,,,,,,,3652
óbreyttur eiginleiki,na,kk,Eintala,,,,,,,,invariant property,,,,invariance property,,,,3653
óbreyttur frá hægri,ls,kk,Eintala,,,,,,,,right-invariant,,,,right invariant,,,,3654
óbreyttur frá vinstri,ls,kk,Eintala,,,,,,,,left-invariant,,,,left invariant,,,,3655
óbreyttur við hliðrun,ls,kk,Eintala,,,,óháður hliðrun,,,,translation invariant,,,,,,,,3656
óbreytt hlutrúm,na,hk,Eintala,,,,,,,,invariant subspace,,,,,,,,3650
óbreytt mengi,na,hk,Eintala,,,,,,,,invariant set,,,,,,,,3651
ódeilanlegur,ls,kk,Eintala,,,,,,,,indivisible,,,,,,,,3666
ódeilishluti,na,kk,Eintala,,,,hluti en ekki deilir,,,,non-aliquot part,,,,,,,,3667
óðal,na,hk,Eintala,,,,,,,latent domain,(of a correspondence) actual domain,,,,"domain, left domain",,,,3657
óeiginlega heildanlegur,ls,kk,Eintala,,,,óeiginlega tegranlegur,,,,improperly integrable,,,,,,,,3673
óeiginlegt brot,na,hk,Eintala,,,,,,,,improper fraction,,,,,,,,3674
óeiginlegt heildi,na,hk,Eintala,,,,óeiginlegt tegur,,,,improper integral,,,,,,,,3675
óeiginlegt rætt fall,na,hk,Eintala,,,,,,,,improper rational function,,,,,,,,3676
óeiginlegur,ls,kk,Eintala,,,,,,,,improper,,,,,,,,3677
óeiginlegur flokkur,na,kk,Eintala,,,,,,,,improper class,,,,,,,,3678
óeiginlegur strengur,na,kk,Eintala,,,,,,,,improper chord,,,,,,,,3679
óeiginleg afleiða,na,kvk,Eintala,,,,,,,,improper derivative,,,,infinite derivative,,,,3668
óeiginleg deildun,na,kvk,Eintala,,,,óeiginleg diffrun,,,,improper differentiability,,,,,,,,3669
óeiginleg evklíðsk hreyfing,na,kvk,Eintala,,,,,,,,improper Euclidean motion,,,,,,,,3670
óeiginleg ósamleitni,na,kvk,Eintala,,,,,,,,improper divergence,,,,oscillating divergence,,,,3671
óeiginleg þverstaðalvörpun,na,kvk,Eintala,,,,snúspeglun,,,orientation-reversing isometry,improper orthogonal transformation,,,,"reversal, rotary reflection",,,,3672
óeind,na,kvk,Eintala,,,,,,,,non-unit,,,,,,,,3680
óendanlega lítill,ls,kk,Eintala,,,,,,,"infinite, infinitesimal",infinitely small,,,,,,,,3689
óendanlega margir,ls,kk,Fleirtala,,,,,,,infinite,infinitely many,,,,,,,,3690
óendanlega oft deildanlegur,ls,kk,Eintala,,,,"óendanlega oft diffranlegur, þjáll",,,,infinitely differentiable,,,,smooth,,,,3691
óendanlega stór,ls,kk,Eintala,,,,,,,infinite,infinitely great,,,,,,,,3692
óendanlega vaxandi,ls,,,,,,,,,,indefinitely increasing,,,,infinitely increasing,,,,3693
óendanlega víður,ls,kk,Eintala,,,,,,,,infinite-dimensional,,,,,,,,3694
óendanlegt margfeldi,na,hk,Eintala,,,,,,,,continued product,,,,infinite product,,,,3695
óendanlegt mengi,na,hk,Eintala,,,,,,,,infinite set,,,,,,,,3696
óendanlegt tugabrot,na,hk,Eintala,,,,,,,,infinite decimal,,,,non-terminating decimal,,,,3697
óendanlegur,ls,kk,Eintala,<ref idTerm=3270>Mengi</ref> kallast \textit{óendanlegt} ef það er ekki <ref idTerm=1009>endanlegt</ref>.,,,,,,"infinitely many, infinitely great, infinitely small, transfinite",infinite,,,,,,,,3698
óendanlegur fjöldi,na,kk,Eintala,,,,,,,infinite cardinal,infinite number,,,,,,,,3699
óendanlegur,ls,kk,Eintala,,,,endalaus,,,,non-terminating,,,,,,,,3700
óendanleg fjöldatala,na,kvk,Eintala,,,,ofurendanleg fjöldatala,,,"aleph, infinite number",infinite cardinal,,,,transfinite cardinal,,,,3681
óendanleg raðtala,na,kvk,Eintala,,,,ofurendanleg raðtala,,,,infinite ordinal,,,,transfinite ordinal,,,,3682
óendanleg runa,na,kvk,Eintala,"\textit{Runa} af <ref idTerm=5128>stökum</ref> úr <ref idTerm=3270>mengi</ref> \(X\) er <ref idTerm=3282>vörpun</ref> \(f:\mathbb{N} \to X\). Ef við skrifum \(x_i = f(i)\) er runan ýmist táknuð \((x_1,x_2,\dots)\), \(\left(x_i\right)_{i=1}^\infty\), \(\left(x_i\right)_{i\geq 1}\) eða \(\left(x_i\right)_{i\in\mathbb{N}}\).",,,runa,,,sequence,infinite sequence,,,,sequence,,,,3684
óendanleg röð,na,kvk,Eintala,,,,röð,,,series,infinite series,,,,series,,,,3683
óendanleg slétta,na,kvk,Eintala,,,,,,,,infinite plane,,,,,,,,3685
óendanleg stærð,na,kvk,Eintala,,,,,,,infinite number,infinite quantity,,,,infinity,,,,3686
óendanleg tala,na,kvk,Eintala,,,,,,,"infinite quantity, infinity",infinite number,,,,,,,,3687
óendanleg þáttun,na,kvk,Eintala,,,,"margfeldisliðun, feldisliðun",,,,expansion in an infinite product,,,,product expansion,,,,3688
óendanleikafrumsenda,na,kvk,Eintala,,,,"óendanleikafrumsetning, frumsenda um óendanleika, frumsetning um óendanleika",,,,axiom of infinity,,,,infinity axiom,,,,3701
óendanleikapunktur,na,kk,Eintala,,,,,,,,point of infinity,,,,,,,,3702
óendanleiki,na,kk,Eintala,,,,,,,,infinity,,,,infinitude,,,,3703
óendurkvæmur,ls,kk,Eintala,,,,óafturkvæmur,,,,non-recurrent,,,,,,,,3704
óevklíðskur,ls,kk,Eintala,,Einnig ritað: {\it non-Euclidean},,,,,,non-euclidean,,,,,,,,3706
óevklíðskur flutningur,na,,Eintala,,,,óevklíðsk hreyfing,,,,non-euclidean motion,,,,,,,,3707
óevklíðsk rúmfræði,na,kvk,Eintala,<ref idTerm=4271>Rúmfræði</ref> sem byggir á fyrstu fjórum <ref idTerm=1030>frumsendum Evklíðs</ref> en hafnar þeirri fimmtu. Það eru tvær gerðir óevklíðskar rúmfræðar en þær eru <ref idTerm=520>breiðger rúmfræði</ref> og <ref idTerm=5008>sporger rúmfræði</ref>.,,,,,,"absolute geometry, conformal geometry, elliptic geometry, euclidean geometry, hyperbolic geometry, inversive geometry, Minkowski geometry, Möbius geometry, neutral geometry, non-archimedean geometry, parabolic geometry, projective geometry, Riemannian geometry, spherical geometry, spherics",non-euclidean geometry,,,,,,,,3705
ófullgerður,ls,kk,Eintala,,,,,,,,imperfect,,,,,,,,3718
ófullkominn,ls,kk,Eintala,,,,,,,,incomplete,,,,,,,,3720
ófullkomin tala,na,kvk,Eintala,,,,,,,,imperfect number,,,,,,,,3719
ófullkomleikasetning Gödels,na,kvk,Eintala,,,,,,,,Gödel's incompleteness theorem,,,,,,,,3721
ófærusönnun,na,kvk,Eintala,,,,ómöguleikasönnun,,,,impossibility proof,,,,,,,,3709
ófær,ls,kk,Eintala,,,,ómögulegur,,,,impossible,,,,,,,,3708
ógegnvirkur,ls,kk,Eintala,,,,,,,,non-transitive,,,,,,,,3741
ógegnvirkur,ls,kk,Eintala,,,,ekki gegnvirkur,,,,intransitive,,,,,,,,3742
óháðar frumsendur,na,kvk,Fleirtala,,,,óháðar frumsetningar,,,,independent axioms,,,,,,,,3747
óháðar hendingar,na,kvk,Fleirtala,,,,,,,,independent random variables,,,,independent variates,,,,3748
óháðir atburðir,na,kk,Fleirtala,,,,,,,,independent events,,,,stochastically independent events,,,,3749
óháðir tveir og tveir,,,,,,,,,,mutually independent,pairwise independent,,,,,,,,3750
óháður,ls,kk,Eintala,,,,,,,"algebraically independent, independent variable, linearly independent",independent,,,,,,,,3751
óháð úrtaka,na,kvk,Eintala,,,,,,,,independent sampling,,,,,,,,3746
óhliðraður,ls,kk,Eintala,,,,,,,,(of a linear equation) homogeneous,,,,,,,,3755
óhliðrað jöfnuhneppi,na,hk,Eintala,,,,,,,,homogeneous system of equations,,,,,,,,3754
óhliðruð línuleg deildajafna,na,kvk,Eintala,,,,óhliðruð línuleg diffurjafna,,,,homogeneous linear differential equation,,,,homogeneous differential equation,,,,6621
óhliðruð línuleg jafna,na,kvk,Eintala,,,,,,,,homogeneous linear equation,,,,,,,,3756
óhlutbundinn hyrnuklasi,na,kk,Eintala,,,,,,,,abstract simplicial complex,,,,,,,,3757
óhlutvera,na,kvk,Eintala,,,,,,,,non-inclusion,,,,,,,,3758
óhnýttur,ls,kk,Eintala,,,,,,,,unknotted,,,,,,,,3759
óhæði,na,hk,Eintala,,,,,,,,independence,,,,,,,,3752
óhæðisönnun,na,kvk,Eintala,,,,,,,,independence proof,,,,,,,,3753
ójafn,ls,kk,Eintala,,,,,,,odd,uneven,,,,,,,,3760
ójafna,na,kvk,Eintala,,,,,,,,inequality,,,,,,,,3762
ójafnaðarmerki,na,hk,Eintala,,,,,,,,not-equal sign,,,,,,,,3763
ójafnarma þríhyrningur,na,kk,Eintala,,,,mishliða þríhyrningur,,,,scalene triangle,,,,scalenous triangle,,,,3764
ójafnhliða og skakkur samsíðungur,na,kk,Eintala,,,,,,,,rhomboid,,,,,,,,3765
ójafn,ls,kk,Eintala,,,,ólíkur,,,,unequal,,,,,,,,3761
ójöfnumerki,na,hk,Eintala,,,,,,,,inequality sign,,,,,,,,3766
ójöfnumerki,na,hk,Eintala,,,,ójöfnutákn,,,,sign of inequality,,,,,,,,3767
ójöfnuþvingun,na,kvk,Eintala,,,,,,,,inequality constraint,,,,,,,,3768
ókleyfi,na,,Eintala,,,,"óþættanleiki, ókljúfanleiki",,,,irreducibility,,,,,,,,3769
ókleyft tilvik,na,hk,Eintala,,,,,,,,casus irreducibilis,,,,irreducible case,,,,3770
ókljúfanleg algebrulegt mengi,na,hk,Eintala,,,,,,,,irreducible algebraic set,,,,,,,,3771
ókvíslaður,ls,kk,Eintala,,,,,,,,non-ramified,,,,unramified,,,,3772
óleysanlegur,ls,kk,Eintala,,,,,,,,insoluble,,,,"irresoluble, unsolvable",,,,3773
óleysanlegur,ls,kk,Eintala,,,,,,,,non-solvable,,,,,,,,3774
ólínulegt aðhvarf,na,hk,Eintala,,,,,,,,curvilinear regression,,,,,,,,3776
ólínulegur,ls,kk,Eintala,,,,,,,,non-linear,,,,,,,,3777
ólínuleg hneigð,na,kvk,Eintala,,,,,,,,curvilinear trend,,,,non-linear trend,,,,3775
ólínuleiki,na,kk,Eintala,,,,,,,,non-linearity,,,,,,,,3778
ólokuð segð,na,kvk,Eintala,,,,"ólokuð fullyrðing, ólokuð yrðing",,,"open formula, open statement",non-closed formula,,,,,,,,3779
ólotubundið ástand,na,hk,Eintala,,,,lotulaust ástand,,,,aperiodic state,,,,,,,,3780
ólotubundinn,ls,kk,Eintala,,,,,,,,non-recurrent,,,,,,,,3781
ólotubundinn,ls,kk,Eintala,,,,lotulaus,,,,non-periodic,,,,,,,,3782
ómagurt mengi,ls,hk,Eintala,,,,ómagurt hlutmengi,,,,non-meagre set,,,,"non-meagre subset, set of the second category",,,,3785
ómagur,ls,kk,Eintala,,,,ekki magur,,,,non-meagre,,,,,,,,3784
ómarkverður,ls,kk,Eintala,,,,"fánýtur, klénn",,,,trivial,,,,,,,,3786
ómega-fullkominn,ls,kk,Eintala,,,,,,,,omega-complete,,,,,,,,3787
óminnkanleiki,na,kk,Eintala,,,,,,,,minimality,,,,,,,,3788
ómælanlegur,ls,kk,Eintala,,,,,,,,non-measurable,,,,,,,,3783
ómögulegur atburður,na,kk,Eintala,,,,,,,,impossible event,,,,,,,,3789
óráðið form,na,hk,Eintala,,,,óákveðið form,,,,indefinite form,,,,,,,,3811
óráðið stærðtákn,na,hk,Eintala,,,,,,,,indeterminate form,,,,,,,,3812
órásaður fléttingur,na,kk,Eintala,,,,óhringaður fléttingur,,,,acyclic complex,,,,,,,,3815
órásaður,ls,kk,Eintala,,,,óhringaður,,,,acyclic,,,,,,,,3816
óreglulegur,ls,kk,Eintala,,,,,,,,irregular,,,,,,,,3821
óreglulegur sérstöðupunktur,na,kk,Eintala,,,,,,,inessential singular point,(in differential equations) essential singular point,,,,"irregular singular point, irregular singularity",,,,3822
óregluleg frumtala,na,kvk,Eintala,,,,,,,,irregular prime,,,,,,,,3820
óreiða,na,kvk,Eintala,,,,,,,,entropy,,,,,,,,3823
óreiknanlegur,ls,kk,Eintala,,,,,,,,incalculable,,,,non-computable,,,,3824
óreiknanleiki,na,kk,Eintala,,,,,,,,incalculability,,,,non-computability,,,,3825
órífkandi,ls,,,,,,,,,,non-expansive,,,,,,,,3828
óræðni,na,kvk,Eintala,,,,,,,,irrationality,,,,,,,,3813
óræður,ls,kk,Eintala,<ref idTerm=4093>Rauntala</ref> kallast \textit{óræð} ef hún er ekki <ref idTerm=4039>ræð</ref>.,,,,,,,irrational,,,,,,,,3814
óræð tala,ls,hk,Fleirtala,,,,,,,,irrational number,,,,irrational,,,,6622
óröðuð tvennd,na,kvk,Eintala,,,,,,,,non-ordered pair,,,,"pair, plain pair, unordered pair",,,,3829
ósamanhangandi,ls,,,,,,ósamhangandi,,,,disconnected,,,,unconnected,,,,3854
ósambærilegur,ls,kk,Eintala,,,,,,,,non-comparable,,,,,,,,3855
ósamfelldni,na,kvk,Eintala,,,,,,,,discontinuity,,,,,,,,3856
ósamfelldnipunktur,na,kk,Eintala,,,,,,,,point of discontinuity,,,,,,,,3859
ósamfelldni frá hægri,na,kvk,Eintala,,,,,,,,discontinuity on the right,,,,,,,,3857
ósamfelldni frá vinstri,na,kvk,Eintala,,,,,,,,discontinuity on the left,,,,,,,,3858
ósamfelldur,ls,kk,Eintala,,,,,,,,discontinuous,,,,,,,,3860
ósamfelldur frá hægri,ls,kk,Eintala,,,,,,,,discontinuous on the left,,,,,,,,3861
ósamfelldur frá vinstri,ls,kk,Eintala,,,,,,,,discontinuous on the right,,,,,,,,3862
ósamfellt fall,na,hk,Eintala,,,,,,,,discontinuous function,,,,,,,,3863
ósamhverfur,ls,kk,Eintala,,,,,,,antisymmetric,asymmetric,,,,,,,,3865
ósamhverfur,ls,kk,Eintala,,,,,,,,non-symmetric,,,,,,,,3866
ósamhverf dreifing,na,kvk,Eintala,,,,,,,,asymmetric distribution,,,,,,,,3864
ósamkvæmni,na,,Eintala,,,,ósamrýmanleiki,,,,incompatibility,,,,inconsistency,,,,3867
ósamkvæmur metill,na,kk,Eintala,,,,,,,,inconsistent estimator,,,,,,,,3868
ósamkvæmur,ls,kk,Eintala,,,,ósamrýmanlegur,,,,incompatible,,,,inconsistent,,,,3869
ósamleifa,ls,,,,,,,,,,(in algebra) incongruent,,,,,,,,3870
ósamleitinn,ls,kk,Eintala,,,,,,,,divergent,,,,,,,,3871
ósamleitni,na,kvk,Eintala,,,,,,,,(of a sequence or series) divergence,,,,divergency,,,,3872
ósamleitnipunktur,na,kk,Eintala,,,,,,,,point of divergence,,,,,,,,3873
ósamlína,ls,,,,,,,,,,non-collinear,,,,,,,,3874
ósammiðja,na,kvk,Eintala,,,,hjámiðja,,,eccentric circle,eccentric,,,,,,,,3877
ósammælanlegur,ls,kk,Eintala,,,,,,,,incommensurable,,,,,,,,3875
ósammælanleiki,na,kk,Eintala,,,,,,,,incommensurability,,,,,,,,3876
ósampunkta,ls,,,,,,,,,,non-concurrent,,,,,,,,3878
ósamrýmanlegir tveir og tveir,ls,kk,Fleirtala,,,,sundurlægir tveir og tveir,,,,mutually exclusive,,,,mutually disjoint,,,,6623
ósamrýndur bútur,na,kk,Eintala,,,,,,,conforming element,nonconforming element,,,,,,,,3879
ósamsnið,na,hk,Eintala,,,,,,,,incongruence,,,,non-congruence,,,,3880
ósamsniða,ls,,,,,,,,,,(in geometry) incongruent,,,,incongruous,,,,3881
ósamsniða,ls,,,,,,,,,,non-congruent,,,,,,,,3882
ósamþátta tveir og tveir,,,,,,,ósamþættir tveir og tveir,,,mutually prime,mutually coprime,,,,,,,,3883
ósamþátta,ls,kk,Eintala,,,,ósamþættur,,,,coprime,,,,"mutually prime, relatively prime",,,,3884
ósamþjappanlegur,ls,kk,Eintala,,,,,,,,incompressible,,,,,,,,3885
ósannanlegur,ls,kk,Eintala,,,,,,,,unprovable,,,,,,,,3886
ósannanleiki,na,kk,Eintala,,,,,,,,unprovability,,,,,,,,3887
ósanngjarn leikur,na,kk,Eintala,,,,,,,fair game,unfair game,,,,,,,,3888
ósannindi,na,,,,,,ósannleikur,,,,falsehood,,,,,,,,3889
ósannur,ls,kk,Eintala,Sjá <ref idTerm=4560>sanngildi</ref>.,,,,,,,FALSE,,,,,,,,6624
ósérstæður algebrulegur ferill,na,kk,Eintala,,,,reglulegur algebrulegur ferill,,,,non-singular algebraic curve,,,,regular algebraic curve,,,,3891
ósérstæður algebrulegur flötur,na,kk,Eintala,,,,reglulegur algebrulegur flötur,,,,non-singular algebraic surface,,,,regular algebraic surface,,,,3892
ósérstæður fágaður ferill,na,kk,Eintala,,,,reglulegur fágaður ferill,,,,non-singular analytic curve,,,,regular analytic curve,,,,3893
ósérstæður fágaður flötur,na,kk,Eintala,,,,reglulegur fágaður flötur,,,,non-singular analytic surface,,,,regular analytic surface,,,,3894
ósérstæður,ls,kk,Fleirtala,,,,reglulegur,,,regular curve,(of a curve) non-singular,,,,,,,,3895
ósérstæður,ls,kk,Fleirtala,,,,reglulegur,,,,(of an algebraic or analytic variety) non-singular,,,,,,,,3896
ósérstætt algebrulegt víðerni,na,hk,Eintala,,,,reglulegt algebrulegt víðerni,,,algebraic manifold,non-singular algebraic variety,,,,regular algebraic variety,,,,3897
ósérstætt fágað víðerni,na,hk,Eintala,,,,reglulegt fágað víðerni,,,analytic manifold,non-singular analytic variety,,,,regular analytic variety,,,,3898
óskilgreindur,ls,kk,Eintala,,,,,,,,undefined,,,,,,,,3899
óskilvirkur,ls,kk,Eintala,,,,,,,,inefficient,,,,,,,,3900
óskilvirkur metill,na,kk,Eintala,,,,,,,,inefficient estimator,,,,,,,,3901
óskilyrt ójafna,na,kvk,Eintala,,,,,,,,absolute inequality,,,,unconditional inequality,,,,3902
óslembdur,ls,kk,Eintala,,,,,,,,non-randomized,,,,,,,,3903
óslembinn,ls,kk,Eintala,,,,,,,,non-random,,,,,,,,3904
ósléttanlegur,ls,kk,Eintala,,,,,,,,non-planar,,,,,,,,3905
ósmækkanlegt spannmengi,na,hk,Eintala,,,,"ósmækkanlegt spannandi mengi, óminnkanlegt spannmengi, óminnkanlegt spannandi mengi",,,,irreducible generating set,,,,"minimal generating set, minimal set of generators, minimal system of generators",,,,3906
óspegilvirkur,ls,kk,Eintala,,,,,,,,non-reflexive,,,,,,,,3907
óstefnt net,na,hk,Eintala,,,,óáttað net,,,,non-directed graph,,,,"non-oriented graph, undirected graph",,,,3909
óstrjáll,ls,kk,Eintala,,,,,,,,non-discrete,,,,,,,,3912
óstyttanleg frymin þáttun,na,kvk,Eintala,,,,,,,,irredundant primary decomposition,,,,,,,,3913
óstækkanleiki,na,kk,Eintala,,,,,,,,maximality,,,,maximal property,,,,3908
óstöðugleiki,na,kk,Eintala,,,,,,,,instability,,,,,,,,3910
óstöðugur,ls,kk,Eintala,,,,,,,,unstable,,,,,,,,3911
ósundurlægur,ls,kk,Eintala,,,,skaraður,,,,non-disjoint,,,,overlapping,,,,3914
ós,na,kk,Eintala,,,,svelgur,,,,sink,,,,,,,,3853
ótakmarkaður virki,na,kk,Eintala,,,,óskorðaður virki,,,,unbounded operator,,,,,,,,3917
ótakmarkaður,ls,kk,Eintala,,,,óskorðaður,,,,unbounded,,,,,,,,3918
ótakmarkað bil,na,hk,Eintala,,,,óskorðað bil,,,,unbounded interval,,,,,,,,3915
ótakmarkað fall,na,hk,Eintala,,,,óskorðað fall,,,,unbounded function,,,,,,,,3916
óteljanlegur,ls,kk,Eintala,,,,,,,,non-denumerable,,,,"non-enumerable, uncountable",,,,3919
ótenginn,ls,kk,Eintala,,,,,,,,non-associative,,,,,,,,3920
ótiltekið stak,na,hk,Eintala,,,,,,,typical element,arbitrary element,,,,,,,,3921
ótiltekinn,ls,kk,Eintala,,,,,,,,indeterminate,,,,,,,,3922
ótiltekinn,,,,,,,hver sem er,,,,arbitrary,,,,,,,,3923
ótvíræðnifrumsenda,na,kvk,Eintala,,,,ótvíræðnifrumsetning,,,,uniqueness axiom,,,,,,,,3928
ótvíræðnisetning,na,kvk,Eintala,,,,,,,,uniqueness theorem,,,,,,,,3929
ótvíræðniskilyrði,na,hk,Eintala,,,,,,,,uniqueness condition,,,,,,,,3930
ótvíræðni,na,kvk,Eintala,,,,einræðni,,,,unicity,,,,uniqueness,,,,3927
ótvíræður,ls,kk,Eintala,,,,einræður,,,,unique,,,,,,,,3931
ótvíræð lausn,na,kvk,Eintala,,,,ótvírætt ákvörðuð lausn,,,,unique solution,,,,,,,,3924
ótvíræð skilgreining,na,kvk,Eintala,,,,,,,,unambiguous definition,,,,,,,,3925
ótvíræð þáttun,na,kvk,Eintala,,,,,,,,unique factorization,,,,,,,,3926
ótvírætt ákvarðaður,ls,kk,Eintala,"<ref idTerm=5102>Stærð</ref> \(A\) kallast \textit{ótvírætt ákvörðuð} af tilteknum <ref idTerm=4797>skilyrðum</ref> ef hún\n\n\begin{enumerate}\n    \item uppfyllir þau skilyrði (\(A\) er \textit{ákvörðuð} af skilyrðunum),\n    \item ef önnur stærð \(B\) uppfyllir sömu skilyrði þá gildir \(A=B\)\n\end{enumerate}",,,,,,,uniquely determined,,,,,,,,3932
óumhverfanlegur,ls,kk,Eintala,,,,,,,,non-invertible,,,,,,,,3933
óuppbyggjandi,ls,,,,,,,,,,non-constructive,,,,,,,,3934
óuppbyggjandi tilvistarsönnun,na,kvk,Eintala,,,,,,,,non-constructive existence proof,,,,,,,,3935
óúrkynjaður,ls,kk,Eintala,,,,ósérstæður,,,,non-degenerate,,,,non-singular,,,,3936
óúrskurðanlegur,ls,kk,Eintala,,,,,,,,undecidable,,,,,,,,3939
óúrskurðanleg fullyrðing,na,kvk,Eintala,,,,óúrskurðanleg yrðing,,,,undecidable proposition,,,,,,,,3937
óúrskurðanleg kenning,na,kvk,Eintala,,,,,,,,undecidable theory,,,,,,,,3938
óúrskurðanleikasetning,na,kvk,Eintala,,,,,,,,undecidability theorem,,,,,,,,3940
óúrskurðanleiki,na,kk,Eintala,,,,,,,,undecidability,,,,,,,,3941
óvanalegur,ls,kk,Eintala,,,,,,,,non-standard,,,,,,,,3944
óvanaleg stærðfræðigreining,na,kvk,Eintala,,,,óvanaleg greining,,,infinitesimal calculus,non-standard analysis,,,,,,,,3942
óvanaleg tala,na,kvk,Eintala,,,,,,,,non-standard number,,,,,,,,3943
óverulegur,ls,kk,Eintala,,,,,,,,inessential,,,,,,,,3945
óverulegur sérstöðupunktur,na,kk,Eintala,,,,,,,,(in complex analysis) inessential singularity,,,,"inessential singular point, regular singular point, regular singularity",,,,3946
óverulegur,ls,,,,,,hverfandi,,,,negligible,,,,,,,,3947
óveruritháttur,na,kk,Eintala,,,,,,,"Landau order symbol, ordo-symbol",\(o\)-notation,,,,,,,,3948
óviðkennd tala,na,kvk,Eintala,,,,,,,,abstract number,,,,unnamed number,,,,3949
óviðkomandi rót,na,kvk,Eintala,,,,,,,,extraneous root,,,,,,,,3950
óvissa,na,kvk,Eintala,,,,,,,,uncertainty,,,,,,,,3951
óvíxlanlegur,ls,kk,Eintala,,,,,,,,non-commuting,,,,"non-interchangeable, non-permutable",,,,3952
óvíxlinn,ls,kk,Eintala,,,,,,,non-abelian,non-commutative,,,,,,,,3953
óvíxlinn,ls,kk,Eintala,,,,óabelskur,,,non-commutative,(of a group) non-abelian,,,,,,,,3954
óþekktur,ls,kk,Eintala,,,,,,,,unknown,,,,,,,,3961
óþekkt stærð,na,kvk,Eintala,,,,,,,,unknown,,,,unknown quantity,,,,3960
óþjappaður,ls,kk,Eintala,,,,,,,,non-compact,,,,,,,,3962
óþættanlegur,ls,kk,Eintala,,,,"ókljúfanlegur, ókleyfur",,,,indecomposible,,,,,,,,3957
óþættanleg margliða,na,kvk,Eintala,,,,,,,,irreducible polynomial,,,,,,,,6625
óþættanleg Markov-keðja,ls,hk,Fleirtala,,,,,,,,irreducible Markov chain,,,,,,,,6626
óþættanleiki,na,,Eintala,,,,"ókljúfanleiki, ókleyfi",,,,indecomposability,,,,,,,,3959
óþörf frumsenda,na,kvk,Eintala,,,,óþörf frumsetning,,,,redundant axiom,,,,,,,,3963
Papposarregla,na,kvk,Eintala,,,,,,,,Pappus's rule,,,,,,,,3965
Papposarsetning,na,kvk,Eintala,,,,setning Papposar,,,,Pappus's theorem,,,,,,,,3966
Papposarslétta,na,kvk,Eintala,,,,pappesk slétta,,,,Pappian plane,,,,,,,,3967
Papposar-,,,,,,,pappeskur,,,,Pappian,,,,,,,,3964
paraður samanburður,na,kk,Eintala,,,,,,,,paired comparison,,,,,,,,3968
Pascal-þríhyrningur,na,kk,Eintala,,,,þríhyrningur Pascals,,,,Pascal's triangle,,,,,,,,3969
Peano-ferill,na,kk,Eintala,,,,,,,,Peano curve,,,,,,,,3970
Peano-talnafræði,na,,Eintala,,,,Peano-reikningur,,,,Peano arithmetic,,,,,,,,3971
Pfaff-ákveða,na,kvk,Eintala,,,,,,,,pfaffian,,,,,,,,3972
Pfaff-ferill,na,kk,Eintala,,,,,,,,pfaffian,,,,,,,,3973
Pfaff-form,na,hk,Eintala,,Einnig ritað með upphafsstaf: {\it Pfaffian},,"\(1\)-deildaform, \(1\)-diffurform",,,,pfaffian,,,,pfaffian form,,,,3974
Phragmén-Lindelöf-fall,na,hk,Eintala,,,,vísifall,,,,indicator function,,,,Phragmén-Lindelöf function,,,,3975
Picard-setningin meiri,na,kvk,Eintala,,,,stóra Picard-setningin,,,little Picard theorem,great Picard theorem,,,,,,,,3977
Picard-setningin minni,na,kvk,Eintala,,,,litla Picard-setningin,,,great Picard theorem,little Picard theorem,,,,,,,,3978
pí (\(\pi\)),na,hk,Eintala,<ref idTerm=2072>Hlutfallið</ref> milli hálfs <ref idTerm=5774>ummáls</ref> <ref idTerm=2295>hrings</ref> og <ref idTerm=1619>geisla</ref> hans.,,,,,,,pi (\(\pi\)),,,,,,,,3976
platónskt net,na,hk,Eintala,,,,,,,,platonic graph,,,,,,,,3979
platónskur,ls,kk,Eintala,,Einnig ritað með upphafsstaf: {\it Platonic},,,,,,platonic,,,,,,,,3980
plúsformerki,na,hk,Eintala,,,,jákvætt formerki,,,,plus,,,,"plus sign, positive sign",,,,3982
plús,na,,Eintala,,,,"plúsmerki, samlagningarmerki",,,summation sign,addition sign,,,,"plus, plus sign, sign of addition",,,,3981
Poisson-dreifing,na,kvk,Eintala,,,,,,,,Poisson distribution,,,,,,,,3983
Poisson-ferli,na,hk,Eintala,,,,,,,,Poisson process,,,,,,,,3984
pólskt rúm,na,hk,Eintala,,,,,,,,Polish space,,,,,,,,3985
próf,na,hk,Eintala,,,,,,,,criterion,,,,,,,,3986
próf,na,hk,Eintala,,,,,,,,test,,,,,,,,3987
prófhending,na,kvk,Eintala,,,,,,,,critical function,,,,test function,,,,3988
prófunarfall,na,hk,Eintala,,,,,,,,(in analysis) test function,,,,,,,,3989
prósenta,na,kvk,Eintala,<ref idTerm=5397>Tala</ref> \(a\) er \textit{\(p\) prósent} af tölunni \(b\) ef <ref idTerm=2072>hlutfall</ref> á milli \(a\) og \(b\) er \(\frac{p}{100}\).,,,,,,,percentage,,,,,,,,3991
prósentureikningur,na,kk,Eintala,,,,,,,,percentage calculation,,,,,,,,3992
prósentustöplarit,na,hk,Eintala,,,,hlutfallsstöplarit,,,,band chart,,,,,,,,3993
prósent,na,,Eintala,,,,"hundraðshluti, hundraðstala",,,,percent,,,,,,,,3990
punktað mengi,na,hk,Eintala,,,,,,,,pointed set,,,,,,,,3994
punktað rúm,na,hk,Eintala,,,,,,,,pointed space,,,,,,,,3995
punktamengi,na,hk,Eintala,,,,mengi,,,set,point set,,,,,,,,3996
punktaröð,na,kvk,Eintala,,,,punktavöndur,,,,point range,,,,range of points,,,,3997
punktferli,na,hk,Eintala,,,,,,,,point process,,,,,,,,3998
punktmat,na,hk,Eintala,,,,stakt mat,,,,point estimate,,,,,,,,3999
punktur sem er ekki hvarfpunktur,na,kk,Eintala,,,,,,,critical point,non-critical point,,,,,,,,4000
punktur,na,kk,Eintala,,,,depill,,,"accessible boundary point, accumulation point, acnodal point, adherent point, base point, bending point, bisecting point, boundary point, branch point, break point, central point, cluster point, complex point, condensation point, conjugate point, critical point, decimal point, dividing point, double point, end point, equilibrium point, essential singular point, exterior point, extremal point, extreme point, extremum point, fixed point, flat point, flex point, frontier point, fundamental point, general point, generic point, global extremum point, global maximum point, global minimum point, hyperbolic point, ideal point, inaccessible boundary point, inessential singular point, infinite point, inflection point, inflexion point, initial end-point, initial point, inner point, interior point, invariant point, inverse point, irregular singular point, isolated point, isolated singular point, left end point, limit point, limiting point, logarithmic branch point, maximum point, median point, mesh point, middle point, midpoint, minimum point, multiple point, non-critical point, optimum point, ordinary point, parabolic point, planar point, polar point, proper point, radix point, ramification point, range of points, real point, regular point, regular singular point, removable singular point, right end point, running point, saddle point, self-intersection point, significance point, simple point, singular point, space point, spherical point, stationary point, terminal point, turning point, umbilical point, vortex point",point,,,,,,,,4001
Pýþagórasarregla,na,kvk,Eintala,\textit{Setning Pýþagórasar} segir að fyrir <ref idTerm=4173>rétthyrndan þríhyrning</ref> með <ref idTerm=4725>skammhliðar</ref> \(a\) og \(b\) og <ref idTerm=2789>langhlið</ref> \(c\) gildi \[c^2 = a^2 + b^2.\],,,setning Pýþagórasar,,,,Pythagoras's theorem,,,,"Pythagorean theorem, theorem of Pythagoras",,,,4002
Pýþagórasarsvið,na,hk,Eintala,,,,pýþagórskt svið,,,,pythagorean field,,,,,,,,4003
pýþagórskur þríhyrningur,na,kk,Eintala,,,,,,,,pythagorean triangle,,,,,,,,4006
pýþagórsk aljafna,na,kvk,Eintala,,,,,,,,pythagorean identity,,,,,,,,4004
pýþagórsk þrennd,na,kvk,Eintala,,,,,,,,pythagorean triple,,,,,,,,4005
raða,sag,,,,,,,,,,arrange,,,,,,,,4007
raða,sag,,,,,,,,,,order,,,,,,,,4008
raðaður grunnur,na,kk,Eintala,,,,raðgrunnur,,,,ordered basis,,,,,,,,4011
raðaður,ls,kk,Eintala,,,,hlutraðaður,,,,partially ordered,,,,,,,,4012
raðaður,,,,,,,rað-,,,,ordered,,,,,,,,4013
raðað mengi,na,hk,Eintala,,,,"raðmengi, hlutraðað mengi, hlaðmengi",,,,ordered set,,,,"partially ordered set, poset",,,,4009
raðað úrtak,na,hk,Eintala,,,,,,,,ordered sample,,,,,,,,4010
raðanlegur,ls,kk,Eintala,,,,,,,,orderable,,,,,,,,4014
raðanleiki,na,kk,Eintala,,,,,,,,orderability,,,,,,,,4015
raðarlausn,na,kvk,Eintala,,,,,,,,series solution,,,,,,,,4016
raðeinsmótun,na,kvk,Eintala,,,,,,,,order-isomorphism,,,,,,,,4017
raðfylgni,na,kvk,Eintala,,,,,,,,grade correlation,,,,rank correlation,,,,4018
raðfylgnistuðull,na,kk,Eintala,,,,,,,"Kendall rank correlation coefficient, Spearman rank correlation coefficient",coefficient of rank correlation,,,,rank correlation coefficient,,,,4019
raðfylgnistuðull Kendalls,na,kk,Eintala,,,,,,,,Kendall rank correlation coefficient,,,,,,,,4020
raðfylgnistuðull Spearmans,na,kk,Eintala,,,,,,,,Spearman rank correlation coefficient,,,,,,,,4021
raðgerð,na,kvk,Eintala,,,,,,,,order type,,,,,,,,4022
raðgrúpa,na,kvk,Eintala,,,,röðuð grúpa,,,,ordered group,,,,,,,,4023
raðhending,na,kvk,Eintala,,,,sætishending,,,,order statistic,,,,,,,,4024
raðhyrna,na,kvk,Eintala,,,,,,,,ordered simplex,,,,,,,,4025
raðkvarði,na,,Eintala,,,,raðstigi,,,,ordinal scale,,,,,,,,4027
raðmynstur,na,hk,Eintala,,,,,,,,order structure,,,,,,,,4028
raðrækinn,ls,kk,Eintala,,,,,,,increasing,order preserving,,,,order-preserving,,,,4029
raðslétta,na,kvk,Eintala,,,,,,,,ordered plane,,,,,,,,4030
raðstig,na,hk,Eintala,,,,,,,,(of a meromorphic function) order,,,,,,,,4031
raðsvið,na,,Eintala,,,,"raðað svið, raðkroppur, raðaður kroppur",,,,ordered field,,,,,,,,4032
raðtala,na,kvk,Eintala,,,,,,,,ordinal number,,,,ordinal,,,,6627
raðtölureikningur,na,kk,Eintala,,,,,,,,ordinal arithmetic,,,,,,,,4034
raðtöluruna,na,kvk,Eintala,,,,,,,,ordinal series,,,,,,,,4035
raðtölu-,pref,,,,,,,,,,ordinal,,,,,,,,4033
raðvarpslétta,na,kvk,Eintala,,,,röðuð varpslétta,,,,ordered projective plane,,,,,,,,4036
raðvildarslétta,na,kvk,Eintala,,,,röðuð vildarslétta,,,,ordered affine plane,,,,,,,,4037
raðþrennd,na,kvk,Eintala,,,,"þrennd, röðuð þrennd",,,,ordered triple,,,,ordered triplet,,,,4038
rakið fall,na,hk,Eintala,,,,,,,,recursive function,,,,,,,,4044
rakið mengi,na,hk,Eintala,,,,,,,,recursive set,,,,,,,,4045
rakið reiknirit,na,hk,Eintala,,,,,,,,recursive algorithm,,,,,,,,4046
rakinn,ls,kk,Eintala,,,,,,,,recursive,,,,,,,,4051
rakin nálgunaraðferð,na,kvk,Eintala,,,,,,,,method of successive approximations,,,,,,,,4047
rakin runa,na,kvk,Eintala,,,,,,,,recursive sequence,,,,,,,,4048
rakin umsögn,na,kvk,Eintala,,,,,,,,recursive predicate,,,,,,,,4049
rakin vensl,na,hk,Fleirtala,,,,,,,,recursive relation,,,,,,,,4050
rakning,na,kvk,Eintala,,,,,,,induction,recursion,,,,recurrence,,,,6628
rakningarformúla,na,kvk,Eintala,,,,,,,,recursion formula,,,,recurrence formula,,,,4052
rakningarfræði,na,kvk,Eintala,,,,,,,recursive function theory,recursion theory,,,,,,,,4053
ramma,sag,,,,,,,,,,parallelize,,,,,,,,4054
rammanlegur,ls,kk,Eintala,,,,,,,,parallelizable,,,,,,,,4055
rammanleiki,na,kk,Eintala,,,,,,,,parallelizability,,,,,,,,4056
rammasvið,na,hk,Eintala,,,,,,,,frame field,,,,,,,,4057
rammi,na,kk,Eintala,,,,,,,basis,frame,,,,,,,,4058
rangstöðuaðferð,na,kvk,Eintala,,,,,,,,method of false position,,,,"regula falsi, rule of false position",,,,4059
raufasvæði,na,hk,Eintala,,,,,,,,slit-region,,,,,,,,4073
raunbreyta,na,kvk,Eintala,,,,raunbreytistærð,,,,real variable,,,,,,,,4075
raundreifingarfall,na,hk,Eintala,,,,"hlutfallslegt safntíðnifall, mælt dreifingarfall",,,"cumulative frequency function, relative frequency function",cumulative relative frequency function,,,,empirical distribution function,,,,4076
raunfallagreining,na,kvk,Eintala,,,,raungreining,,,,real analysis,,,,,,,,4083
raunfall,na,hk,Eintala,,,,"raungilt fall, rauntölugilt fall",,,,real function,,,,real-valued function,,,,4082
raunfágaður,ls,kk,Eintala,,,,,,,,analytic,,,,"analytical, real analytic",,,,4080
raunfágað fall,na,hk,Eintala,,,,,,,,(of a real variable) analytic function,,,,real analytic function,,,,4077
raunfágað mynstur,na,hk,Eintala,,,,,,,,analytic structure,,,,real analytic structure,,,,4078
raunfágað rúm,na,hk,Eintala,,,,,,,,analytic space,,,,real analytic space,,,,4079
raunfáguð víðátta,na,kvk,Eintala,,,,,,,,analytic manifold,,,,real analytic manifold,,,,4081
raunfylki,na,hk,Eintala,,,,rauntalnafylki,,,,real matrix,,,,,,,,4084
raungildur,ls,kk,Eintala,,,,,,,,real,,,,,,,,4085
raungildur,ls,kk,Eintala,,,,rauntölugildur,,,,real-valued,,,,real valued,,,,4086
raunhluti,na,kk,Eintala,,,,,,,Re,real part,,,,,,,,4087
raunlína,na,kvk,Eintala,,,,,,,,(line in a real space) real line,,,,,,,,4088
raunlokun,na,kvk,Eintala,,,,,,,,real closure,,,,,,,,4089
raunpunktur,na,kk,Eintala,,,,,,,,real point,,,,,,,,4090
raunrúmfræði,na,kvk,Eintala,,,,,,,,real geometry,,,,,,,,4091
raunslétta,na,kvk,Eintala,,,,,,,,real plane,,,,,,,,4092
rauntala,na,kvk,Eintala,,,,,,,,real number,,,,,,,,4093
rauntalnakerfi,na,hk,Eintala,,,,,,,real number field,real number system,,,,,,,,4094
rauntalnarúm,na,hk,Eintala,,,,,,,"cartesian space, complex number space, euclidean space, number space",real number space,,,,,,,,4095
rauntalnaslétta,na,kvk,Eintala,,,,,,,,real number plane,,,,,,,,4096
rauntalnasvið,na,hk,Eintala,,,,,,,,field of real numbers,,,,"real field, real number field",,,,4097
raunvarplína,na,kvk,Eintala,,,,varplína yfir rauntölurnar,,,,real projective line,,,,,,,,4098
raunvarprúm,na,hk,Eintala,,,,varprúm yfir rauntölurnar,,,,real projective space,,,,,,,,4099
raunvarpslétta,na,kvk,Eintala,,,,varpslétta yfir rauntölurnar,,,,real projective plane,,,,,,,,4100
raunvigurrúm,na,hk,Eintala,,,,"raunlínulegt rúm, vigurrúm yfir rauntölurnar, línulegt rúm yfir rauntölurnar",,,,real vector space,,,,real linear space,,,,4101
raun-,pref,,,,,,,,,,real,,,,,,,,4074
ráðinn,ls,kk,Eintala,,,,ákveðinn,,,"negative definite, positive definite",definite,,,,,,,,4026
rásaður,ls,kk,Eintala,,,,,,,,cyclic,,,,,,,,4066
rásaður ferhyrningur,na,kk,Eintala,,,,hringferhyrningur,,,,cyclic quadrangle,,,,,,,,4067
rásaður turn,na,kk,Eintala,,,,,,,,cyclic tower,,,,,,,,4068
rásaður vigur,na,kk,Eintala,,,,rásaður vektor,,,,cyclic vector,,,,,,,,4069
rásað hlutmengi,na,hk,Eintala,,,,,,,,cyclic subclass,,,,,,,,4063
rásað rúm,na,hk,Eintala,,,,,,,,cyclic space,,,,,,,,4064
rásað svið,na,hk,Eintala,,,,,,,,cyclic field,,,,,,,,4065
rásaframsetning,na,kvk,Eintala,,,,,,,,(of a permutation) cyclic form,,,,,,,,4070
rásuð grúpa,na,kvk,Eintala,,,,,,,,cyclic group,,,,,,,,4071
rásuð útvíkkun,na,kvk,Eintala,,,,rásuð víkkun,,,,cyclic extension,,,,,,,,4072
rás,na,kvk,Eintala,,,,lokuð keðja,,,,closed chain,,,,cycle,,,,4061
rás,na,kvk,Eintala,,,,"rásuð uppstokkun, rásuð umröðun",,,,circular permutation,,,,"cycle, cyclic permutation",,,,4062
refsifall,na,hk,Eintala,,,,,,,,penalty function,,,,,,,,4102
regla,na,kvk,Eintala,,,,,,,,rule,,,,,,,,4103
regla,na,,Eintala,,,,lögmál,,,,principle,,,,,,,,4104
reglulegt gildi,na,hk,Eintala,,,,,,,,non-critical value,,,,regular value,,,,4107
reglulegt keilusnið,na,hk,Eintala,,,,,,,,non-degenerate conic section,,,,regular conic section,,,,4108
reglulegt mál,na,hk,Eintala,,,,,,,,regular measure,,,,,,,,4109
reglulegt net,na,hk,Eintala,,,,,,,,homogeneous graph,,,,regular graph,,,,4110
reglulegt rúm,na,hk,Eintala,,,,,,,,regular space,,,,,,,,4111
reglulegt víðerni,na,hk,Eintala,,,,,,,,regular variety,,,,,,,,4112
reglulegur,ls,kk,Eintala,,,,,,,,regular,,,,,,,,4113
reglulegur að innan,ls,kk,Eintala,,,,,,,,(of a measure) inner regular,,,,,,,,4114
reglulegur að utan,ls,kk,Eintala,,,,,,,,outer regular,,,,,,,,4115
reglulegur áttflötungur,na,kk,Eintala,,,,,,,,regular octahedron,,,,,,,,4116
reglulegur ferilbogi,na,kk,Eintala,,,,,,,,regular arc,,,,,,,,4117
reglulegur ferill,na,kk,Eintala,,,,,,,"regular algebraic curve, regular analytic curve",regular curve,,,,,,,,4118
reglulegur fjórflötungur,na,kk,Eintala,,,,,,,simplex,regular tetrahedron,,,,,,,,4119
reglulegur margflötungur,na,kk,Eintala,,,,platónskur margflötungur,,,,platonic body,,,,"platonic solid, regular polyhedron, regular solid",,,,4120
reglulegur marghyrningur,na,kk,Eintala,,,,reglulegur hyrningur,,,,regular polygon,,,,,,,,4121
reglulegur punktur,na,kk,Eintala,,,,,,,"ordinary point, simple point",regular point,,,,,,,,4122
reglulegur sérstöðupunktur,na,kk,Eintala,,,,,,,,(in differential equations) inessential singularity,,,,"point of determinacy, point of determination, regular singular point, regular singularity",,,,4123
reglulegur strendingur,na,kk,Eintala,,,,,,,,regular prism,,,,,,,,4124
reglulegur tólfflötungur,na,kk,Eintala,,,,,,,,regular dodecahedron,,,,,,,,4125
reglulegur tvítugflötungur,na,kk,Eintala,,,,,,,,regular icosahedron,,,,,,,,4126
regluleg skilyrt dreifing,na,kvk,Eintala,,,,,,,,regular conditional distribution,,,,,,,,4105
regluleg strýta,na,,Eintala,,,,reglulegur píramíti,,,,regular pyramid,,,,,,,,4106
regluleiki,na,kk,Eintala,,,,,,,,regularity,,,,,,,,4127
reglustika,na,kvk,Eintala,,,,,,,,ruler,,,,straight-edge,,,,4128
reiknanlegur,ls,kk,Eintala,,,,,,,,calculable,,,,,,,,4131
reiknanleikafræði,na,kvk,Eintala,,,,,,,recursive function theory,computability theory,,,,,,,,4133
reiknanleiki,na,kk,Eintala,,,,,,,,computability,,,,,,,,4134
reikna,sag,,,,,,reikna út,,,,calculate,,,,,,,,4129
reikna,sag,,,,,,reikna út,,,,compute,,,,,,,,4130
reikniaðferð,na,kvk,Eintala,,,,,,,,calculating method,,,,,,,,4136
reikniborð,na,hk,Eintala,,,,reiknibretti,,,,abacus,,,,,,,,4137
reiknihending,na,,Eintala,,,,lýsifall,,,,statistic,,,,,,,,4138
reiknimeistari,na,kk,Eintala,,,,"reikningsmaður, reikningsgarpur",,,,arithmetician,,,,,,,,4139
reiknimeistari,na,kk,Eintala,,,,reikningsmeistari,,,,calculator,,,,,,,,4140
reiknimynd,na,kvk,Eintala,,,,,,,,alignment chart,,,,"nomograph, nomographic chart, nomogram, map",,,,4141
reiknimyndafræði,na,kvk,Eintala,,,,,,,,nomography,,,,,,,,4142
reikningsaðferð,na,kvk,Eintala,,,,,,,,method of computation,,,,,,,,4144
reikningsaðgerð,na,kvk,Eintala,,,,grunnreikningsaðgerð,,,elementary operation,arithmetic operation,,,,,,,,4145
reikningsdæmi,na,hk,Eintala,,,,,,,,arithmetic problem,,,,,,,,4146
reiknings-,pref,,,,,,reikni-,,,,arithmetic,,,,arithmetical,,,,4143
reikningur í tugakerfi,na,kk,Eintala,,,,,,,,decimal arithmetic,,,,,,,,4147
reikningur í tylftakerfi,na,kk,Eintala,,,,,,,,duodecimal arithmetic,,,,,,,,4148
reikningur,na,,Eintala,,,,"talnareikningur, reikningslist, tölvísi",,,,(elementary) arithmetic,,,,,,,,4149
reikniregla,na,kvk,Eintala,,,,,,,,calculating rule,,,,"computing rule, rule of arithmetic",,,,4150
reiknirits-,pref,,,,,,reikni-,,,,algorithmic,,,,,,,,4154
reiknirit Evklíðs,na,,Eintala,,,,keðjudeiling,,,,algorithm of Euclid,,,,euclidean algorithm,,,,4151
reiknirit Gauss,na,,Eintala,,,,"útrýmingaraðferð Gauss, eyðingaraðferð Gauss",,,,Gauss elimination method,,,,Gaussian algorithm,,,,4152
reiknirit,na,,Eintala,,,,"algórismi, reikningsaðferð",,,,algorithm,,,,algorism,,,,4153
reikniskekkja,na,kvk,Eintala,,,,,,,miscalculation,computational error,,,,,,,,4155
reiknistokkur,na,kk,Eintala,,,,,,,,slide rule,,,,,,,,4156
reiknivél,na,,Eintala,,,,reiknir,,,computer,calculator,,,,"calculating machine, computing machine",,,,4157
reiknivilla,na,kvk,Eintala,,,,,,,computational error,miscalculation,,,,,,,,4158
reikni-,pref,,,,,,,,,,computational,,,,,,,,4135
reikul runa,na,kvk,Eintala,,,,hvarflandi runa,,,,improperly divergent sequence,,,,oscillating sequence,,,,4159
reisa,sag,,,,,,,,,,erect,,,,,,,,4160
reitafylki,na,hk,Eintala,,,,,,,,block matrix,,,,"hypermatrix, partition matrix, partitioned matrix",,,,4161
reitahögun,na,kvk,Eintala,,,,,,,,block design,,,,,,,,4162
reitarit,na,hk,Eintala,,,,,,,"area histogram, bar chart, bar diagram, bar graph, column diagram, histogram",block diagram,,,,,,,,4163
reitur,na,kk,Eintala,,,,,,,,(of a block matrix) block,,,,,,,,4164
reitur (í töflu),na,kk,Eintala,,,,,,,,table cell,,,,cell,,,,6629
rekjanlega teljanlegur,ls,kk,Eintala,,,,,,,,recursively enumerable,,,,,,,,4166
réttanlegur,ls,kk,Eintala,,,,,,,,rectifiable,,,,,,,,4168
réttanlegur ferill,na,kk,Eintala,,,,,,,,rectifiable curve,,,,,,,,4169
rétthyrndur,ls,kk,Eintala,,,,,,,,rectangular,,,,,,,,4171
rétthyrndur,ls,kk,Eintala,,,,,,,,right-angled,,,,,,,,4172
rétthyrndur þríhyrningur,na,kk,Eintala,<ref idTerm=6438>Þríhyrningur</ref> með eitt <ref idTerm=4167>rétt horn</ref>.,Eftirfarandi er mynd af rétthyrndnum þríhyrningi:\n\n\begin{center}\n\includegraphics[width=150px]{myndir/retthyrndur_thrihyrningur.png}\n\end{center},,,,,,right triangle,,,,right-angled triangle,,,,4173
rétthyrnd dreifing,na,kvk,Eintala,,,,,,,,continuous uniform distribution,,,,rectangular distribution,,,,4170
rétthyrni,na,hk,Eintala,,,,,,,,rectangularity,,,,,,,,4174
rétthyrningur,na,kk,Eintala,<ref idTerm=1127>Ferhyrningur</ref> með öll <ref idTerm=2198>horn</ref> <ref idTerm=4167>rétt</ref>.,Eftirfarandi er mynd af rétthyrningi:\n\n\begin{center}\n\includegraphics[width=150px]{myndir/retthyrningur.png}\n\end{center},,,,,,rectangle,,,,,,,,4175
réttilína,na,kvk,Eintala,,,,,,,,rectifying line,,,,,,,,4176
réttislétta,na,kvk,Eintala,,,,,,,,rectifying plane,,,,,,,,4177
réttsköpuð segð,na,kvk,Eintala,,,,segð,,,"expression, formula, meaningful expression, proposition, sentence, statement",meaningful formula,,,,well-formed formula,,,,4179
réttsköpuð stæða,na,kvk,Eintala,,,,,,,"expression, meaningful formula",meaningful expression,,,,,,,,4180
sívalningur,na,kk,Eintala,"<ref idTerm=6532>Rúmmynd</ref> sem afmarkast af tveimur jafnstórum <ref idTerm=6589>hringskífum</ref>, sem liggja í <ref idTerm=4509>samsíða</ref> <ref idTerm=4884>sléttum</ref> og hafa miðjur sem liggja á <ref idTerm=2911>línu</ref> sem er <ref idTerm=6469>hornrétt</ref> á skífurnar, og <ref idTerm=488>sveigðum</ref> <ref idTerm=4171>rétthyrndum</ref> <ref idTerm=4660>hliðarfleti</ref> sem fæst með því að tengja saman <ref idTerm=4001>punkta</ref> <ref idTerm=2295>hringjanna</ref> sem skífurnar afmarkast af með <ref idTerm=2958>línustriki</ref>.",Einnig er hægt að smíða sívalning með því að snúa <ref idTerm=4175>rétthyrningi</ref> heilan hring um eina af <ref idTerm=2048>hliðum</ref> sínum. <ref idTerm=2860>Lengd</ref> hliðarinnar sem rétthyrningnum var snúið um kallast þá \textit{hæð} sívalningsins og lengd hliðanna sem eru <ref idTerm=6469>þverstæðar</ref> á hana kallast \textit{geisli} sívalningsins. Sveigði flöturinn sem myndast við að rétthyrningnum er snúið kallast textit{möttull} sívalningsins. Hæð sívalnings er oft táknuð með bókstafnum \(h\) og geisli hans með bókstafnum \(r\). Eftirfarandi er mynd af sívalningi:\n\n\begin{center}\n\includegraphics[width=150px]{myndir/sivalningur.png}\n\end{center},,réttstæður sívalningur,,,right circular cylinder,right cylinder,,,,,,,,4184
réttstæður snúðsívalningur,na,kk,Eintala,,,,réttstæður hringsívalningur,,,"circular cylinder, right cylinder",right circular cylinder,,,,,,,,4185
réttstæð keila,na,kvk,Eintala,,,,,,,right circular cone,right cone,,,,,,,,4181
réttstæð snúðkeila,na,kvk,Eintala,,,,réttstæð hringkeila,,,"circular cone, right cone",right circular cone,,,,,,,,4182
réttstæð strýta,na,,Eintala,,,,réttstæður píramíti,,,,right pyramid,,,,,,,,4183
réttsýnishringur,na,kk,Eintala,,,,,,,,director circle,,,,orthoptic circle,,,,4186
réttsælis,at,,,,,,sólarsinnis,,,,clockwise,,,,,,,,4178
réttur,ls,kk,Eintala,,,,,,,,rectangular,,,,,,,,4187
réttur tölustafur,na,kk,Eintala,,,,,,,significant digit,valid digit,,,,,,,,4188
rétt horn,na,hk,Eintala,<ref idTerm=2198>Horn</ref> kallast \textit{rétt horn} ef <ref idTerm=334>armar</ref> þess eru <ref idTerm=6469>þverstæðir</ref>. Slíkt horn <ref idTerm=2223>mælist</ref> \(\frac{\pi}{2}\) <ref idTerm=478>radíana</ref> eða 90 <ref idTerm=1667>gráður</ref>.,Á eftirfarandi mynd er \(\angle AOB\) rétt horn (og þar með líka \(\angle BOC\)):\n\n\begin{center}\n\includegraphics[width=150px]{myndir/rett_horn.png}\n\end{center},,,,,,right angle,,,,,,,,4167
Riemann-firð,na,kvk,Eintala,,,,,,,,Riemannian metric,,,,,,,,4189
Riemann-flötur,na,kk,Eintala,,,,,,,,Riemann surface,,,,Riemannian surface,,,,4190
Riemann-heildi,na,hk,Eintala,,,,Riemann-tegur,,,,Riemann integral,,,,Riemannian integral,,,,4191
Riemann-krappaþinur,na,kk,Eintala,,,,"Riemann-sveigjuþinur, krappaþinur Riemanns, sveigjuþinur Riemanns",,,,Riemann curvature tensor,,,,,,,,4192
Riemann-samgangur,na,kk,Eintala,,,,,,,,Riemannian connection,,,,,,,,4193
Riemann-Stieltjes-heildi,na,hk,Eintala,,,,Riemann-Stieltjes-tegur,,,,Riemann-Stieltjes integral,,,,,,,,4194
Riemann-víðátta,na,kvk,Eintala,,,,,,,,Riemannian manifold,,,,Riemannian space,,,,4195
Riesz-framsetningarsetning,na,kvk,Eintala,,,,,,,,Riesz representation theorem,,,,,,,,4196
rim,na,kvk,Eintala,,,,,,,,(of a triangle) transversal,,,,,,,,4202
ris,na,hk,Eintala,,,,,,,,ascent,,,,,,,,4203
risaðferð,na,kvk,Eintala,,,,,,,,ascent method,,,,,,,,4204
risaðferð,na,kvk,Eintala,,,,,,,"gradient method, method of steepest ascent",method of ascent,,,,,,,,4205
risaðferð mesta bratta,na,kvk,Eintala,,,,,,,gradient method,method of steepest ascent,,,,steepest ascent method,,,,4206
risskref,na,hk,Eintala,,,,,,,,ascent step,,,,,,,,4207
rit,na,hk,Eintala,,,,,,,"bar diagram, block diagram, column diagram, correlation diagram, dispersion diagram, Dynkin diagram, flow diagram, frequency diagram, scatter diagram",diagram,,,,,,,,4208
ritháttur,na,kk,Eintala,,,,,,,,notation,,,,,,,,4209
rífkandi,ls,,Eintala,,,,,,,,expansive,,,,,,,,4197
ríki,na,hk,Eintala,,,,,,,,category,,,,,,,,4198
ríki af ríkjum,na,hk,Eintala,,,,ríkjaríki,,,,category of categories,,,,,,,,4199
ríkjafræði,na,kvk,Eintala,,,,,,,,category theory,,,,,,,,4200
ríkuleg tala,na,kvk,Eintala,,,,,,,,abundant number,,,,superfluous number,,,,4201
róffræði,na,kvk,Eintala,,,,litrófsfræði,,,,spectral theory,,,,,,,,4221
rófgeisli,na,kk,Eintala,,,,,,,,spectral radius,,,,,,,,4222
rófgreining,na,kvk,Eintala,,,,,,,,spectral analysis,,,,,,,,4223
rófheildi,na,hk,Eintala,,,,róftegur,,,,spectral integral,,,,,,,,4224
rófliðun,na,kvk,Eintala,,,,,,,,spectral decomposition,,,,,,,,4225
rófmál,na,hk,Eintala,,,,,,,,spectral measure,,,,,,,,4226
rófsetning,na,kvk,Eintala,,,,,,,,spectral theorem,,,,,,,,4227
róf,na,hk,Eintala,,,,litróf,,,,spectrum,,,,,,,,4220
rómverskar tölur,na,,Fleirtala,,,,rómversk tölutákn,,,,Roman numerals,,,,,,,,4247
rós,na,,Eintala,,,,rósarferill,,,,rhodonea,,,,rose,,,,4248
rót,na,hk,Eintala,,,,,,,,(of a vector field) curl,,,,rotation,,,,4249
rót,na,kvk,Eintala,Sú <ref idTerm=4093>rauntala</ref> \(x \geq 0\) sem uppfyllir \(x^n=a\) þar sem \(n \geq 1\) er <ref idTerm=3475>náttúruleg tala</ref> kallast \textit{\(n\)-ta rótin} af \(a\) og táknuð með \(\sqrt[n]{a}\). <ref idTerm=5397>Talan</ref> \(a\) kallast \textit{rótarstofn} og \(n\) kallast \textit{rótarvísir},Rætur fullnægja tveimur <ref idTerm=4150>reiknireglum</ref> sem oft eru kallaðar \textit{rótarreglurnar}. Þær segja:\n\n\begin{enumerate}\n    \item \(\sqrt[n]{a \cdot b} = \sqrt[n]{a} \cdot \sqrt[n]{b}\)\n    \item \(\displaystyle{\sqrt[n]{\frac{a}{b}} = \frac{\sqrt[n]{a}}{\sqrt[n]{b}}}\)\n\end{enumerate},,,,,"solution by radicals, surd",(of a number) radical,,,,"radix, root",,,,4250
rót,na,kvk,Eintala,,,,,,,,(of an algebra) radical,,,,,,,,4251
rót,na,kvk,Eintala,,,,,,,,(of a rooted tree) root,,,,,,,,4252
rótarfall,na,hk,Eintala,"<ref idTerm=1078>Fall</ref> sem varpar sérhverju <ref idTerm=5128>staki</ref> \(x\) úr <ref idTerm=1343>skilgreiningarmenginu</ref> í \(n\)-tu <ref idTerm=4250>rót</ref> þess \(\sqrt[n]{x}\), þar sem \(n \geq 2\) er <ref idTerm=3475>náttúruleg tala</ref>.","Ef \(n\) er <ref idTerm=2546>slétt tala</ref> sýnir myndin að neðan hvernig <ref idTerm=2955>graf</ref> rótarfallsins \[ g_s: [0, \infty[ \to [0, \infty[; \quad g_s(x) = \sqrt[n]{x} \] lítur út. Eins og grafið endurspeglar er \(g_s\) <ref idTerm=5250>stranglega vaxandi</ref> og <ref idTerm=1586>gagntækt</ref> og þar með <ref idTerm=274>andhverfanlegt</ref>. Andhverfa þess er <ref idTerm=927>einskorðun</ref> \(n\)-ta <ref idTerm=6009>veldisfallsins</ref> við <ref idTerm=457>bilið</ref> \([0, \infty[\), þ.e. \[ f_s|_{[0,\infty[}: [0, \infty[ \to [0, \infty[; \quad f_s|_{[0,\infty[}(x) = x^n \] \n\n\begin{center}\n\includegraphics[width=150px]{myndir/slett_nta_rot.png}\n\end{center}\n\nEf \(n\) er <ref idTerm=3659>oddatala</ref> sýnir myndin að neðan hvernig graf rótarfallsins \[ g_o: \mathbb{R} \to \mathbb{R}; \quad g_o(x) = \sqrt[n]{x} \] lítur út. Eins og grafið endurspeglar er \(g_o\) stranglega vaxandi og gagntækt og því andhverfanlegt. Andhverfa þess er \(n\)-ta veldisfallið \[ f_o: \mathbb{R} \to \mathbb{R}; \quad f_o(x) = x^n \]\n\n\begin{center}\n\includegraphics[width=150px]{myndir/odda_nta_rot.png}\n\end{center}",,,,,,root function,,,,,,,,4255
rótaríðal,na,hk,Eintala,,,,,,,,radical ideal,,,,,,,,4256
rótarmerki,na,hk,Eintala,,,,,,,,radical sign,,,,"radical, root sign",,,,6630
rótarpróf,na,hk,Eintala,,,,,,,,root test,,,,,,,,4257
rótarstofn,na,kk,Eintala,,,,,,,,radicand,,,,,,,,4259
rótarstæða,na,kvk,Eintala,,,,,,,radical,surd,,,,,,,,4258
rótartré,na,hk,Eintala,,,,,,,,rooted tree,,,,,,,,4260
rótarvísir,na,kk,Eintala,,,,,,,,(of a root) index,,,,,,,,4261
rótlaus,ls,,,,,,"rótvana, hvirflalaus",,,,irrotational,,,,"lamellar, non-rotational, non-vortical",,,,4262
rót,na,kvk,Eintala,Fyrir <ref idTerm=1948>margliðu</ref> \(P\) kallast <ref idTerm=4093>rauntala</ref> \(r\) þannig að \(P(r)=0\) \textit{rót} eða \textit{núllstöð} margliðunnar.,Skilgreiningin á einnig við um margliður sem eru ekki raungildar. Sjá <ref idTerm=1948>margliða</ref>.,,núllstöð,,,,(of a polynomial) root,,,,,,,,4254
rudd algebra,na,kvk,Eintala,,,,,,,,reduced algebra,,,,,,,,4263
rudd stallagerð,na,,Eintala,,,,"rudd þrepagerð, rudd þrepaskipan",,,,reduced echelon form,,,,,,,,4264
ruðningur,na,kk,Eintala,,,,,,,,reduction,,,,,,,,4265
runa,na,kvk,Eintala,,,,,,,"finite sequence, progression",sequence,,,,,,,,4286
runa,na,kvk,Eintala,,,,samstæða,,,,(in statistics) iteration,,,,run,,,,4287
runa,na,,Eintala,,,,töluhlaup,,,"arithmetic progression, geometric progression, sequence, sequence",progression,,,,,,,,4288
runufullkominn,ls,kk,Eintala,,,,,,,,sequentially complete,,,,,,,,4289
runulokaður,ls,kk,Eintala,,,,,,,,sequentially closed,,,,,,,,4290
runurúm,na,hk,Eintala,,,,,,,,sequence space,,,,,,,,4291
runusamleitinn,ls,kk,Eintala,,,,,,,,sequentially continuous,,,,,,,,4292
runuþjappaður,ls,kk,Eintala,,,,,,,,sequentially compact,,,,,,,,4293
Russell-þversögn,na,kvk,Eintala,,,,,,,,paradox of Russell,,,,Russell's paradox,,,,4294
rutt leifakerfi,na,hk,Eintala,,,,,,,,reduced residue system,,,,,,,,4296
rúm,na,hk,Eintala,,,,,,,"adjoint space, affine space, algebraic space, analytic space, Banach space, barrelled space, base space, \(B\)-space, cartesian space, characteristic space, classifying space, closed half-space, closed subspace, compact space, complete metric space, complex analytic space, complex linear space, complex number space, complex projective space, complex vector space, complex space, configuration space, conjugate space, coset space, covering space, cyclic space, discrete space, dual space, dual vector space, eigenspace, etale space, euclidean inner product space, euclidean space, factor space, fibre space, first countable space, Fréchet space, function space, half-space, Hausdorff space, hermitian space, hermitian inner product space, Hilbert space, homogeneous space, hyperbolic space, identification space, inner product space, invariant subspace, isotropic space, linear space, linear subspace, linear topological space, locally ringed space, loop space, mapping space, maximal ideal space, measurable space, measure space, metric space, Minkowski space, moduli space, multidimensional space, normal space, normed linear space, normed space, normed vector space, nuclear space, null-space, number space, one-point space, open half-space, open subspace, orbit space, oriented space, orthogonal space, parameter space, path space, phase space, pointed space, prehilbert space, probability space, product space, projective space, proper subspace, quotient space, ramified covering space, real analytic space, real linear space, real number space, real projective space, real vector space, reflexive Banach space, regular space, representation space, Riemannian space, ringed space, sample space, separable metric space, separable topological space, separated space, sequence space, sheaf space, solution space, state space, subspace, tangent space, topological linear space, topological space, topological vector space, tunnelled space, uniform space, unitary space, universal covering space, vector space",space,,,,,,,,4266
rúmferill,na,kk,Eintala,,,,"rúmlægur ferill, undinn ferill",,,,skew curve,,,,"space curve, spatial curve, twisted curve",,,,4270
rúmfræði,na,kvk,Eintala,,,,,,,"absolute geometry, affine geometry, algebraic geometry, analytic geometry, analytical geometry, cartesian geometry, combinatorial geometry, complex geometry, conformal geometry, coordinate geometry, descriptive geometry, differential geometry, elementary geometry, elliptic geometry, enumerative geometry, euclidean geometry, hyperbolic geometry, incidence geometry, intrinsic geometry, inversive geometry, metric geometry, Minkowski geometry, Möbius geometry, neutral geometry, non-archimedean geometry, non-euclidean geometry, parabolic geometry, plane geometry, projective geometry, pure geometry, real geometry, Riemannian differential geometry, Riemannian geometry, solid geometry, spherical geometry, spherics, stereometry, synthetic geometry",geometry,,,,,,,,4271
rúmfræðilegt meðaltal,na,hk,Eintala,,,,faldmeðaltal,,,mean proportional,geometric mean,,,,geometric average,,,,4274
rúmfræðilegur,,,,,,,rúmfræði-,,,,geometric,,,,geometrical,,,,4275
rúmfræði fjölda,na,kvk,Eintala,,,,talningarrúmfræði,,,,enumerative geometry,,,,,,,,4272
rúmfræði talna,na,kvk,Eintala,,,,,,,,geometry of numbers,,,,,,,,4273
rúmheildi,na,hk,Eintala,,,,,,,,space integral,,,,volume integral,,,,4276
rúmhnit,na,hk,Fleirtala,,,,,,,,spatial coordinates,,,,,,,,4277
rúmhorn,na,hk,Eintala,,,,,,,,solid angle,,,,,,,,4278
rúmlægur ferhliðungur,na,kk,Eintala,,,,,,,,skew quadrilateral,,,,,,,,4279
rúmlægur marghyrningur,na,kk,Eintala,,,,,,,,skew polygon,,,,,,,,4280
rúmmálsform,na,hk,Eintala,,,,,,,volume element,volume form,,,,,,,,4282
rúmmálsfrymi,na,hk,Eintala,,,,,,,,element of volume,,,,volume element,,,,4283
rúmmál,na,,Eintala,,,,"rúmtak, rýmd",,,,volume,,,,,,,,4281
rúmpunktur,na,kk,Eintala,,,,punktur í rúmi,,,,space point,,,,,,,,4284
rúmstæða,na,kvk,Eintala,,,,stæða í rúmi,,,,spatial configuration,,,,,,,,4285
rúm sem fullnægir fyrri teljanleikafrumsendu,na,hk,Eintala,,,,,,,,first countable space,,,,,,,,4267
rúm sem fullnægir seinni teljanleikafrumsendu,na,hk,Eintala,,,,,,,,second countable space,,,,,,,,4268
rúm-,,,,,,,"rúmstæður, rúmlægur",,,,spatial,,,,,,,,4269
rússnesk talnagrind,na,kvk,Eintala,,,,"rússnesk kúlnagrind, rússnesk reiknigrind",,,"abacus, calculating frame, counting frame",schety,,,,,,,,4295
ryðja,sag,,,,,,,,,,reduce,,,,,,,,4297
ræður,ls,kk,Eintala,,,,,,,,rational,,,,,,,,4040
ræður ferill,na,kk,Eintala,,,,,,,,rational curve,,,,unicursal curve,,,,4041
ræð tala,na,kvk,Eintala,<ref idTerm=4093>Rauntala</ref> sem er hægt að rita sem <ref idTerm=234>almennt brot</ref>.,,,,,,,rational number,,,,,,,,4039
ræma,na,kvk,Eintala,,,,,,,,strip,,,,,,,,4042
rætt fall,na,hk,Eintala,,,,,,,,rational function,,,,,,,,4043
röð,na,kvk,Eintala,,,,,,,,row,,,,,,,,4210
röð,na,kvk,Eintala,,,,,,,finite series,series,,,,,,,,4211
röðuð skipting,na,kvk,Eintala,,,,,,,,ordered partition,,,,,,,,4214
röðuð \(n\)-d,,,Eintala,,,,"röðuð \(n\)-und, \(n\)-d, \(n\)-und",,,tuple,ordered \(n\)-tuple,,,,\(n\)-tuple,,,,6631
röðunareinsmótun,na,kvk,Eintala,,,,raðeinsmótun,,,,order isomorphism,,,,,,,,6632
röðunarfrumsenda,na,kvk,Eintala,,,,"raðfrumsenda, röðunarfrumsetning, raðfrumsetning",,,"axiom of betweenness, betweenness axiom",axiom of order,,,,order axiom,,,,6633
röðunargrannmynstur,na,hk,Eintala,,,,,,,,order topology,,,,,,,,6634
röðunarsjálfmótun,na,kvk,Eintala,,,,raðsjálfmótun,,,,order automorphism,,,,,,,,6635
röðun,na,kvk,Eintala,,,,"hlutröðun, raðvensl",,,,order,,,,"order relation, ordering, partial order, partial ordering",,,,6636
röð,na,kvk,Eintala,,,,þrep,,,,(of a derivative) order,,,,,,,,6637
röð,na,kvk,Eintala,,,,þrep,,,,(of a differential equation) order,,,,,,,,6638
rökaðgerð,na,kvk,Eintala,,,,,,,,logical operation,,,,,,,,6639
rökalgebra,na,kvk,Eintala,,,,,,,,logical algebra,,,,,,,,6640
rökbreyta,na,kvk,Eintala,,,,,,,,logical variable,,,,,,,,6641
rökfasti,,,Eintala,,,,,,,,logical constant,,,,,,,,6642
rökfesta,na,kvk,Eintala,,,,stærðfræðileg rökfesta,,,,mathematical rigor,,,,rigor,,,,6643
rökfrumsenda,na,kvk,Eintala,,,,rökfrumsetning,,,"axiom, mathematical axiom, non-logical axiom, proper axiom",logical axiom,,,,,,,,6644
rökfræði,na,kvk,Eintala,,,,,,,,logic,,,,,,,,6645
rökfræðilegur,ls,kk,Eintala,,,,"rök-, röklegur, rökrænn",,,,logical,,,,,,,,6646
rökfræði annarrar stéttar,na,kvk,Eintala,,,,,,,,second-order logic,,,,,,,,6647
rökfræði fyrstu stéttar,na,kvk,Eintala,,,,,,,,first-order logic,,,,,,,,6648
rökhenda,na,kvk,Eintala,,,,,,,,syllogism,,,,,,,,6649
rökhyggja,na,kvk,Eintala,,,,,,,,logicism,,,,,,,,6650
rökleiðsla,na,kvk,Eintala,,,,röksemdafærsla,,,proof,(in logic) argument,,,,,,,,6651
rökleiðsluregla,na,kvk,Eintala,,,,"rökregla, ályktunarregla, afleiðsluregla",,,,deductive rule,,,,"derivative rule, inference rule, rule of derivation, rule of inference",,,,6652
rökreikningur,na,kk,Eintala,,,,,,,"predicate calculus, propositional calculus",calculus,,,,,,,,6653
röktákn,na,hk,Eintala,,,,,,,,logical symbol,,,,,,,,6654
röktenging,na,kvk,Eintala,,,,"röktengill, tengill, tenging",,,,logical connective,,,,,,,,6655
rökvilla,na,kvk,Eintala,,,,,,,,fallacy,,,,paralogism,,,,6656
rökvirki,sag,,Eintala,,,,,,,,logical operator,,,,,,,,6657
safn,na,hk,Eintala,,,,,,,,ensemble,,,,,,,,4305
safnast fyrir,sag,,,,,,hlaðast upp,,,,accumulate,,,,,,,,4309
safneðlisfræði,na,kvk,Eintala,,,,safnaflfræði,,,,statistical mechanics,,,,,,,,4310
safnferill,na,kk,Eintala,,,,summuferill,,,,ogive,,,,,,,,4311
safntíðnifall,na,hk,Eintala,,,,,,,"cumulative distribution function, cumulative relative frequency function",cumulative frequency function,,,,,,,,4313
safntíðni,na,kvk,Eintala,,,,hlaðin tíðni,,,,cumulative frequency,,,,,,,,4312
safn,na,hk,Eintala,,,,mengi,,,,(in statistics) aggregate,,,,,,,,4306
safn,na,hk,Eintala,,,,"samsafn, mengi",,,"collection, set",assemblage,,,,,,,,4307
safn,na,hk,Eintala,,,,"samsafn, mengi",,,"assemblage, set",collection,,,,,,,,4308
samanburðarfall,na,hk,Eintala,,,,,,,,contrast,,,,linear contrast,,,,4316
samanburðarhópur,na,kk,Eintala,,,,viðmiðunarhópur,,,,control group,,,,,,,,4317
samanburðarpróf,na,hk,Eintala,,,,,,,,comparison test,,,,majorant criterion,,,,4318
samanburðarsetning,na,kvk,Eintala,,,,,,,,comparability theorem,,,,,,,,4319
samanburður,na,kk,Eintala,,,,,,,,comparison,,,,,,,,4320
samanhangandi mengi,na,hk,Eintala,,,,samhangandi mengi,,,,connected set,,,,,,,,4321
samanhangandi,ls,,,,,,"samhangandi, tengdur",,,,connected,,,,,,,,4322
samantekt,na,,Eintala,,,,"samtak, samtekt",,,"convex linear combination, linear combination, subset",combination,,,,,,,,4323
samása,ls,,Eintala,,,,,,,,coaxial,,,,coaxal,,,,4324
samblástur,na,kk,Eintala,,,,,,,,blowing-down,,,,,,,,4326
sambrigðinn varpi,na,kk,Eintala,,,,meðbrigðinn varpi,,,,covariant functor,,,,,,,,4328
sambrigðinn þinur,na,kk,Eintala,,,,meðbrigðinn þinur,,,,covariant tensor,,,,,,,,4329
sambrigðin afleiða,na,kvk,Eintala,,,,,,,,covariant derivative,,,,,,,,4327
sambrigðni,na,kvk,Eintala,,,,,,,,(in differential geometry) covariance,,,,,,,,4330
sambrigður,ls,kk,Eintala,,,,meðbrigður,,,,covariant,,,,,,,,4331
sambærilegur,ls,kk,Eintala,,,,,,,,comparable,,,,,,,,4325
samdeilir,na,kk,Eintala,,,,,,,greatest common divisor,common divisor,,,,common measure,,,,4332
samdráttur,na,kk,Eintala,,,,,,,"contracted tensor, inner tensor multiplication",(of a tensor) contraction,,,,,,,,4335
samdreginn þinur,na,kk,Eintala,,,,,,,"contraction, inner product",contracted tensor,,,,,,,,4336
samdreifing,na,kvk,Eintala,,,,,,,,joint distribution,,,,,,,,4337
samdrægni,na,,Eintala,,,,herpanleiki,,,,contractibility,,,,,,,,4333
samdrægur,ls,kk,Eintala,,,,herpanlegur,,,,contractible,,,,,,,,4334
sameiginlegt mál,na,hk,Eintala,,,,,,,,common measure,,,,,,,,4339
sameiginlegur þáttur,na,kk,Eintala,,,,,,,,(in factor analysis) common factor,,,,,,,,4340
sameiginleg lóðlína,na,kvk,Eintala,,,,sameiginleg þverlína,,,perpendicular,common perpendicular,,,,,,,,4338
sameinað úrtak,na,hk,Eintala,,,,,,,,combined sample,,,,,,,,4341
samfallandi,ls,,Eintala,,,,,,,,coincident,,,,,,,,4342
samfeldi,na,hk,Eintala,<ref idTerm=3475>Náttúruleg tala</ref> \(n\) kallast \textit{samfeldi} tveggja <ref idTerm=1896>heiltalna</ref> ef þær <ref idTerm=1599>ganga báðar upp í</ref> \(n\).,,,sameiginlegt margfeldi,,,least common multiple,common multiple,,,,,,,,4343
samfella,na,kvk,Eintala,,,,,,,,continuum,,,,,,,,4344
samfelldni,na,kvk,Eintala,,,,,,,,continuity,,,,,,,,4346
samfelldnibil,na,hk,Eintala,,,,,,,,continuity interval,,,,,,,,4350
samfelldnipunktur,na,kk,Eintala,,,,,,,,point of continuity,,,,,,,,4351
samfelldni frá hægri,na,kvk,Eintala,,,,,,,,continuity on the right,,,,,,,,4347
samfelldni frá vinstri,na,kvk,Eintala,,,,,,,,continuity on the left,,,,,,,,4348
samfelldni í jöfnum mæli,na,kvk,Eintala,,,,jöfn samfelldni,,,,uniform continuity,,,,,,,,4349
samfelldur,ls,kk,Eintala,,,,,,,,continuous,,,,,,,,4352
samfelldur á köflum,ls,kk,Eintala,,,,,,,,piecewise continuous,,,,,,,,4353
samfelldur deildanleiki,na,kk,Eintala,,,,samfelldur diffranleiki,,,,continuous differentiability,,,,,,,,4354
samfelldur frá hægri,ls,kk,Eintala,,,,,,,,continuous on the right,,,,"right continuous, right-hand continuous",,,,4355
samfelldur frá vinstri,ls,kk,Eintala,,,,,,,,continuous on the left,,,,"left continuous, left-hand continuous",,,,4356
samfelldur í jöfnum mæli,na,kk,Eintala,,,,,,,,uniformly continuous,,,,,,,,4357
samfelld hending,na,kvk,Eintala,,,,,,,random variable,continuous random variable,,,,,,,,4345
samfellt deildanlegur,ls,kk,Eintala,,,,samfellt diffranlegur,,,,continuously differentiable,,,,,,,,4358
samfellt fall,na,hk,Eintala,,,,,,,,continuous function,,,,,,,,4359
samfellt ferli,na,hk,Eintala,,,,,,,continuous stochastic process,continuous process,,,,,,,,4360
samfellt róf,na,hk,Eintala,,,,,,,,continuous spectrum,,,,,,,,4361
samfellt samleitinn,ls,kk,Eintala,,,,,,,,continuously convergent,,,,,,,,4362
samfellt slembiferli,na,hk,Eintala,,,,,,,continuous process,continuous stochastic process,,,,,,,,4363
samfellufrumsenda Dedekinds,na,kvk,Eintala,,,,"samfellufrumsetning Dedekinds, samfelldnifrumsenda Dedekinds, samfelldnifrumsetning Dedekinds",,,,Dedekind continuity axiom,,,,,,,,4365
samfellufrumsenda Cantors,na,kvk,Eintala,,,,"samfellufrumsetning Cantors, samfelldnifrumsenda Cantors, samfelldnifrumsetning Cantors",,,,Cantor continuity axiom,,,,,,,,4364
samfellufrumsenda,na,kvk,Eintala,,,,"samfellufrumsetning, samfelldnifrumsenda, samfelldnifrumsetning",,,"Cantor continuity axiom, Dedekind continuity axiom",axiom of continuity,,,,continuity axiom,,,,4366
samfellutilgáta,na,kvk,Eintala,,,,,,,"Cantor's continuum hypothesis, general continuum hypothesis, CH",continuum hypothesis,,,,,,,,4367
samfellutilgáta Cantors,na,kvk,Eintala,,,,,,,"continuum hypothesis, general continuum hypothesis, generalized continuum hypothesis",Cantor's continuum hypothesis,,,,,,,,4368
samfylgnifall,na,hk,Eintala,,,,samvikafall,,,,covariance function,,,,,,,,4370
samfylgnifylki,na,hk,Eintala,,,,samvikafylki,,,,covariance matrix,,,,dispersion matrix,,,,4371
samfylgnigreining,na,kvk,Eintala,,,,samvikagreining,,,,analysis of covariance,,,,covariance analysis,,,,4372
samfylgnitala,na,,Eintala,,,,samfylgnivísir,,,,dispersion index,,,,,,,,4373
samfylgni,na,,Eintala,,,,"samdreifni, samvik",,,,(in statistics) covariance,,,,,,,,4369
samgangsform,na,hk,Eintala,,,,,,,,connection form,,,,,,,,4374
samgangshliðrun,na,kvk,Eintala,,,,,,,,(in differiential geometry) parallel displacement,,,,,,,,4375
samgangur,na,kk,Eintala,,,,,,,affine connection,connection,,,,"connexion, transfer",,,,4376
samheldinn,na,kk,Eintala,,,,,,,,coherent,,,,,,,,4377
samheldni,na,kvk,Eintala,,,,,,,,coherence,,,,,,,,4378
samhending,na,kvk,Eintala,,,,,,,,joint random variable,,,,,,,,4379
samhengi,na,hk,Eintala,,,,,,,,connectivity,,,,,,,,4380
samhengi,na,hk,Eintala,,,,,,,,context,,,,,,,,4381
samhengisþáttur,na,kk,Eintala,,,,þáttur,,,,(of a graph) component,,,,"connected component, maximal connected subgraph",,,,4382
samhliðungur,na,kk,Eintala,,,,,,,,parallelepiped,,,,"parallelepipedon, parallelopiped, parallelopipedon",,,,4384
samhliðungur (í \(n\) víddum),na,kk,Eintala,,,,,,,,parallelotope,,,,,,,,4385
samhlutfalla,,,,,,,"í beinu hlutfalli við, í réttu hlutfalli við",,,"inversely proportional, reciprocally proportional",directly proportional,,,,proportional,,,,4386
samhvarfsás,na,kk,Eintala,,,,samhverfuás,,,,axis of symmetry,,,,,,,,4387
samhverfa,na,,Eintala,,,,samhvarf,,,,symmetry,,,,,,,,4392
samhverfing,na,kvk,Eintala,,,,,,,,symmetrization,,,,,,,,4393
samhverfni,na,kvk,Eintala,,,,,,,,symmetry,,,,,,,,4394
samhverft deildaform,na,hk,Eintala,,,,samhverft diffurform,,,,symmetric differential form,,,,,,,,4395
samhverft fall,na,hk,Eintala,,,,,,,,symmetric function,,,,,,,,4396
samhverft fylki,na,hk,Eintala,,,,,,,,symmetric matrix,,,,,,,,4397
samhverft tvílínulegt form,na,hk,Eintala,,,,,,,"inner product, scalar product",symmetric bilinear form,,,,,,,,4398
samhverfugrúpa,na,kvk,Eintala,,,,,,,,group of symmetries,,,,,,,,4399
samhverfugrúpa,na,kvk,Eintala,,,,,,,,symmetry group,,,,,,,,4400
samhverfumiðja,na,kvk,Eintala,,,,samhvarfsmiðja,,,,centre of symmetry,,,,symmetry centre,,,,4401
samhverfur,ls,kk,Eintala,,,,,,,,symmetric,,,,symmetrical,,,,4402
samhverfur mismunur,na,kk,Eintala,,,,,,,,symmetric difference,,,,,,,,4403
samhverfur virki,na,kk,Eintala,,,,,,,,symmetric operator,,,,,,,,4404
samhverfur þinur,na,kk,Eintala,,,,,,,,symmetric tensor,,,,,,,,4405
samhverfuslétta,na,kvk,Eintala,,,,,,,,plane of symmetry,,,,,,,,4406
samhverf algebra,na,kvk,Eintala,,,,,,,,symmetric algebra,,,,,,,,4388
samhverf grúpa,na,kvk,Eintala,,,,,,,,symmetric group,,,,,,,,4389
samhverf margliða,na,kvk,Eintala,,,,,,,,symmetric polynomial,,,,,,,,4390
samhverf vensl,na,hk,Fleirtala,,,,,,,,symmetric relation,,,,,,,,4391
samkvæmni,na,kvk,Eintala,,,,,,,,consistency,,,,consistence,,,,4407
samkvæmt mat,na,hk,Eintala,,,,,,,,consistent estimate,,,,,,,,4408
samkvæmt próf,na,hk,Eintala,,,,,,,,consistent test,,,,,,,,4409
samkvæmur,ls,,Eintala,,,,mótsagnalaus,,,,consistent,,,,,,,,4410
samlagning,na,kvk,Eintala,,,,,,,,addition,,,,,,,,4411
samlagning,na,kvk,Eintala,,,,,,,,summation,,,,,,,,4412
samlagningargrúpa,na,kvk,Eintala,,,,,,,,additive group,,,,,,,,4416
samlagningarhlutleysa,,,,,,,"núllstak, núll",,,,additive identity,,,,"null, null element, zero, zero element",,,,4417
samlagningarlokaður,ls,kk,Eintala,,,,lokaður með tilliti til samlagningar,,,,additively closed,,,,,,,,4418
samlagningarregla,na,kvk,Eintala,,,,,,,,addition formula,,,,addition theorem,,,,4419
samlagningarríki,na,hk,Eintala,,,,,,,,additive category,,,,,,,,4420
samlagningarsetning,na,kvk,Eintala,,,,,,,,addition theorem,,,,,,,,4421
samlagningartafla,na,kvk,Eintala,,,,,,,,addition table,,,,,,,,4422
samlagningarumhverfa,na,kvk,Eintala,"Fyrir gefna <ref idTerm=4093>rauntölu</ref> \(x\) kallast rauntala \(y\) þannig að \(x+y=0\) \textit{samlagningarandhverfa} \(x\), táknuð \(-x\).",Almennt ef \(X\) er <ref idTerm=17>víxlin grúpa</ref> með <ref idTerm=6586>hlutleysu</ref> \(e\) þar sem <ref idTerm=1744>grúpuaðgerðin</ref> er táknuð \(+\) kallast stak \(y\) þannig að \(x+y=e\) samlagningarandhverfa \(x\).,,samlagningarandhverfa,,,inverse,additive inverse,,,,,,,,4423
samlagningar-,pref,,,,,,,,,,additive,,,,,,,,4415
samlagning fjöldatalna,na,kvk,Eintala,,,,,,,,cardinal addition,,,,,,,,4413
samlagning horna,na,kvk,Eintala,,,,hornasamlagning,,,,angle addition,,,,,,,,4414
samlega,na,kvk,Eintala,,,,,,,,coincidence,,,,,,,,4424
samleggjandi,na,kk,Eintala,,,,liður,,,,addend,,,,"summand, term",,,,4425
samleggjanlegur,ls,kk,Eintala,,,,,,,,summable,,,,,,,,4426
samleggjanleiki,na,kk,Eintala,,,,,,,,summability,,,,,,,,4427
samleguaðferð,na,kvk,Eintala,,,,,,,,collocation method,,,,,,,,4428
samleifa,ls,,,,,,,,,,(in number theory) congruent,,,,"congruous, equiresidual",,,,4429
samleitið heildi,na,hk,Eintala,,,,samleitið tegur,,,,convergent integral,,,,,,,,4430
samleitinn,ls,kk,Eintala,,,,,,,,convergent,,,,,,,,4434
samleitinn í hverjum punkti,ls,kk,Eintala,,,,,,,,pointwise convergent,,,,,,,,4435
samleitinn í jöfnum mæli,na,kk,Eintala,,,,,,,,uniformly convergent,,,,,,,,4436
samleitin en ekki alsamleitin,ls,kk,Eintala,,,,,,,,non-absolutely convergent,,,,,,,,4431
samleitin runa,na,kvk,Eintala,,,,,,,,convergent sequence,,,,,,,,4433
samleitin röð,na,kvk,Eintala,,,,,,,,convergent series,,,,,,,,4432
samleitni,na,kvk,Eintala,,,,,,,,convergence,,,,,,,,4437
samleitnibil,na,hk,Eintala,,,,,,,,interval of convergence,,,,,,,,4441
samleitnigeisli,na,kk,Eintala,,,,,,,,radius of convergence,,,,,,,,4442
samleitnihálfslétta,na,kvk,Eintala,,,,,,,,half-plane of convergence,,,,,,,,4443
samleitnihegðun,na,kvk,Eintala,,,,,,,,convergence behaviour,,,,,,,,4444
samleitnihraði,na,kk,Eintala,,,,,,,,convergence rate,,,,,,,,4445
samleitnihringskífa,na,kvk,Eintala,,,,,,,,circle of convergence,,,,,,,,4447
samleitnihringur,na,kk,Eintala,,,,,,,,circle of convergence,,,,,,,,4448
samleitnilína,na,kvk,Eintala,,,,,,,,convergence line,,,,,,,,4449
samleitnimark,na,hk,Eintala,,,,samleitniláhnit,,,,abscissa of convergence,,,,,,,,4450
samleitnimengi,na,hk,Eintala,,,,samleitnisvæði,,,,region of convergence,,,,,,,,4451
samleitnipunktur,na,kk,Eintala,,,,,,,,point of convergence,,,,,,,,4452
samleitniraðstig,na,,Eintala,,,,samleitnistétt,,,,convergence order,,,,order of convergence,,,,4453
samleitniskilyrði,na,hk,Eintala,,,,samleitnipróf,,,,convergence criterion,,,,"convergence test, criterion of convergence",,,,4454
samleitnisvæði,na,hk,Eintala,,,,,,,,convergence domain,,,,,,,,4455
samleitnisvæði,na,hk,Eintala,,,,,,,,domain of convergence,,,,,,,,4456
samleitni fyrstu stéttar,na,kvk,Eintala,,,,,,,,first-order convergence,,,,,,,,4438
samleitni í hverjum punkti,na,kvk,Eintala,,,,,,,,pointwise convergence,,,,,,,,4439
samleitni í jöfnum mæli,na,kvk,Eintala,,,,jöfn samleitni,,,,uniform convergence,,,,,,,,4440
samliggjandi heilar tölur (í vaxandi röð),na,kvk,Fleirtala,,,,,,,,successive integers,,,,,,,,4457
samliggjandi,ls,,,,,,í röð,,,,consecutive,,,,,,,,4458
samlína,,,,,,,á sömu línu,,,,collinear,,,,,,,,4459
samlínuleiki,na,,Eintala,,,,línulega ({\it kvk.}),,,,collinearity,,,,,,,,4460
samlínumótun,na,kvk,Eintala,,,,samlínuvörpun,,,"linear projective mapping, projectivity, projective mapping, projective transformation",collineation,,,,"collineatory transformation, homography",,,,4461
sammengi,na,hk,Eintala,\textit{Sammengi} tveggja <ref idTerm=3270>mengja</ref> \(A\) og \(B\) er mengi þeirra <ref idTerm=5128>staka</ref> sem eru að minnsta kosti í öðru þeirra. Þetta mengi er táknað með \(A \cup B\) (lesið: \(A\) sam \(B\)) og það má rita á forminu \[ A \cup B = \{x \mid x \in A \text{ eða } x \in B\}. \],"Á <ref idTerm=6050>Venn-myndinni</ref> hér að neðan er \(A \cup B\) litað rautt:\n\n\begin{center}\n\includegraphics[width=150px]{myndir/sammengi.png}\n\end{center}\n\nTil að einfalda rithátt er sammengi \(n\) mengja \(A_1 \cup A_2 \cup \cdots \cup A_n\) oft ritað á forminu \(\bigcup_{i=1}^n A_i\).\n\nSammengi eru <ref idTerm=5472>tengin</ref> og <ref idTerm=6228>víxlin</ref>, þ.e. fyrir öll mengi \(A\), \(B\) og \(C\) gildir að \[ (A \cup B) \cup C = A \cup (B \cup C) \quad \text{og} \quad A \cup B = B \cup A. \] Jafnframt eru sammengi <ref idTerm=722>dreifin</ref> yfir <ref idTerm=4928>sniðmengi</ref>, þ.e. fyrir öll mengi \(A\), \(B\) og \(C\) gildir að \[ A \cup (B \cap C) = (A \cup B) \cap (A \cup C) \quad \text{og} \quad (B \cap C) \cup A = (B \cup A) \cap (C \cup A). \] Loks gildir fyrir öll mengi \(A\) að \(A \cup \varnothing = A\) og \(A \cup A = A\).",,,,,,(of sets) join,,,,union,,,,4464
sammengisfrumsenda,na,kvk,Eintala,,,,"sammengisfrumsetning, frumsenda um sammengi, frumsetning um sammengi",,,,axiom of union,,,,,,,,4465
sammengismerki,na,hk,Eintala,,,,sammengistákn,,,,sign of union,,,,,,,,4466
sammerking,na,kvk,Eintala,,,,,,,,parity,,,,,,,,4467
sammiðja,na,kvk,Eintala,,,,,,,,concentric,,,,,,,,4468
sammælanlegur,ls,kk,Eintala,,,,,,,,commensurable,,,,,,,,4462
sammælanleiki,na,kk,Eintala,,,,,,,,commensurability,,,,,,,,4463
samnefnari,na,kk,Eintala,,,,,,,,common denominator,,,,,,,,4469
samnefnd brot,na,hk,Fleirtala,,,,,,,,similar fractions,,,,,,,,4470
samneitun,na,kvk,Eintala,,,,sameiginleg neitun,,,,joint denial,,,,"non-disjunction, rejection",,,,4471
samoka,ls,,,,,,,,,,conjugate,,,,,,,,4475
samoka algebruleg tala,na,kvk,Eintala,,,,,,,algebraic conjugate,conjugate algebraic number,,,,,,,,4476
samoka fylki,na,hk,Eintala,,,,,,,,conjugate matrix,,,,,,,,4477
samoka hlutgrúpa,na,kvk,Eintala,,,,,,,,conjugate subgroup,,,,,,,,4478
samoka latneskur ferningur,na,kk,Eintala,,,,,,,,conjugate Latin square,,,,,,,,4479
samoka miðstrengur,na,kk,Eintala,,,,,,,,(of a central conic) conjugate diameter,,,,,,,,4480
samoka röðun,na,kvk,Eintala,,,,,,,,conjugate ranking,,,,,,,,4481
samoka stak,na,hk,Eintala,,,,,,,,conjugate element,,,,conjugate,,,,6658
samoka virki,na,kk,Eintala,,,,,,,,conjugate operator,,,,,,,,4482
samoka þýtt fall,na,hk,Eintala,,,,,,,,conjugate harmonic function,,,,,,,,4483
samokun,na,kvk,Eintala,,,,,,,,complex conjugation,,,,conjugation,,,,4484
samokunarflokkur,na,kk,Eintala,,,,,,,,conjugacy class,,,,"conjugate class, conjugation class",,,,4485
samok,na,hk,Eintala,,,,samoka fall,,,,(of a function) complex conjugate,,,,conjugate,,,,4472
samok,na,hk,Eintala,,,,samoka fylki,,,,(of a matrix) complex conjugate,,,,conjugate,,,,4473
samok,na,,Eintala,,,,"samoka tala, samoka tvinntala",,,,(of a number) complex conjugate,,,,"conjugate, conjugate complex number",,,,4474
sampunkta,,,,,,,sem liggja gegnum sama punkt,,,,concurrent,,,,copunctal,,,,4486
sampunktleiki,na,kk,Eintala,,,,,,,,concurrence,,,,,,,,4487
samruna,ls,,,,,,,,,,confluent,,,,,,,,4488
samrýmanlegur,ls,kk,Eintala,,,,,,,,compatible,,,,,,,,4489
samrýmanleiki,na,kk,Eintala,,,,,,,,compatibility,,,,,,,,4490
samrýndur bútur,na,kk,Eintala,,,,,,,nonconforming element,conforming element,,,,,,,,4492
samrýnd fjölskylda,na,kvk,Eintala,,,,,,,,normal family,,,,,,,,4491
samsama,sag,,,,,,,,,,identify,,,,,,,,4493
samsemd,na,kvk,Eintala,,,,,,,identity relation,equality,,,,identity,,,,4494
samsemdarmótun,na,kvk,Eintala,,,,,,,,identity morphism,,,,,,,,4495
samsemdarsetning,na,kvk,Eintala,,,,,,,,identity theorem,,,,,,,,4496
samsemdarvensl,na,hk,Fleirtala,,,,,,,"equality, identity",identity relation,,,,,,,,4497
samsemdarvörpun,na,kvk,Eintala,"<ref idTerm=3282>Vörpun</ref> \(f\) sem varpar sérhverju <ref idTerm=5128>staki</ref> úr <ref idTerm=3270>mengi</ref> \(X\) í sjálft sig, það er \(f(x)=x\) fyrir öll \(x \in X\). Táknuð \(\mathrm{id}_X\).",,,,,,,identity mapping,,,,identity function,,,,4498
samsettur atburður,na,kk,Eintala,,,,,,,,compound event,,,,,,,,4504
samsettur,ls,kk,Eintala,,,,þættanlegur,,,,composite,,,,,,,,4505
samsett dreifing,na,kvk,Eintala,,,,,,,,compound distribution,,,,"composite distribution, mixed distribution, superposition of distributions",,,,4499
samsett Markoff-keðja,na,kvk,Eintala,,,,,,,,composite Markov chain,,,,,,,,4500
samsett tala,na,kvk,Eintala,,,,þættanleg tala,,,,composite number,,,,,,,,4501
samsett tilgáta,na,kvk,Eintala,,,,,,,,composite hypothesis,,,,,,,,4502
samsett þríliða,na,kvk,Eintala,,,,,,,,chain method,,,,compound rule of three,,,,4503
samsíða leggur,na,kk,Eintala,,,,,,,multiple edge,(in a graph) parallel edge,,,,,,,,4506
samsíða lína,na,kvk,Eintala,,,,,,,,parallel line,,,,,,,,4507
samsíða ofanvarp,na,hk,Eintala,,,,,,,,parallel projection,,,,,,,,4508
samsíða,ls,,,,,,samhliða,,,,parallel,,,,,,,,4509
samsíðufrumsenda,na,kvk,Eintala,,,,"samsíðufrumsetning, frumsetning um samsíða línur, frumsenda um samsíða línur",,,,axiom of parallels,,,,parallel postulate,,,,4510
samsíðuhorn,na,hk,Eintala,,,,,,,,angle of parallelism,,,,parallel angle,,,,4511
samsíðungsjafna,na,kvk,Eintala,,,,,,,,parallelogram identity,,,,,,,,4512
samsíðungsregla,na,kvk,Eintala,,,,,,,,parallelogram law,,,,,,,,4513
samsíðungur,na,kk,Eintala,<ref idTerm=1127>Ferhyrningur</ref> þar sem sérhver <ref idTerm=2048>hlið</ref> er <ref idTerm=4509>samsíða</ref> <ref idTerm=3396>mótlægri hlið</ref> sinni.,Eftirfarandi er mynd af samsíðungi:\n\n\begin{center}\n\includegraphics[width=150px]{myndir/samsidungur.png}\n\end{center},,,,,,parallelogram,,,,,,,,4514
samsíðuskipan,na,hk,Eintala,,,,,,,,(in elementary geometry) parallelism,,,,,,,,4515
samskeytanlegur,ls,kk,Eintala,,,,,,,,composable,,,,,,,,4516
samskeyting,na,kvk,Eintala,,,,,,,"composite function, composite mapping",composite,,,,,,,,4517
samskeyting,na,kvk,Eintala,Fyrir <ref idTerm=3282>varpanir</ref> \(f: X \to Y\) og \(g: Y \to Z\) kallast vörpunin \(g \circ f: X \to Z\) sem skilgreind er með forskriftinni \((g \circ f)(x) = g(f(x))\) \textit{samskeyting} varpananna \(f\) og \(g\).,<ref idTerm=6050>Venn-myndin</ref> að neðan sýnir varpanir \(f: X \to Y\) og \(g: Y \to Z\) og samskeytingu þeirra \(g \circ f: X \to Z\):\n\n\begin{center}\n\includegraphics[width=150px]{myndir/samskeyting.png}\n\end{center},,,,,,composition,,,,,,,,4518
samskeyttur,ls,kk,Eintala,,,,,,,,composite,,,,,,,,4521
samskeytt fall,na,hk,Eintala,,,,,,,composite,composite function,,,,,,,,4519
samskeytt vörpun,na,kvk,Eintala,,,,,,,composite,composite mapping,,,,,,,,4520
samskrepping,na,kvk,Eintala,,,,,,,,shrinking,,,,,,,,4522
samslétta,ls,,,,,,í sömu sléttu,,,,coplanar,,,,,,,,4523
samslyngir,na,kk,Eintala,,,,,,,,intertwiner,,,,,,,,4524
samslyngja,sag,,,,,,"samhlekkja, hlekkja saman",,,,interlace,,,,intertwine,,,,4525
samsniðafrumsenda,na,kvk,Eintala,,,,,,,,axiom of congruence,,,,congruence axiom,,,,4530
samsniða fylki,na,hk,Eintala,,,,,,,,congruent matrix,,,,,,,,4527
samsniða myndir,na,kvk,Fleirtala,,,,"aljafnar myndir, eins myndir",,,,congruent figures,,,,,,,,4528
samsniða,ls,,,,,,"aljafn, eins",,,"directly congruent, inversely congruent, oppositely congruent",(in geometry) congruent,,,,"congruous, superposable",,,,4529
samsnið,na,,Eintala,,,,aljöfnuður,,,,(in geometry) congruence,,,,,,,,4526
samstak,na,hk,Eintala,,,,ok,,,"least upper bound, lowest upper bound, meet, supremum",(in a lattice) join,,,,,,,,4532
samstétta,ls,,,,,,,,,cardinality,equipotent,,,,"equipollent, equinumerous, equivalent",,,,4533
samstíga,ls,,,,,,,,,,simultaneous,,,,,,,,4534
samstíga hornalínugerningur,na,kk,Eintala,,,,,,,,simultaneous diagonalization,,,,,,,,4535
samstríkkaðar myndir,na,kvk,Fleirtala,,,,,,,,homothetic figures,,,,,,,,4536
samsvarandi,ls,,Eintala,,,,,,,,corresponding,,,,,,,,4537
samsvarandi horn,na,hk,Eintala,,,,,,,,corresponding angles,,,,,,,,4538
samsvipa,ls,,,,,,,,,,homologous,,,,,,,,4539
samsvipur,na,kk,Eintala,,,,,,,,(in topology) homology,,,,,,,,4540
samsvörun,na,kvk,Eintala,<ref idTerm=5705>Tvístæð vensl</ref> milli tveggja <ref idTerm=3270>mengja</ref> þar sem sérhvert <ref idTerm=5128>stak</ref> í öðru hvoru menginu er venslað við nákvæmlega eitt stak í hinu menginu.,Ef við lítum á <ref idTerm=3282>vörpun</ref> milli mengja \(X\) og \(Y\) sem vensl þá jafngildir samsvörun milli \(X\) og \(Y\) <ref idTerm=1586>gagntækri vörpun</ref>.,,,,,,correspondence,,,,,,,,4541
samsömun,na,kvk,Eintala,,,,,,,,identification,,,,,,,,4531
samtakagrannfræði,na,kvk,Eintala,,,,"samtektagrannfræði, fléttugrannfræði",,,,combinatorial topology,,,,,,,,4542
samtakarúmfræði,na,kvk,Eintala,,,,"samtektarúmfræði, flétturúmfræði",,,,combinatorial geometry,,,,,,,,4543
samtenging,na,,Eintala,,,,"tenging, tengill",,,,connective,,,,"connective symbol, propositional connective, sentential connective, truth-functional connective",,,,4544
samtoga,ls,,,,,,,,,,homotopic,,,,,,,,4545
samtogunarflokkur,na,kk,Eintala,,,,togflokkur,,,,homotopy class,,,,,,,,4547
samtogunarlyfting,na,kvk,Eintala,,,,togunarlyfting,,,,homotopy lifting,,,,,,,,4548
samtogun,na,kvk,Eintala,,,,togun,,,isotopy,homotopy,,,,homotopic deformation,,,,4546
samur,ls,kk,Eintala,,,,,,,"equal, identical",same,,,,,,,,4549
samur,ls,kk,Eintala,,,,"alsamur, aljafn",,,same,equal,,,,"identical, identically equal",,,,4550
samþáttur,na,kk,Eintala,,,,sameiginlegur þáttur,,,,(in number theory) common factor,,,,,,,,4553
samþætting,na,kvk,Eintala,,,,,,,,confounding,,,,,,,,4551
samþættur,ls,kk,Eintala,,,,,,,,confounded,,,,,,,,4552
sanna,sag,,,,,,,,,,demonstrate,,,,prove,,,,4554
sannanafræði,na,kvk,Eintala,,,,,,,,proof theory,,,,,,,,4555
sannanlegur,ls,kk,Eintala,,,,,,,,demonstrable,,,,provable,,,,4557
sannanleg segð,na,kvk,Eintala,,,,"sannanleg yrðing, sannanleg fullyrðing",,,theorem,provable formula,,,,,,,,4556
sannanleiki,na,kk,Eintala,,,,,,,,demonstrability,,,,provability,,,,4558
sannfall,na,hk,Eintala,,,,,,,,truth function,,,,,,,,4559
sanngildi,na,hk,Eintala,Í <ref idTerm=4642>sígildri rökfræði</ref> er sérhver <ref idTerm=1515>yrðing</ref> annaðhvort \textit{sönn} eða \textit{ósönn} en kallast það \textit{sanngildi} yrðingarinnar.,"Sanngildi eru ýmist táknuð með \(1,T\) eða \(\top\) þegar um sannar yrðingar er að ræða en annars \(0,F\) eða \(\bot\).",,,,,,truth value,,,,,,,,4560
sanngjarn leikur,na,kk,Eintala,,,,,,,unfair game,fair game,,,,,,,,4561
sannleikapróf,na,hk,Eintala,,,,sannpróf,,,,truth criterion,,,,,,,,4562
sannleiki,na,kk,Eintala,,,,,,,,truth,,,,validity,,,,4563
sanntafla,na,kvk,Eintala,,,,,,,,truth table,,,,,,,,4564
sannur,ls,kk,Eintala,Sjá <ref idTerm=4560>sanngildi</ref>.,,,,,,,TRUE,,,,,,,,6659
sáldur,na,hk,Eintala,,,,,,,,sieve,,,,,,,,4314
sáldur Eratosþenesar,na,hk,Eintala,,,,,,,,crib of Eratosthenes,,,,sieve of Eratosthenes,,,,4315
segð,na,kvk,Eintala,,,,,,,"meaningful formula, proposition, sentence, statement, well-formed formula",(in logic) formula,,,,,,,,4566
seinni teljanleikafrumsendan,na,kvk,Eintala,,,,,,,,second axiom of countability,,,,,,,,4567
seintekinn,ls,kk,Eintala,,,,,,,coinitial,cofinal,,,,,,,,4568
sekans,na,kk,Eintala,,,,,,,sec,secant,,,,,,,,4569
sekúnda,na,kvk,Eintala,,,,,,,"centesimal second, sexagesimal second",second,,,,,,,,4570
sekúnda,na,kvk,Eintala,,,,"hornsekúnda, bogasekúnda",,,"second of angle, second of arc",sexagesimal second,,,,,,,,4571
sem gera átti,,,,,,,,,,q. e. f.,quod erat faciendum,,,,,,,,4572
sem sanna átti,,,,,,,,,,q. e. d.,quod erat demonstrandum,,,,,,,,4573
sem snertir að innan,,,,,,,sem snertir að innanverðu,,,,internally tangent,,,,,,,,4574
sem snertir að utan,,,,,,,sem snertir utan frá,,,,externally tangent,,,,,,,,4575
sennileikaaðferð,na,kvk,Eintala,,,,,,,,method of maximum likelihood,,,,,,,,4576
sennileikahlutfall,na,hk,Eintala,,,,líknahlutfall,,,,likelihood ratio,,,,,,,,4577
sennileikamat,na,hk,Eintala,,,,,,,,maximum likelihood estimate,,,,,,,,4578
sennileikamat,na,hk,Eintala,,,,,,,,maximum likelihood estimation,,,,,,,,4579
sennileikametill,na,kk,Eintala,,,,,,,,maximum likelihood estimator,,,,,,,,4580
sennileiki,na,,,,,,líkur,,,probability,likelihood,,,,,,,,4581
setafall Riemanns,na,hk,Eintala,,,,"zetafall Riemanns, \(\zeta\)-fall Riemanns",,,,Riemann's zeta function,,,,Riemann zeta function,,,,4604
setafall,na,hk,Eintala,,,,"zetafall, \(\zeta\)-fall",,,,zeta function,,,,,,,,4605
setja,sag,,,,,,,,,,set,,,,,,,,4606
setja inn,sag,,,,,,,,,replace,substitute,,,,,,,,4609
setja í staðinn,sag,,,,,,setja inn,,,substitute,replace,,,,,,,,4607
setja í sviga,sag,,,,,,,,,,parenthesize,,,,,,,,4608
setja jafnt,sag,,,,,,,,,,equate,,,,,,,,4610
setja út horn,sag,,,,,,,,,,mark off angles,,,,,,,,4611
setja út strik,sag,,,,,,,,,,mark off segments,,,,,,,,4612
setning,na,kvk,Eintala,,,,,,,theorem,proposition,,,,,,,,4613
setning,na,kvk,Eintala,,,,,,,"proposition, provable formula",theorem,,,,,,,,4614
setningin um fjóra hvirfilpunkta,na,kvk,Eintala,,,,,,,vertex,four-vertex theorem,,,,,,,,4622
setningin um níupunktahringinn,na,kvk,Eintala,,,,,,,,Feuerbach's theorem,,,,nine-point circle theorem,,,,4623
setningin um ytra horn,na,kvk,Eintala,<ref idTerm=4621>Setning</ref> í <ref idTerm=1030>Evklíðskri rúmfræði</ref> sem segir að <ref idTerm=6295>ytra horn</ref> <ref idTerm=6438>þríhyrnings</ref> sé jafn <ref idTerm=2223>stórt</ref> og <ref idTerm=2225>summa</ref> <ref idTerm=1205>fjarlægari innri horna</ref>.,Látum \(ABC\) vera þríhyrning þar sem \(\angle BAC\) er \(35^\circ\) og \(\angle ACB\) er \(30^\circ\). Bæði <ref idTerm=1677>grannhorn</ref> \(\angle CBA\) eru þá \(35^\circ + 30^\circ = 65^\circ\) samkvæmt setningunni um ytra horn.,,,,,,exterior angle theorem,,,,,,,,4624
setning um einhalla samleitni,na,kvk,Eintala,,,,,,,,monotone convergence theorem,,,,,,,,4615
setning um fólgin föll,na,kvk,Eintala,,,,,,,,implicit function theorem,,,,,,,,4616
setning um lokað varprit,na,kvk,Eintala,,,,,,,,closed graph theorem,,,,,,,,4617
setning um opna vörpun,na,kvk,Eintala,,,,,,,,open mapping theorem,,,,,,,,4618
setning um ótvíræða þáttun,na,kvk,Eintala,,,,,,,,unique factorization theorem,,,,,,,,4619
setning um staðbundið markgildi,na,kvk,Eintala,,,,,,,,local limit theorem,,,,,,,,4620
setning,na,kvk,Eintala,,,,"meginsetning, höfuðsetning",,,"addition theorem, altitude theorem, approximation theorem, Baire category theorem, Banach's fixed point theorem, Bayes's theorem, binomial theorem, category theorem of Baire, Cauchy's theorem, central limit theorem, Chinese remainder theorem, closed graph theorem, comparability theorem, completeness theorem, congruence theorem, dual theorem, duality theorem, exchange theorem, existence theorem, Fermat's last theorem, Fermat's little theorem, Feuerbach's theorem, fixed point theorem, four squares theorem, four-colour theorem, four-vertex theorem, fundamental theorem of algebra, fundamental theorem of arithmetic, fundamental theorem of calculus, gap theorem, Gödel's completeness theorem, Gödel's incompleteness theorem, great Picard theorem, identity theorem, implicit function theorem, index theorem, integral theorem, intermediate value theorem, inverse mapping theorem, inverse probability theorem, isomorphism theorem, isomorphy theorem, law, limit theorem, little Fermat theorem, little Picard theorem, local limit theorem, major theorem of Desargues, marriage theorem, matching theorem, mean value theorem, metatheorem, metrization theorem, minimax theorem, minor theorem of Desargues, monodromy theorem, monotone convergence theorem, multinomial theorem, multiplication theorem, nine-point circle theorem, object theorem, open mapping theorem, Pappus's theorem, Poisson's limit theorem, preparation theorem, prime number theorem, principal axes theorem, principal ideal theorem, Pythagoras's theorem, Pythagorean theorem, remainder theorem, residue theorem, Riemann mapping theorem, Riemann's rearrangement theorem, Riesz representation theorem, spectral theorem, Steinitz exchange theorem, structure theorem, Tauberian theorem, two squares theorem, undecidability theorem, uniformization theorem, unique existence theorem, unique factorization theorem, uniqueness theorem, well-ordering theorem",theorem,,,,,,,,4621
sexflötungur,na,kk,Eintala,<ref idTerm=3133>Margflötungur</ref> með sex <ref idTerm=1325>hliðar</ref>.,,,,,,,hexahedron,,,,,,,,4625
sexhyrndur,ls,kk,Eintala,,,,,,,,hexagonal,,,,,,,,4626
sexhyrningstala,na,kvk,Eintala,,,,sexhyrnd tala,,,figurate number,hexagonal number,,,,,,,,4627
sexhyrningur,na,kk,Eintala,<ref idTerm=3161>Marghyrningur</ref> með sex <ref idTerm=2048>hliðar</ref>.,,,,,,,hexagon,,,,,,,,4628
sexstrendingur,na,kk,Eintala,,,,,,,,hexagonal prism,,,,,,,,4629
sextándakerfi,na,hk,Eintala,"<ref idTerm=6668>Talnaritunarkerfi</ref> með grunntölu 16. Oft notað <ref idTerm=5538>tölustafina</ref> 0-9 og síðan \(A,B,C,D,E\) og \(F\) fyrir tölurnar \(10,11,12,13,14\) og 15.",,,,,,,hexadecimal numeration system,,,,sexadecimal numeration system,,,,4630
sextugakerfi,na,hk,Eintala,,,,,,,,sexagesimal numeration system,,,,,,,,4631
sexund,na,kvk,Eintala,,,,,,,,sextuple,,,,,,,,4632
sérfræðingur í algebru,na,kk,Eintala,,,,,,,,algebraist,,,,algebrist,,,,4582
sérfræðingur í stærðfræðigreiningu,na,kk,Eintala,,,,,,,,analyst,,,,,,,,4583
sérlausn,na,kvk,Eintala,,,,,,,,singular solution,,,,,,,,4584
sérlausn,na,kvk,Eintala,,,,sérstök lausn,,,particular solution,particular integral,,,,partial integral,,,,4585
sérlausn,na,kvk,Eintala,,,,sérstök lausn,,,particular integral,particular solution,,,,partial solution,,,,4586
sérstaða,na,kvk,Eintala,,,,sérstæða,,,,singularity,,,,,,,,4587
sérstakt gildi,ls,hk,Eintala,,,,,,,,particular value,,,,"special value, specific value",,,,4596
sérstæður,ls,kk,Eintala,,,,,,,,singular,,,,,,,,4592
sérstæður ferill,na,kk,Eintala,,,,,,,,singular curve,,,,,,,,4593
sérstæður línulegur virki,na,kk,Eintala,,,,óandhverfanlegur línulegur virki,,,,singular linear operator,,,,,,,,4594
sérstæð hjásvipfræði,na,kvk,Eintala,,,,,,,,singular cohomology,,,,,,,,4588
sérstæð keðja,na,kvk,Eintala,,,,,,,,singular chain,,,,,,,,4589
sérstæð rás,na,kvk,Eintala,,,,,,,,singular cycle,,,,,,,,4590
sérstæð svipfræði,na,kvk,Eintala,,,,,,,,singular homology,,,,,,,,4591
sérstætt fylki,na,hk,Eintala,,,,"óandhverfanlegt fylki, óumhverfanlegt fylki, óreglulegt fylki",,,,non-invertible matrix,,,,singular matrix,,,,4595
sérstöðuleg,na,hk,Eintala,,,,,,,,singular locus,,,,,,,,4597
sérstöðupunktur,na,kk,Eintala,,,,,,,isolated singular point,singular point,,,,singularity,,,,4598
sérstök línuleg grúpa,na,kvk,Eintala,,,,,,,unimodular group,special linear group,,,,,,,,4599
sértak,na,hk,Eintala,,,,,,,,abstraction,,,,,,,,4601
sértekinn,ls,kk,Eintala,,,,,,,,abstract,,,,,,,,4602
sértekning,na,kvk,Eintala,,,,hlutfirring,,,,abstraction,,,,,,,,4603
sértækur,ls,kk,Eintala,,,,"óhlutbundinn, hlutfirrtur",,,,abstract,,,,,,,,4600
sigð,na,kvk,Eintala,,,,,,,biangle,lune,,,,,,,,4636
sigð Hippókratesar,na,kvk,Eintala,,,,,,,,crescent of Hippocrates,,,,"Hippocrates's lune, lunula Hippocratis, lunula of Hippocrates",,,,4637
sigð,na,kvk,Eintala,,,,hringbogasigð,,,,circular lune,,,,,,,,4638
sigma-algebra,na,kvk,Eintala,,,,,,,,sigma-algebra,,,,,,,,4644
Simpson-regla,na,kvk,Eintala,,,,,,,,parabolic method,,,,"parabolic rule, Simpson's rule",,,,4646
sía,na,kvk,Eintala,,,,,,,,filter,,,,,,,,4633
síaður,ls,kk,Eintala,,,,,,,,filtered,,,,,,,,4634
síðasta setning Fermats,na,kvk,Eintala,,,,,,,,Fermat's last theorem,,,,,,,,4635
sígild aflfræði,na,kvk,Eintala,,,,,,,,classical mechanics,,,,,,,,4639
sígild grúpa,na,kvk,Eintala,,,,,,,,classical group,,,,,,,,4640
sígild mengjafræði,na,kvk,Eintala,,,,mengjafræði Cantors,,,naive set theory,Cantorian set theory,,,,classical set theory,,,,4641
sígild rökfræði,na,kvk,Eintala,,,,,,,,classical logic,,,,,,,,4642
sígild yrðingarökfræði,na,kvk,Eintala,,,,,,,,classical propositional logic,,,,,,,,4643
síkveða,na,kvk,Eintala,,,,,,,,permanent,,,,,,,,4645
sínus,na,kk,Eintala,"Fyrir <ref idTerm=4173>rétthyrndan þríhyrning</ref> \(ABC\) þar sem \(C\) er <ref idTerm=4167>rétt horn</ref> er <ref idTerm=2202>hornafallið</ref> \textit{sínus} af <ref idTerm=2198>horninu</ref> \(A\), táknað \(\sin(A)\), skilgreint sem <ref idTerm=2072>hlutfallið</ref> milli <ref idTerm=2860>lengd</ref> <ref idTerm=3396>mótlægrar</ref> <ref idTerm=4725>skammhliðar</ref> og lengd <ref idTerm=2789>langhliðar</ref>. Sjá eftirfarandi mynd: \n\n\begin{center}\n\includegraphics[width=150px]{myndir/hornafoll.png}\n\end{center}",Eftirfarandi mynd sýnir hluta <ref idTerm=2955>grafs</ref> sínusarfallsins: \n\n\begin{center}\n\includegraphics[width=150px]{myndir/sin.png}\n\end{center},,,,,sin,sine,,,,,,,,4647
sínusferill,na,kk,Eintala,,,,,,,,sine curve,,,,sinusoid,,,,4648
sínusregla,na,kvk,Eintala,"Um <ref idTerm=6438>þríhyrning</ref> \(\Delta ABC\) gildir \textit{sínusreglan} \(\) \frac{\sin(A)}{a}=\frac{\sin(B)}{b}= \frac{\sin(C)}{c}, \(\) þ.e.~<ref idTerm=2072>hlutfallið</ref> <ref idTerm=3332>milli</ref> <ref idTerm=4647>sínusar</ref> af <ref idTerm=2198>horni</ref> þríhyrnings og <ref idTerm=3396>mótlægrar hliðar</ref> hornsins það sama fyrir öll hornin.",Þetta hlutfall er einnig jafnt \(\frac{1}{2 R}\) þar sem \(R\) er <ref idTerm=2295>geisli</ref> <ref idTerm=5784>umritaðs hrings</ref> þríhyrningsins.,,,,,,law of sines,,,,"sine law, sine rule",,,,4649
sínusvefja,na,kvk,Eintala,,,,,,,,sine spiral,,,,,,,,4650
síósanna,na,kvk,Eintala,,,,,,,,contradiction,,,,identically false formula,,,,4651
sísanna,na,kvk,Eintala,,,,,,,,identically true formula,,,,"tautology, universally valid formula",,,,4652
sísannur,ls,kk,Eintala,,,,,,,,tautological,,,,,,,,4653
sístætt ástand,na,hk,Eintala,,,,æstætt ástand,,,,stationary state,,,,,,,,4654
sístætt ferli,na,hk,Eintala,,,,"æstætt ferli, jafnvægisferli, ferli í jafnvægi",,,,stationary process,,,,,,,,4655
sístætt Markov-ferli,na,hk,Eintala,,,,"æstætt Markov-ferli, Markov-ferli í jafnvægi",,,,stationary Markov process,,,,,,,,4656
sístætt streymi,na,hk,Eintala,,,,"æstætt streymi, jafnvægisstreymi",,,,stationary flow,,,,,,,,4657
síugrunnur,na,kk,Eintala,,,,,,,,filter base,,,,,,,,4658
síun,na,kvk,Eintala,,,,,,,,filtering,,,,filtration,,,,4659
sívalningsflötur,na,kk,Eintala,<ref idTerm=3279>Faldmengi</ref> \(\mathcal{C} \times I\) þar sem \(\mathcal{C} \in \mathbb{R}^2\) er <ref idTerm=1131>ferill</ref> og \(I \subseteq \mathbb{R}\).,,,,,,,cylindrical surface,,,,,,,,4660
sívalningshnit,na,hk,Fleirtala,,,,,,,,cylindrical coordinates,,,,,,,,4661
sívalningsstúfur,na,kk,Eintala,,,,stýfður sívalningur,,,,truncated cylinder,,,,,,,,4662
sívalningur,na,kk,Eintala,,,,,,,,cylinder,,,,,,,,4663
sjaldgæfur atburður,na,kk,Eintala,,,,,,,,rare event,,,,,,,,4664
sjálfgefin lausn,na,kvk,Eintala,,,,,,,,canonical solution,,,,,,,,4665
sjálfhverfa,na,kvk,Eintala,,,,sjálfhverf vörpun,,,,involution,,,,involutory mapping,,,,4667
sjálfhverfni,na,kvk,Eintala,,,,spegilvirkni,,,,reflexivity,,,,,,,,4668
sjálfhverft Banach-rúm,na,hk,Eintala,,,,,,,,reflexive Banach space,,,,,,,,4669
sjálfhverfumiðja,na,kvk,Eintala,,,,,,,,centre of involution,,,,,,,,4670
sjálfhverfur,ls,kk,Eintala,,,,,,,,involutory,,,,,,,,4671
sjálfhverfur,ls,kk,Eintala,,,,spegilvirkur,,,,reflexive,,,,reflective,,,,4672
sjálfhverf vensl,na,hk,Fleirtala,,,,spegilvirk vensl,,,,reflexive relation,,,,,,,,4666
sjálfmótanagrúpa,na,kvk,Eintala,,,,,,,,automorphism group,,,,,,,,4674
sjálfmótanagrúpa,na,kvk,Eintala,,,,,,,,group of automorphisms,,,,,,,,4675
sjálfmóta fall,na,hk,Eintala,,,,,,,,automorphic function,,,,,,,,4673
sjálfmótun,na,kvk,Eintala,,,,,,,,automorphism,,,,,,,,4676
sjálfnykraður,ls,kk,Eintala,,,,,,,,self-dual,,,,,,,,4677
sjálfoka fylki,na,hk,Eintala,,,,hermískt fylki,,,,hermitian matrix,,,,self-adjoint matrix,,,,4678
sjálfoka virki,na,kk,Eintala,,,,,,,,self-adjoint operator,,,,,,,,4679
sjálfoka,ls,,,,,,sjálftengdur,,,"adjoint, hermitian",self-adjoint,,,,,,,,4680
sjálfskautaður þríhyrningur,na,kk,Eintala,,,,,,,,self-polar triangle,,,,,,,,4681
sjálfskerandi,ls,,,,,,,,,,self-intersecting,,,,,,,,4682
sjálfskerandi ferhliðungur,ls,kk,Eintala,,,,,,,,reflex quadrilateral,,,,,,,,4683
sjálfskerandi marghyrningur,na,kk,Eintala,,,,,,,,reflex polygon,,,,self-intersecting polygon,,,,4684
sjálfskurðarpunktur,na,kk,Eintala,,,,,,,,self-intersection point,,,,,,,,4685
sjálfskurður,na,kk,Eintala,,,,,,,,self-intersection,,,,,,,,4686
sjálfstýring,na,kvk,Eintala,,,,,,,,automatic control,,,,,,,,4687
sjálfsvipaður,ls,kk,Eintala,,,,,,,,self-similar,,,,,,,,4688
sjálfsvipur,na,kk,Eintala,,,,,,,,selfsimilarity,,,,,,,,4689
sjálfvalda,ls,,,,,,,,,,idempotent,,,,,,,,4690
sjálfvalda stak,na,hk,Eintala,,,,,,,,idempotent element,,,,,,,,4691
sjálfvirki,na,kk,Eintala,,,,,,,,automaton,,,,,,,,4692
sjálfvirkjafræði,na,kvk,Eintala,,,,,,,,automata theory,,,,,,,,4693
sjálfvirkur,ls,kk,Eintala,,,,,,,,automatic,,,,,,,,4694
sjálfþver,ls,,,,,,,,,,isotropic,,,,,,,,4695
sjálfþver vigur,na,kk,Eintala,,,,,,,,isotropic vector,,,,null vector,,,,4696
sjóndeildarjaðar,na,kk,Eintala,,,,,,,,ideal boundary,,,,,,,,4700
sjóndeildarlína,na,kvk,Eintala,,,,,,,,ideal line,,,,"infinite line, line at infinity",,,,4701
sjóndeildarpunktur,na,kk,Eintala,,,,,,,,ideal point,,,,"infinite point, point at infinity",,,,4702
sjóndeildarslétta,na,kvk,Eintala,,,,,,,,ideal plane,,,,"infinite plane, plane at infinity",,,,4703
sjóndeildarstak,na,hk,Eintala,,,,,,,,element at infinity,,,,ideal element,,,,4704
sjóndeildar-,pref,,,,,,,,,,ideal,,,,,,,,4699
sjónhorf,na,hk,Eintala,,,,,,,,perspective,,,,,,,,4705
sjónhorfsás,na,kk,Eintala,,,,,,,,axis of perspectivity,,,,,,,,4707
sjónhorfsmiðja,na,kvk,Eintala,,,,,,,centre of perspectivity,centre of perspective,,,,centre of vision,,,,4708
sjónhorfsmótun,na,kvk,Eintala,,,,sjónhorfsfærsla,,,,central collineation,,,,"homology, perspective collineation",,,,4709
sjónhorfsmyndun,na,kvk,Eintala,,,,,,,perspective collineation,perspectivity,,,,,,,,4710
sjónhorfs-,,,,,,,í sjónhorfi,,,,perspective,,,,,,,,4706
sjöhyrningstala,na,kvk,Eintala,,,,sjöhyrnd tala,,,figurate number,heptagonal number,,,,,,,,4697
sjöhyrningur,na,kk,Eintala,,,,,,,,heptagon,,,,,,,,4698
sjötta stigs,ls,,,,,,,,,,sextic,,,,,,,,4711
sjötta stigs ferill,na,kk,Eintala,,,,,,,,sextic,,,,sextic curve,,,,4712
sjötta stigs flötur,na,kk,Eintala,,,,,,,,sextic,,,,sextic surface,,,,4713
sjötta stigs jafna,na,kvk,Eintala,,,,,,,,sextic,,,,sextic equation,,,,4714
sjöttungsmark,na,hk,Eintala,,,,,,,"fractile, quantile",sextile,,,,,,,,4715
skakkt ofanvarp,na,hk,Eintala,,,,,,,,oblique projection,,,,skew projection,,,,4722
skakkur samhliðungur,na,kk,Eintala,,,,skásettur samhliðungur,,,,oblique parallelepipedon,,,,,,,,4723
skammás,na,kk,Eintala,,,,,,,major axis,(of an ellipse) minor axis,,,,,,,,4724
skammhlið,na,kvk,Eintala,<ref idTerm=2048>Hlið</ref> <ref idTerm=4173>rétthyrnds þríhyrnings</ref> sem er aðlæg <ref idTerm=4167>rétta horninu</ref>.,Á eftirfarandi mynd eru \(AB\) og \(BC\) skammhliðar þríhyrningsins:\n\n\begin{center}\n\includegraphics[width=150px]{myndir/retthyrndur_thrihyrningur.png}\n\end{center},,,,,,cathetus,,,,"leg, small side",,,,4725
skammleiðarverkefni,na,hk,Eintala,,,,verkefni skemmstu leiðar,,,,shortest-route problem,,,,,,,,4726
skammsveifarferill,na,kk,Eintala,,,,,,,trochoid,contracted cycloid,,,,"curtate cycloid, curtate trochoid",,,,4727
skammtímaferill,na,kk,Eintala,,,,,,,cycloid,brachistochrone,,,,,,,,4728
skarast,sag,,,,,,,,,,overlap,,,,,,,,4729
skaut,na,hk,Eintala,,,,,,,,(of a polarity) pole,,,,polar point,,,,4738
skautframsetning,na,kvk,Eintala,,,,"skauthnitaframsetning, framsetning í skauthnitum (pólhnitum)",,,,(of a complex number) polar form,,,,,,,,4741
skauthluti,na,kk,Eintala,,,,,,,,polar part,,,,,,,,4742
skauthnitaferill,na,kk,Eintala,,,,"pólhnitaferill, ferill í skauthnitum (pólhnitum)",,,,polar curve,,,,,,,,4744
skauthnitajafna,na,kvk,Eintala,,,,pólhnitajafna,,,,polar equation,,,,,,,,4745
skauthnitakerfi,na,hk,Eintala,<ref idTerm=2145>Hnitakerfi</ref> á <ref idTerm=1031>evklíðska sléttu</ref> þar sem <ref idTerm=4001>punktar</ref> eru staðsettir með því að tilgreina <ref idTerm=1204>fjarlægð</ref> þeirra og <ref idTerm=5135>stefnu</ref> séð frá gefnum punkti \(O\) sem er kallaður \textit{skaut} eða \textit{póll},"Eftirfarandi mynd sýnir hvernig hægt er að tilgreina staðsetningu punkts í <ref idTerm=2554>karteskum hnitum</ref> annars vegar og pólhnitum annars vegar:\n\n\begin{center}\n\includegraphics[width=150px]{myndir/polhnit.png}\n\end{center}\n\nLátum \(O=(0,0)\) vera <ref idTerm=5839>upphafspunkt</ref> karteska hnitakerfisins og \(E=(1,0)\) vera einingarpunktinn á \(x\)-ásnum. Ef \(P=(x,y)\) er punktur í sléttunni, þá mælir \(r=|OP|=\sqrt{x^2+y^2}\) fjarlægð \(P\) frá \(O\). Stefnu \(P\) séð frá \(O\) má tilgreina með <ref idTerm=483>bogamáli</ref> hornsins \(\angle EOP\), sem við köllum \textit{stefnuhorn} punktsins \(P\). Ef \(P\) liggur ekki á neikvæða \(x\)-ásnum, þá liggur stefnuhornið á <ref idTerm=457>bilinu</ref> \(\left]-\pi,\pi\right[\) og það er gefið með \(\arccos\left(x/\sqrt{x^2+y^2}\right)\) ef \(y \geq 0\) en annars með \(\arccos\left(x/\sqrt{x^2+y^2}\right)\).\n\nSkauthnit punktsins \(P=(x,y)\) eru því gefin með <ref idTerm=5627>tvenndinni</ref> \((r,\theta)\).\n\nEkki er hægt að útvíkka skilgreininguna á stefnuhorni með skynsamlegum hætti fyrir punkta á neikvæða \(x\)-ásnum eða skautpunktinn \(O\). Hinsvegar má snúa hnitakerfinu, og undanskilja í staðinn einhvera aðra hálflínu út frá \(O\). Þannig mætti til dæmis láta stefnuhornið vera á bilinu \(\left]-\pi/2,3\pi/2\right[\) og undanskilja í staðinn neikvæða hluta \(y\)-ássins.\n\nEf punktur hefur skauthnit \((r,\theta)\), þá eru kartesk hnit hans gefin með \[ x=r\,\cos\,\theta\qquad\text{og}\qquad y=r\,\sin\,\theta .\]",,pólhnitakerfi,,,,polar coordinate system,,,,,,,,4746
skauthnitás,na,kk,Eintala,,,,"skauthnitaás, pólhnitás, pólhnitaás",,,,polar axis,,,,,,,,4747
skauthnit,na,hk,Fleirtala,<ref idTerm=2143>Hnit</ref> í <ref idTerm=4746>pólhnitakerfi</ref>.,,,pólhnit,,,,polar coordinates,,,,,,,,4743
skauthringur,na,kk,Eintala,,,,,,,,polar circle,,,,,,,,4748
skautlína,na,kvk,Eintala,,,,,,,,polar line,,,,polar,,,,4749
skautun,na,kvk,Eintala,,,,,,,,polarity,,,,,,,,4750
skautunarjafna,na,kvk,Eintala,,,,,,,,polarization identity,,,,,,,,4751
skautunarmiðja,na,kvk,Eintala,,,,,,,,centre of polarity,,,,,,,,4752
skautþáttun,na,kvk,Eintala,,,,pólþáttun,,,,polar decomposition,,,,,,,,4753
skautþríhyrningur,na,kk,Eintala,,,,,,,,polar triangle,,,,,,,,4754
skaut,na,,Eintala,,,,póll,,,,(of a meromorphic function) pole,,,,,,,,4739
skaut,na,,Eintala,,,,"póll, skauthnitamiðja, pólhnitamiðja",,,,(of a polar coordinate system) pole,,,,,,,,4740
skáhorn,na,hk,Eintala,,,,,,,,oblique angle,,,,,,,,4720
skáhyrndur þríhyrningur,na,kk,Eintala,,,,,,,,oblique triangle,,,,,,,,4721
skáhæð,na,kvk,Eintala,,,,,,,,(of a cone) apothem,,,,slant height,,,,4719
skásettur hringsívalningur,na,kk,Eintala,,,,skakkur hringsívalningur,,,,oblique circular cylinder,,,,,,,,4733
skásettur,ls,kk,Eintala,,,,skakkur,,,,oblique,,,,,,,,4734
skásett hnitakerfi,na,hk,Eintala,,,,skakkt hnitakerfi,,,,oblique coordinate system,,,,,,,,4731
skásett hnit,na,hk,Fleirtala,,,,skökk hnit,,,"affine coordinates, cartesian coordinates, parallel coordinates, orthogonal coordinates, rectangular coordinates",oblique coordinates,,,,,,,,4730
skásett hringkeila,na,kvk,Eintala,,,,skökk hringkeila,,,,oblique circular cone,,,,,,,,4732
skástrendingur,na,kk,Eintala,,,,skakkur strendingur,,,,oblique prism,,,,,,,,4735
skástýfður sívalningur,na,kk,Eintala,,,,,,,,obliquely truncated cylinder,,,,,,,,4737
skástýfð keila,na,kvk,Eintala,,,,,,,,obliquely truncated cone,,,,,,,,4736
skeifni,na,kvk,Eintala,,,,,,,,(in statistics) skewness,,,,,,,,4756
skeif dreifing,na,kvk,Eintala,,,,,,,,skew distribution,,,,,,,,4755
skekking,na,kvk,Eintala,,,,,,,,shear,,,,transvection,,,,4757
skekkja,na,kvk,Eintala,,,,,,,,error,,,,,,,,4758
skekkjubil,na,hk,Eintala,,,,,,,,error band,,,,,,,,4759
skekkjufall,na,hk,Eintala,,,,Gauss-skekkjufall,,,,error function,,,,,,,,4760
skekkjugreining,na,kvk,Eintala,,,,,,,,error analysis,,,,,,,,4761
skekkjuliður,na,kk,Eintala,,,,,,,,component of error,,,,,,,,4762
skekkjuliður,na,kk,Eintala,,,,,,,,error term,,,,,,,,4763
skekkjulíkindi,na,hk,Fleirtala,,,,,,,,error probability,,,,,,,,4764
skekkjumark,na,,Eintala,,,,skekkjuskorða,,,,error bound,,,,,,,,4765
skekkjumat,na,hk,Eintala,,,,,,,,error estimation,,,,,,,,4766
skekkjuútbreiðsla,na,kvk,Eintala,,,,,,,,error propagation,,,,propagation of errors,,,,4767
skelferill,na,kk,Eintala,,,,,,,,conchoid,,,,,,,,4768
skema,na,hk,Eintala,,,,,,,,scheme,,,,,,,,4769
skerast,sag,,,Ef <ref idTerm=4928>sniðmengi</ref> tveggja <ref idTerm=4001>punkta</ref><ref idTerm=3270>mengja</ref> er ekki <ref idTerm=5564>tómt</ref> er sagt að mengin \textit{skerist},,,"sníðast, skarast",,,,intersect,,,,,,,,4771
skera,sag,,,,,,sníða,,,,intersect,,,,,,,,4770
skerðing,na,kvk,Eintala,,,,,,,,censoring,,,,,,,,4772
skert dreifing,na,kvk,Eintala,,,,,,,,censored distribution,,,,,,,,4773
skeyta saman,sag,,,,,,,,,,compose,,,,,,,,4774
skila,sag,,,,,,,,,,replace,,,,,,,,4776
skilapunktur,na,kk,Eintala,,,,,,,,dividing point,,,,,,,,4777
skilgreinandi,ls,,,,,,,,,,definitional,,,,,,,,4780
skilgreinandi jafna,na,kvk,Eintala,,,,,,,,definitional identity,,,,,,,,4781
skilgreinandi,na,,Eintala,,,,skilgreiningarorð,,,,definiens,,,,,,,,4782
skilgreinanlegur,ls,kk,Eintala,,,,,,,,definable,,,,,,,,4783
skilgreinanleiki,na,kk,Eintala,,,,,,,,definability,,,,,,,,4784
skilgreina með þrepun,sag,,,,,,,,,recursive definition,define recursively,,,,,,,,4778
skilgreina,sag,,,,,,skýrgreina,,,,define,,,,,,,,4779
skilgreiningarbil,na,hk,Eintala,,,,,,,"argument domain, domain, domain of definition, range of arguments, set of definition, source, source set",interval of definition,,,,,,,,4786
skilgreiningarefni,na,hk,Eintala,,,,,,,,definiendum,,,,,,,,4787
skilgreiningarmengi virkja,na,hk,Eintala,,,,,,,,operator domain,,,,,,,,4788
skilgreining,na,kvk,Eintala,,,,skýrgreining,,,,definition,,,,,,,,4785
skilorðslaust samleitinn,ls,kk,Eintala,,,,,,,,unconditionally convergent,,,,,,,,4790
skilorðslaus samleitni,na,kvk,Eintala,,,,,,,,unconditional convergence,,,,,,,,4789
skilun,na,kvk,Eintala,,,,,,,"drawing with replacement, drawing without replacement",replacement,,,,,,,,4791
skilvirkasti metill,na,kk,Eintala,,,,,,,,most efficient estimator,,,,,,,,4792
skilvirkni,na,kvk,Eintala,,,,,,,,efficiency,,,,,,,,4793
skilvirkt mat,na,hk,Eintala,,,,,,,,efficient estimate,,,,,,,,4794
skilvirkt próf,na,hk,Eintala,,,,,,,,efficient test,,,,,,,,4795
skilvirkur metill,na,kk,Eintala,,,,,,,,efficient estimator,,,,,,,,4796
skilyrði,na,hk,Eintala,Sjá <ref idTerm=2836>leiðingu</ref>.,,,,,,constraint,condition,,,,,,,,4797
skilyrðing,na,kvk,Eintala,,,,,,,implication,conditional,,,,material implication,,,,4800
skilyrði um fallandi keðjur,na,hk,Eintala,,,,skilyrði um minnkandi keðjur,,,d. c. c.\ekkipunktur,descending chain condition,,,,,,,,4798
skilyrði um vaxandi keðjur,na,hk,Eintala,,,,skilyrði um stígandi keðjur,,,a. c. c.\ekkipunktur,ascending chain condition,,,,,,,,4799
skilyrtur atburður,na,kk,Eintala,,,,,,,,conditional event,,,,,,,,4811
skilyrtur þéttleiki,na,kk,Eintala,,,,,,,conditional density function,conditional density,,,,,,,,4812
skilyrtur,ls,kk,Eintala,,,,skilorðsbundinn,,,,conditional,,,,,,,,4813
skilyrt dreifing,na,kvk,Eintala,,,,,,,,conditional distribution,,,,,,,,4801
skilyrt líkindi,na,hk,Fleirtala,,,,,,,,conditional probability,,,,,,,,4802
skilyrt mál,na,hk,Eintala,,,,,,,,conditional measure,,,,,,,,4803
skilyrt meðalgildi,na,hk,Eintala,,,,,,,"expectation, projection",conditional expectation,,,,,,,,4804
skilyrt meðalgildisfall,na,hk,Eintala,,,,,,,,conditional expectation,,,,,,,,4805
skilyrt óreiða,na,kvk,Eintala,,,,,,,,conditional entropy,,,,,,,,4806
skilyrt próf,na,hk,Eintala,,,,,,,,conditional test,,,,,,,,4807
skilyrt samleitinn,ls,kk,Eintala,,,,skilorðssamleitinn,,,,conditionally convergent,,,,,,,,4808
skilyrt samleitni,na,kvk,Eintala,,,,skilorðsbundin samleitni,,,,conditional convergence,,,,,,,,4809
skilyrt þéttleikafall,na,hk,Eintala,,,,,,,conditional density,conditional density function,,,,,,,,4810
skiptanlegur í þríhyrninga,ls,kk,Fleirtala,,,,,,,,(of a space) triangulable,,,,,,,,4816
skiptanleiki í þríhyrninga,na,kk,Eintala,,,,,,,,triangulability,,,,,,,,4817
skipta í þríhyrninga,sag,,,,,,,,,,triangulate,,,,,,,,4814
skipta,sag,,,,,,hluta,,,,partition,,,,,,,,4815
skiptihlutfall,na,hk,Eintala,,,,,,,,affine ratio,,,,division ratio,,,,4818
skipting,na,kvk,Eintala,,,,,,,,division,,,,,,,,4819
skiptingarfall,na,hk,Eintala,,,,hlutunarfall,,,,partition function,,,,,,,,4824
skipting í tilfelli,na,kvk,Eintala,,,,skipting í tilvik,,,,case division,,,,,,,,4820
skipting,na,kvk,Eintala,,,,"deildaskipting, flokkaskipting, hlutun",,,,(of a set) partition,,,,,,,,4821
skipting,na,kvk,Eintala,,,,hlutun,,,,(of a number) partition,,,,,,,,4822
skiptipunktur,na,kk,Eintala,,,,hlutunarpunktur,,,,point of division,,,,,,,,4825
skipun,na,kvk,Eintala,,,,,,,,instruction,,,,,,,,4826
skífurit,na,hk,Eintala,,,,,,,,circular chart,,,,"circular graph, pie chart, pie graph",,,,4775
skorða,na,kvk,Eintala,,,,takmörkun,,,"error bound, lower bound, upper bound, greatest lower bound, least upper bound",bound,,,,,,,,4828
skorðumynstur,na,hk,Eintala,,,,,,,,bornology,,,,,,,,4829
skorðun,na,kvk,Eintala,,,,,,,,boundedness,,,,,,,,4830
skorðurúm,na,hk,Eintala,,,,,,,,bornological space,,,,,,,,4831
skógur,na,kk,Eintala,,,,,,,,forest,,,,,,,,4827
skrá,na,kvk,Eintala,,,,,,,,file,,,,,,,,4833
skráarvinnsla,na,kvk,Eintala,,,,,,,,file processing,,,,,,,,4834
skref,na,hk,Eintala,,,,,,,,step,,,,,,,,4835
skrefabestun,na,kvk,Eintala,,,,,,,,sequential optimization,,,,sequential programming,,,,4836
skrefaður,,,,,,,skrefa-,,,,sequential,,,,,,,,4837
skrefagreining,na,kvk,Eintala,,,,,,,,sequential analysis,,,,,,,,4838
skrefamat,na,hk,Eintala,,,,,,,,sequential estimation,,,,,,,,4839
skrefapróf,na,hk,Eintala,,,,,,,,sequential test,,,,,,,,4840
skrúfflötur,na,kk,Eintala,,,,,,,,helicoid,,,,,,,,4841
skrúflína,na,,Eintala,,,,gormur,,,,circular helix,,,,"cylindrical helix, helical curve, helix, screw, screw line",,,,4842
skrúfuflutningur,na,,Eintala,,,,skrúfuhreyfing,,,,helical motion,,,,"helicoidal displacement, helicoidal motion, screw displacement, screw motion, screwing, screwing motion, spiralling",,,,4843
skurðpunktur,na,kk,Eintala,<ref idTerm=4001>Punktur</ref> þar sem tvö <ref idTerm=3270>mengi</ref> <ref idTerm=4771>skerast</ref>.,Á eftirfarandi mynd skerast <ref idTerm=2911>línurnar</ref> \(l\) og \(m\) í punktinum \(A\): \n\n\begin{center}\n\includegraphics[width=150px]{myndir/skurdpunktur.png}\n\end{center},,sniðpunktur,,,,point of intersection,,,,,,,,4845
skurður,na,kk,Eintala,,,,,,,,parameter,,,,pitch,,,,4846
skúffuregla Dirichlets,na,kvk,Eintala,,,,skúffuregla,,,,box principle,,,,"Dirichlet's box principle, drawer principle of Dirichlet, pigeon-hole principle",,,,4844
skylt horn,na,hk,Eintala,,,,,,,,related angle,,,,,,,,4848
skyndiúrtak,na,hk,Eintala,,,,,,,,chunk sample,,,,,,,,4849
skýjakljúfsknippi,na,hk,Eintala,,,,,,,,sky-scraper sheaf,,,,,,,,4847
skýribreyta,na,kvk,Eintala,,,,,,,,determining variable,,,,"predicated variable, regressor",,,,4850
skýringabreyta,na,kvk,Eintala,,,,,,,,cause variable,,,,explanatory variable,,,,4851
skýringarmynd,na,kvk,Eintala,,,,,,,,diagram,,,,graph,,,,4852
skæling,na,kvk,Eintala,,,,,,,,distortion,,,,,,,,4716
skælingarhlutfall,na,hk,Eintala,,,,,,,,distortion ratio,,,,,,,,4717
skælingarhorn,na,hk,Eintala,,,,,,,,distortion angle,,,,,,,,4718
skörun,na,kvk,Eintala,,,,,,,,non-disjointness,,,,overlapping,,,,4832
slakbreyta,na,kvk,Eintala,,,,,,,,slack variable,,,,,,,,4853
slanga,na,kvk,Eintala,,,,,,,,(the symbol \~) tilde,,,,wave,,,,4854
slanga,na,kvk,Eintala,,,,,,,,tube,,,,,,,,4855
slemba,sag,,,,,,,,,,randomize,,,,,,,,4856
slembdur,ls,kk,Eintala,,,,,,,,randomized,,,,,,,,4857
slembiáhrif,na,hk,Fleirtala,,,,,,,,random effect,,,,,,,,4859
slembibestun,na,kvk,Eintala,,,,,,,,stochastic programming,,,,stochastic optimization,,,,4860
slembidreifing,na,kvk,Eintala,,,,,,,,random distribution,,,,,,,,4861
slembiferli,na,hk,Eintala,,,,,,,process,stochastic process,,,,,,,,4862
slembiferli með óháðum viðbótum,na,hk,Eintala,,,,,,,,additive process,,,,stochastic process with independent increments,,,,4863
slembifræði,na,kvk,Eintala,,,,,,,"probability theory, theory of probability",stochastics,,,,,,,,4864
slembifylki,na,hk,Eintala,,,,,,,,stochastic matrix,,,,,,,,4865
slembigangur,na,kk,Eintala,,,,slembiganga,,,,random walk,,,,,,,,4866
slembiheildi,na,hk,Eintala,,,,slembitegur,,,,stochastic integral,,,,,,,,4867
slembileikur,na,kk,Eintala,,,,,,,,stochastic game,,,,,,,,4868
slembilíkan,na,hk,Eintala,,,,líkindalíkan,,,,probability model,,,,stochastic model,,,,4869
slembing,na,kvk,Eintala,,,,,,,,randomization,,,,,,,,4870
slembingur,na,kk,Eintala,,,,slembileiki,,,,randomness,,,,,,,,4871
slembióháður,ls,kk,Eintala,,,,óháður,,,,statistically independent,,,,,,,,4872
slembióhæði,na,hk,Eintala,,,,óhæði,,,,statistical independence,,,,,,,,4873
slembiruna,na,kvk,Eintala,,,,,,,,random sequence,,,,stochastic sequence,,,,4874
slembiskekkja,na,kvk,Eintala,,,,,,,,random error,,,,,,,,4875
slembistak,na,hk,Eintala,,,,,,,,random element,,,,random object,,,,4876
slembistund,na,kvk,Eintala,,,,,,,,random time,,,,,,,,4877
slembitala,na,kvk,Eintala,,,,,,,,random number,,,,,,,,4878
slembitalnatafla,na,kvk,Eintala,,,,,,,,table of random numbers,,,,,,,,4879
slembiúrtak,na,hk,Eintala,,,,,,,,random sample,,,,,,,,4880
slembiúrtaka,na,kvk,Eintala,,,,,,,,random sampling,,,,,,,,4881
slembi-,,,,,,,"slembinn, tilviljanakenndur",,,at random,random,,,,stochastic,,,,4858
sleppa,sag,,,,,,,,,,neglect,,,,,,,,4882
sleppa,sag,,,,,,,,,,omit,,,,,,,,4883
sléttanlegur,ls,kk,Eintala,,,,,,,,developable,,,,,,,,4885
sléttanlegur flötur,na,kk,Eintala,,,,,,,,developable surface,,,,torse,,,,4886
slétta,na,,Eintala,,,,"sléttur flötur, plan",,,"affine plane, Argand plane, bisecting plane, bundle of planes, cartesian plane, characteristic plane, closed complex plane, complex number plane, complex plane, complex projective plane, contact plane, coordinate plane, Desarguesian plane, dual projective plane, euclidean plane, extended complex plane, finite plane, first principal plane, Gauss number plane, Gaussian plane, half-plane, hyperbolic plane, hyperplane, ideal plane, inversive plane, median plane, meridian plane, middle plane, midplane, Möbius plane, normal plane, number plane, ordered affine plane, ordered projective plane, oriented plane, osculating plane, parabolic plane, partial plane, pencil of planes, perpendicular plane, projective plane, punctured complex plane, radical plane, real number plane, real plane, real projective plane, rectifying plane, sheaf of planes, supporting plane, tangent plane, tangential plane",plane,,,,,,,,4884
sléttuferill,na,kk,Eintala,,,,ferill í sléttu,,,,plane curve,,,,,,,,4888
sléttuhnit,na,hk,Fleirtala,,,,,,,,plane coordinates,,,,,,,,4889
sléttuhornafræði,na,kvk,Eintala,,,,,,,,plane trigonometry,,,,,,,,4890
sléttumynd,na,kvk,Eintala,,,,flatarmynd,,,"figure, geometric figure",plane geometric figure,,,,plane figure,,,,4891
sléttunet,na,hk,Eintala,,,,,,,planar graph,plane graph,,,,,,,,4892
slétturúmfræði,na,kvk,Eintala,,,,flatarmyndafræði,,,,plane geometry,,,,,,,,4893
sléttuskiki,na,kk,Eintala,,,,,,,,plane surface patch,,,,,,,,4894
sléttusnið,na,hk,Eintala,,,,,,,,plane section,,,,,,,,4895
sléttustæða,na,kvk,Eintala,,,,,,,,plane configuration,,,,,,,,4896
sléttuþríbaugur,na,kk,Eintala,,,,,,,,planar ternary ring,,,,,,,,4897
sléttu-,pref,,,,,,,,,,planar,,,,,,,,4887
slönguferill,na,kk,Eintala,,,,,,,,serpentine,,,,,,,,4898
slöngugrennd,na,kvk,Eintala,,,,,,,,tubular neighbourhood,,,,,,,,4899
smáhringur,na,kk,Eintala,,,,,,,great circle,small circle,,,,,,,,4900
smárahnútur,na,kk,Eintala,,,,einfaldur hnútur,,,,trefoil knot,,,,,,,,4901
smituð dreifing,na,kvk,Eintala,,,,,,,,contagious distribution,,,,,,,,4902
snara,na,kvk,Eintala,,,,,,,,(in graph theory) loop,,,,self loop,,,,4903
sneið,na,,Eintala,,,,"kúlusneið, kúlukollur",,,,(spherical,,,,"of one base) segment, spherical segment, spherical segment of one base",,,,4904
snemmtekinn,ls,kk,Eintala,,,,,,,cofinal,(of an ordered set) coinitial,,,,,,,,4905
snertibundin,na,,Eintala,,,,snertlabundin,,,,tangent bundle,,,,,,,,4907
snertiferill,na,kk,Eintala,,,,,,,,tangential curve,,,,,,,,4908
snertihringur,na,kk,Eintala,,,,,,,,circle of contact,,,,,,,,4909
snertihvel,na,,Eintala,,,,snertikúla,,,,sphere of contact,,,,,,,,4910
snertikeila,na,kvk,Eintala,,,,snertlakeila,,,,tangent cone,,,,,,,,4911
snertill,na,,Eintala,<ref idTerm=2911>Lína</ref> sem liggur gegnum nákvæmlega einn <ref idTerm=4001>punkt</ref> á <ref idTerm=2295>hring</ref>.,Á eftirfarandi mynd má sjá hring með miðju \(M\) og snertil sem liggur í gegnum punktinn \(C\):\n\n\begin{center}\n\includegraphics[width=150px]{myndir/snidill_snertill.png}\n\end{center},,snertilína,,,tangent vector,tangent,,,,tangent line,,,,4912
snerting,na,kvk,Eintala,,,,,,,,contact,,,,tangency,,,,4913
snertingarslétta,na,kvk,Eintala,,,,,,,,contact plane,,,,,,,,4914
snertipunktur,na,kk,Eintala,,,,,,,,point of tangency,,,,point of contact,,,,4915
snertirúm,na,hk,Eintala,,,,snertlarúm,,,,tangent space,,,,tangent vector space,,,,4916
snertislétta,na,kvk,Eintala,,,,,,,,tangent plane,,,,tangential plane,,,,4917
snertistig,na,hk,Eintala,,,,,,,,order of contact,,,,,,,,4918
snertistrengur,na,kk,Eintala,,,,,,,,chord of contact,,,,,,,,4919
snertivigur,na,kk,Eintala,,,,snertill,,,tangent,tangent vector,,,,tangential vector,,,,4920
snertiþáttur,na,kk,Eintala,,,,snertiliður,,,,tangential component,,,,,,,,4921
snerti-,pref,,,,,,snertil-,,,,tangential,,,,,,,,4906
snertlahorn,na,hk,Eintala,,,,,,,,escribed angle,,,,,,,,4922
snertlasvið,na,hk,Eintala,,,,,,,,field of tangents,,,,tangent field,,,,4923
snertlasvið,na,hk,Eintala,,,,,,,,tangent vector field,,,,,,,,4924
snið,na,hk,Eintala,,,,,,,section,cut,,,,,,,,4925
snið,na,hk,Eintala,,,,,,,"cross section, cut",section,,,,,,,,4926
sniðill,na,kk,Eintala,<ref idTerm=2911>Lína</ref> sem sker <ref idTerm=2295>hring</ref> í tveimur ólíkum <ref idTerm=4001>punktum</ref>.,Á eftirfarandi mynd má sjá hring með miðju \(M\) og sniðil sem liggur í gegnum punktana \(A\) og \(B\):\n\n\begin{center}\n\includegraphics[width=150px]{myndir/snidill_snertill.png}\n\end{center}\n\nEkki skal rugla saman sniðli og <ref idTerm=5261>streng</ref> en munurinn er sá að sniðill er lína og strengur er <ref idTerm=2958>línustrik</ref>. Sérhver strengur hrings er innihaldinn í sniðli.,,,,,,secant,,,,secant line,,,,4929
sniðkrappi,na,,Eintala,,,,"sniðsveigja, Riemann-krappi, Riemann-sveigja",,,,Riemannian curvature,,,,sectional curvature,,,,4930
sniðlína,na,kvk,Eintala,,,,skurðlína,,,,line of intersection,,,,,,,,4931
sniðmargfeldni,na,kvk,Eintala,,,,,,,,intersection multiplicity,,,,,,,,4932
sniðmengismerki,na,hk,Eintala,,,,sniðmengistákn,,,,sign of intersection,,,,,,,,4933
sniðstak,na,hk,Eintala,,,,mót,,,"greatest lower bound, infimum, join",(in a lattice) meet,,,,,,,,4934
snið,na,hk,Eintala,,,,mót,,,propositional form,(in logic) form,,,,,,,,4927
snið,na,hk,Eintala,\textit{Sniðmengi} tveggja <ref idTerm=3270>mengja</ref> \(A\) og \(B\) er mengi þeirra <ref idTerm=5128>staka</ref> sem eru í báðum þeirra. Þetta mengi er táknað með \(A \cap B\) (lesið: \(A\) snið \(B\)) og það má rita á forminu \[ A \cap B = \{x \mid x \in A \text{ og } x \in B\}. \],"Á <ref idTerm=6050>Venn-myndinni</ref> hér að neðan er \(A \cap B\) litað rautt. Til að einfalda rithátt er sniðmengi \(n\) mengja \(A_1 \cap A_2 \cap \cdots \cap A_n\) oft ritað á forminu \(\bigcap_{i=1}^n A_i\).\n\n\begin{center}\n\includegraphics[width=150px]{myndir/snid.png}\n\end{center}\n\nSniðmengi eru <ref idTerm=5472>tengin</ref> og <ref idTerm=6228>víxlin</ref>, þ.e. fyrir öll mengi \(A\), \(B\) og \(C\) gildir að \[ (A \cap B) \cap C = A \cap (B \cap C) \quad \text{og} \quad A \cap B = B \cap A. \] Jafnframt eru sniðmengi <ref idTerm=722>dreifin</ref> yfir <ref idTerm=4464>sammengi</ref>, þ.e. fyrir öll mengi \(A\), \(B\) og \(C\) gildir að \[ A \cap (B \cup C) = (A \cap B) \cup (A \cap C) \quad \text{og} \quad (B \cup C) \cap A = (B \cap A) \cup (C \cap A). \] Loks gildir fyrir öll mengi \(A\) að \(A \cap \varnothing = \varnothing\) og \(A \cap A = A\).",,"sniðmengi, skurðmengi, skarmengi",,,point of intersection,intersection,,,,meet,,,,4928
snigill,na,,Eintala,,,,"snigilferill, snigillína",,,,limaçon,,,,,,,,4935
snúðflötur,na,kk,Eintala,,,,,,,,surface of revolution,,,,,,,,4936
snúðhjólflötur,na,kk,Eintala,,,,,,,torus,circular torus,,,,,,,,4937
snúðkeila,na,kvk,Eintala,,,,,,,circular cone,cone of revolution,,,,,,,,4938
keila,na,kvk,Eintala,<ref idTerm=6532>Rúmmynd</ref> sem afmarkast af <ref idTerm=6589>hringskífu</ref> og <ref idTerm=2579>fletinum</ref> sem fæst með því að draga <ref idTerm=2958>línustrik</ref> milli <ref idTerm=4001>punkta</ref> <ref idTerm=2295>hringsins</ref> sem skífan afmarkast af og eins punkts sem liggur á <ref idTerm=2911>línu</ref> sem er <ref idTerm=6469>hornrétt</ref> á skífuna og fer í gegnum miðju hennar.,Einnig er hægt að smíða keila með því að snúa <ref idTerm=4173>rétthyrndum þríhyrningi</ref> heilan hring um aðra af <ref idTerm=4725>skammhliðum</ref> sínum. <ref idTerm=2860>Lengd</ref> skammhliðarinnar sem þríhyrningnum var snúið um kallast þá \textit{hæð} keilunnar og lengd hinnar skammhliðarinnar kallast \textit{geisli} hennar. Sveigði flöturinn sem <ref idTerm=2789>langhliðin</ref> myndar kallast \textit{möttull} keilunnar. Hæð keilu er oft táknuð með bókstafnum \(h\) og geisli hennar með bókstafnum \(r\). Eftirfarandi er mynd af keilu:\n\n\begin{center}\n\includegraphics[width=150px]{myndir/keila.png}\n\end{center},,"snúðkeila, hringkeila",,,"cone of revolution, right circular cone",circular cone,,,,,,,,4939
snúðkeiluflötur,na,kk,Eintala,,,,hringkeiluflötur,,,,circular conical surface,,,,,,,,4940
snúðsívalningsflötur,na,kk,Eintala,,,,hringsívalningsflötur,,,,circular cylindrical surface,,,,,,,,4941
snúðsívalningur,na,kk,Eintala,,,,hringsívalningur,,,right circular cylinder,circular cylinder,,,,,,,,4942
snúðsívalningur,na,kk,Eintala,,,,hringsívalningur,,,,cylinder of revolution,,,,,,,,4943
snúður,na,kk,Eintala,,,,snúðþykkvi,,,,body of revolution,,,,"body of rotation, revolution solid, solid of revolution, solid of rotation",,,,4944
snúningagrúpa,na,kvk,Eintala,,,,,,,,group of rotations,,,,,,,,4945
snúningsás,na,kk,Eintala,,,,möndull,,,axis,axis of revolution,,,,"axis of rotation, rotational axis",,,,4946
snúningshorn,na,hk,Eintala,,,,,,,,rotation angle,,,,,,,,4947
snúningsóbreyta,na,kvk,Eintala,,,,,,,,rotation invariant,,,,,,,,4948
snúningsóbreyttur,ls,kk,Eintala,,,,,,,,rotation invariant,,,,,,,,4949
snúningssamhverfni,na,kvk,Eintala,,,,snúsamhverfni,,,,rotational symmetry,,,,,,,,4950
snúningssamhverfur,ls,kk,Eintala,,,,snúsamhverfur,,,,rotationally symmetric,,,,,,,,4951
snúningsskaut,na,,Eintala,,,,"snúningspóll, snúningsmiðja",,,,pole of rotation,,,,,,,,4952
snúningur,na,kk,Eintala,,,,,,,,revolution,,,,,,,,4953
snúningur,na,kk,Eintala,"Ef \(\rho\) er <ref idTerm=5779>færsla</ref> á tiltekinni <ref idTerm=4884>sléttu</ref> og \(M\) er <ref idTerm=4001>punktur</ref> í sléttunni þá kallast \(\rho\) \textit{snúningur með miðju í punktinum \(M} ef hún hefur eftirfarandi eiginleika:\n\n\begin{enumerate}\n\item punktarnir \)A\( og \)\rho(A)\( eru í sömu <ref idTerm=1204>fjarlægð</ref> frá \)M\( fyrir alla punkta \)A\( í sléttunni,\n\n\item <ref idTerm=2198>hornin</ref> \)\angle AM\rho(A)\( eru jafn stór fyrir alla punkta \)A\neq M$.\n\end{enumerate}",,,,,,orientation-preserving isometry,rotation,,,,,,,,4954
snústríkkun,na,kvk,Eintala,,,,,,,,rotation-stretching,,,,,,,,4955
snyrta,sag,,,,,,jafna,,,"round down, round off, round up",round,,,,,,,,4956
snyrting,na,kvk,Eintala,,,,jöfnun,,,,rounding,,,,rounding off,,,,4957
snyrtiskekkja,na,kvk,Eintala,,,,jöfnunarskekkja,,,,rounding error,,,,round-off error,,,,4958
sólsproti,na,kk,Eintala,,,,,,,,gnomon,,,,,,,,4962
sóphorn,na,hk,Eintala,,,,,,,,described angle,,,,,,,,4965
spanna,sag,,,,,,,,,,generate,,,,,,,,4969
spanna,sag,,,,,,,,,,subtend,,,,,,,,4970
spannandi hlutnet,na,hk,Eintala,,,,,,,,spanning subgraph,,,,,,,,4972
spannandi skógur,na,kk,Eintala,,,,spannskógur,,,,spanning forest,,,,,,,,4973
spannandi tré,na,hk,Eintala,,,,"spanntré, hátré",,,,maximal tree,,,,"scaffolding, skeleton, spanning tree",,,,4974
spannandi vensl,na,hk,Fleirtala,,,,,,,,generating relations,,,,,,,,4975
spannarmiðja,na,kvk,Eintala,,,,,,,,mid-range,,,,,,,,4976
spanna,sag,,,,,,framleiða,,,,span,,,,,,,,4971
spannfjölskylda,na,kvk,Eintala,,,,spannandi fjölskylda,,,generating set,family of generators,,,,"generating family, system of generators",,,,4977
spannmengi (íðals),na,hk,Eintala,,,,"íðalspannmengi, framleiðandi mengi, spannandi mengi",,,set of generators,(of an ideal) base,,,,"basis, ideal base, ideal basis",,,,4979
spannmengi,na,,Eintala,,,,"íðalspannmengi, framleiðandi mengi, spannandi mengi",,,set of generators,(of an ideal) basis,,,,"base, ideal base, ideal basis",,,,6660
spáfræði,na,kvk,Eintala,,,,,,,,prediction theory,,,,,,,,4967
spágildi,na,hk,Eintala,,,,reiknað gildi,,,,predicted value,,,,,,,,4968
spáskekkja,na,kvk,Eintala,,,,,,,,prediction error,,,,,,,,4980
spá,na,kvk,Eintala,,,,forsögn,,,,forecasting,,,,prediction,,,,4966
spegilmynd,na,kvk,Eintala,,,,,,,,mirror image,,,,reflected image,,,,4981
spegilsamhvarf,na,,Eintala,,,,"spegilsamhverfni, sléttusamhverfni, tvíhvarf, tvíhverfni, tvíhliða samhvarf, tvíhliða samhverfni",,,,bilateral symmetry,,,,,,,,4982
spegilsamhverfur,na,kk,Eintala,,,,,,,,bilaterally symmetric,,,,,,,,4983
spegilsamsniða,ls,,,,,,óeiginlega samsniða,,,"congruent, directly congruent",inversely congruent,,,,oppositely congruent,,,,4984
spegiltala,na,kvk,Eintala,,,,,,,,palindromic number,,,,,,,,4985
speglun,na,kvk,Eintala,"Látum \(\sigma\) vera <ref idTerm=5779>færslu</ref> á tiltekinni <ref idTerm=4884>sléttu</ref> og \(l\) vera <ref idTerm=2911>línu</ref> í sléttunni. Ef línan \(l\) er <ref idTerm=3328>miðþverill</ref> <ref idTerm=2958>striksins</ref> \(A\sigma(A)\) fyrir alla <ref idTerm=4001>punkta</ref> \(A\) í sléttunni sem ekki eru á línunni \(l\), þá er \(\sigma\) \textit{speglun} um línuna \(l\). Línan \(l\) kallast þá \textit{spegillína} speglunarinnar og punkturinn \(\sigma(A)\) kallast \textit{spegilmynd} \(A\).","Eins og aðrar færslur, þá varðveita línuspeglanir <ref idTerm=4509>samsíða</ref> línur. Ef samsíða línum er speglað um einhverja línu, þá eru spegilmyndir þeirra líka samsíða. Línuspeglanir hafa marga aðra <ref idTerm=803>eiginleika</ref>, en fjórir þeirra eru sérstaklega mikilvægir:\n\n\begin{enumerate}\n    \item Línuspeglanir varðveita <ref idTerm=2860>lengdir</ref> allra strika og eru því <ref idTerm=1328>flutningar</ref>\n    \item Línuspeglun heldur sérhverjum punkti á spegillínunni kyrrum\n    \item Flutningur sem heldur tveimur ólíkum punktum kyrrum er annaðhvort hlutlausa færslan eða speglun um línuna í gegnum kyrrapunktana\n    \item <ref idTerm=4518>Samskeyting</ref> tveggja línuspeglana er snúningur\n\end{enumerate}",,,,,,reflection,,,,,,,,4986
speglunarsetning,na,,Eintala,,,,speglunarlögmál,,,,principle of reflection,,,,"reflection principle, symmetry principle",,,,4987
spenna,na,kvk,Eintala,,,,,,,,stress,,,,,,,,4988
spennuþinur,na,kk,Eintala,,,,,,,,stress tensor,,,,,,,,4989
spilfræði,na,kvk,Eintala,,,,"spilafræði, leikjafræði, keppnisfræði",,,,game theory,,,,theory of games,,,,4991
spil,na,,Eintala,,,,"leikur, keppni",,,,game,,,,,,,,4990
spinalgebra,na,kvk,Eintala,,,,,,,,spinor algebra,,,,,,,,4992
spingreining,na,kvk,Eintala,,,,spinagreining,,,,spinor analysis,,,,,,,,4993
spingrúpa,na,kvk,Eintala,,,,,,,,spinor group,,,,,,,,4994
spinsvið,na,hk,Eintala,,,,spinasvið,,,,spinor field,,,,,,,,4995
spinur,na,kk,Eintala,,,,spunaþinur,,,,spinor,,,,,,,,4996
splæsifall,na,hk,Eintala,,,,,,,,spline function,,,,,,,,4997
spor,na,hk,Eintala,,,,,,,,spur,,,,trace,,,,5000
sporbaugsfari,na,kk,Eintala,,,,,,,,ellipsograph,,,,,,,,5001
sporbaugur,na,kk,Eintala,"<ref idTerm=3270>Mengi</ref> allra <ref idTerm=4001>punkta</ref> \((x,y)\) í <ref idTerm=4884>sléttu</ref> sem uppfylla <ref idTerm=2478>jöfnu</ref> af taginu \n\n\[ \left(\frac{x}{a}\right)^2 + \left(\frac{y}{b}\right)^2 = 1\]\n\nfyrir að \(a,b > 0\). Punktarnir \((a,0)\), \((0,b)\), \((-a,0)\) og \((0,-b)\) uppfylla jöfnuna að ofan og ef \(b > a\) kallast <ref idTerm=2958>línustrikið</ref> frá \((0,-b)\) til \((0,b)\) \textit{langás} og línustrikið frá \((-a,0)\) til \((a,0)\) \textit{skammás}",Önnur leið til þess að skilgreina sporbaug er sem mengi punkta í sléttu þannig að summa <ref idTerm=1204>fjarlægða</ref> þeirra frá tveim föstum punktum sé fasti. Punktarnir tveir kallast \textit{brennipunktar},,,,,,ellipse,,,,,,,,5002
sporger,ls,,Eintala,,,,,,,,elliptic,,,,elliptical,,,,5003
sporgerð,na,kvk,Eintala,,,,,,,ellipticity,elliptic type,,,,,,,,5011
sporgerð,na,kvk,Eintala,,,,,,,elliptic type,ellipticity,,,,,,,,5012
sporgert fall,na,hk,Eintala,,,,,,,,elliptic function,,,,,,,,5013
sporgert fall Jacobis,na,hk,Eintala,,,,,,,,Jacobian elliptic function,,,,,,,,5014
sporgert heildi,na,hk,Eintala,,,,sporgert tegur,,,,elliptic integral,,,,,,,,5015
sporger ferill,na,kk,Eintala,,,,,,,,elliptic curve,,,,,,,,5004
sporger fleygbogaflötur,na,kk,Eintala,,,,,,,,elliptic paraboloid,,,,,,,,5005
sporger hlutafleiðujafna,na,kvk,Eintala,,,,,,,,elliptic partial differential equation,,,,,,,,5006
sporger hreyfing,na,kvk,Eintala,,,,hreyfing á sporbaug,,,,elliptic motion,,,,,,,,5007
sporger rúmfræði,na,kvk,Eintala,"<ref idTerm=4271>Rúmfræði</ref> sem byggir á fyrstu fjórum <ref idTerm=1452>frumsendum</ref> <ref idTerm=1030>evklíðskar rúmfræði</ref> en í staðinn fyrir fimmtu frumsenduna er gert ráð fyrir eftirfarandi frumsendu:\n\n``Fyrir gefna <ref idTerm=2911>línu</ref> og gefinn <ref idTerm=4001>punkt</ref>,\nsem ekki er á línunni gildir að allar línur sem fara í gegnum punktinn <ref idTerm=4771>skera</ref> línuna''.",Í þessari rúmfræði skerast tvær línur ávallt og <ref idTerm=2225>hornasumma</ref> <ref idTerm=6438>þríhyrnings</ref> er stærri en 180 <ref idTerm=1667>gráður</ref>.,,,,,,elliptic geometry,,,,Riemannian geometry,,,,5008
sporger sjálfmótun,na,kvk,Eintala,,,,sporger færsla,,,,elliptic automorphism,,,,elliptic transformation,,,,5009
sporger virki,na,kk,Eintala,,,,,,,,elliptic operator,,,,,,,,5010
sporlína,na,kvk,Eintala,,,,,,,,trace line,,,,,,,,5016
sporvala,na,kvk,Eintala,,,,,,,spheroid,ellipsoid,,,,,,,,5017
sporvöluflötur,na,kk,Eintala,,,,sporbaugsflötur,,,,ellipsoid,,,,,,,,5018
sporvöluhnit,na,hk,Fleirtala,,,,,,,,ellipsoidal coordinates,,,,,,,,5019
sporvölusnúðflötur,na,kk,Eintala,,,,,,,,ellipsoid of revolution,,,,,,,,5020
sporvölusnúður,na,kk,Eintala,,,,,,,,ellipsoid of revolution,,,,,,,,5021
spunabundin,na,,Eintala,,,,,,,,spin bundle,,,,,,,,5022
spunaferill,na,kk,Eintala,,,,,,,,clothoid,,,,Cornu spiral,,,,5023
spunafylki,na,hk,Eintala,,,,,,,,spin matrix,,,,,,,,5024
spunagrúpa,na,kvk,Eintala,,,,,,,,spin group,,,,,,,,5025
spunaútsetning,na,kvk,Eintala,,,,,,,,spin representation,,,,,,,,5026
spuni,na,kk,Eintala,,,,,,,,spin,,,,,,,,5027
spyrðing,na,kvk,Eintala,,,,,,,,matching,,,,,,,,5028
spyrðingarsetning,na,kvk,Eintala,,,,,,,,matching theorem,,,,,,,,5030
spyrðing af hámarksstærð,na,kvk,Eintala,,,,,,,,maximum matching,,,,,,,,5029
spyrður,na,kvk,Fleirtala,,,,,,,,matched pairs,,,,,,,,5031
spyrtur hnútur,na,kk,Eintala,,,,,,,,(by a matching) saturated vertex,,,,,,,,5032
spönn,na,kvk,Eintala,,,,,,,,(of a sample) range,,,,range of variation,,,,4998
spönnuður,na,kk,Eintala,,,,,,,,generator,,,,,,,,4999
staða,na,kvk,Eintala,,,,,,,,position,,,,,,,,5034
staðalfrávik,na,hk,Eintala,,,,,,,,standard deviation,,,,,,,,5038
staðalfrávik úrtaks,na,hk,Eintala,,,,,,,,fluctuation,,,,standard deviation,,,,5039
staðalgebra,na,kvk,Eintala,,,,,,,,local algebra,,,,,,,,5040
staðalgerð,na,kvk,Eintala,,,,"normleg gerð, staðalframsetning, normleg framsetning",,,Jordan form,normal form,,,,,,,,5041
staðalgrannmynstur,na,hk,Eintala,,,,,,,"metric topology, strong topology",norm topology,,,,,,,,5042
staðalgrannmynstur,na,hk,Eintala,,,,,,,norm topology,uniform topology,,,,,,,,5043
staðaljafna,na,kvk,Eintala,,,,,,,,normal equation,,,,standard equation,,,,5044
staðall,na,,Eintala,,,,lengd,,,"absolute value, valuation",norm,,,,,,,,5045
staðalrækinn,ls,kk,Eintala,,,,,,,,norm-preserving,,,,,,,,5046
staðalsamleitinn,ls,kk,Eintala,,,,,,,"absolutely convergent, normal convergence",normally convergent,,,,,,,,5047
staðalsamleitni,na,kvk,Eintala,,,,,,,,convergence in norm,,,,,,,,5048
staðalsamleitni,na,kvk,Eintala,,,,,,,absolute convergence,normal convergence,,,,,,,,5049
staðalskekkja,na,kvk,Eintala,,,,,,,mean square error,root-mean-square error,,,,standard error,,,,5050
staðalskekkja meðaltals,na,kvk,Eintala,,,,,,,,standard error of the mean,,,,,,,,5051
staðalþverlægni,na,kvk,Eintala,,,,,,,,orthonormality,,,,,,,,5052
staðal-,pref,,,,,,,,,,normal,,,,,,,,5036
staðal-,pref,,,,,,,,,,standard,,,,,,,,5037
staðarfall,na,hk,Eintala,,,,,,,,position function,,,,,,,,5053
staðarvigur,na,kk,Eintala,,,,stöðuvigur,,,,position vector,,,,radius vector,,,,5054
staðaugljós,ls,,,,,,,,,trivial,locally trivial,,,,,,,,5055
staða,na,kvk,Eintala,,,,stelling,,,,(in mechanics) configuration,,,,,,,,5035
staðbaugað rúm,na,hk,Eintala,,,,,,,,locally ringed space,,,,,,,,5056
staðbaugur,na,kk,Eintala,,,,,,,,local ring,,,,,,,,5057
staðbinda,sag,,,,,,,,,,localize,,,,,,,,5058
staðbinding,na,kvk,Eintala,,,,,,,,localization,,,,,,,,5059
staðbundið hágildi,na,hk,Eintala,,,,hágildi,,,,local maximum,,,,"maximum, maximum in the small, relative maximum",,,,5060
staðbundið lággildi,na,hk,Eintala,,,,lággildi,,,,local minimum,,,,"minimum, minimum in the small, relative minimum",,,,5061
staðbundið útgildi,na,hk,Eintala,,,,,,,,extremum in the small,,,,"local extremum, relative extremum",,,,5062
staðbundinn eiginleiki,na,kk,Eintala,,,,,,,,local property,,,,,,,,5064
staðbundinn,,,,,,,stað-,,,,local,,,,,,,,5065
staðbundin Lie-grúpa,na,kvk,Eintala,,,,Lie-grúpukím,,,,local Lie group,,,,,,,,5063
staðendanlega spannaður,ls,kk,Eintala,,,,,,,,locally finitely generated,,,,,,,,5066
staðendanlegur,ls,kk,Eintala,,,,,,,,locally finite,,,,,,,,5067
staðfastur,ls,kk,Eintala,,,,,,,,locally constant,,,,,,,,5068
staðfrjáls,ls,,Eintala,,,,,,,,locally free,,,,,,,,5069
staðgengill,na,kk,Eintala,,,,,,,,substituend,,,,,,,,5070
staðgrannmóta,ls,,,,,,,,,,locally homeomorphic,,,,,,,,5071
staðhnitakerfi,na,hk,Eintala,,,,"staðhnit, kort",,,local coordinate,chart,,,,"coordinate patch, local coordinate system",,,,5074
staðhnit,na,hk,Eintala,,,,staðhnitafall,,,local coordinate system,local coordinate,,,,,,,,5073
staðhæfing,na,kvk,Eintala,,,,,,,"statement, proposition, sentence",assertion,,,,,,,,5072
staðkúptur,ls,kk,Eintala,,,,,,,,locally convex,,,,,,,,5075
staðla,sag,,,,,,,,,,normalize,,,,,,,,5076
staðlaður,ls,kk,Eintala,,,,,,,,(of a polynomial) monic,,,,normed,,,,5078
staðlaður,ls,kk,Eintala,,,,,,,,normalized,,,,,,,,5079
staðlaður,ls,kk,Eintala,,,,,,,,(of a space) normed,,,,,,,,5080
staðlaður grunnur,na,kk,Eintala,,,,,,,,normalized basis,,,,,,,,5081
staðlað línulegt rúm,na,hk,Eintala,,,,"staðlað vigurrúm, staðlað vektorrúm",,,,normed linear space,,,,"normed space, normed vector space",,,,5077
staðlanlegur,ls,kk,Eintala,,,,,,,,normable,,,,,,,,5082
staðlanlegur,ls,kk,Eintala,,,,,,,,normalizable,,,,,,,,5083
staðlítill,ls,kk,Eintala,,,,staðsmár,,,,locally small,,,,,,,,5084
staðlokaður,ls,kk,Eintala,,,,,,,,locally closed,,,,,,,,5085
staðsamanhangandi,ls,,,,,,staðsamhangandi,,,,locally connected,,,,,,,,5086
staðstiki,na,kk,Eintala,,,,staðbundinn stiki,,,local coordinate,local parameter,,,,uniformizing parameter,,,,5087
staðstikun,na,kvk,Eintala,,,,staðbundin einstikun,,,,local uniformization,,,,,,,,5088
staðsvið,na,,Eintala,,,,staðkroppur,,,,local field,,,,,,,,5089
staðtakmarkaður,ls,kk,Eintala,,,,staðskorðaður,,,,locally bounded,,,,,,,,5090
staðtala,na,kvk,Eintala,,,,lýsitala,,,,statistic,,,,,,,,5091
staður,na,kk,Eintala,,,,,,,,(of a field) place,,,,,,,,5092
staðvegsamanhangandi,ls,,,,,,staðvegsamhangandi,,,,locally path-connected,,,,,,,,5093
staðþjappaður,ls,kk,Eintala,,,,,,,,locally compact,,,,,,,,5094
staðþjappleiki,na,,Eintala,,,,staðþjöppun,,,,local compactness,,,,,,,,5095
stað-,pref,,,,,,,,,small,locally,,,,,,,,5033
stafrófsröð,na,kvk,Eintala,,,,stafrófsröðun,,,,alphabetical order,,,,"dictionary order, lexicographic order, lexicographical order",,,,5124
stafrænn,ls,kk,Eintala,,,,,,,,digital,,,,,,,,5123
stafræn tölva,na,kvk,Eintala,,,,,,,,digital computer,,,,,,,,5122
stafur,na,,Eintala,,,,"bókstafur, tákn",,,,character,,,,,,,,5125
stakbreyta,na,kvk,Eintala,,,,,,,,individual variable,,,,object variable,,,,5130
stak fylkis,na,hk,Eintala,,,,stuðull fylkis,,,,matrix element,,,,,,,,5126
stak utan hornalínu,na,hk,Eintala,,,,,,,,non-diagonal element,,,,off-diagonal element,,,,5127
stak,na,,Eintala,,,,íbúi,,,,(of a set) element,,,,member,,,,5128
stak,na,,Eintala,,,,stuðull,,,,(of a matrix or determinant) coefficient,,,,"element, entry",,,,5129
stallagerð,na,,Eintala,,,,"þrepagerð, þrepaskipan",,,"lower echelon form, reduced echelon form, row-echelon form, upper echelon form",echelon form,,,,,,,,5131
standandi bylgja,na,kvk,Eintala,,,,,,,,stationary wave,,,,,,,,5132
stefna,sag,,,,,,,,,converge,tend,,,,,,,,5133
stefna á,sag,,,,,,,,,,converge to,,,,,,,,5134
stefna,na,kvk,Eintala,,,,átt,,,,direction,,,,,,,,5135
stefndur til hægri,ls,kk,Eintala,,,,,,,,right-directed,,,,,,,,5137
stefndur til vinstri,ls,kk,Eintala,,,,,,,,left-directed,,,,,,,,5138
stefnd lína,na,kvk,Eintala,,,,áttuð lína,,,axis,directed line,,,,oriented line,,,,5136
stefnt línustrik,na,hk,Eintala,,,,,,,,directed line segment,,,,,,,,5139
stefnt mengi,na,hk,Eintala,,,,,,,,directed set,,,,,,,,5140
stefnuafleiða,na,kvk,Eintala,,,,,,,,directional derivative,,,,,,,,5142
stefnubundin fjarlægð,na,kvk,Eintala,,,,,,,,algebraic distance,,,,"directed distance, signed distance",,,,5143
stefnudeildun,na,kvk,Eintala,,,,stefnudiffrun,,,,directional differentiation,,,,,,,,5144
stefnuhorn,na,hk,Eintala,,,,,,,,direction angle,,,,,,,,5145
stefnuskrá Hilberts,na,kvk,Eintala,,,,,,,,Hilbert's program,,,,,,,,5146
stefnustuðull,na,kk,Eintala,,,,stefnukósínus,,,,direction cosine,,,,,,,,5147
stefnusvið,na,hk,Eintala,,,,einingarvigursvið,,,,direction field,,,,"directional field, unit vector field",,,,5148
stefnuvigur,na,kk,Eintala,,,,,,,,direction vector,,,,,,,,5149
stefnu-,pref,,,,,,,,,,directional,,,,,,,,5141
sterkari kenning,na,kvk,Eintala,,,,,,,,stronger theory,,,,,,,,5153
sterklega,at,,,,,,,,,,strongly,,,,,,,,5154
sterklega samleitinn,ls,kk,Eintala,,,,,,,,strongly convergent,,,,,,,,5155
sterkt grannmynstur,na,hk,Eintala,,,,,,,"metric topology, norm topology",strong topology,,,,,,,,5156
sterkur,ls,kk,Eintala,,,,,,,,strong,,,,,,,,5157
sterk fylgni,na,kvk,Eintala,,,,,,,,strong correlation,,,,,,,,5150
sterk lausn,na,kvk,Eintala,,,,,,,,strong solution,,,,,,,,5151
sterk samleitni,na,kvk,Eintala,,,,,,,,strong convergence,,,,,,,,5152
stétt,na,,Eintala,,,,"myndvídd, metorð, tign",,,,(of a linear mapping or matrix) rank,,,,,,,,5158
stétt,na,kvk,Eintala,,,,tign,,,,(of a tensor) rank,,,,,,,,5159
stig,na,hk,Eintala,,,,,,,,(of a field extension) degree,,,,linear rank,,,,5160
stig,na,hk,Eintala,Sjá <ref idTerm=1948>margliða</ref>.,Stig <ref idTerm=3563>núllmargliðunnar</ref> er ekki unnt að skilgreina með skynsamlegum hætti sem <ref idTerm=1896>heila tölu</ref> og er því stig hennar sagt vera óskilgreint.,,,,,,(of a polynomial) degree,,,,,,,,5161
stig,na,hk,Eintala,,,,,,,,(of a pole) order,,,,,,,,5162
stigaður,ls,kk,Eintala,,,,,,,,graded,,,,,,,,5165
stiglækkun,na,kvk,Eintala,,,,,,,,deflation,,,,,,,,5169
stigskipt úrtaka,na,kvk,Eintala,,,,,,,,multistage sampling,,,,,,,,5170
stigulaðferð,na,kvk,Eintala,,,,aðferð mesta bratta,,,"method of steepest ascent, method of steepest descent",gradient method,,,,,,,,5171
stigull,na,kk,Eintala,,,,,,,"difference quotient, divided difference, grad, rate of change",gradient,,,,,,,,5172
stigun,na,kvk,Eintala,,,,,,,,graduation,,,,grading,,,,5173
stikabundið próf,na,hk,Eintala,,,,,,,,parametric test,,,,,,,,5175
stikabundin tilgáta,na,kvk,Eintala,,,,,,,,parametric hypothesis,,,,parameter hypothesis,,,,5176
stikaður ferill,na,kk,Eintala,,,,hlaupinn ferill,,,,parametric curve,,,,parameter curve,,,,5177
stikaður,ls,kk,Eintala,,,,hlaupinn,,,,parametrized,,,,,,,,5178
stikaður,,,,,,,stika-,,,,parametric,,,,,,,,5179
stikaframsetning,na,kvk,Eintala,,,,hlaupaframsetning,,,,parametric representation,,,,parametric form,,,,5180
stikajafna,na,kvk,Eintala,,,,hlaupajafna,,,,parametric equation,,,,,,,,5181
stikalaus,ls,,,,,,,,,distribution-free,non-parametric,,,,,,,,5182
stikalaus,ls,,Eintala,,,,,,,,parameter-free,,,,,,,,5183
stikalaust próf,na,hk,Eintala,,,,,,,,non-parametric test,,,,,,,,5184
stikarúm,na,hk,Eintala,,,,hlauparúm,,,,parameter space,,,,,,,,5185
stika,sag,,,,,,hlaupa,,,,parametrize,,,,,,,,5174
stiki,na,,Eintala,,,,"hlaupi, hlaupabreyta, aukabreyta, hlaupastærð, færibreyta",,,,parameter,,,,,,,,5186
stikun,na,kvk,Eintala,,,,,,,,parametrization,,,,parameterization,,,,5187
stilkur,na,kk,Eintala,,,,,,,,stalk,,,,,,,,5188
Stirling-tala,na,kvk,Eintala,,,,,,,,factorial coefficient,,,,Stirling number,,,,5189
stígandi keðja,na,kvk,Eintala,,,,vaxandi keðja,,,,ascending chain,,,,,,,,5166
stígandi,ls,,,,,,vaxandi,,,,ascending,,,,,,,,5167
stígandi,ls,,,,,,"vaxandi, hækkandi",,,"order-preserving, strictly increasing",increasing,,,,"isotone, isotonic, monotonically increasing, non-decreasing",,,,5168
stíga,sag,,,,,,"vaxa, hækka",,,,increase,,,,,,,,5164
stjarfleiki,na,kk,Eintala,,,,,,,,rigidity,,,,,,,,5190
stjarfur,ls,kk,Eintala,,,,,,,,rigid,,,,,,,,5191
stjarfur hlutur,na,kk,Eintala,,,,,,,,rigid body,,,,,,,,5192
stjarna,na,kvk,Eintala,,,,,,,,asterisk,,,,,,,,5193
stjarna,na,kvk,Eintala,,,,,,,,star,,,,,,,,5194
stjórna,sag,,,,,,stýra,,,,control,,,,,,,,5199
stjórnbreyta,na,kvk,Eintala,,,,"stýribreyta, ákvörðunarbreyta",,,,control variable,,,,decision variable,,,,5200
stjórn,na,kvk,Eintala,,,,stýring,,,,control,,,,,,,,5198
stjökun,na,kvk,Eintala,,,,,,,translation,shift,,,,,,,,5195
stjökunarvirki,na,kk,Eintala,,,,,,,,shift operator,,,,,,,,5196
stjörf hreyfing,na,,Eintala,,,,stjarfur flutningur,,,,rigid motion,,,,,,,,5197
stjörnualgebra,na,kvk,Eintala,,,,,,,,star algebra,,,,,,,,5201
stjörnuferill,na,kk,Eintala,,,,,,,,asteroid,,,,astroid,,,,5202
stjörnumargflötungur,na,kk,Eintala,,,,stirndur margflötungur,,,,star polyhedron,,,,stellated polyhedron,,,,5203
stjörnusvæði,na,hk,Eintala,,,,stjörnulaga svæði,,,,star domain,,,,star-like domain,,,,5204
stjörnuþykkvi,na,,Eintala,,,,"stjörnulaga þykkvi, stjörnulaga rúmmynd",,,star domain,star body,,,,,,,,5205
stoð,na,kvk,Eintala,,,,,,,,carrier,,,,support,,,,5206
stoðafjölskylda,na,kvk,Eintala,,,,,,,,family of supports,,,,,,,,5207
stoðfall,na,hk,Eintala,,,,,,,,supporting function,,,,support function,,,,5208
stoðhending,na,kvk,Eintala,,,,hjálparhending,,,,ancillary statistic,,,,,,,,5209
stoðlína,na,kvk,Eintala,,,,,,,,supporting line,,,,,,,,5210
stoðslétta,na,kvk,Eintala,,,,,,,,supporting plane,,,,,,,,5217
stofnbrot,na,hk,Eintala,<ref idTerm=234>Almennt brot</ref> á forminu \(\dfrac1n\) þar sem \(n\) er <ref idTerm=2535>jákvæð</ref> <ref idTerm=1896>heiltala</ref>.,,,,,,,unit fraction,,,,,,,,5227
stofnbrotaliðun,na,kvk,Eintala,,,,"hlutbrotaliðun, liðun í stofnbrot, liðun í hlutbrot",,,,expansion in partial fractions,,,,"partial fraction decomposition, partial fraction expansion",,,,5229
stofnbrot,na,hk,Eintala,,,,hlutbrot,,,,partial fraction,,,,,,,,5228
stofnfall,na,hk,Eintala,,,,,,,indefinite integral,antiderivative,,,,primitive,,,,5230
stofnfrumsenda,na,kvk,Eintala,,,,"stofnfrumsetning, frumsenda um stofn, frumsetning um stofn, regluleikafrumsenda, regluleikafrumsetning",,,,axiom of foundation,,,,"axiom of regularity, regularity axiom",,,,5231
stórgeisli,na,kk,Eintala,,,,"umgeisli, geisli umritaðs hrings, geisli umritaðrar kúlu",,,,circumradius,,,,long radius,,,,5236
stórhringur,na,kk,Eintala,,,,,,,small circle,great circle,,,,,,,,5237
stórt ríki,na,hk,Eintala,,,,,,,,big category,,,,,,,,5238
stórt ríki,na,hk,Eintala,,,,,,,,large category,,,,,,,,5239
stranglega,at,,,,,,,,,,strictly,,,,,,,,5240
stranglega einhalla,ls,,,,,,,,,,strictly monotone,,,,strictly monotonic,,,,5241
stranglega jákvæður,ls,kk,Eintala,,,,stranglega viðlægur,,,,strictly positive,,,,,,,,5242
stranglega margfeldinn,ls,kk,Eintala,,,,,,,,completely multiplicative,,,,,,,,5243
stranglega neikvæður,ls,kk,Eintala,,,,stranglega frádrægur,,,,strictly negative,,,,,,,,5244
strangleiki,na,kk,Eintala,,,,,,,,stringency,,,,,,,,5245
strangminnkandi,ls,,,,,,"stranglega minnkandi, strangfallandi, stranglega fallandi, stranglækkandi, stranglega lækkandi, síminnkandi, sífallandi, sílækkandi",,,,strictly decreasing,,,,,,,,5246
strangt þríhyrningsfylki,na,hk,Eintala,,,,,,,,properly triangular matrix,,,,strictly triangular matrix,,,,5247
strangur,ls,kk,Eintala,,,,,,,,strict,,,,,,,,5248
strangur,ls,kk,Eintala,,,,rökfastur,,,,rigorous,,,,,,,,5249
strangvaxandi,ls,,,,,,"stranglega vaxandi, strangstígandi, stranglega stígandi, stranghækkandi, stranglega hækkandi, sívaxandi, sístígandi, síhækkandi",,,,strictly increasing,,,,,,,,5250
straumfall,na,hk,Eintala,,,,,,,,stream function,,,,,,,,5251
straumlína,na,kvk,Eintala,,,,,,,,flow line,,,,stream line,,,,5252
straumur,na,kk,Eintala,,,,,,,,current,,,,,,,,5253
strendingsbróðir,na,kk,Eintala,,,,,,,,prismoid,,,,,,,,5254
strendingsflötur,na,kk,Eintala,,,,,,,,prismatic surface,,,,,,,,5255
strendingsfrændi,na,kk,Eintala,,,,,,,,prismatoid,,,,,,,,5256
strendingsstúfur,na,kk,Eintala,,,,stýfður strendingur,,,,truncated prism,,,,,,,,5257
strendingur,na,kk,Eintala,,,,,,,,prism,,,,,,,,5258
strengfirð,na,kvk,Eintala,,,,,,,,chordal metric,,,,,,,,5260
strengur,na,kk,Eintala,<ref idTerm=2958>Línustrik</ref> sem hefur báða endapunkta sína á <ref idTerm=2295>hring</ref> kallast \textit{strengur} í hringnum.,Ef miðja hringsins liggur á streng kallast sá strengur \textit{miðstrengur}. Á eftirfarandi mynd má sjá hring með miðju \(M\):\n\n\begin{center}\n\includegraphics[width=150px]{myndir/strengur.png}\n\end{center}\n\nStrikið \(AB\) er strengur í hringnum og strikið \(CD\) er miðstrengur.,,,,,,chord,,,,,,,,5261
strengur,na,kk,Eintala,,,,,,,word,string,,,,,,,,5262
streng-,pref,,,,,,,,,,chordal,,,,,,,,5259
streymi,na,hk,Eintala,,,,,,,,flow,,,,,,,,5263
strik,na,hk,Eintala,,,,merki,,,,(the symbol \(^\prime\)) accent,,,,"dash, prime",,,,5264
stríkkun,na,kvk,Eintala,"<ref idTerm=5779>Færsla</ref> \(\lambda\) kallast \textit{stríkkun} með \textit{miðju} í punktinum \(M\) ef fyrir alla punkta \(P\) gildir að <ref idTerm=2072>hlutfallið</ref> milli <ref idTerm=2860>lengda</ref> <ref idTerm=2958>strikanna</ref> \(MP\) og \(M\lambda(P)\) er fasti \(k\), sem kallast þá \textit{kvarði} stríkkunarinnar.",,,,,,similitude,dilatation,,,,"homothety, monoidal transformation, stretching",,,,5265
stríkkunarhlutfall,na,hk,Eintala,,,,,,,,dilatation ratio,,,,"dilatation ratio, ratio of similitude",,,,5266
stríkkunarstuðull,na,kk,Eintala,,,,,,,,coefficient of dilatation,,,,,,,,5267
strjála,sag,,,,,,,,,,discretize,,,,,,,,5273
strjáll tími,na,kk,Eintala,,,,,,,,discrete time,,,,,,,,5274
strjált dreifingarfall,na,hk,Eintala,,,,,,,,discrete distribution function,,,,,,,,5275
strjált ferli,na,hk,Eintala,,,,,,,,discrete process,,,,,,,,5276
strjált róf,na,hk,Eintala,,,,,,,,discrete spectrum,,,,,,,,5277
strjált streymi,ls,hk,Eintala,,,,,,,,discrete flow,,,,,,,,5278
strjálun,na,kvk,Eintala,,,,,,,,discretization,,,,,,,,5279
strjálunarskekkja,na,kvk,Eintala,,,,,,,,discretization error,,,,,,,,5280
strjál bestun,na,kvk,Eintala,,,,,,,,combinatorial programming,,,,discrete programming,,,,5268
strjál breyta,na,kvk,Eintala,,,,,,,,discrete variable,,,,,,,,5269
strjál dreifing,na,kvk,Eintala,,,,,,,,arithmetic distribution,,,,discrete distribution,,,,5270
strjál hending,na,kvk,Eintala,,,,,,,,discrete random variable,,,,,,,,5271
strjál stærðfræði,na,kvk,Eintala,,,,,,,,discrete mathematics,,,,,,,,5272
strútur,na,kk,Eintala,,,,,,,lateral surface,nappe,,,,sheet,,,,5285
strýta,na,,Eintala,<ref idTerm=6532>Rúmmynd</ref> sem afmarkast af <ref idTerm=3161>marghyrnings</ref><ref idTerm=2579>fleti</ref> <ref idTerm=2579>fletinum</ref> sem fæst með því að draga <ref idTerm=2958>línustrik</ref> milli <ref idTerm=4001>punkta</ref> marghyrningsins og eins tiltekins punkts.,,,píramíti,,,,pyramid,,,,,,,,5286
strýtustúfur,na,,Eintala,,,,"píramítastúfur, stýfð strýta, stýfður píramíti",,,,frustum of pyramid,,,,truncated pyramid,,,,5287
ströng leiðing,na,kvk,Eintala,,,,,,,,strict implication,,,,,,,,5281
ströng ójafna,na,kvk,Eintala,,,,,,,,strict inequality,,,,strong inequality,,,,5282
ströng röðun,na,kvk,Eintala,,,,,,,,strict ordering,,,,strong ordering,,,,5283
ströng sönnun,na,kvk,Eintala,,,,,,,,rigorous proof,,,,,,,,5284
stuðlafylki,na,hk,Eintala,,,,,,,,coefficient matrix,,,,,,,,5288
stuðlasamanburður,na,,Eintala,,,,stuðlaákvörðun,,,,method of undetermined coefficients,,,,,,,,5289
stuðull,na,kk,Eintala,Sjá <ref idTerm=1948>margliða</ref>.,,,,,,,(of a polynomial) coefficient,,,,,,,,5290
stuttur,ls,kk,Eintala,,,,skammur,,,,short,,,,,,,,5294
stúfabundin,na,,Eintala,,,,,,,,jet bundle,,,,,,,,5291
stúfur,na,kk,Eintala,,,,,,,,frustum,,,,,,,,5292
stúfur,na,kk,Eintala,,,,,,,,jet,,,,,,,,5293
styrkur,na,kk,Eintala,,,,styrkleiki,,,,power,,,,strength,,,,5305
stytta,sag,,,,,,,,,cancel,(r. a fraction) reduce,,,,,,,,5307
styttanlegt stak,na,hk,Eintala,,,,,,,,cancellable element,,,,regular element,,,,5309
styttanlegur,ls,kk,Eintala,,,,,,,,cancellable,,,,,,,,5310
styttanleiki,na,kk,Eintala,,,,,,,,cancellability,,,,,,,,5311
stytta,sag,,,,,,"stytta út, stytta burt",,,reduce,cancel,,,,,,,,5308
stytting,na,kvk,Eintala,,,,,,,reduction,cancellation,,,,,,,,5313
stytting,na,kvk,Eintala,,,,,,,cancellation,reduction,,,,,,,,5314
styttingarskekkja,na,kvk,Eintala,,,,,,,,cancellation error,,,,,,,,5315
styttinn,ls,kk,Eintala,,,,,,,,cancellative,,,,,,,,5316
styttin hálfgrúpa,na,kvk,Eintala,,,,,,,,cancellation semigroup,,,,,,,,5312
styttiregla,na,kvk,Eintala,,,,,,,,cancellation law,,,,,,,,5317
stytt margföldun,na,kvk,Eintala,,,,stuttamargföldun,,,,abbreviated multiplication,,,,"abridged multiplication, short multiplication",,,,5306
stýfa,sag,,,,,,,,,,chop,,,,truncate,,,,5295
stýfður,ls,kk,Eintala,,,,,,,,truncated,,,,,,,,5297
stýfð röð,na,kvk,Eintala,,,,,,,,truncated series,,,,,,,,5296
stýfing,na,kvk,Eintala,,,,,,,,chopping,,,,truncation,,,,5298
stýfingarskekkja,na,kvk,Eintala,,,,,,,,error of truncation,,,,truncation error,,,,5299
stýrð breyta,na,kvk,Eintala,,,,,,,,controlled variable,,,,,,,,5300
stýriferill,na,kk,Eintala,,,,,,,,directing curve,,,,directrix,,,,5301
stýrifræði,na,kvk,Eintala,,,,,,,,control theory,,,,,,,,5302
stýrifræði,na,kvk,Eintala,,,,,,,,cybernetics,,,,,,,,5303
stýrihringur,na,kk,Eintala,,,,,,,,directrix circle,,,,director circle,,,,6661
stýrilína,na,kvk,Eintala,,,,,,,,directing line,,,,directrix,,,,5304
stæða,na,kvk,Eintala,,,,,,,,(in geometry) configuration,,,,,,,,5096
stæðafjöldi,na,kk,Eintala,,,,,,,,arity,,,,rank,,,,5098
stæða,na,,Eintala,,,,stærðtákn,,,"algebraic expression, formula, meaningful expression, meaningful formula, well-formed formula",expression,,,,,,,,5097
stæði,na,hk,Eintala,,,,,,,,(of a predicate or relation) place,,,,,,,,5099
stækkun,ls,,Eintala,,,,"viðbót, auki",,,,increment,,,,,,,,5100
stærð,na,kvk,Eintala,,,,,,,,quantity,,,,,,,,5102
stærðarþrep,na,hk,Eintala,,,,tugaþrep,,,,order of magnitude,,,,,,,,5106
stærðfræði,na,kvk,Eintala,,,,,,,,mathematics,,,,,,,,5107
stærðfræðilegt líkan,na,hk,Eintala,,,,,,,,mathematical model,,,,,,,,5113
stærðfræðilegur hlutur,na,kk,Eintala,,,,,,,,mathematical object,,,,,,,,5114
stærðfræðilegur,ls,kk,Eintala,,,,stærð\hbox{fræði-.}\ekkipunktur,,,,mathematical,,,,,,,,6662
stærðfræðileg bestun,na,kvk,Eintala,,,,bestun,,,"dynamic programming, combinatorial programming, discrete programming, linear programming, multistage programming, quadratic programming, stochastic programming",mathematical programming,,,,"programming, optimization, optimizing",,,,6663
stærðfræðileg frumsenda,na,kvk,Eintala,,,,stærðfræðileg frumsetning,,,"axiom, logical axiom, non-logical axiom, proper axiom",mathematical axiom,,,,,,,,6664
stærðfræðileg rökfræði,na,kvk,Eintala,,,,,,,formal logic,logistics,,,,"mathematical logic, symbolic logic",,,,6665
stærðfræðileg tölfræði,na,kvk,Eintala,,,,,,,,mathematical statistics,,,,,,,,6666
stærðfræðileg þversögn,na,kvk,Eintala,,,,,,,,mathematical paradox,,,,,,,,6667
stærðfræðimynstur,na,hk,Eintala,,,,stærðfræðilegt mynstur,,,,mathematical structure,,,,,,,,5116
stærðfræðingur,na,kk,Eintala,Einstaklingur sem iðkar <ref idTerm=5107>stærðfræði</ref>.,,,,,,,mathematician,,,,,,,,5117
stærð,na,kvk,Eintala,,,,fjöldatala,,,,(of a group) order,,,,,,,,5103
stærð,na,,Eintala,,,,stórleiki,,,cardinality,size,,,,,,,,5104
stærð,na,,Eintala,,,,þrep,,,,(of a determinant) order,,,,,,,,5105
stærri,ls,,,,,,,,,,greater,,,,,,,,5118
stærri eða jafn,,,,,,,"stærri eða jafn og, frekar stærri",,,,greater than or equal to,,,,,,,,5119
stærsta stak,na,hk,Eintala,,,,"efsta stak, hæsta stak, síðasta stak",,,max,greatest element,,,,"largest element, last element, maximum, maximum element",,,,5120
stærsti samdeilir,na,kk,Eintala,,,,stærsti sameiginlegi deilir,,,g. c. d.\ekkipunktur,greatest common divisor,,,,highest common factor,,,,5121
stöðluð algebra,na,kvk,Eintala,,,,,,,,normed algebra,,,,normed ring,,,,5211
stöðluð dreifing,na,kvk,Eintala,,,,,,,,centred and normed distribution,,,,standardized distribution,,,,5212
stöðluð Gauss-dreifing,na,kvk,Eintala,,,,"stöðluð normaldreifing, stöðluð normleg dreifing",,,,standardized normal distribution,,,,,,,,5213
stöðluð hending,na,kvk,Eintala,,,,,,,,normed random variable,,,,"normed variate, standardized random variable, standardized variate",,,,5214
stöðluð margliða,na,kvk,Eintala,<ref idTerm=1948>Margliða</ref> þar sem gildi <ref idTerm=1384>forystustuðulsins</ref> er 1.,Margliðan \(x^2 + 2 x + 3\) er stöðluð margliða af <ref idTerm=5161>stigi</ref> 2.,,,,,,monic polynomial,,,,normed polynomial,,,,5215
stöðlun,na,kvk,Eintala,,,,,,,,normalization,,,,,,,,5216
stöðugleikagrúpa,na,kvk,Eintala,,,,,,,isotropy group,stability subgroup,,,,"stabilizer, stable subgroup",,,,5219
stöðugleiki,na,kk,Eintala,,,,,,,,stability,,,,,,,,5220
stöðugt ástand,na,hk,Eintala,,,,,,,,stable state,,,,,,,,5221
stöðugt ferli,na,hk,Eintala,,,,,,,,stable process,,,,,,,,5222
stöðugt hlutmengi,na,hk,Eintala,,,,,,,,stable subset,,,,,,,,5223
stöðugur,ls,kk,Eintala,,,,,,,,stable,,,,,,,,5224
stöðugur,,,,,,,stöðu-,,,,stationary,,,,,,,,5225
stöðug lausn,na,kvk,Eintala,,,,,,,,stable solution,,,,,,,,5218
stöðurúm,na,hk,Eintala,,,,"svigrúm, stellingarúm",,,,configuration space,,,,,,,,5226
stökkfall,na,hk,Eintala,,,,,,,,jump function,,,,,,,,5233
stökk,na,hk,Eintala,,,,misgengi,,,,jump,,,,,,,,5232
stöng hlutvera,na,kvk,Eintala,,,,,,,,strict inclusion,,,,,,,,5234
stöplarit,na,hk,Eintala,,,,,,,"area histogram, block diagram, histogram",bar diagram,,,,"bar chart, bar graph, column diagram",,,,5235
suðurskaut,na,,Eintala,,,,suðurpóll,,,,south pole,,,,,,,,5318
summa,na,kvk,Eintala,<ref idTerm=5102>Stærð</ref> sem fæst með því að <ref idTerm=2820>leggja saman</ref> tvær <ref idTerm=5397>tölur</ref>.,,,samtala,,,,sum,,,,,,,,5320
summumyndun,na,kvk,Eintala,,,,,,,"method of summation, summation method",summation,,,,,,,,5321
summumyndunaraðferð,na,kvk,Eintala,,,,summuaðferð,,,,method of summation,,,,summation method,,,,5322
summutákn,na,hk,Eintala,,,,,,,"addition sign, plus, plus sign, sign of addition",(the symbol \(\sum\)) summation sign,,,,,,,,5323
sundurgreining,na,kvk,Eintala,,,,"greining, krufning",,,,(of a problem) analysis,,,,,,,,5324
sundurlaust grannmynstur,na,hk,Eintala,,,,strjált grannmynstur,,,,discrete topology,,,,,,,,5331
sundurlaust rúm,na,hk,Eintala,,,,strjált rúm,,,,discrete space,,,,,,,,5332
sundurlaus,ls,,,,,,strjáll,,,,discrete,,,,,,,,5330
sundurleitni,na,kvk,Eintala,,,,,,,div,(of a vector field) divergence,,,,,,,,5333
sundurliðun,na,kvk,Eintala,,,,,,,,(in spectral theory) resolution,,,,,,,,5334
sundurlægir atburðir,na,kk,Fleirtala,,,,,,,,antithetic events,,,,"incompatible events, mutually disjoint events, mutually exclusive events",,,,5326
sundurlægir tveir og tveir,ls,kk,Fleirtala,,,,,,,,(of sets) mutually disjoint,,,,pairwise disjoint,,,,5327
sundurlægt sammengi,na,hk,Eintala,,,,,,,,disjoint union,,,,,,,,5328
sundurlægur,ls,kk,Eintala,"Tvö <ref idTerm=3270>mengi</ref> \(X\) og \(Y\) eru sögð vera \textit{sundurlæg} ef þau hafa ekkert sameiginlegt <ref idTerm=5128>stak</ref>, þ.e. ef \(X \cap Y = \varnothing\).",,,óskaraður,,,,disjoint,,,,"non-intersecting, non-overlapping",,,,5329
sundurlæg skipting,na,kvk,Eintala,\textit{Sundurlæg skipting} á <ref idTerm=3270>mengi</ref> \(X\) eru <ref idTerm=5329>sundurlæg</ref> mengi \(A\) og \(B\) þannig að \(A \cup B = X\).,,,,,,,disjoint decomposition,,,,,,,,5325
súlurit,na,hk,Eintala,,,,stuðlarit,,,"bar chart, bar diagram, bar graph, block diagram, column diagram",area histogram,,,,histogram,,,,5319
svarferill,na,kk,Eintala,,,,,,,,response curve,,,,,,,,5339
svarflötur,na,kk,Eintala,,,,,,,,response surface,,,,,,,,5340
svar,na,,Eintala,,,,svörun,,,,response,,,,,,,,5338
sveifarferill,na,kk,Eintala,,,,,,,"cycloid, curtate cycloid, epitrochoid, hypotrochoid, prolate cycloid, roulette",trochoid,,,,,,,,5341
sveifla,na,kvk,Eintala,,,,,,,,(of a function at a point) fluctuation,,,,oscillation,,,,5342
sveifla,na,kvk,Eintala,,,,,,,,oscillation,,,,,,,,5343
sveigð hnit,na,hk,Fleirtala,,,,,,,,curvilinear coordinates,,,,,,,,5344
sveigfeldi,na,hk,Eintala,,,,,,,,wreath product,,,,,,,,5345
sveimferli,na,hk,Eintala,,,,,,,,diffusion process,,,,,,,,5346
sveimstuðull,na,kk,Eintala,,,,,,,,diffusion coefficient,,,,,,,,5347
sveipferill,na,kk,Eintala,,,,,,,,evolvent,,,,involute,,,,5348
svið,na,hk,Eintala,,,,,,,"scalar field, vector field, tensor field",(in analysis) field,,,,,,,,5349
sviðafræði,na,kvk,Eintala,,,,kroppafræði,,,,(in algebra) field theory,,,,,,,,5352
sviðsfræði,na,kvk,Eintala,,,,,,,,(in analysis) field theory,,,,,,,,5353
sviðsútvíkkun,na,kvk,Eintala,,,,sviðsvíkkun,,,"extension, extension field, overfield",field extension,,,,,,,,5354
svið ræðra talna,na,hk,Eintala,,,,,,,,field of rational numbers,,,,,,,,5350
svið,na,hk,Eintala,,,,kroppur,,,,(in algebra) field,,,,,,,,5351
svigalaus ritháttur,na,kk,Eintala,,,,,,,"Polish notation, prefix notation, postfix notation",parenthesis-free notation,,,,,,,,5355
svigi,na,kk,Eintala,,,,,,,,parenthesis,,,,round bracket,,,,5356
svigrúmsvídd,na,kvk,Eintala,,,,,,,,degree of freedom,,,,,,,,5357
svipalgebra,na,kvk,Eintala,,,,,,,,homological algebra,,,,,,,,5358
svipflokkur,na,kk,Eintala,,,,,,,,homology class,,,,,,,,5359
svipfræði,na,kvk,Eintala,,,,,,,,homology theory,,,,,,,,5360
svipgrúpa,na,kvk,Eintala,,,,,,,,homology group,,,,,,,,5361
sviphjávídd,na,kvk,Eintala,,,,"hjávídd, dýpt",,,,(homological codimension) depth,,,,homological codimension,,,,5362
svipjafngildi,na,hk,Eintala,,,,,,,,homology-equivalence,,,,,,,,5363
svipjafngildur,ls,kk,Eintala,,,,,,,,homology equivalent,,,,,,,,5364
svipkenning,na,kvk,Eintala,,,,,,,,homology theory,,,,,,,,5365
sviplest,na,kvk,Eintala,,,,,,,,homology sequence,,,,,,,,5366
svipvídd,na,kvk,Eintala,,,,,,,,homological dimension,,,,,,,,5367
svæði,na,hk,Eintala,,,,,,,,(connected open set) domain,,,,region,,,,5335
svæðisheildi,na,hk,Eintala,,,,svæðistegur,,,,domain integral,,,,,,,,5336
svæðismat,na,hk,Eintala,,,,,,,,region estimate,,,,,,,,5337
syðra hálfhvel,na,hk,Eintala,,,,suðurhvel,,,,southern hemisphere,,,,,,,,5368
Sylow-hlutgrúpa,na,kvk,Eintala,,,,Sylow-grúpa,,,,Sylow subgroup,,,,,,,,5369
sýndaróendanleiki,na,kk,Eintala,,,,,,,actual infinity,potential infinity,,,,virtual infinity,,,,5370
sæti,na,hk,Eintala,,,,,,,,(of a decimal) place,,,,,,,,4298
sæti,na,hk,Eintala,,,,,,,,position,,,,,,,,4299
sætiskerfi,na,hk,Eintala,,,,,,,positional notation,place value system,,,,,,,,4300
sætisritun,na,kvk,Eintala,,,,sætistalnaritun,,,place value system,positional notation,,,,,,,,4301
sætisröðun,na,kvk,Eintala,,,,,,,,ranking,,,,,,,,4302
sætistala,na,,Eintala,,,,sæti,,,,ordinal position,,,,,,,,4304
söðulflötur,na,kk,Eintala,,,,,,,,saddle surface,,,,,,,,4959
söðulpunktsaðferð,na,kvk,Eintala,,,,,,,,method of steepest descent,,,,"saddle-point method, stationary phase method",,,,4960
söðulpunktur,na,kk,Eintala,,,,,,,hyperbolic point,saddle point,,,,,,,,4961
sönnun,na,kvk,Eintala,,,,,,,,demonstration,,,,proof,,,,4964
sönn fullyrðing,na,kvk,Eintala,,,,sönn yrðing,,,,true proposition,,,,,,,,4963
tafla,na,kvk,Eintala,,,,,,,,table,,,,,,,,5373
taka,sag,,,,,,,,,extract,take,,,,,,,,5374
taka enda,sag,,,,,,,,,,terminate,,,,,,,,5376
taka saman,sag,,,,,,,,,,collect,,,,,,,,5377
taka til láns,sag,,,,,,,,,,borrow,,,,,,,,5378
taka út fyrir sviga,sag,,,,,,,,,,factor out,,,,,,,,5379
taka (gildi),sag,,,,,,,,,,(a value) assume,,,,,,,,5375
takmarkaður að mestu,ls,kk,Eintala,,,,"næstum takmarkaður, skorðaður að mestu, næstum skorðaður",,,,essentially bounded,,,,,,,,5385
takmarkaður að neðan,ls,kk,Eintala,<ref idTerm=4093>Rauntalna</ref><ref idTerm=3270>mengi</ref> kallast \textit{takmarkað að neðan} ef það hefur <ref idTerm=5818>undirtölu</ref>.,"Almennt er sagt að <ref idTerm=4009>hlutraðað mengi</ref> sé takmarkað að neðan ef það hefur undirstak. Til dæmis er <ref idTerm=1840>hálflínan</ref> \([0, \infty)\) takmörkuð að neðan en talan 0 er sjálf undirtala.",,skorðaður að neðan,,,,bounded below,,,,,,,,5386
takmarkaður að ofan,ls,kk,Eintala,<ref idTerm=4093>Rauntalna</ref><ref idTerm=3270>mengi</ref> kallast \textit{takmarkað að ofan} ef það hefur <ref idTerm=6280>yfirtölu</ref>.,"Almennt er sagt að <ref idTerm=4009>hlutraðað mengi</ref> sé takmarkað að ofan ef það hefur yfirstak. Til dæmis er <ref idTerm=1840>hálflínan</ref> \((-\infty, 0]\) takmörkuð að ofan en talan 0 er sjálf yfirtala.",,skorðaður að ofan,,,,bounded above,,,,,,,,5387
takmarkaður í hverjum punkti,ls,kk,Eintala,,,,skorðaður í hverjum punkti,,,,pointwise bounded,,,,,,,,5388
takmarkaður í jöfnum mæli,ls,kk,Eintala,,,,skorðaður í jöfnum mæli,,,,uniformly bounded,,,,,,,,5389
takmarkaður,ls,kk,Eintala,,,,skorðaður,,,,(of a set or function) bounded,,,,,,,,5390
takmarkað fall,na,hk,Eintala,<ref idTerm=1078>Fall</ref> \(f: X \to Y\) kallast \textit{takmarkað} ef til er <ref idTerm=4093>rauntala</ref> \(C\) þannig að \(|f(x)| \leq C\) fyrir öll \(x \in X\).,"Það að fall sé takmarkað jafngildir því að <ref idTerm=3417>myndmengi</ref> þess sé <ref idTerm=5381>takmarkað mengi</ref>. Til dæmis er <ref idTerm=4647>sínusfallið</ref> \(\sin : \mathbb{R} \to \mathbb{R}\) takmarkað vegna þess að \(\sin(\mathbb{R})=[-1,1]\) sem er takmarkað mengi.",,skorðað fall,,,,bounded function,,,,,,,,5380
takmarkað mengi,na,hk,Eintala,<ref idTerm=4093>Rauntalna</ref><ref idTerm=3270>mengi</ref> \(A\) kallast \textit{takmarkað} ef til er rauntala \(C\) þannig að \(|x| \leq C\) fyrir öll \(x\) úr \(A\).,"Skilgreiningin á líka við <ref idTerm=5682>tvinntalna</ref>mengi. Almennt er sagt að <ref idTerm=1200>firðrúm</ref> \((X,d)\) sé takmarkað ef til er rauntala \(C\) þannig að \(d(x,y) \leq C\) fyrir öll \(x,y \in X\).",,skorðað mengi,,,,bounded set,,,,,,,,5381
takmarkað svæði,na,hk,Eintala,,,,skorðað svæði,,,,bounded domain,,,,,,,,5382
takmarkað vik,na,hk,Eintala,,,,,,,,limited variation,,,,,,,,5383
takmarkað vik,na,hk,Eintala,,,,skorðað vik,,,,bounded variation,,,,,,,,5384
takmörkuð afstæðiskenning,na,kvk,Eintala,,,,,,,,special theory of relativity,,,,,,,,5391
takmörkuð keðja,na,kvk,Eintala,,,,skorðuð keðja,,,,bounded chain,,,,,,,,5392
takmörkun í jöfnum mæli,na,kvk,Eintala,,,,"skorðun í jöfnum mæli, jafnmælisskorðun",,,,uniform boundedness,,,,,,,,5393
tala,na,kvk,Eintala,,,,,,,"abstract number, abundant number, additive number theory, algebraic number, algebraic number field, algebraic number theory, algebraic theory of numbers, amicable numbers, analytic number theory, analytic theory of numbers, average sample number, Bernoulli number, binary number, binary number system, biquadratic number, cardinal, cardinal number, Cayley number, characteristic number, chromatic number, class number, complementary number, complex number, complex number field, complex number plane, complex number space, complex number system, composite number, compound number, concrete number, condition number, conjugate algebraic number, conjugate complex number, decimal number, decimal number system, defective number, deficient number, denominate number, diminute number, dyadic number, elementary number theory, even number, extended real number system, factorial number, Fibonacci number, field of complex numbers, field of rational numbers, field of real numbers, figurate number, finite number, fractional number, friendly numbers, Gauss number plane, geometry of numbers, heptagonal number, hexagonal number, highly composite number, imaginary number, imperfect number, infinite number, integer, integral number, inverse number, irrational number, linking number, mixed number, multidigit number, multiplace number, multiplicative number theory, natural number, nonagonal number, octagonal number, odd number, one, one-digit number, opposite number, ordinal, ordinal number, \(p\)-adic number, palindromic number, pentagonal number, perfect number, polygonal number, polyhedral number, prime, prime number, prime number theorem, pseudorandom numbers, pure imaginary number, purely imaginary number, quaternion, random number, rational number, real number, real number field, real number plane, real number space, real number system, reciprocal number, scalar, signed number, single-digit number, square number, Stirling number, superfluous number, table of random numbers, ternary number, ternary number system, tetrahedral number, theory of numbers, transcendental number, transfinite number, triangular number, uneven number, unnamed number, whole number, winding number, zero",number,,,,,,,,5397
tala,na,kvk,Eintala,,,,,,,number,scalar,,,,,,,,5398
tala með formerki,na,kvk,Eintala,,,,,,,,signed number,,,,,,,,5399
talnabil,na,hk,Eintala,,,,,,,interval,number interval,,,,,,,,5402
talnabrot,na,hk,Eintala,,,,,,,,numerical fraction,,,,,,,,5403
talnaeining,na,kvk,Eintala,,,,,,,,number unit,,,,,,,,5404
talnafasti,na,kk,Eintala,,,,,,,,numerical constant,,,,,,,,5405
talnafræðifall,na,hk,Eintala,,,,talnafræðilegt fall,,,,arithmetic function,,,,"arithmetical function, number-theoretic function",,,,5409
talnafræðilegur,ls,kk,Eintala,,,,,,,,number-theoretic,,,,,,,,5410
talnafræðingur,na,kk,Eintala,,,,,,,,number theorist,,,,,,,,5411
talnafræði margföldunar,na,kvk,Eintala,,,,,,,,multiplicative number theory,,,,,,,,5406
talnafræði samlagningar,na,kvk,Eintala,,,,,,,,additive number theory,,,,,,,,5407
talnafræði,na,kvk,Eintala,,,,talnalist,,,,arithmetic,,,,"number theory, theory of numbers",,,,5408
talnagrind,na,kvk,Eintala,,,,"kúlnagrind, reiknigrind",,,"saroban, schety, soroban, suan-pan",abacus,,,,"calculating frame, counting frame",,,,5413
talnagögn,na,hk,Fleirtala,,,,,,,,numerical data,,,,,,,,5412
talnahvel Riemanns,na,hk,Eintala,,,,,,,"closed complex plane, complex projective line",complex sphere,,,,Riemann sphere,,,,5414
talnakerfi,na,hk,Eintala,,,,,,,,number system,,,,,,,,5415
talnalína,na,,Eintala,<ref idTerm=2911>Lína</ref> með tvo aðgreinda <ref idTerm=4001>punkta</ref> \(O\) (\textit{núllpunktur}) og \(E\) (\textit{einingarpunktur}) sem svara til <ref idTerm=3475>náttúrulegu talnanna</ref> 0 og 1. <ref idTerm=1204>Fjarlægðin</ref> milli þessa punkta er notuð sem <ref idTerm=2860>lengdareining</ref> og <ref idTerm=1896>heiltölunum</ref> er raðað á línuna þannig að <ref idTerm=4458>samliggjandi</ref> tölur eru í þessari fjarlægð frá hvor annarri.,,,"talnaás, rauntalnalína, rauntalnaás, raunás",,,,continuum,,,,"number axis, number line, numeric line, numerical axis, numerical line, real axis, real line",,,,5416
talnalykill,na,kk,Eintala,,,,,,,,number code,,,,,,,,5417
talnareikningur,na,kk,Eintala,,,,,,,,numerical calculation,,,,numerical computation,,,,5418
talnaritunarkerfi,na,hk,Eintala,Aðferð til þess að rita <ref idTerm=5397>tölur</ref> með því að nota <ref idTerm=1009>endanlega</ref> marga <ref idTerm=5558>tölustafi</ref>. Fjöldi tölustafanna \(n\) kallast \textit{grunntala} talnakerfisins og sérhverja tölu má þá skrifa sem <ref idTerm=5320>summu</ref> <ref idTerm=4425>liða</ref> á forminu \(an^k\) þar sem \(|a|<n\) og \(k\in\mathbb{Z}\).,,,,,,"binary numeration system, decimal numeration system, duodecimal numeration system, hexadecimal numeration system, octal numeration system, place value system, Roman numerals, sexadecimal numeration system, sexagesimal numeration system, ternary numeration system, vicenary numeration system",numeration system,,,,"number system, numeral system",,,,6668
talnaruna,na,kvk,Eintala,,,,,,,,number sequence,,,,numerical sequence,,,,5421
talnarúm,na,hk,Eintala,,,,,,,"cartesian space, complex number space, euclidean space, real number space",number space,,,,,,,,5420
talnaröð,na,kvk,Eintala,,,,,,,,number series,,,,numerical series,,,,5419
talnaslétta,na,kvk,Eintala,,,,,,,,number plane,,,,,,,,5422
talnastuðull,na,kk,Eintala,,,,,,,,numerical coefficient,,,,,,,,5424
talnastærð,na,kvk,Eintala,,,,,,,,numerical quantity,,,,,,,,5423
talnatákn,na,hk,Eintala,,,,tölutákn,,,,figure,,,,"number symbol, numeral",,,,5425
talnatvennd,na,kvk,Eintala,,,,,,,,number pair,,,,number couple,,,,5426
talningarferli,na,hk,Eintala,,,,,,,,counting process,,,,,,,,5428
talningarfræði,na,kvk,Eintala,,,,,,,,enumerative combinatorics,,,,,,,,5429
talningarmál,na,hk,Eintala,,,,,,,,counting measure,,,,,,,,5430
talning,na,kvk,Eintala,,,,upptalning,,,,count,,,,"counting, denumeration, enumeration",,,,5427
tangens,na,kk,Eintala,"<ref idTerm=2202>Hornafall</ref> sem er skilgreint sem \(\frac{\sin(A)}{\cos(A)}\) fyrir \(A \neq \frac{\pi}{2} + k \pi,k\in\mathbb{Z}\), táknað \(\tan(A)\). Fyrir <ref idTerm=4173>rétthyrndan þríhyrning</ref> \(ABC\) þar sem \(C\) er <ref idTerm=4167>rétt horn</ref> er \textit{tangens} af <ref idTerm=2198>horninu</ref> \(A\) <ref idTerm=2072>hlutfallið</ref> milli <ref idTerm=2860>lengd</ref> <ref idTerm=3396>mótlægrar</ref> <ref idTerm=4725>skammhliðar</ref> og lengd <ref idTerm=65>aðlægrar</ref> skammhliðar. Sjá eftirfarandi mynd: \n\n\begin{center}\n\includegraphics[width=150px]{myndir/hornafoll.png}\n\end{center}",Eftirfarandi mynd sýnir hluta <ref idTerm=2955>grafs</ref> tangensfallsins: \n\n\begin{center}\n\includegraphics[width=150px]{myndir/tan.png}\n\end{center},,,,,"tan, tg",tangent,,,,,,,,5431
tangensregla,na,kvk,Eintala,,,,,,,,law of tangents,,,,tangent law,,,,5432
tapfall,na,hk,Eintala,,,,,,,,loss function,,,,,,,,5433
Tauber-setning,na,kvk,Eintala,,,,,,,,Tauberian theorem,,,,,,,,5434
Taylor-liðun,na,kvk,Eintala,,,,,,,,Taylor expansion,,,,,,,,5435
Taylor-röð,na,kvk,Eintala,,,,,,,,Taylor series,,,,,,,,5436
táknmál,na,hk,Eintala,,,,,,,,notation,,,,,,,,5395
táknrænn,ls,kk,Eintala,,,,,,,,symbolic,,,,symbolical,,,,5396
tálmafall,na,hk,Eintala,,,,,,,,barrier function,,,,,,,,5400
tálmi,na,kk,Eintala,,,,,,,,barrier,,,,,,,,5401
tegund,na,kvk,Eintala,,,,,,,,kind,,,,,,,,5437
tegund,na,kvk,Eintala,,,,,,,,species,,,,,,,,5438
teikna,sag,,,,,,,,,,plot,,,,,,,,5439
teikna,sag,,,,,,draga,,,,construct,,,,,,,,5440
teikna,sag,,,,,,draga,,,,draw,,,,,,,,5441
teiknifræði,na,kvk,Eintala,,,,lýsandi rúmfræði,,,,descriptive geometry,,,,,,,,5442
teikniheildun,na,kvk,Eintala,,,,teiknitegrun,,,,graphical integration,,,,graphical quadrature,,,,5443
teiknihorn,na,hk,Eintala,,,,,,,,set square,,,,,,,,5444
teiknilausn,na,kvk,Eintala,,,,,,,,graphic solution,,,,,,,,5445
teikning,na,kvk,Eintala,,,,,,,,plot,,,,,,,,5446
teikning með hringfara,na,kvk,Eintala,,,,,,,,compass construction,,,,,,,,5447
teikning með hringfara og reglustiku,na,kvk,Eintala,,,,,,,,construction by ruler and compass,,,,"ruler and compass construction, straight-edge-and-compass construction",,,,5448
teikning,na,,Eintala,,,,"dráttur, uppdráttur, rúmfræðileg teikning",,,construction,geometric construction,,,,,,,,5449
teikning,na,,Eintala,,,,"uppdráttur, dráttur",,,geometric construction,construction,,,,,,,,5450
teikniverkefni,na,hk,Eintala,,,,dráttardæmi,,,,construction problem,,,,,,,,5451
telja,sag,,,,,,,,,,count,,,,,,,,5452
teljanlega óendanlegur,ls,kk,Eintala,,,,,,,,countably infinite,,,,"denumerably infinite, enumerably infinite",,,,5453
teljanlega viðbætinn,ls,,,,,,"sigma-viðbætinn, teljanlega samleggjandi, sigma-samleggjandi",,,,absolutely additive,,,,"countably additive, sigma-additive",,,,5454
teljanlega þjappaður,ls,kk,Eintala,,,,sigma-þjappaður,,,,countably compact,,,,sigma-compact,,,,5455
teljanlegt mengi,na,hk,Eintala,,,,,,,,countable set,,,,,,,,5456
teljanlegur,ls,kk,Eintala,,,,,,,,countable,,,,"denumerable, enumerable",,,,5457
teljanlegur óendanleiki,na,kk,Eintala,,,,,,,,countable infinity,,,,"denumerable infinity, enumerable infinity",,,,5458
teljanleikafrumsenda,na,kvk,Eintala,,,,teljanleikafrumsetning,,,,axiom of countability,,,,,,,,5459
teljanleikaskilyrði,na,,Eintala,,,,"teljanleikaforsenda, teljanleikafrumsetning, teljanleikafrumsenda",,,,countability axiom,,,,,,,,5460
teljanleiki,na,kk,Eintala,,,,,,,,countability,,,,"denumerability, enumerability",,,,5461
teljari,na,kk,Eintala,Sjá <ref idTerm=234>almennt brot</ref>.,,,,,,denominator,numerator,,,,,,,,5462
tempruð dreif,na,,Eintala,,,,temprað dreififelli,,,,tame distribution,,,,tempered distribution,,,,5463
tengd ástönd,na,hk,Fleirtala,,,,,,,,communicating states,,,,,,,,5464
tengilína,na,kvk,Eintala,,,,,,,,connecting line,,,,,,,,5466
tengill,na,kk,Eintala,,,,,,,,associator,,,,,,,,5467
tengimótun,na,kvk,Eintala,,,,,,,,connecting homomorphism,,,,,,,,5468
tenging,na,kvk,Eintala,,,,,,,,coupling,,,,,,,,5471
tenginn,ls,kk,Eintala,<ref idTerm=46>Reikniaðgerð</ref> \(\odot\) kallast \textit{tengin} ef hún uppfyllir <ref idTerm=5473>tengiregluna</ref>.,,,,,,,associative,,,,,,,,5472
tengin aðgerð,na,kvk,Eintala,,,,tengin reikniaðgerð,,,,associative operation,,,,,,,,5469
tengin algebra,na,kvk,Eintala,,,,,,,,associative algebra,,,,,,,,5470
tengiregla,na,kvk,Eintala,"<ref idTerm=5702>Tvístæð reikniaðgerð</ref> \(\odot : X \times X \to X\) á <ref idTerm=3270>mengi</ref> \(X\) er sögð fullnægja \textit{tengireglunni} ef fyrir sérhver <ref idTerm=5128>stök</ref> \(x,y,z \in X\) gildi að \((x \odot y) \odot z = x \odot (y \odot z)\).",Margar aðgerðir í algengri notkun uppfylla tengiregluna en þó eru til ótengnar aðgerðir. Sem dæmi má nefna veldishafningu en til að mynda er \((2^3)^2 \neq 2^{(3^2)}\). Athugum að \((2^3)^2 = 8^2 = 64\) en \(2^{(3^2)} = 2^9 = 512\).,,,,,,associative law,,,,"associative rule, associativity law",,,,5473
tengivegur,na,kk,Eintala,,,,,,,,connecting path,,,,,,,,5474
tengi-,pref,,,,,,,,,,associative,,,,,,,,5465
tengni,na,kvk,Eintala,,,,,,,,associativity,,,,,,,,5475
tengslatafla,na,kvk,Eintala,,,,slembitafla,,,,contingency table,,,,,,,,5476
tengt frumíðal,na,hk,Eintala,,,,,,,,associated prime ideal,,,,,,,,5477
teningsgrúpa,na,kvk,Eintala,,,,áttflötungsgrúpa,,,,hexahedral group,,,,octahedral group,,,,5478
teningstala,na,kvk,Eintala,,,,verpiltala,,,cube,perfect cube,,,,,,,,5479
teningur,na,kk,Eintala,<ref idTerm=2559>Kassi</ref> þar sem allar <ref idTerm=1325>hliðar</ref> eru <ref idTerm=1163>ferningar</ref>.,Eftirfarandi er mynd af teningi:\n\n\begin{center}\n\includegraphics[width=150px]{myndir/teningur.png}\n\end{center},,"verpill, reglulegur sexflötungur",,,,(in geometry) cube,,,,regular hexahedron,,,,5480
tilfelli,na,hk,Eintala,,,,tilvik,,,,case,,,,,,,,5490
tilfærsla,na,kvk,Eintala,,,,,,,"translation, motion, movement, isometry",displacement,,,,,,,,5488
tilfærsla á stuðlum,na,kvk,Eintala,,,,stuðlatilfærsla,,,,variation of parameters,,,,variation of constants,,,,5489
tilgáta,na,kvk,Eintala,,,,,,,,conjecture,,,,,,,,5491
tilgáta,na,kvk,Eintala,,,,,,,,hypothesis,,,,,,,,5492
tilgáta Riemanns,na,kvk,Eintala,,,,,,,,Riemann's conjecture,,,,Riemann hypothesis,,,,5493
tilheyra,sag,,,,,,"vera í, vera stak í",,,,belong to,,,,be an element of,,,,5494
tilraun,na,kvk,Eintala,,,,,,,,trial,,,,,,,,5495
tilraunafall,na,hk,Eintala,,,,,,,,trial function,,,,,,,,5496
tilraunahögun,na,kvk,Eintala,,,,högun,,,,design of experiment,,,,experimental design,,,,5497
tilraunaskekkja,na,kvk,Eintala,,,,,,,,experimental error,,,,,,,,5498
tilsvarandi óhliðrað hneppi,na,hk,Eintala,,,,,,,,associated homogeneous system,,,,,,,,5499
tiltölulega lokað mengi,na,hk,Eintala,,,,,,,,relatively closed set,,,,,,,,5500
tiltölulega opið mengi,na,hk,Eintala,,,,,,,,relatively open set,,,,,,,,5501
tiltölulega þjappað mengi,na,hk,Eintala,,,,,,,,relatively compact set,,,,,,,,5502
tilvikasönnun,na,kvk,Eintala,,,,,,,,proof by cases,,,,,,,,5503
tilviljun,na,kvk,Eintala,,,,,,,,chance,,,,,,,,5504
tilviljunarákvörðun,na,kvk,Eintala,,,,tilviljanakennd ákvörðun,,,,chance decision,,,,,,,,5505
tilvist,na,kvk,Eintala,,,,,,,,existence,,,,,,,,5506
tilvistarleysi,na,hk,Eintala,,,,,,,,non-existence,,,,,,,,5508
tilvistarlokun,na,kvk,Eintala,,,,,,,,existential closure,,,,,,,,5509
tilvistarmagnari,na,kk,Eintala,,,,tilvistarvirki,,,,existential quantifier,,,,,,,,5510
tilvistarsetning,na,kvk,Eintala,,,,,,,,existence theorem,,,,,,,,5511
tilvistarsönnun,na,kvk,Eintala,,,,,,,,existence proof,,,,proof of existence,,,,5512
tilvistartákn,na,hk,Eintala,,,,,,,existential quantifier,existential symbol,,,,,,,,5513
tilvistar- og ótvíræðnisetning,na,kvk,Eintala,,,,,,,,unique existence theorem,,,,,,,,5507
tíðni,na,kvk,Eintala,,,,,,,,frequency,,,,,,,,5481
tíðnidreifing,na,kvk,Eintala,,,,,,,,frequency distribution,,,,,,,,5482
tíðnifall,na,hk,Eintala,,,,,,,,frequency function,,,,probability frequency function,,,,5483
tíðnirit,na,hk,Eintala,,,,,,,,frequency diagram,,,,,,,,5484
tígulflötungur,na,kk,Eintala,,,,,,,,rhombohedron,,,,,,,,5485
tígull,na,kk,Eintala,<ref idTerm=1127>Ferhyrningur</ref> með allar <ref idTerm=2048>hliðar</ref> jafn <ref idTerm=2860>langar</ref>.,Eftirfarandi er mynd af tígli:\n\n\begin{center}\n\includegraphics[width=150px]{myndir/tigull.png}\n\end{center},,tigull,,,,rhombus,,,,,,,,5486
tíhyrningur,na,kk,Eintala,,,,,,,,decagon,,,,,,,,5487
tímabreyta,na,kvk,Eintala,,,,,,,,time parameter,,,,,,,,5514
tímaóháður,ls,,,,,,sjálfstýrandi,,,,autonomous,,,,,,,,5515
tímaraðagreining,na,kvk,Eintala,,,,,,,,analysis of time series,,,,time series analysis,,,,5516
tímarúm,na,hk,Eintala,,,,,,,,space-time,,,,,,,,5518
tímaröð,na,kvk,Eintala,,,,tímaruna,,,,time series,,,,,,,,5517
togferill,na,kk,Eintala,,,,,,,,tractory,,,,,,,,5520
togfræði,na,kvk,Eintala,,,,,,,,homotopy theory,,,,,,,,5521
toggerð,na,kvk,Eintala,,,,,,,,homotopy type,,,,,,,,5522
toggrúpa,na,kvk,Eintala,,,,,,,,homotopy group,,,,,,,,5523
togjafngildi,na,hk,Eintala,,,,,,,,homotopy equivalence,,,,,,,,5524
togjafngildur,ls,kk,Eintala,,,,,,,,homotopy-equivalent,,,,homotopically equivalent,,,,5525
toglest,na,kvk,Eintala,,,,,,,,homotopy sequence,,,,,,,,5526
togunarinndragi,na,kk,Eintala,,,,,,,,deformation retract,,,,,,,,5527
togunarinndráttur,na,kk,Eintala,,,,,,,,deformation retraction,,,,,,,,5528
topphorn,na,hk,Eintala,\textit{Topphorn} getur ýmist átt við <ref idTerm=2198>hornið</ref> sem jöfnu <ref idTerm=2048>hliðar</ref> <ref idTerm=2496>jafnhliða þríhyrnings</ref> mynda eða tvöfalt <ref idTerm=0>áshorn</ref> <ref idTerm=2576>keilu</ref> eða <ref idTerm=5286>píramída</ref>.,,,,,,,apex angle,,,,"apical angle, vertex angle",,,,5567
topphorn,na,hk,Eintala,<ref idTerm=2198>Hornið</ref> sem <ref idTerm=3400>gagnstæðar</ref> <ref idTerm=1840>hálflínur</ref> við <ref idTerm=334>arma</ref> <ref idTerm=2198>horns</ref> mynda kallast \textit{mótlægt horn} upphaflega hornsins og sagt er að þessi tvö horn séu \textit{gagnstæð horn},Eftirfarandi er mynd sem sýnir gagnstæð horn:\n\n\begin{center}\n\includegraphics[width=150px]{myndir/gagnstaed_horn.png}\n\end{center}\n\nRauðu hálflínurnar eru mótlægar við bláu hálflínurnar og rauða hornið er því mótlægt við bláa hornið. Gagnstæð horn eru alltaf jafn stór.,,gagnstæð horn,,,,opposite angles,,,,vertical angles,,,,5568
topppunktur,na,kk,Eintala,,,,,,,,(of an isosceles triangle) vertex,,,,,,,,5569
topppunktur,na,kk,Eintala,,,,"tindur, toppur, broddur",,,,apex,,,,vertex,,,,5570
torræðni,na,kvk,Eintala,,,,,,,,transcendence,,,,,,,,5572
torræðnigrunnur,na,kk,Eintala,,,,,,,,transcendence basis,,,,transcendental basis,,,,5573
torræðnistig,na,hk,Eintala,,,,,,,,transcendence degree,,,,,,,,5574
torræður,ls,kk,Eintala,,,,,,,,transcendental,,,,transcendent,,,,5575
torræð tala,na,kvk,Eintala,,,,,,,,transcendental number,,,,,,,,5571
torrætt fall,na,hk,Eintala,,,,,,,,transcendental function,,,,,,,,5576
tólfflata,ls,,,,,,,,,,dodecahedral,,,,,,,,5529
tólfflötungsgrúpa,na,kvk,Eintala,,,,tvítugflötungsgrúpa,,,,dodecahedral group,,,,icosahedral group,,,,5530
tólfflötungur,na,kk,Eintala,,,,,,,,dodecahedron,,,,,,,,5531
tólfhyrningur,na,kk,Eintala,,,,,,,,dodecagon,,,,,,,,5532
tómt mengi,na,hk,Eintala,"<ref idTerm=3270>Mengið</ref> með engin <ref idTerm=5128>stök</ref>, ýmist táknað með \(\emptyset, \varnothing\) eða \(\{\}\).",,,tómamengi,,,,empty set,,,,"void set, vacuous set",,,,5564
tómur,ls,kk,Eintala,,,,,,,,empty,,,,"vacuous, void",,,,5565
tómur flokkur,na,kk,Eintala,,,,,,,empty set,empty class,,,,"null-class, vacuous class, void class",,,,5566
trapisa,na,,Eintala,<ref idTerm=1127>Ferhyrningur</ref> þar sem einhver <ref idTerm=2048>hlið</ref> er <ref idTerm=4509>samsíða</ref> <ref idTerm=3396>mótlægri hlið</ref> sinni.,Eftirfarandi er mynd af trapisu:\n\n\begin{center}\n\includegraphics[width=150px]{myndir/trapisa.png}\n\end{center},,hálfsamsíðungur,,,,trapezoid,,,,trapezium,,,,5577
trefja,na,kvk,Eintala,"<ref idTerm=1366>Frummynd</ref> <ref idTerm=3282>vörpunar</ref> \(f: X \to Y\) af <ref idTerm=963>einstökungnum</ref> \(\{y\}\) þar sem \(y \in Y\), oft táknuð \(f^{-1}(\{y\})\) eða \(f^{-1}(y)\) ef engin hætta er á misskilningi.",,,,,,,fibre,,,,fiber,,,,5579
trefjabundin,na,,Eintala,,,,,,,"bundle, vector bundle",fibre bundle,,,,,,,,5580
trefjamargfeldi,na,hk,Eintala,,,,,,,,fibre product,,,,"fibred product, pull-back",,,,5581
trefjarúm,na,hk,Eintala,,,,,,,"fibration, fibring",fibre space,,,,,,,,5583
trefjarækin vörpun,na,kvk,Eintala,,,,,,,,fibre preserving mapping,,,,,,,,5582
trefjun,na,kvk,Eintala,,,,,,,fibre space,fibration,,,,"fibering, fibring",,,,5584
tregða,na,kvk,Eintala,,,,,,,,inertia,,,,,,,,5585
tregðuregla,na,kvk,Eintala,,,,tregðuregla Sylvesters,,,,law of inertia,,,,Sylvester's law,,,,5586
tregðuvísir,na,kk,Eintala,,,,,,,,index of inertia,,,,,,,,5587
tré,na,hk,Eintala,,,,,,,arborescence,tree,,,,,,,,5578
troðsla,na,kvk,Eintala,,,,,,,,packing,,,,,,,,5588
troðsluverkefni,na,hk,Eintala,,,,,,,,packing problem,,,,,,,,5589
troðsluþéttleiki,na,kk,Eintala,,,,,,,,packing density,,,,,,,,5590
truflaður,ls,kk,Eintala,,,,,,,,perturbed,,,,,,,,5591
truflanafræði,na,kvk,Eintala,,,,,,,,perturbation theory,,,,,,,,5592
truflanaliður,na,kk,Eintala,,,,,,,,perturbing term,,,,,,,,5593
truflanastiki,na,kk,Eintala,,,,,,,,perturbation parameter,,,,,,,,5594
truflun,na,kvk,Eintala,,,,,,,,perturbation,,,,,,,,5595
tryggilega flatur,ls,kk,Eintala,,,,,,,,faithfully flat,,,,,,,,5599
tryggingastærðfræði,na,kvk,Eintala,,,,,,,,actuarial mathematics,,,,,,,,5600
tryggur,ls,kk,Eintala,,,,,,,,faithful,,,,,,,,5601
tryggur mótull,na,kk,Eintala,,,,,,,,faithful module,,,,,,,,5602
tryggur varpi,na,kk,Eintala,,,,,,,,faithful functor,,,,,,,,5603
trygg túlkun,na,kvk,Eintala,,,,,,,,faithful interpretation,,,,,,,,5596
trygg útsetning,na,kvk,Eintala,,,,,,,,faithful representation,,,,,,,,5597
trygg verkun,na,kvk,Eintala,,,,,,,,effective action,,,,"effective operation, faithful action, faithful operation",,,,5598
Tsjebysjev-margliða,na,kvk,Eintala,,,,,,,,Chebyshev polynomial,,,,,,,,5604
tugabrot,na,hk,Eintala,,,,,,,,decimal,,,,decimal fraction,,,,5606
tugabrot,na,hk,Eintala,,,,,,,,decimal fraction,,,,,,,,5607
tugabrotshluti,na,kk,Eintala,,,,,,,,decimal part,,,,,,,,5608
tugabrotsliðun,na,kvk,Eintala,,,,"tugabrotsrakning, tugabrotsteygð",,,,decimal expansion,,,,,,,,5609
tugafylling,na,kvk,Eintala,,,,tugafyllitala,,,,complement with respect to 10,,,,,,,,6669
tugakerfi,na,hk,Eintala,,,,,,,numeration system,decimal numeration system,,,,"decimal number system, decimal system (of numeration)",,,,5611
tugalogri,na,kk,Eintala,,,,"venjulegur logri, logri með grunntölu, logri með stofntölu, Briggs-logri",,,,Briggs logarithm,,,,"common logarithm, decimal logarithm, vulgar logarithm",,,,5612
tugastafur,na,kk,Eintala,,,,,,,,decimal,,,,decimal digit,,,,5614
tugastafur,na,kk,Eintala,,,,,,,,decimal digit,,,,,,,,5615
tugasæti,na,hk,Eintala,,,,,,,,decimal place,,,,,,,,5613
tugatala,na,kvk,Eintala,,,,tala í tugakerfi,,,,decimal,,,,decimal number,,,,5616
tugatala,na,kvk,Eintala,,,,tala í tugakerfi,,,,decimal number,,,,decimal,,,,6670
tuga-,ls,,Eintala,,,,,,,,decimal,,,,decadic,,,,6671
tunna,na,kvk,Eintala,,,,,,,,barrel,,,,,,,,5618
tunnurúm,na,hk,Eintala,,,,,,,,barrelled space,,,,tunnelled space,,,,5619
Turing-reiknanlegur,ls,kk,Eintala,,,,,,,,Turing computable,,,,,,,,5620
Turing-vél,na,kvk,Eintala,,,,,,,,Turing machine,,,,,,,,5621
turn,na,kk,Eintala,,,,,,,,tower,,,,,,,,5622
turn af sviðum,na,kk,Eintala,,,,,,,,field tower,,,,,,,,5623
túlkun,na,kvk,Eintala,,,,,,,,interpretation,,,,,,,,5617
tveggjaferningasetning,na,kvk,Eintala,,,,,,,,two squares theorem,,,,,,,,5625
tveggja manna leikur,na,kk,Eintala,,,,,,,,two-person game,,,,,,,,5624
tveir og tveir,,,,,,,,,,,pairwise,,,,,,,,5626
tvennd,na,kvk,Eintala,Par <ref idTerm=2123>hluta</ref> í tiltekinni röð.,"Fyrir tvo hluti \(x \in X\) og \(y \in Y\) þar sem \(X\) og \(Y\) eru <ref idTerm=3270>mengi</ref> er tvenndin \((x,y)\) stak í <ref idTerm=3279>faldmenginu</ref> \(X \times Y\).",,"raðtvennd, röðuð tvennd",,,,couple,,,,"ordered couple, ordered pair, pair",,,,5627
tvinnbreyta,na,kvk,Eintala,,,,tvinnbreytistærð,,,,complex variable,,,,,,,,5672
tvinnfallagreining,na,kvk,Eintala,,,,"tvinnfallafræði, tvinngreining",,,,complex analysis,,,,function theory,,,,5674
tvinnfall,na,hk,Eintala,<ref idTerm=3282>Vörpun</ref> með <ref idTerm=5682>\(\mathbb{C}\)</ref> sem <ref idTerm=74>bakmengi</ref>.,,,"tvinngilt fall, tvinntölugilt fall",,,,complex function,,,,complex-valued function,,,,5673
tvinnfylki,na,hk,Eintala,,,,tvinntalnafylki,,,,complex matrix,,,,,,,,5675
tvinngildur,ls,kk,Eintala,,,,tvinntölugildur,,,,complex-valued,,,,complex valued,,,,5676
tvinnlína,na,kvk,Eintala,,,,,,,,complex line,,,,,,,,5677
tvinnlínubundin,na,,Eintala,,,,,,,,(in geometry) complex line bundle,,,,,,,,5678
tvinnpunktur,na,kk,Eintala,,,,,,,,complex point,,,,,,,,5679
tvinnrúmfræði,na,kvk,Eintala,,,,,,,,complex geometry,,,,,,,,5680
tvinnslétta,na,kvk,Eintala,,,,,,,,(2-dimensional complex linear space) complex plane,,,,,,,,5681
tvinntala,na,kvk,Eintala,"<ref idTerm=5397>Tala</ref> á forminu \(a+bi\) þar sem \(a,b\in\mathbb{R}\) og \(i\) er tala sem uppfyllir \(i^2=-1\).",,,,,,imaginary number,complex number,,,,,,,,5682
tvinntalnakerfi,na,hk,Eintala,,,,,,,complex number field,complex number system,,,,,,,,5683
tvinntalnarúm,na,hk,Eintala,,,,,,,"number space, real number space",complex number space,,,,,,,,5684
tvinntalnaslétta,na,kvk,Eintala,,,,tvinnslétta,,,,Argand plane,,,,"complex number plane, complex plane, Gauss number plane, Gaussian plane",,,,5685
tvinntalnasvið,na,hk,Eintala,,,,,,,,complex field,,,,"complex number field, field of complex numbers",,,,5686
tvinnun,na,kvk,Eintala,,,,,,,,complexification,,,,,,,,5687
tvinnvarplína,na,kvk,Eintala,,,,,,,complex sphere,complex projective line,,,,,,,,5688
tvinnvarprúm,na,hk,Eintala,,,,varprúm yfir tvinntölurnar,,,,complex projective space,,,,,,,,5689
tvinnvarpslétta,na,kvk,Eintala,,,,varpslétta yfir tvinntölurnar,,,,complex projective plane,,,,,,,,5690
tvinnvigurrúm,na,hk,Eintala,,,,"tvinnlínulegt rúm, vigurrúm yfir tvinntölurnar, línulegt rúm yfir tvinntölurnar",,,,complex vector space,,,,complex linear space,,,,5691
tvinnþverstaðalgrúpa,na,kvk,Eintala,,,,þverstaðalgrúpa yfir tvinntölurnar,,,,complex orthogonal group,,,,,,,,5692
tvinn-,pref,,,,,,tvinntalna-,,,,complex,,,,,,,,5671
tvisvar,,,,,,,"tvisvar sinnum, tví-",,,,twice,,,,,,,,5712
tvíaðfelldur þríhyrningur,na,kk,Eintala,,,,,,,,doubly asymptotic triangle,,,,,,,,5628
tvíblaða,ls,,,,,,,,,,two-sheeted,,,,,,,,5629
tvíblaða breiðbogaflötur,na,kk,Eintala,,,,tvískála breiðbogaflötur,,,,hyperboloid of two sheets,,,,"parted hyperboloid, two-sheet hyperboloid",,,,5630
tvíblaða þekjurúm,na,hk,Eintala,,,,,,,,two-sheeted covering space,,,,,,,,5631
tvídeildanlegur,ls,kk,Eintala,,,,tvídiffranlegur,,,,twice differentiable,,,,,,,,5632
tvífléttingur,na,kk,Eintala,,,,,,,,bicomplex,,,,double complex,,,,5633
tvíflokkun,na,kvk,Eintala,,,,,,,,dichotomy,,,,,,,,5634
tvíflötungsgrúpa,na,kvk,Eintala,,,,,,,,dihedral group,,,,,,,,5635
tvíflötungur,na,kk,Eintala,,,,,,,,dihedron,,,,,,,,5636
tvígildur,ls,kk,Eintala,,,,,,,,bivalent,,,,,,,,5638
tvígildur,ls,kk,Eintala,,,,,,,,two-valued,,,,,,,,5639
tvígild rökfræði,na,kvk,Eintala,,,,,,,,two-valued logic,,,,,,,,5637
tvíhliða,ls,,,,,,,,,,two-sided,,,,,,,,5640
tvíhliða flötur,na,kk,Eintala,,,,,,,,two-sided surface,,,,,,,,5641
tvíhliða íðal,na,hk,Eintala,,,,,,,,two-sided ideal,,,,,,,,5642
tvíhliða mótull,na,kk,Eintala,,,,,,,,two-sided module,,,,,,,,5643
tvíhliða próf,na,hk,Eintala,,,,,,,,double-tailed test,,,,two-sided test,,,,5645
tvíhliða umhverfa,na,kvk,Eintala,,,,,,,,two-sided inverse,,,,,,,,5646
tvíhliða öryggisbil,na,hk,Eintala,,,,,,,,two-sided confidence interval,,,,,,,,5644
tvíhliða,,,,,,,frá báðum hliðum,,,,bilateral,,,,,,,,5647
tvíhlutanet,na,hk,Eintala,,,,,,,,bipartite graph,,,,,,,,5648
tvíhornalínufylki,na,hk,Eintala,,,,,,,,bidiagonal matrix,,,,,,,,5649
tvíhyrningur,na,kk,Eintala,,,,,,,,digon,,,,,,,,5650
tvíhyrningur,na,,Eintala,,,,"kúlutvíhyrningur, kúlusigð",,,lune,biangle,,,,"gore, spherical digon, spherical lune",,,,5651
tvíkeila,na,kvk,Eintala,,,,tvöföld keila,,,,bicone,,,,double cone,,,,5652
tvíkostur,na,kk,Eintala,,,,,,,Fredholm alternative,alternative,,,,,,,,5653
tvíkostur Fredholms,na,,Eintala,,,,tilvik Fredholms,,,,Fredholm alternative,,,,,,,,5654
tvíkryppudreifing,na,kvk,Eintala,,,,tvítindadreifing,,,multimodal distribution,bimodal distribution,,,,double-peaked distribution,,,,5655
tvíliða jafna,na,kvk,Eintala,,,,tvíliðujafna,,,,binomial equation,,,,,,,,5656
tvíliða,na,kvk,Eintala,,,,tvíliða stærð,,,,binomial,,,,,,,,5657
tvíliðudreifing,na,kvk,Eintala,,,,"tvíkostadreifing, Bernoulli-dreifing",,,"Bernoulli distribution, multinomial distribution, polynomial distribution",binomial distribution,,,,,,,,5659
tvíliðuregla,na,kvk,Eintala,,,,,,,binomial theorem,binomial formula,,,,,,,,5660
tvíliðuröð,na,kvk,Eintala,,,,,,,,binomial series,,,,,,,,5661
tvíliðusetning,na,kvk,Eintala,,,,,,,binomial formula,binomial theorem,,,,,,,,5662
tvíliðustuðull,na,kk,Eintala,,,,,,,,binomial coefficient,,,,,,,,5663
tvíliðu-,,,,,,,tvíliða,,,,binomial,,,,,,,,5658
tvílitun,na,kvk,Eintala,,,,,,,,bicolouring,,,,,,,,5668
tvílíkindafylki,na,hk,Eintala,,,,,,,,bistochastic matrix,,,,,,,,5664
tvílínulegt form,na,hk,Eintala,,,,,,,,bilinear form,,,,,,,,5666
tvílínulegur,ls,kk,Eintala,,,,,,,,bilinear,,,,,,,,5667
tvílínuleg vörpun,na,kvk,Eintala,,,,,,,,bilinear transformation,,,,bilinear mapping,,,,5665
tvílotubundinn,ls,kk,Eintala,Sjá skýringu við <ref idTerm=3049>lotubundið fall</ref>.,,,tvílotulegur,,,,doubly periodic,,,,,,,,5669
tvílotuleiki,na,kk,Eintala,,,,,,,,double periodicity,,,,,,,,5670
tvípunktur,na,kk,Eintala,,,,tvöfaldur punktur,,,,double point,,,,,,,,5693
tvíraðafylgni,na,kvk,Eintala,,,,tvírunufylgni,,,,biserial correlation,,,,,,,,5694
tvírétthyrndur,ls,kk,Eintala,,,,,,,,birectangular,,,,,,,,5695
tvískilyrðing,na,kvk,Eintala,,,,gagnkvæm skilyrðing,,,equivalence,biconditional,,,,material equivalence,,,,5697
tvískipting,na,kvk,Eintala,,,,,,,,disection,,,,,,,,5698
tvískipting,na,kvk,Eintala,,,,tvíhlutun,,,,bipartition,,,,,,,,5699
tvískiptitala,na,kvk,Eintala,,,,,,,,dyadic number,,,,,,,,5700
tvískífa,na,kvk,Eintala,,,,,,,,bicylinder,,,,bidisk,,,,5696
tvísniðill,na,kk,Eintala,,,,,,,,bisecant,,,,,,,,5701
tvístakaruna,na,kvk,Eintala,,,,,,,,zero-one sequence,,,,,,,,5707
tvístigaður,ls,kk,Eintala,,,,,,,,bigraded,,,,,,,,5708
tvístika fjölskylda,na,kvk,Eintala,,,,,,,,two-parameter family,,,,,,,,5709
tvístrun,na,kvk,Eintala,,,,,,,,dispersion,,,,,,,,5711
tvístæður,ls,kk,Eintala,,,,,,,,(having two variables) binary,,,,"dyadic, two-place",,,,5706
tvístæð aðgerð,na,kvk,Eintala,<ref idTerm=46>Aðgerð</ref> á <ref idTerm=3270>mengi</ref> \(X\) af gerðinni \(X \times X \to X\) kallast \textit{tvístæð aðgerð},Dæmi um tvístæðar aðgerðir eru <ref idTerm=0>samlagning</ref> og <ref idTerm=3141>margföldun</ref> á <ref idTerm=3270>mengi</ref> <ref idTerm=4093>rauntalna</ref> \(\mathbb{R}\).,,,,,,binary operation,,,,,,,,5702
tvístæð samtenging,na,,Eintala,,,,tvístæður tengill,,,,binary connective,,,,,,,,5703
tvístæð umsögn,na,kvk,Eintala,,,,,,,,binary predicate,,,,two-place predicate,,,,5704
tvístæð vensl,na,hk,Fleirtala,<ref idTerm=6051>Vensl</ref> milli tveggja <ref idTerm=3270>mengja</ref>.,,,,,,,binary relation,,,,two-place relation,,,,5705
tvístökungur,na,,Eintala,,,,tveggjastakamengi,,,,pair set,,,,two element set,,,,5710
tvítengt net,na,hk,Eintala,,,,,,,non-separable graph,biconnected graph,,,,,,,,5713
tvítugakerfi,na,hk,Eintala,,,,,,,,vicenary numeration system,,,,,,,,5714
tvítugflata,ls,,,,,,,,,,icosahedral,,,,,,,,5715
tvítugflötungur,na,kk,Eintala,,,,,,,,icosahedron,,,,,,,,5716
tvíundaframsetning,na,kvk,Eintala,,,,,,,,(of a number) binary representation,,,,,,,,5718
tvíundakerfi,na,hk,Eintala,<ref idTerm=6668>Talnaritunarkerfi</ref> með grunntölu 2. Yfirleitt notað <ref idTerm=5558>tölustafina</ref> 0 og 1.,,,,,,numeration system,binary numeration system,,,,binary number system,,,,5719
tvíundasæti,na,hk,Eintala,,,,,,,,binary place,,,,,,,,5720
tvíundatala,na,kvk,Eintala,,,,,,,,binary numeral,,,,"binary number, dyadic number",,,,5721
tvíundatalnaritun,na,kvk,Eintala,,,,,,,,binary notation,,,,binary representation,,,,5722
tvíundatré,na,hk,Eintala,,,,tvískiptitré,,,,binary tree,,,,,,,,5723
tvíunda-,pref,,,,,,,,,,(connected with binary numbers) binary,,,,dyadic,,,,5717
tvíveldasumma,na,kvk,Eintala,,,,ferningasumma,,,,sum of squares,,,,,,,,5724
tvíveldi,na,,Eintala,,,,"annað veldi, ferningur",,,perfect square,(in algebra) square,,,,,,,,5725
tvíviðbætinn,ls,,,,,,tvísamleggjandi,,,,biadditive,,,,,,,,5728
tvívigur,na,kk,Eintala,,,,,,,,bivector,,,,divector,,,,5731
tvívíður,ls,kk,Eintala,,,,,,,bivariate,bidimensional,,,,two-dimensional,,,,5729
tvívíður,ls,kk,Eintala,,,,,,,"bidimensional, two-dimensional",bivariate,,,,,,,,5730
tvívíð dreifing,na,kvk,Eintala,,,,,,,,bivariate distribution,,,,,,,,5726
tvívíð Gaussdreifing,na,kvk,Eintala,,,,"tvívíð normleg dreifing, tvívíð normaldreifing",,,,binormal distribution,,,,bivariate normal distribution,,,,5727
tvívíxill,na,kk,Eintala,,,,,,,,bicommutant,,,,,,,,5732
tvíþverill,na,kk,Eintala,,,,,,,,binormal,,,,,,,,5733
tvíþýð deildajafna,na,kvk,Eintala,,,,tvíþýð hlutafleiðujafna,,,,biharmonic equation,,,,,,,,5734
tvíþýtt fall,na,hk,Eintala,,,,,,,,biharmonic function,,,,,,,,5735
tvöfaldlega samanhangandi,ls,,,,,,tvöfaldlega samhangandi,,,,doubly connected,,,,,,,,5736
tvöfaldur,ls,kk,Eintala,,,,,,,,double,,,,two-fold,,,,5737
tvöfaldur beygjuskilakrosspunktur,na,kk,Eintala,,,,,,,,flecflecnode,,,,,,,,5738
tvöfalt heildi,na,hk,Eintala,,,,tvöfalt tegur,,,,double integral,,,,,,,,5739
tvöföldunarregla,na,kvk,Eintala,,,,,,,,duplication formula,,,,,,,,5745
tvöföldun tenings,na,kvk,Eintala,,,,,,,,Delian problem,,,,"Delic problem, duplication of the cube",,,,5744
tvöföld neitun,na,kvk,Eintala,,,,,,,,double negation,,,,,,,,5740
tvöföld rót,na,kvk,Eintala,,,,,,,,double root,,,,,,,,5742
tvöföld runa,na,kvk,Eintala,,,,,,,,double sequence,,,,,,,,5743
tvöföld röð,na,kvk,Eintala,,,,,,,,double series,,,,,,,,5741
tylftabrot,na,hk,Eintala,,,,,,,,duodecimal fraction,,,,,,,,5747
tylftakerfi,na,hk,Eintala,,,,,,,,duodecimal numeration system,,,,,,,,5748
tylftaritháttur,na,kk,Eintala,,,,,,,,duodecimal notation,,,,,,,,5749
tylfta-,,,,,,,í tylftakerfi,,,,duodecimal,,,,,,,,5746
tæming,na,kvk,Eintala,,,,,,,,exhaustion,,,,,,,,5371
tæmingaraðferð,na,kvk,Eintala,,,,,,,,exhaustion method,,,,method of exhaustion,,,,5372
töfraferningur,na,kk,Eintala,,,,,,,,magic square,,,,,,,,5519
tölfræði,na,kvk,Eintala,,,,,,,statistic,statistics,,,,,,,,5533
tölfræðilega marktækur,ls,kk,Eintala,,,,,,,,statistically significant,,,,,,,,5537
tölfræðilegt eftirlit,na,hk,Eintala,,,,,,,,statistical control,,,,,,,,5538
tölfræðilegt próf,na,hk,Eintala,,,,marktektarpróf,,,,statistical test,,,,"test of hypothesis, test of significance",,,,5539
tölfræðileg ályktun,na,kvk,Eintala,,,,,,,,inference,,,,statistical inference,,,,5534
tölfræðileg marktekt,na,kvk,Eintala,,,,,,,,statistical significance,,,,,,,,5535
tölfræðileg tilgáta,na,kvk,Eintala,,,,,,,,statistical hypothesis,,,,,,,,5536
tölfræðingur,na,kk,Eintala,,,,,,,,statistician,,,,,,,,5540
tölugildur,ls,kk,Eintala,,,,,,,,scalar valued,,,,,,,,5541
tölukrappi,na,,Eintala,,,,krappatala,,,,scalar curvature,,,,,,,,5542
tölulegur,ls,kk,Eintala,,,,talnalegur,,,,numerical,,,,numeric,,,,5551
töluleg aðferð,na,kvk,Eintala,,,,,,,,numerical method,,,,,,,,5543
töluleg deildun,na,kvk,Eintala,,,,töluleg diffrun,,,,numerical differentiation,,,,,,,,5544
töluleg greining,na,kvk,Eintala,,,,,,,,numerical analysis,,,,,,,,5546
töluleg gögn,na,,Fleirtala,,,,"staðtölur, lýsitölur",,,statistics,(in plural: statistics) statistic,,,,,,,,5545
töluleg heildun,na,kvk,Eintala,,,,töluleg tegrun,,,,numerical integration,,,,numerical quadrature,,,,5547
töluleg lausn,na,kvk,Eintala,,,,talnalausn,,,,numerical solution,,,,,,,,5548
töluleg línuleg algebra,na,kvk,Eintala,,,,,,,,numerical linear algebra,,,,,,,,5549
töluleg nálgunarfræði,na,kvk,Eintala,,,,,,,,numerical approximation theory,,,,,,,,5550
tölumargfeldi (vigurs),na,hk,Eintala,,,,,,,,(of a vector) scalar multiple,,,,scalar product,,,,5552
tölumargföldun,na,kvk,Eintala,,,,,,,,scalar multiplication,,,,,,,,5553
töluóbreyta,na,kvk,Eintala,,,,,,,,numerical invariant,,,,,,,,5554
tölusettur,ls,kk,Eintala,,,,,,,,numbered,,,,,,,,5557
tölusett net,na,hk,Eintala,,,,"markað net, merkt net",,,,labelled graph,,,,,,,,5556
tölustafur,na,kk,Eintala,<ref idTerm=5394>Tákn</ref> sem stendur fyrir ákveðna <ref idTerm=3475>náttúrulega tölu</ref>.,"Algengustu tölustafirnir sem notaðir eru í stærðfræði eru svokallaðir arabískir tölustafir: 0, 1, 2, 3, 4, 5, 6, 7, 8 og 9 sem eru notaðir í <ref idTerm=5415>talnakerfum</ref> með grunntölu minni en eða jöfn 10. Fyrir talnakerfi með stærri grunntölum er síðan yfirleitt sótt tákn úr rómverska stafrófinu: A, B, C og svo framvegis til þess að tákna tölur stærri en 9.",,,,,digit,numeral,,,,,,,,5558
tölustafur,na,kk,Eintala,,,,fingur,,,"bigit, binary digit, bit, decimal digit, numeral, place digit",digit,,,,,,,,5559
tölustafur,na,kk,Eintala,,,,fingur,,,digit,place digit,,,,,,,,5560
tölusvið,na,hk,Eintala,,,,,,,,scalar field,,,,,,,,5561
tölva,na,kvk,Eintala,,,,reiknivél,,,calculator,computer,,,,,,,,5562
tölvufræði,na,kvk,Eintala,,,,tölvunarfræði,,,,computer science,,,,,,,,5563
umáttun,na,kvk,Eintala,,,,,,,,reorientation,,,,,,,,5752
umbunarfall,na,hk,Eintala,,,,,,,,reward function,,,,yield function,,,,5753
umfangsfrumsenda,na,kvk,Eintala,,,,"umfangsfrumsetning, frumsenda um umfang, frumsetning um umfang",,,,axiom of extensionality,,,,,,,,5754
umferðarheildi,na,hk,Eintala,,,,umferðartegur,,,,circulation,,,,,,,,5755
umhverfanlegt fylki,na,hk,Eintala,,,,"andhverfanlegt fylki, reglulegt fylki, ósérstætt fylki",,,,invertible matrix,,,,"non-singular matrix, regular matrix",,,,5758
umhverfanlegur,ls,kk,Eintala,,,,andhverfanlegur,,,inverse,(of an element in a monoid) invertible,,,,,,,,5759
umhverfanlegur,ls,kk,Eintala,,,,"andhverfanlegur, reglulegur, ósérstæður",,,non-singular matrix,(of a matrix)) non-singular,,,,,,,,5760
umhverfa,na,kvk,Eintala,\textit{Andhverfa} <ref idTerm=5128>staks</ref> \(x\) í <ref idTerm=3270>mengi</ref> \(X\) með tilliti til <ref idTerm=46>reikniaðgerðarinnar</ref> \(\odot\) með <ref idTerm=0>hlutleysu</ref> \(e\) er stak \(y \in X\) sem uppfyllir \(x \odot y = y \odot x = e\).,"Ef \(\odot\) er <ref idTerm=5473>tengin</ref> <ref idTerm=3932>ákvarðast umhverfan ótvírætt</ref> af þessum <ref idTerm=4797>skilyrðum</ref> og sérhvert stak tenginnar reikniaðgerðar hefur því í mesta lagi eina andhverfu. Athugið að andhverfa staks þarf ekki endilega að vera til. Ef reikniaðgerðin sem um ræðir er <ref idTerm=0>samlagning</ref>, þá er andhverfa staksins \(x\) yfirleitt táknuð með \(-x\). Ef reikniaðgerðin er hins vegar <ref idTerm=3141>margföldun</ref>, þá er andhverfa staksins \(x\) yfirleitt táknuð með \(x^{-1}\) eða \(\frac1x\).",,andhverfa,,,"additive inverse, multiplicative inverse, inverse matrix, inverse number",(with respect to an operation) inverse,,,,"inverse element, reciprocal, reciprocal element",,,,5757
umhverfa,na,kvk,Eintala,,,,andhverfa,,,,(with respect to any operation) reciprocal,,,,"inverse, inverse element, reciprocal element",,,,6672
umhverfður veldisvísisferill,na,kk,Eintala,,,,,,,,logistic curve,,,,,,,,5761
umhverfing,na,kvk,Eintala,,,,,,,,(of an implication) inverse,,,,,,,,5762
umhverfing,na,kvk,Eintala,,,,,,,,(forming an inverse) inversion,,,,,,,,5763
umhverfingarhringur,na,kk,Eintala,,,,spegilhringur,,,,circle of inversion,,,,,,,,5764
umhverfingarmiðja,na,kvk,Eintala,,,,speglunarmiðja,,,,centre of inversion,,,,,,,,5765
umhverft brot,na,hk,Eintala,,,,,,,,inverse fraction,,,,,,,,5766
umhverft fall,na,,Eintala,,,,"marföldunarumhverfa falls, margföldunarandhverfa falls",,,,reciprocal function,,,,,,,,5767
umhverfur,ls,kk,Eintala,,,,,,,,(with respect to an operation) inverse,,,,reciprocal,,,,5768
umhverfuröð,na,kvk,Eintala,,,,þýð röð,,,,harmonic series,,,,,,,,5770
umhverfur,ls,kk,Eintala,,,,"margföldunarumhverfur, andhverfur, margföldunarandhverfur",,,,(with respect to a multiplication) reciprocal,,,,,,,,5769
umhverf tala,na,kvk,Eintala,"Fyrir gefna <ref idTerm=4093>rauntölu</ref> \(x \neq 0\) kallast rauntala \(y\) þannig að \(xy=1\) \textit{margföldunarandhverfa} \(x\), táknuð með \(\frac1x\) eða \(x^{-1}\).","Almennt ef \(X\) er <ref idTerm=1742>grúpa</ref> með <ref idTerm=6586>hlutleysu</ref> \(e\) þar sem <ref idTerm=1744>grúpuaðgerðin</ref> er táknuð \(\cdot\) kallast stak \(y\) þannig að \(x \cdot y=e\) margföldunarandhverfa \(x\), táknuð \(x^{-1}\).",,"umhverfa, margföldunarumhverfa, andhverf tala, andhverfa, margföldunarandhverfa, gagnkvæm tala",,,,inverse number,,,,reciprocal number,,,,5756
umkvörðun,na,kvk,Eintala,,,,"kvarðafærsla, kvarðabreyting",,,,gauge transformation,,,,,,,,5771
umlykjandi,ls,,,,,,,,,,ambient,,,,,,,,5773
umlykja,sag,,,,,,"fela í sér, innifela",,,contain,include,,,,,,,,5772
ummál,na,hk,Eintala,<ref idTerm=2860>Lengd</ref> <ref idTerm=2453>jaðars</ref> <ref idTerm=4891>flatarmyndar</ref> (ef lengdin er <ref idTerm=1009>endanleg</ref>).,Ummál <ref idTerm=6589>hringskífu</ref> er fengið með <ref idTerm=1363>formúlunni</ref> \(2\pi r\) þar sem \(r\) er geisli skífunnar. Ummál <ref idTerm=3161>marghyrnings</ref> fæst með því að <ref idTerm=2820>leggja saman</ref> allar <ref idTerm=0>hliðarlengdir</ref> hans.,,,,,,circumference,,,,perimeter,,,,5774
ummálsjafnaðarójafna,na,kvk,Eintala,,,,,,,,isoperimetric inequality,,,,,,,,5775
ummálsjafnaðarverkefni,na,hk,Eintala,,,,,,,,isoperimetric problem,,,,,,,,5776
ummálsregla,na,kvk,Eintala,,,,hálfhornsregla,,,,half-angle formula,,,,,,,,5777
ummiðja,na,kvk,Eintala,,,,,,,,circumcentre,,,,circumcenter,,,,5778
ummyndun,na,kvk,Eintala,"<ref idTerm=3282>Vörpun</ref> \(\phi : \mathbb{R}^2 \to \mathbb{R}^2\) sem uppfyllir\n\n\begin{enumerate}\n    \item punktar í tiltekinni röð á sömu línu varpast í punkta í sömu röð á einhverri línu,\n    \item strik sem eru jafn löng varpast í strik sem eru líka jafn löng\n\end{enumerate}",,,"myndun, færsla",,,transformation,transform,,,,,,,,5779
ummyndun,na,kvk,Eintala,,,,"umskrift, umritun, breyting",,,,transformation,,,,,,,,5780
umreikningur,na,kk,Eintala,,,,,,,,conversion,,,,,,,,5781
umrita,sag,,,,,,,,,,reduce,,,,,,,,5782
umritaður,ls,kk,Eintala,,,,,,,inscribed,circumscribed,,,,,,,,5783
umritaður hringur,na,kk,Eintala,"Ef <ref idTerm=2235>hornpunktar</ref> <ref idTerm=3161>marghyrnings</ref> liggja allir á gefnum <ref idTerm=2295>hring</ref>, þá kallast hringurinn \textit{umritaður hringur} marghyrningsins.",Eftirfarandi mynd sýnir umritaðan hring <ref idTerm=4628>sexhyrnings</ref>:\n\n\begin{center}\n\includegraphics[width=150px]{myndir/umritadur_hringur.png}\n\end{center},,,,,,circumcircle,,,,circumscribed circle,,,,5784
umrituð kúla,na,kvk,Eintala,,,,,,,,circumscribed sphere,,,,circumsphere,,,,5785
umritun,na,kvk,Eintala,,,,,,,,reduction,,,,,,,,5786
umritun,na,kvk,Eintala,,,,,,,,rewriting,,,,,,,,5787
umröðun,na,kvk,Eintala,,,,,,,permutation,arrangement,,,,"rearrangement, reordering",,,,5788
umröðunarsetning Riemanns,na,kvk,Eintala,,,,,,,,Riemann's rearrangement theorem,,,,,,,,5789
umsagnarbreyta,na,kvk,Eintala,,,,,,,,predicate variable,,,,,,,,5790
umsagnareikningur,na,kk,Eintala,,,,,,,"logic of quantifiers, predicate logic, quantification theory, quantificational logic",functional calculus,,,,predicate calculus,,,,5791
umsagnartákn,na,hk,Eintala,,,,,,,,predicate symbol,,,,,,,,5793
umsagnarökfræði,na,kvk,Eintala,,,,,,,"functional calculus, predicate calculus",logic of quantifiers,,,,"predicate logic, quantification theory, quantificational logic",,,,5792
umskiptanleiki,na,kk,Eintala,,,,,,,,exchangeability,,,,,,,,5794
umskipting,na,kvk,Eintala,,,,tvírás,,,,(a permutation; 2-cycle) transposition,,,,,,,,5795
umstikun,na,kvk,Eintala,,,,"endurstikun, stikabreyting, stikaskipti",,,,parameter change,,,,"parameter transformation, transformation of parameter",,,,5797
umsögn,na,kvk,Eintala,,,,,,,"propositional function, sentential function",predicate,,,,,,,,5796
umtak,na,hk,Eintala,,,,"yfirgrip, umfang",,,,(of a concept) extension,,,,,,,,5798
undanfari,na,kk,Eintala,,,,,,,,antecedent,,,,predecessor,,,,5799
undantekningar-,pref,,,,,,,,,,exceptional,,,,,,,,5800
undinn,ls,kk,Eintala,,,,,,,,twisted,,,,,,,,5801
undinn þriðja stigs ferill,na,kk,Eintala,,,,,,,,twisted cubic,,,,,,,,5802
undirbúningssetning,na,kvk,Eintala,,,,,,,,preparation theorem,,,,,,,,5803
undirfall,na,hk,Eintala,,,,,,,,minorant function,,,,minorant,,,,5804
undirferðarpunktur,na,kk,Eintala,,,,,,,,undercrossing,,,,,,,,5805
undirforrit,na,hk,Eintala,,,,,,,,subroutine,,,,,,,,5806
undirhornalína,na,kvk,Eintala,,,,,,,,subdiagonal,,,,,,,,5807
undirliður,na,kk,Eintala,,,,,,,,minor term,,,,,,,,5808
undirmat,na,hk,Eintala,,,,mat að neðan,,,,lower estimate,,,,minorization,,,,5809
undirmetanlegur,ls,kk,Eintala,,,,,,,,minorizable,,,,,,,,5811
undirmeta,sag,,,,,,meta að neðan,,,,minorize,,,,,,,,5810
undirröð,na,kvk,Eintala,,,,,,,,minorant series,,,,minorant,,,,5812
undirsetning,na,kvk,Eintala,,,,undirforsenda,,,,minor premise,,,,,,,,5813
undirskipaður,ls,kk,Eintala,,,,,,,,underlying,,,,,,,,5815
undirskipað mengi,na,hk,Eintala,,,,,,,,underlying set,,,,,,,,5814
undirsporger,ls,,,,,,,,,,hypoelliptic,,,,,,,,5816
undirstaða,na,kvk,Eintala,,,,,,,,foundation,,,,,,,,5817
undirstak,na,,Eintala,Fyrir <ref idTerm=4093>rauntalna</ref><ref idTerm=3270>mengi</ref> \(A\) kallast rauntalan \(L\) \textit{undirtala} mengisins \(A\) ef fyrir öll \(x \in A\) gildir að \(x \geq L\).,"Almennt getur <ref idTerm=4009>hlutraðað mengi</ref> hugsanlega átt sér \textit{undirstak}. Slíkt <ref idTerm=5128>stak</ref> þarf hins vegar ekki endilega að vera til, sem dæmi á mengi rauntalna \(\mathbb{R}\) sér ekkert undirstak.",,"undirskorða, undirtala",,,"bound, greatest lower bound",left bound,,,,"lower bound, minorant",,,,5818
undirstöðuflokkur,na,kk,Eintala,,,,,,,,fundamental class,,,,,,,,5819
undirstöðugrúpa,na,kvk,Eintala,,,,,,,,fundamental group,,,,,,,,5820
undirstöðugrýpi,na,hk,Eintala,,,,,,,,fundamental groupoid,,,,,,,,5821
undirstöðusetning algebrunnar,na,kvk,Eintala,\textit{Undirstöðusetning algebrunnar} segir að sérhver <ref idTerm=1948>margliða</ref> yfir <ref idTerm=5682>tvinntölurnar</ref> \(\mathbb{C}\) með <ref idTerm=5161>stig</ref> \(\geq 1\) eigi sér <ref idTerm=4254>núllstöð</ref> í \(\mathbb{C}\).,"Þar sem tvinntala \(r\) er núllstöð í margliðu \(P\) yfir \(\mathbb{C}\) þá og því aðeins að margliðan \((x - r)\) gangi upp í \(P\), þá gefur undirstöðusetningin að sérhverja margliðu \(P\) yfir \(\mathbb{C}\) megi skrifa á eftirfarandi formi:\n\n\[P = (x - r_{1})^{a_{1}} (x - r_{2})^{a_{2}} \cdots (x - r_{k})^{a_{k}}\]\n\nþar sem \(r_{1},\ldots,r_{k}\) eru allar núllstöðvar \(P\) í \(\mathbb{C}\) og \(a_{1},\ldots,a_{k}\) kallast \textit{margfeldni} þeirra. Að rita margliðuna á þessu formi kallast að \textit{frumþátta} hana yfir \(\mathbb{C}\). Yfir <ref idTerm=4093>rauntölurnar</ref> tekur undirstöðusetningin eftirfarandi form:\n\n\textit{Ef \(P\) er <ref idTerm=5215>stöðluð margliða</ref> yfir \(\mathbb{R}\), þá má skrifa \(P\) sem margfeldi af fyrsta stigs margliðum \((x-r_i)\) og <ref idTerm=316>annars stigs margliðum</ref> \(x^2+ax+b\) sem hafa enga núllstöð yfir \(\mathbb{R}\). Tölurnar \(r_i\) eru allar núllstöðvar margliðunnar}",,grunnsetning algebrunnar,,,,fundamental theorem of algebra,,,,,,,,5822
undirstöðusetning reikningslistarinnar,na,kvk,Eintala,"\textit{Undirstöðusetning reikningslistarinnar} segir að sérhverja <ref idTerm=3475>náttúrulega tölu</ref> \(n\) megi skrifa á nákvæmlega einn hátt sem <ref idTerm=3118>margfeldi</ref> af <ref idTerm=1468>frumtölum</ref>. Nánar tiltekið gildir fyrir sérhverja náttúrulega tölu \(n\) að til eru <ref idTerm=3932>ótvírætt ákvarðaðar</ref> frumtölur \(p_{1}, \ldots ,p_{k}\) og náttúrulegar tölur \(a_{1}, \ldots ,a_{k}\) þannig að:\n\n\[ n = {p_{1}}^{a_{1}} \cdot {p_{2}}^{a_{2}} \cdot \ldots \cdot {p_{k-1}}^{a_{k-1}} \cdot {p_{k}}^{a_{k}} \] \n\nþar sem \(p_{i} < p_{j}\) þegar \(i < j\). Að skrifa töluna \(n\) á þessu formi kallast að \textit{frumþátta} hana. <ref idTerm=5397>Tölurnar</ref> \(p_{1}, \ldots, p_{k}\) kallast þá \textit{frumþættir} tölunnar \(n\) og \(a_{i}\) kallast \textit{margfeldni} frumþáttarins \(p_{i}\).",Eftirfarandi er frumþáttun á tölunni 252:\n\n\begin{center}\n\includegraphics[width=150px]{myndir/undirstodusetning_reikningslistarinnar.png}\n\end{center}\n\nAf myndinni sést að 252 frumþáttast sem \(252 = 2^2 \cdot 3^2 \cdot 7\).,,"grunnsetning reikningslistarinnar, frumþáttunarsetning",,,,fundamental theorem of arithmetic,,,,,,,,5824
undirstöðusetning örsmæðareikningsins,na,kvk,Eintala,,,,grunnsetning reiknivísinnar,,,,fundamental theorem of calculus,,,,,,,,5823
undirsumma,na,kvk,Eintala,,,,,,,,lower sum,,,,,,,,5825
undirviðbætinn,ls,,,,,,undirsamleggjandi,,,,subadditive,,,,,,,,5826
undirþýður,ls,kk,Eintala,,,,,,,,subharmonic,,,,,,,,5827
uppblástur,na,kk,Eintala,,,,,,,,blowing-up,,,,monoidal transformation,,,,5828
uppbyggingaraðferð,na,kvk,Eintala,,,,,,,,method of construction,,,,,,,,5830
uppbyggingarhyggja,na,kvk,Eintala,,,,,,,,constructivism,,,,,,,,5831
uppbygging,na,kvk,Eintala,,,,smíð,,,,construction,,,,,,,,5829
uppbyggjandi,ls,,,,,,,,,,constructive,,,,,,,,5832
uppbyggjandi greining,na,kvk,Eintala,,,,,,,,constructive analysis,,,,,,,,5833
uppbyggjandi tilvistarsetning,na,kvk,Eintala,,,,,,,,constructive existence proof,,,,,,,,5834
uppfyllingarsetning,na,kvk,Eintala,,,,,,,Steinitz exchange theorem,exchange theorem,,,,,,,,5836
uppfyllingarsetning Steinitz,na,kvk,Eintala,,,,,,,exchange theorem,Steinitz exchange theorem,,,,,,,,5837
uppfylling fernings,na,kvk,Eintala,,,,,,,,completing the square,,,,completion of the square,,,,5835
upphafsástand,na,hk,Eintala,,,,,,,,initial state,,,,,,,,5841
upphafsgildisverkefni,na,hk,Eintala,,,,"byrjunargildisverkefni, Cauchy-verkefni",,,,Cauchy problem,,,,initial value problem,,,,5843
upphafsgildi,na,hk,Eintala,,,,byrjunargildi,,,,initial value,,,,,,,,5842
upphafsgrannmynstur,na,hk,Eintala,,,,,,,,initial topology,,,,,,,,5844
upphafshlutur,na,kk,Eintala,,,,,,,,coterminal object,,,,initial object,,,,5845
upphafshnútur,na,kk,Eintala,,,,upphafsendi,,,,initial vertex,,,,initial end-point,,,,5846
upphafsliður,na,kk,Eintala,,,,,,,,first term,,,,initial term,,,,5847
upphafspunktur,na,kk,Eintala,,,,,,,,(of a vector) base,,,,"origin, point of application",,,,5848
upphafspunktur,na,kk,Eintala,,,,,,,vertex,initial point,,,,,,,,5849
upphafspunktur,na,kk,Eintala,,,,,,,initial point,(of a ray) vertex,,,,,,,,5850
upphafsskilyrði,na,hk,Eintala,,,,byrjunarskilyrði,,,,initial condition,,,,,,,,5851
upphafsstúfur,na,kk,Eintala,,,,,,,,initial segment,,,,segment,,,,5852
upphafs-,pref,,,,,,,,,,coterminal,,,,initial,,,,5840
upphaf,na,,Eintala,,,,"upphafspunktur, hnitmiðja, hnitamiðja",,,,(of a coordinate system) origin,,,,,,,,5839
upphenging,na,,Eintala,,,,hengirúm,,,,suspension,,,,,,,,5853
upphæð,na,kvk,Eintala,,,,,,,,amount,,,,,,,,5838
uppleysing,na,kvk,Eintala,,,,,,,,resolution,,,,,,,,5854
upplýsingafræði,na,kvk,Eintala,,,,,,,coding theory,information theory,,,,,,,,5855
upplýsingamagn,na,hk,Eintala,,,,,,,,information content,,,,information volume,,,,5856
upplýsingar,na,kvk,Fleirtala,,,,,,,,information,,,,,,,,5857
uppröðun,na,kvk,Eintala,,,,,,,"order, order, ordering",arrangement,,,,,,,,5858
uppsafnaður,ls,kk,Eintala,,,,hlaðinn,,,,cumulative,,,,,,,,5859
uppspretta,na,kvk,Eintala,,,,lind,,,,(of a transportation network or vector   field) source,,,,,,,,5862
uppsprettulaus,ls,,,,,,,,,,solenoidal,,,,,,,,5863
uppsprettulaust svið,na,hk,Eintala,,,,,,,,solenoidal field,,,,"source-free field, zero-divergence field",,,,5864
uppsprettustyrkur,na,kk,Eintala,,,,lindarstyrkur,,,,source strength,,,,,,,,5865
uppstokkanagrúpa,na,kvk,Eintala,,,,umraðanagrúpa,,,"symmetric group, alternating group",group of permutations,,,,"permutation group, substitution group",,,,5867
uppstokkanaútsetning,na,kvk,Eintala,,,,umraðanaútsetning,,,,permutation representation,,,,,,,,5868
uppstokka,sag,,,,,,"stokka upp, umraða",,,,permute,,,,,,,,5866
uppstokkun með endurtekningu,na,kvk,Eintala,,,,umröðun með endurtekningu,,,,permutation with repetition,,,,,,,,5869
uppstokkun,na,kvk,Eintala,,,,umröðun,,,arrangement,permutation,,,,,,,,5870
uppsöfnuð áhrif,na,hk,Fleirtala,,,,,,,,cumulative effect,,,,,,,,5860
uppsöfnuð skekkja,na,kvk,Eintala,,,,heildarskekkja,,,,accumulated error,,,,,,,,5861
utanverð víxlhorn,na,hk,Fleirtala,,,,ytri víxlhorn,,,,alternate-exterior angles,,,,exterior alternate angles,,,,5888
úffeldi,na,hk,Eintala,,,,,,,cap product,cup product,,,,,,,,5750
úfur,na,kk,Eintala,,,,,,,cap,(the symbol \(\cup\)) cup,,,,,,,,5751
úrkynjaður,ls,kk,Eintala,,,,,,,,degenerate,,,,,,,,5871
úrkynjun,na,kvk,Eintala,,,,,,,,degeneracy,,,,,,,,5872
úrskurðanleg fullyrðing,na,kvk,Eintala,,,,úrskurðanleg yrðing,,,,decidable proposition,,,,,,,,5873
úrskurðanleg kenning,na,kvk,Eintala,,,,,,,,decidable theory,,,,,,,,5874
úrtak,na,hk,Eintala,,,,,,,,sample,,,,,,,,5875
úrtaka án skila,na,kvk,Eintala,,,,,,,,sampling without replacement,,,,,,,,5876
úrtaka með skilum,na,kvk,Eintala,,,,,,,,sampling with replacement,,,,,,,,5877
úrtaka,na,kvk,Eintala,,,,"úrtakskönnun, könnun (með úrtaki)",,,,sampling,,,,,,,,5878
úrtakseinkenni,na,hk,Eintala,,,,,,,,sample characteristic,,,,,,,,5879
úrtakshögun,na,kvk,Eintala,,,,,,,,sample design,,,,sampling design,,,,5880
úrtaksmeðaltal,na,hk,Eintala,,,,meðaltal,,,,sample mean,,,,,,,,5881
úrtaksmiðtala,na,kvk,Eintala,,,,,,,,sample median,,,,,,,,5882
úrtakssamfylgni,na,,Eintala,,,,úrtakssamvik,,,,sample covariance,,,,,,,,5883
úrtaksskekkja,na,kvk,Eintala,,,,,,,,sampling error,,,,,,,,5884
úrtaksspönn,na,kvk,Eintala,,,,,,,,sample range,,,,,,,,5885
úrtaksstærð,na,kvk,Eintala,,,,stærð úrtaks,,,,sample size,,,,,,,,5886
útbreiddur,ls,kk,Eintala,,,,,,,,etale,,,,étale,,,,5889
útbreiðsla,na,kvk,Eintala,,,,,,,,etale mapping,,,,,,,,5890
útbreiðsla,na,kvk,Eintala,,,,,,,,propagation,,,,,,,,5891
útbreiðslutala,na,kvk,Eintala,,,,,,,,concentration measure,,,,measure of concentration,,,,5892
útbreitt rúm,na,hk,Eintala,,,,,,,,etale space,,,,,,,,5893
útflötur,na,,Eintala,,,,hlið,,,,(of a convex set) face,,,,,,,,5894
útgeisli,na,kk,Eintala,,,,,,,,exradius,,,,,,,,5895
útgildi,na,,Eintala,,,,,,,"maximum, minimum",extremum,,,,"extreme, extreme value",,,,6673
útgildispunktur,na,kk,Eintala,,,,,,,,extremum point,,,,,,,,5896
útgildisverkefni,na,hk,Eintala,,,,,,,,extreme value problem,,,,,,,,5897
úthjólferill,na,kk,Eintala,,,,,,,"cardioid, nephroid",epicycloid,,,,pericycloid,,,,5898
úthluta,sag,,,,,,,,,,assign,,,,,,,,5899
úthlutun,na,kvk,Eintala,,,,,,,,allocation,,,,assignment,,,,5900
úthlutunarverkefni,na,hk,Eintala,<ref idTerm=4271>Rúmfræði</ref> í þrem <ref idTerm=6087>víddum</ref>.,,,,,,,allocation problem,,,,assignment problem,,,,5901
úthorn,na,hk,Eintala,Tvö <ref idTerm=2198>horn</ref> sem samanlagt <ref idTerm=2223>mælast</ref> 360 <ref idTerm=1667>gráður</ref>.,,,fyllihorn,,,,conjugate angle,,,,"explement, explementary angle",,,,5902
útilokun,na,kvk,Eintala,,,,,,,,exclusion,,,,,,,,5903
útinnritaður,ls,kk,Eintala,,,,,,,,escribed,,,,,,,,5904
útinnritaður hringur,na,kk,Eintala,,,,"úthringur, utanverður snertihringur",,,,escribed circle,,,,excircle,,,,5905
útinnrituð kúla,na,kvk,Eintala,,,,"útkúla, utanverð snertikúla",,,,escribed sphere,,,,exsphere,,,,5906
útkomandi,na,kk,Eintala,,,,,,,,eliminant,,,,resultant,,,,5908
útkoma,na,kvk,Eintala,,,,niðurstaða,,,solution,outcome,,,,result,,,,5907
útkomurúm,na,hk,Eintala,,,,,,,,sample space,,,,,,,,5909
útliður,na,kk,Eintala,,,,,,,,(of a proportion) extreme,,,,extreme term,,,,5910
útlína,na,,Eintala,,,,myndjaðar,,,,contour,,,,,,,,5911
útmengi,na,hk,Eintala,,,,útsvæði,,,,exterior,,,,,,,,5912
útmiðja,na,kvk,Eintala,,,,úthringsmiðja,,,,excenter,,,,,,,,5913
útpunktur,na,kk,Eintala,,,,,,,,(of a curve) bending point,,,,turning point,,,,5915
útpunktur,na,kk,Eintala,,,,,,,,(of a convex set) extreme point,,,,extremal point,,,,5916
útreikningur,na,kk,Eintala,,,,,,,,evaluation,,,,,,,,5917
útreikningur,na,kk,Eintala,,,,reikningur,,,,calculation,,,,computation,,,,5918
útrýma,sag,,,,,,eyða,,,,eliminate,,,,,,,,5919
útrýmingaraðferð,na,kvk,Eintala,,,,eyðingaraðferð,,,Gauss elimination method,elimination method,,,,,,,,5921
útrýming,na,kvk,Eintala,,,,eyðing,,,,elimination,,,,,,,,5920
útsetning,na,kvk,Eintala,,,,,,,,(of a group) representation,,,,,,,,5922
útsetningafræði,na,kvk,Eintala,,,,,,,,representation theory,,,,,,,,5923
útsetningarrúm,na,hk,Eintala,,,,,,,,representation space,,,,,,,,5924
útslag,na,,Eintala,,,,"sveifluhæð, ölduhæð",,,,(of an oscillation) amplitude,,,,,,,,5925
útstig,na,hk,Eintala,,,,,,,,out-degree,,,,"outer demidegree, out-valence",,,,5928
útstæður þvervigur,na,kk,Eintala,,,,"útstæður þverill, ytri þvervigur, ytri þverill",,,,outward normal,,,,,,,,5926
útstætt horn,na,hk,Eintala,,,,,,,,salient angle,,,,,,,,5927
útsveifarferill,na,kk,Eintala,,,,,,,,epitrochoid,,,,,,,,5929
úttak,na,hk,Eintala,,,,,,,,output,,,,,,,,5930
útvíkkanlegur,ls,kk,Eintala,,,,framlengjanlegur,,,,extendible,,,,,,,,5932
útvíkka,sag,,,,,,framlengja,,,,extend,,,,,,,,5931
útvíkkuð rauntalnalína,na,kvk,Eintala,,,,,,,,extended real number system,,,,,,,,5933
útvíkkuð tvinntalnaslétta,na,kvk,Eintala,,,,,,,Riemann sphere,closed complex plane,,,,extended complex plane,,,,5934
útvíkkun,na,kvk,Eintala,,,,,,,,(of a module by a module) extension,,,,,,,,5935
útvíkkun grunnbaugsins,na,kvk,Eintala,,,,víkkun grunnbaugsins,,,,extension of the base ring,,,,,,,,5936
útvíkkun,na,kvk,Eintala,,,,víkkun,,,"field extension, extension field, extension ring, ring extension",(of a field or ring) extension,,,,,,,,5937
útör,na,kvk,Eintala,,,,,,,"entering arc, incoming arc",outgoing arc,,,,,,,,5914
út-,pref,,,,,,útgildis-,,,,extremal,,,,,,,,5887
vafningstala,na,kvk,Eintala,,,,,,,,(of a point with respect to a curve) index,,,,winding number,,,,5949
val,na,hk,Eintala,,,,,,,"option, axiom of choice",choice,,,,,,,,5950
val,na,hk,Eintala,,,,,,,"choice, sampling",selection,,,,,,,,5951
valfall,na,,Eintala,,,,valvörpun,,,,choice function,,,,,,,,5953
valfrumsenda,na,kvk,Eintala,,,,"valfrumsetning, frumsenda um val, frumsetning um val",,,multiplicative axiom,axiom of choice,,,,,,,,5954
valstund,na,kvk,Eintala,,,,,,,,optional time,,,,,,,,5955
valtari,na,kk,Eintala,,,,,,,roulette,moving curve,,,,,,,,5956
valúrtaka,na,kvk,Eintala,,,,,,,,optional sampling,,,,,,,,5957
val,na,hk,Eintala,,,,valfrelsi,,,choice,option,,,,,,,,5952
vanalegur,ls,kk,Eintala,,,,,,,,(in non-standard analysis) standard,,,,,,,,5960
vanaleg tala,na,kvk,Eintala,,,,,,,,standard number,,,,,,,,5959
vanákvarðað kerfi,na,hk,Eintala,,,,,,,,underdetermined system,,,,underdeterminate system,,,,5958
vanhorn,na,hk,Eintala,,,,,,,angular excess,angular defect,,,,defect,,,,5961
varðveisla,na,kvk,Eintala,,,,rækni,,,,preservation,,,,,,,,5962
varðveita,sag,,,,,,rækja,,,,preserve,,,,,,,,5963
varfærið próf,na,hk,Eintala,,,,,,,,conservative test,,,,,,,,5964
varpanarúm,na,hk,Eintala,,,,,,,function space,mapping space,,,,,,,,5966
varparíki,na,hk,Eintala,,,,,,,,functor category,,,,,,,,5967
varpgildi,na,hk,Eintala,,,,,,,,value of a mapping,,,,,,,,5968
varphnit,na,hk,Fleirtala,,,,,,,,projective coordinates,,,,,,,,5969
varpi,na,kk,Eintala,,,,,,,,functor,,,,,,,,5970
varpkeilusnið,na,hk,Eintala,,,,,,,,projective conic,,,,,,,,5971
varplína,na,kvk,Eintala,,,,,,,,projective line,,,,,,,,5972
varpmótull,na,kk,Eintala,,,,,,,,projective module,,,,,,,,5973
varpmótun,na,kvk,Eintala,,,,línuleg varpmótun,,,"collineation, collineatory transformation, homography",linear projective mapping,,,,"projective collineation, projective mapping, projective transformation",,,,5974
varpmyndun,na,kvk,Eintala,,,,,,,,projectivity,,,,,,,,5975
varpóháður,ls,kk,Eintala,,,,,,,,projectively independent,,,,,,,,5976
varprúm,na,hk,Eintala,,,,,,,,projective space,,,,,,,,5977
varprúmfræði,na,kvk,Eintala,,,,,,,,projective geometry,,,,,,,,5978
varpslétta,na,kvk,Eintala,,,,,,,,projective plane,,,,,,,,5979
varp-,pref,,,,,,,,,,projective,,,,,,,,5965
vaxtarfall,na,hk,Eintala,,,,,,,,growth function,,,,,,,,5980
vaxtarhraði,na,kk,Eintala,,,,,,,,growth rate,,,,rate of growth,,,,5981
vaxtarregla,na,kvk,Eintala,,,,,,,,growth law,,,,,,,,5982
vaxtarröð,na,,Eintala,,,,vaxtarraðstig,,,,growth order,,,,"order, order of growth",,,,5983
vaxtavextir,na,kk,Fleirtala,,,,,,,,compound interest,,,,,,,,5984
veðfé,na,hk,Eintala,,,,,,,bet,stake,,,,,,,,5985
veðmál,na,hk,Eintala,,,,,,,stake,bet,,,,,,,,5986
vefja Arkimedesar,na,,Eintala,,,,"kuðungur Arkimedesar, kuðungslína Arkimedesar, snigill Arkimedesar",,,,Archimedean spiral,,,,,,,,5987
vefja,na,,Eintala,,,,"kuðungslína, kuðungsferill, kuðungur, snigill",,,"Archimedean spiral, Cornu spiral, equiangular spiral, Fermat spiral, hyperbolic spiral, lituus, logarithmic spiral, logistic spiral, loxodromic spiral, parabolic spiral, reciprocal spiral, sine spiral",spiral,,,,,,,,5988
vefur,na,kk,Eintala,,,,,,,,web,,,,,,,,5989
vegið meðaltal,na,hk,Eintala,,,,,,,,weighted average,,,,weighted mean,,,,5990
veikt grannmynstur,na,hk,Eintala,,,,gróft grannmynstur,,,,weak topology,,,,,,,,5995
veikt markgildi,na,hk,Eintala,,,,,,,,weak limit,,,,,,,,5996
veikur,ls,kk,Eintala,,,,,,,,weak,,,,,,,,5997
veik lausn,na,kvk,Eintala,,,,,,,distribution solution,weak solution,,,,,,,,5991
veik lokun,na,kvk,Eintala,,,,,,,,weak closure,,,,,,,,5992
veik ójafna,na,kvk,Eintala,,,,,,,,weak inequality,,,,,,,,5993
veik samleitni,na,kvk,Eintala,,,,,,,,weak convergence,,,,,,,,5994
veldaraðaaðferð,na,kvk,Eintala,,,,,,,,power series method,,,,,,,,6002
veldaraðabaugur,na,kk,Eintala,,,,,,,,power series ring,,,,,,,,6003
veldaraðarframsetning,na,kvk,Eintala,,,,,,,,power series representation,,,,,,,,6004
veldaraðarliðun,na,kvk,Eintala,,,,,,,,power series expansion,,,,,,,,6005
veldaröð,na,kvk,Eintala,,,,,,,,power series,,,,,,,,6006
veldi,na,hk,Eintala,"Fyrir tvær <ref idTerm=3475>náttúrulegar tölur</ref> \(n\) og \(m\) er \textit{\(n\) í \(m\)-ta veldi}, táknað \(n^m\), endurtekin <ref idTerm=3141>margföldun</ref> \(n\) með sjálfri sér \(m\) sinnum, þ.e.\n\n\[ n^m = n \cdot n \cdot \ldots \cdot n \;\; (m\, \text{sinnum}). \]  \n\nÞessi skilgreining útvíkkast í <ref idTerm=1896>heiltölur</ref> með því að skilgreina \(n^{-m}=\frac{1}{n^m}\). Auk þess má \(n\) í <ref idTerm=1363>formúlunni</ref> að ofan vera <ref idTerm=4039>ræð tala</ref> tala án þess að neitt breytist. Til þess að útvíkka skilgreininguna í ræð veldi er hægt að skilgreina\n\n\[ \left(\frac{a}{b}\right)^\frac{c}{d} = \sqrt[d]{\left(\frac{a}{b}\right)^c} \] fyrir \(a,b,c,d \in \mathbb{Z}\), \(b,d\neq0\) að því gefnu að <ref idTerm=4250>\(d\)-ta rótin</ref> er til.",,,,,,power exponent,(of a number) power,,,,,,,,6007
veldisfall,na,hk,Eintala,"<ref idTerm=1078>Fall</ref> sem varpar sérhverju <ref idTerm=5128>staki</ref> \(x\) í \(n\)-ta <ref idTerm=6007>veldi</ref> þess \(x^n\), þar sem \(n \geq 2\) er <ref idTerm=3475>náttúruleg tala</ref>.",,,,,,,(a function \(f(x)=x^n\)) power function,,,,,,,,6009
veldisfrumsenda,na,kvk,Eintala,,,,"veldisfrumsetning, frumsenda um veldismengi, frumsetning um veldismengi",,,,axiom of power set,,,,power set axiom,,,,6010
veldisleif,na,kvk,Eintala,,,,,,,,power residue,,,,,,,,6011
veldisleifatákn,na,hk,Eintala,,,,,,,,power residue symbol,,,,,,,,6012
veldismengi,na,hk,Eintala,"<ref idTerm=3270>Mengið</ref> sem samanstendur af öllum <ref idTerm=2098>hlutmengjum</ref> í tilteknu mengi \(X\), táknað með \(\mathcal{P}(X)\).","Almennt gildir að ef fjöldi <ref idTerm=5128>staka</ref> í mengi \(X\) er \(n\), þar sem \(n\) er <ref idTerm=3475>náttúruleg tala</ref>, er fjöldi staka í veldismengi þess \(2^n\). Dæmi um veldismengi fæst með því að setja \(X = \{1,2,3\}\). Hlutmengjunum í \(X\) má þá skipta í fjóra hópa eftir fjölda staka:\n\n\(\varnothing\) er það hlutmengi í \(X\) sem hefur ekkert stak.\n\(\{1\}\), \(\{2\}\) og \(\{3\}\) eru þau hlutmengi í \(X\) sem hafa eitt stak.\n\(\{1,2\}\), \(\{1,3\}\) og \(\{2,3\}\) eru þau hlutmengi í \(x\) sem hafa tvö stök.\n\(\{1,2,3\}\) er það hlutmengi í \(X\) sem hefur þrjú stök.\nVeldismengið \(\mathcal{P}(X)\) er þá mengið sem samanstendur af öllum framantöldum mengjum, þ.e. \[ \mathcal{P}(X) = \{ \varnothing,\{1\},\{2\},\{3\},\{1,2\},\{1,3\},\{2,3\},\{1,2,3\} \}. \]",,,,,,power set,,,,,,,,6013
veldisstofn,na,kk,Eintala,,,,,,,,(of a power) base,,,,radix,,,,6014
veldisvísajafna,na,kvk,Eintala,,,,,,,,exponential equation,,,,,,,,6015
veldisvísaregla,na,kvk,Eintala,,,,,,,,exponential law,,,,"law of exponentiation, law of exponents",,,,6016
veldisvísir,na,kk,Eintala,,,,,,,power,exponent,,,,power exponent,,,,6017
veldisvísisdreifing,na,kvk,Eintala,,,,vísisdreifing,,,,exponential distribution,,,,,,,,6019
veldisvísisfall,na,hk,Eintala,,,,vísisfall,,,exp,exponential function,,,,,,,,6020
veldisvísisferill,na,kk,Eintala,,,,vísisferill,,,,exponential curve,,,,,,,,6021
veldisvísisgerð,na,kvk,Eintala,,,,,,,,exponential type,,,,,,,,6022
veldisvísisvöxtur,na,kk,Eintala,,,,vísisvöxtur,,,,exponential growth,,,,,,,,6023
veldisvísis-,pref,,,,,,,,,,exponential,,,,,,,,6018
veldi af frumtölu,na,hk,Eintala,,,,,,,,prime power,,,,,,,,6008
vellauðugur,ls,kk,Eintala,,,,,,,ample,very ample,,,,,,,,6025
velraða,sag,,,,,,,,,,well-order,,,,,,,,6026
velraðaður,ls,kk,Eintala,,,,,,,,well-ordered,,,,,,,,6028
velraðað mengi,na,hk,Eintala,,,,,,,,well-ordered set,,,,,,,,6027
velröðun,na,kvk,Eintala,,,,,,,,well-ordering,,,,,,,,6029
velröðunarlögmál,na,,Eintala,,,,velröðunarsetning,,,,well-ordering principle,,,,well-ordering theorem,,,,6030
veltibraut,na,kvk,Eintala,,,,,,,,(of a roulette) base line,,,,base curve,,,,6031
veltiferill,na,kk,Eintala,,,,,,,"base curve, base line, cycloid, epicycloid, trochoid, moving curve",roulette,,,,,,,,6032
veltilína,na,kvk,Eintala,,,,veltibraut,,,,(of a cycloid) base line,,,,,,,,6033
vel framsett verkefni,na,hk,Eintala,,,,,,,,properly posed problem,,,,well-posed problem,,,,5998
vel skilgreindur,ls,kk,Eintala,,,,,,,,well-defined,,,,,,,,5999
vendiaðferð,na,kvk,Eintala,,,,,,,,pivoting,,,,,,,,6036
vendidálkur,na,kk,Eintala,,,,,,,,pivotal column,,,,,,,,6037
vendifylki,na,hk,Eintala,,,,,,,,pivotal matrix,,,,,,,,6038
vendilína,na,kvk,Eintala,,,,,,,,pivotal row,,,,,,,,6039
vendistak,na,hk,Eintala,,,,,,,,pivotal element,,,,,,,,6040
vendistuðull,na,kk,Eintala,,,,,,,,pivot,,,,,,,,6041
vendi-,pref,,,,,,,,,,pivotal,,,,,,,,6035
venjulegt grannmynstur,na,hk,Eintala,,,,,,,,usual topology,,,,,,,,6044
venjulegt innfeldi,na,hk,Eintala,,,,,,,,standard inner product,,,,,,,,6045
venjulegt róf,na,hk,Eintala,,,,,,,,essential spectrum,,,,,,,,6046
venjulegur,ls,kk,Eintala,,,,,,,,ordinary,,,,,,,,6047
venjulegur,ls,kk,Eintala,,,,,,,,usual,,,,,,,,6048
venjulegur punktur,na,kk,Eintala,,,,,,,"regular point, simple point",ordinary point,,,,,,,,6049
venjuleg deildajafna,na,kvk,Eintala,,,,"venjuleg diffurjafna, venjuleg afleiðujafna",,,,ordinary differential equation,,,,,,,,6042
venjuleg firð,na,kvk,Eintala,,,,,,,,usual metric,,,,,,,,6043
Venn-mynd,na,kvk,Eintala,"Myndræn <ref idTerm=1416>framsetning</ref> í <ref idTerm=4884>sléttu</ref> á innbyrðis afstöðu ólíkra <ref idTerm=3270>mengja</ref> þar sem <ref idTerm=3016>lokaðir ferlar</ref> (eins og <ref idTerm=2295>hringir</ref>, <ref idTerm=5002>sporbaugar</ref>, <ref idTerm=1127>ferhyrningar</ref> o.s.frv.) eru notaðir til að tákna mengi og <ref idTerm=5335>svæðið</ref> sem er innan ferlanna táknar <ref idTerm=5128>stökin</ref> í menginu.","Eftirfarandi mynd er dæmi um Venn-mynd:\n\n\begin{center}\n\includegraphics[width=150px]{myndir/venn.png}\n\end{center}\n\nHringurinn táknar mengið \(A\) og svæðið innan hans táknar stökin í \(A\), <ref idTerm=4175>rétthyrningurinn</ref> táknar mengið \(B\) og svæðið innan hans táknar stökin í \(B\). Bláa svæðið samanstendur af þeim stökum sem eru í \(A\) en ekki í \(B\) (þau eru innan hringsins en utan rétthyrningsins), gula svæðið samanstendur af þeim stökum sem eru í \(B\) en ekki í \(A\) (þau eru innan rétthyrningsins en utan hringsins) og græna svæðið samanstendur af þeim stökum sem eru bæði í \(A\) og í \(B\) (þau eru innan bæði hringsins og rétthyrningsins).",,,,,,Venn diagram,,,,,,,,6050
vensl,na,hk,Fleirtala,\textit{Vensl} milli tveggja <ref idTerm=3270>mengja</ref> \(X\) og \(Y\) eru <ref idTerm=2098>hlutmengi</ref> í <ref idTerm=3279>faldmenginu</ref> \(X \times Y\).,,,,,,predicate,(on a set) relation,,,,,,,,6051
venslarit,na,hk,,,,,vensl,,,relation,(of a logical relation) graph,,,,,,,,6052
venslastæða,na,kvk,Eintala,,,,,,,,(in a group) relation,,,,,,,,6053
venslatenging,na,kvk,Eintala,,,,,,,,(of relations) join,,,,,,,,6054
vera á eftir,sag,,,,,,,,,,follow,,,,,,,,6055
vera jafn,sag,,,,,,,,,,equal,,,,,,,,6056
vera ósamleitinn,sag,,,,,,,,,,diverge,,,,,,,,6057
vera samleitinn,sag,,,,,,,,,tend,converge,,,,,,,,6058
vera samur,sag,,,,,,,,,,equal,,,,,,,,6059
vera til,sag,,,,,,,,,,exist,,,,,,,,6060
vera víxlinn,sag,,,,,,,,,,commute,,,,,,,,6061
verka,sag,,,,,,,,,,act,,,,operate,,,,6062
verka frá hægri,sag,,,,,,,,,,act on the right,,,,,,,,6063
verka frá vinstri,sag,,,,,,,,,,act on the left,,,,,,,,6064
verka frjálslega,sag,,,,,,"verka án kyrrapunkta, verka án fastapunkta",,,,act freely,,,,,,,,6065
verka samfellt,sag,,,,,,verka með samfelldum hætti,,,,act continuously,,,,operate continuously,,,,6066
verka tryggilega,sag,,,,,,,,,,act effectively,,,,"act faithfully, operate effectively, operate faithfully",,,,6067
verkefni,na,hk,Eintala,,,,,,,"allocation problem, assignment problem, boundary problem, boundary value problem, Cauchy problem, construction problem, decidability problem, decision problem, dancing problem, Delian problem, Delic problem, dual problem, eigenvalue problem, extreme value problem, ill-posed problem, initial value problem, isoperimetric problem, mal-posed problem, many body problem, marriage problem, mixed boundary value problem, moduli problem, not-well posed problem, optimization problem, packing problem, proper value problem, well-posed problem",problem,,,,,,,,6068
verkröðun,na,kvk,Eintala,,,,,,,,scheduling,,,,,,,,6069
verkröðunarverkefni,na,hk,Eintala,,,,,,,,scheduling problem,,,,,,,,6070
verkun,na,kvk,Eintala,,,,,,,external composition,action,,,,operation,,,,6071
verkun frá hægri,na,kvk,Eintala,,,,,,,,right action,,,,right operation,,,,6072
verkun frá vinstri,na,kvk,Eintala,,,,,,,,left action,,,,left operation,,,,6073
verulegur sérstöðupunktur,na,kk,Eintala,,,,,,,inessential singular point,(in complex analysis) essential singular point,,,,essential singularity,,,,6074
vextir,na,kk,Fleirtala,,,,,,,,interest,,,,,,,,6075
vélarmál,na,hk,Eintala,,,,,,,,machine language,,,,,,,,6000
vélbúnaður,na,kk,Eintala,,,,,,,,hardware,,,,,,,,6001
vélheildun,na,kvk,Eintala,,,,véltegrun,,,,mechanical quadrature,,,,,,,,6024
vélvit,na,,Eintala,,,,"tölvuvit, gervigreind",,,,artificial intelligence,,,,,,,,6034
viðbót,na,kvk,Eintala,,,,,,,,(of a logarithm) mantissa,,,,,,,,6082
viðbótarskilyrði,na,,Eintala,,,,"viðbótarkrafa, viðbótarforsenda",,,,additional condition,,,,,,,,6083
viðbótarupplýsingar,na,kvk,Fleirtala,,,,fylgiupplýsingar,,,,ancillary information,,,,"concomitant information, supplemental information, supplementary information",,,,6084
viðbætið fall,na,hk,Eintala,,,,samleggjandi fall,,,,additive function,,,,,,,,6079
viðbætið mengjafall,na,hk,Eintala,,,,samleggjandi mengjafall,,,,additive set function,,,,,,,,6080
viðbætinn,ls,,,,,,samleggjandi,,,,additive,,,,,,,,6081
viðfangskenning,na,kvk,Eintala,,,,,,,,object theory,,,,,,,,6090
viðfangsmál,na,hk,Eintala,,,,,,,,object language,,,,,,,,6091
viðfangssetning,na,kvk,Eintala,,,,,,,,object theorem,,,,,,,,6092
viðkennd tala,na,kvk,Eintala,,,,,,,,concrete number,,,,denominate number,,,,6103
viðmið,na,hk,Eintala,,,,,,,,control,,,,,,,,6104
viðmiðun,na,kvk,Eintala,,,,,,,,criterion,,,,,,,,6105
viðtaka,na,kvk,Eintala,,,,viðtekt,,,,acceptance,,,,,,,,6107
viðtökulíkindi,na,hk,Fleirtala,,,,,,,,acceptance probability,,,,chance of acceptance,,,,6108
viðtökumark,na,hk,Eintala,,,,,,,,acceptance limit,,,,,,,,6109
viðtökupróf,na,hk,Eintala,,,,,,,,acceptance inspection,,,,,,,,6110
viðunandi,ls,,,,,,,,,,acceptable,,,,,,,,6111
viðunandi gæðamörk,na,hk,Fleirtala,,,,,,,,acceptable quality level,,,,,,,,6112
viðureign,na,kvk,Eintala,,,,,,,,party,,,,play,,,,6113
viðvörunarmörk,na,kvk,Fleirtala,,,,,,,,attention limit,,,,warning limit,,,,6114
viguralgebra,na,kvk,Eintala,,,,,,,,vector algebra,,,,,,,,6117
vigurbundin,na,,Eintala,,,,,,,"bundle, line bundle, fibre bundle",vector bundle,,,,,,,,6118
vigurfall,na,hk,Eintala,,,,,,,,vector function,,,,,,,,6119
vigurgildur,ls,kk,Eintala,,,,,,,,vector-valued,,,,vector valued,,,,6120
vigurgilt fall,na,hk,Eintala,,,,vigurfall,,,,vector-valued function,,,,,,,,6121
vigurgreining,na,kvk,Eintala,,,,,,,,vector analysis,,,,,,,,6122
vigursamlagning,na,kvk,Eintala,,,,vigrasamlagning,,,,vector addition,,,,,,,,6123
vigursumma,na,kvk,Eintala,,,,,,,,resultant vector,,,,resultant,,,,6124
vigursumma,na,kvk,Eintala,,,,,,,,vectorial sum,,,,,,,,6125
vigursvið,na,hk,Eintala,,,,,,,,vector field,,,,,,,,6126
vigur,na,kk,Eintala,,,,vektor,,,,vector,,,,,,,,6116
vigur-,pref,,,,,,,,,,vectorial,,,,,,,,6115
vik,na,hk,Eintala,,,,,,,,(of a function) variation,,,,,,,,6127
vildarás,na,kk,Eintala,,,,,,,,axis of affinity,,,,,,,,6129
vildarfall,na,hk,Eintala,,,,línufall,,,,affine function,,,,,,,,6130
vildargrúpa,na,kvk,Eintala,,,,,,,,affine group,,,,,,,,6131
vildarhjúpur,na,kk,Eintala,,,,,,,,affine hull,,,,,,,,6132
vildarhnit,na,hk,Fleirtala,,,,samsíða hnit,,,"cartesian coordinates, oblique coordinates",affine coordinates,,,,parallel coordinates,,,,6133
vildarlína,na,kvk,Eintala,,,,,,,,affine line,,,,,,,,6134
vildarlokun,na,,Eintala,,,,vildarhjúpur,,,linear closure,affine closure,,,,,,,,6135
vildarrúm,na,hk,Eintala,,,,,,,,affine space,,,,,,,,6136
vildarrúmfræði,na,kvk,Eintala,,,,,,,,affine geometry,,,,,,,,6137
vildarsamgangur,na,kk,Eintala,,,,,,,connection,affine connection,,,,,,,,6138
vildarslétta,na,kvk,Eintala,,,,,,,,affine plane,,,,,,,,6139
vildarvíðerni,na,hk,Eintala,,,,,,,,affine variety,,,,,,,,6140
vildarvörpun,na,kvk,Eintala,,,,vildarmótun,,,,affine transformation,,,,affinity,,,,6141
vildur,,,,,,,vildar-,,,,affine,,,,,,,,6142
vild samlínumótun,na,kvk,Eintala,,,,,,,,affine collineation,,,,,,,,6128
villa,na,,,,,,mistök,,,,error,,,,mistake,,,,6143
vinatölur,na,kvk,Fleirtala,,,,,,,,amicable numbers,,,,friendly numbers,,,,6144
vindingalaus grúpa,na,kvk,Eintala,,,,vindingslaus grúpa,,,,aperiodic group,,,,"group without torsion, torsion-free group",,,,6145
vindingsfeldi,na,hk,Eintala,,,,,,,,torsion product,,,,,,,,6146
vindingsgeisli,na,kk,Eintala,,,,,,,,radius of torsion,,,,"radius of second curvature, torsion radius",,,,6147
vindingsgrúpa,na,kvk,Eintala,,,,,,,,group of torsion,,,,"periodic group, torsion group",,,,6148
vindingslaus,ls,,,,,,vindingalaus,,,,torsion-free,,,,,,,,6150
vindingsmótull,na,kk,Eintala,,,,,,,,torsion module,,,,,,,,6151
vindingsstak,na,hk,Eintala,,,,,,,,periodic element,,,,torsion element,,,,6152
vindingsþinur,na,kk,Eintala,,,,,,,,torsion tensor,,,,,,,,6153
vindingur,na,kk,Eintala,,,,,,,,second curvature,,,,torsion,,,,6154
vindingur,na,kk,Eintala,,,,,,,,(in algebra) torsion,,,,,,,,6155
vinningsbandalag,na,hk,Eintala,,,,,,,,winning coalition,,,,,,,,6156
vinningsfall,na,hk,Eintala,,,,,,,,payoff function,,,,,,,,6157
vinningsfylki,na,hk,Eintala,,,,,,,,payoff matrix,,,,,,,,6158
vinningur,na,kk,Eintala,,,,,,,,payoff,,,,,,,,6159
vinnsla,na,kvk,Eintala,,,,,,,,processing,,,,,,,,6160
vinstra einingarstak,na,hk,Eintala,,,,,,,,left identity,,,,,,,,6161
vinstra hjámengi,na,hk,Eintala,,,,,,,,left coset,,,,,,,,6162
vinstra íðal,na,hk,Eintala,,,,,,,one-sided ideal,left ideal,,,,,,,,6163
vinstrisnúinn,ls,kk,Eintala,,,,,,,,sinistrorse,,,,,,,,6182
vinstrisnúinn ferill,na,kk,Eintala,,,,,,,,left-handed curve,,,,sinistrorse curve,,,,6183
vinstrisnúin skrúflína,na,kvk,Eintala,,,,,,,,left-handed helix,,,,sinistrorse helix,,,,6181
vinstri aðoki,na,hk,Eintala,,,,,,,right adjoint,left adjoint,,,,adjoint,,,,6674
vinstri afleiða,na,hk,Fleirtala,,,,afleiða frá vinstri,,,,back derivative,,,,"backward derivative, derivative on the left, left derivative, left-hand derivative, left-handed derivative",,,,6675
vinstri andhverfa,na,kvk,Eintala,,,,andhverfa frá vinstri,,,,(of a mapping) left inverse,,,,,,,,6676
vinstri deildanleiki,na,kk,Eintala,,,,"deildanleiki frá vinstri, vinstri diffranleiki, diffranleiki frá vinstri",,,,back differentiability,,,,"backward differentiability, differentiability on the left, left differentiability, left-hand differentiability",,,,6166
vinstri dreifiregla,na,kvk,Eintala,Sjá <ref idTerm=723>dreifiregla</ref>.,,,,,,,left distributive law,,,,,,,,6167
vinstri endapunktur,na,kk,Eintala,,,,,,,,left end point,,,,left extremity,,,,6168
vinstri grennd,na,kvk,Eintala,,,,,,,,neighbourhood on the left,,,,,,,,6169
vinstri handar hnitakerfi,na,hk,Eintala,,,,,,,,left-handed coordinate system,,,,,,,,6170
vinstri hávísir,na,kk,Eintala,,,,,,,,pre-superscript,,,,,,,,6171
vinstri hlið,na,kvk,Eintala,,,,,,,,left-hand side,,,,left side,,,,6172
vinstri hlutleysa,na,hk,Fleirtala,,,,hlutleysa frá vinstri,,,,left neutral element,,,,left identity,,,,6677
vinstri hornklofi,na,kk,Eintala,,,,,,,,left bracket,,,,,,,,6173
vinstri lágvísir,na,kk,Eintala,,,,,,,,pre-subscript,,,,,,,,6174
vinstri mótull,na,kk,Eintala,,,,,,,,left module,,,,,,,,6175
vinstri oddklofi,na,kk,Eintala,,,,,,,pointed bracket,left pointed bracket,,,,,,,,6176
vinstri oddsvigi,na,kk,Eintala,,,,,,,,left brace,,,,left curly bracket,,,,6177
vinstri samsemdarmótun,na,kvk,Eintala,,,,,,,,left identity,,,,,,,,6178
vinstri svigi,na,kk,Eintala,,,,,,,,left parenthesis,,,,,,,,6179
vinstri umhverfa,na,hk,Eintala,,,,"umhverfa frá vinstri, vinstri andhverfa, andhverfa frá vinstri",,,,(with respect to an operation) left inverse,,,,,,,,6180
virðing,na,kvk,Eintala,,,,,,,"absolute value, Archimedean valuation, non-archimedean valuation",valuation,,,,,,,,6184
virðingarbaugur,na,kk,Eintala,,,,,,,,valuation ring,,,,,,,,6185
virðingarfræði,na,kvk,Eintala,,,,,,,,valuation theory,,,,,,,,6186
virðingargrannmynstur,na,hk,Eintala,,,,,,,,valuation topology,,,,,,,,6187
virki,na,kk,Eintala,,,,,,,,operator,,,,,,,,6188
virkjagildur,ls,kk,Eintala,,,,,,,,operator-valued,,,,,,,,6189
virkjajafna,na,kvk,Eintala,,,,,,,,operator equation,,,,,,,,6190
virkjareikningur,na,kk,Eintala,,,,,,,,operational calculus,,,,operator calculus,,,,6191
virkjastaðall,na,kk,Eintala,,,,,,,,operator norm,,,,,,,,6192
virkni,na,kvk,Eintala,,,,,,,,action,,,,,,,,6193
virkt hliðarskilyrði,na,hk,Eintala,,,,,,,constraint,active constraint,,,,,,,,6194
virkt mengi,na,hk,Eintala,,,,,,,,active set,,,,,,,,6195
virkt stak,na,hk,Eintala,,,,,,,,active element,,,,,,,,6196
vissa,na,kvk,Eintala,,,,fullvissa,,,,certainty,,,,,,,,6215
viss atburður,na,kk,Eintala,,,,öruggur atburður,,,,certain event,,,,certainty,,,,6213
viss,ls,kk,Eintala,,,,öruggur,,,,certain,,,,,,,,6214
víddarfræði,na,kvk,Eintala,,,,,,,,dimension theory,,,,,,,,6088
vídd,na,kvk,Eintala,,,,stétt,,,,(of a free module) rank,,,,,,,,6085
vídd,na,,Eintala,,,,stig,,,dimension,(of a linear representation) degree,,,,,,,,6086
vídd,na,kvk,Eintala,,,,"víddartala, rúmvídd",,,"degree, dim",dimension,,,,dimensionality,,,,6087
víðátta,na,kvk,Eintala,,,,,,,"algebraic manifold, analytic manifold, closed manifold, compact manifold, complex analytic manifold, complex manifold, differentiable manifold, real analytic manifold, smooth manifold, topological manifold, surface, variety",manifold,,,,,,,,6076
víðátta án jaðars,na,kvk,Eintala,,,,,,,,manifold without boundary,,,,,,,,6077
víðátta með jaðri,na,kvk,Eintala,,,,,,,"bounded, bounding manifold",manifold with boundary,,,,,,,,6078
víðerni,na,hk,Eintala,,,,,,,"algebraic variety, analytic variety, manifold",variety,,,,,,,,6089
víðfeðmt sterkasta próf,na,hk,Eintala,,,,,,,,uniformly most powerful test,,,,U. M. P. test,,,,6096
víðfeðmt útgildi,na,hk,Eintala,,,,,,,,extremum in the large,,,,global extremum,,,,6097
víðfeðmur,ls,kk,Eintala,,,,,,,,global,,,,,,,,6098
víðfeðmur hágildispunktur,na,kk,Eintala,,,,,,,,global maximum point,,,,,,,,6099
víðfeðmur lággildispunktur,na,kk,Eintala,,,,,,,,global minimum point,,,,,,,,6100
víðfeðmur útgildispunktur,na,kk,Eintala,,,,,,,,global extremum point,,,,,,,,6101
víðfeðm einstikun,na,kvk,Eintala,,,,,,,,global uniformization,,,,,,,,6093
víðfeðm greining,na,kvk,Eintala,,,,víðgreining,,,,global analysis,,,,,,,,6094
víðfeðm tilvist,na,kvk,Eintala,,,,,,,,global existence,,,,,,,,6095
víðgildi,na,hk,Eintala,,,,,,,,generality,,,,,,,,6102
víðtækur,ls,kk,Eintala,,,,"almennur, víður",,,"general theory of relativity, general linear group",general,,,,,,,,6106
vísajafna,na,kvk,Eintala,,,,veldisvísajafna,,,,indicial equation,,,,,,,,6197
vísalækkun,na,kvk,Eintala,,,,,,,,lowering of indices,,,,,,,,6198
vísamengi,na,hk,Eintala,,,,"vísitölumengi, skilgreiningarmengi",,,argument domain,index set,,,,indexing set,,,,6199
vísasetja,sag,,,,,,,,,,index,,,,,,,,6200
vísasetning,na,kvk,Eintala,,,,,,,,indexing,,,,,,,,6201
vísasettur,ls,kk,Eintala,,,,,,,,indexed,,,,,,,,6202
vísir,na,,Eintala,,,,vísitala,,,,index,,,,,,,,6203
vísisfallaröð,na,kvk,Eintala,,,,,,,,exponential series,,,,,,,,6205
vísissetning,na,kvk,Eintala,,,,,,,,index theorem,,,,,,,,6206
vísisvirðing,na,kvk,Eintala,,,,,,,"non-archimedean valuation, ultrametric valuation",additive valuation,,,,exponential valuation,,,,6207
vísis-,pref,,,,,,,,,,exponential,,,,,,,,6204
vísitala,na,kvk,Eintala,,,,,,,,(of a fixed point) index,,,,,,,,6208
vísitala,na,kvk,Eintala,,,,,,,,(of a matrix) index,,,,,,,,6209
vísitala,na,kvk,Eintala,,,,,,,,(of a subgroup) index,,,,,,,,6210
vísitala,na,kvk,Eintala,,,,,,,,(of a vector field) index,,,,,,,,6211
vísitala,na,kvk,Eintala,,,,,,,,(of an elliptic operator) index,,,,,,,,6212
vítahringur,na,,Eintala,,,,hringrök,,,,circular argument,,,,vicious circle,,,,6216
víxill,na,kk,Eintala,,,,,,,,commutator,,,,,,,,6218
víxla,sag,,,,,,,,,,commute,,,,,,,,6219
víxlagrúpa,na,kvk,Eintala,,,,afleidd grúpa,,,,commutant,,,,"commutator group, commutator subgroup, derived group",,,,6220
víxlanlegur,ls,kk,Eintala,,,,,,,,commuting,,,,"interchangeable, permutable",,,,6221
víxlast,sag,,,,,,vera víxlanlegur,,,,commute,,,,,,,,6222
víxlbaugur,na,kk,Eintala,,,,víxlinn baugur,,,,commutative ring,,,,,,,,6223
víxlhorn,na,hk,Eintala,,,,,,,,alternate angles,,,,,,,,6224
víxlið örvarit,na,hk,Eintala,,,,,,,,commutative diagram,,,,,,,,6225
víxlimengi,na,,Eintala,,,,víxlialgebra,,,,commutant,,,,,,,,6226
víxlinn,ls,kk,Eintala,<ref idTerm=5702>Reikniaðgerð</ref> \(\odot\) kallast \textit{víxlin} ef hún fullnægir <ref idTerm=6233>víxlreglunni</ref>.,,,,,,,commutative,,,,commuting,,,,6228
víxlin aðgerð,na,kvk,Eintala,,,,víxlin reikniaðgerð,,,,commutative operation,,,,,,,,6227
víxlmerkjamengi,na,hk,Eintala,,,,,,,,alternating set,,,,,,,,6229
víxlmerkjaröð,na,kvk,Eintala,,,,,,,,alternating series,,,,,,,,6230
víxlmerkjasumma,na,kvk,Eintala,,,,,,,,alternating sum,,,,,,,,6231
víxlni,na,kvk,Eintala,,,,,,,,commutativity,,,,,,,,6232
víxlregla,na,kvk,Eintala,"<ref idTerm=5702>Tvístæð reikniaðgerð</ref> \(\odot : X \times X \to X\) á <ref idTerm=3270>mengi</ref> \(X\) er sögð fullnægja \textit{víxlreglunni} ef fyrir sérhver <ref idTerm=5128>stök</ref> \(x,y \in X\) gildir að \(x \odot y = y \odot x\).","Dæmi um víxlna reikniaðgerð er <ref idTerm=3141>margföldun</ref> <ref idTerm=4093>rauntalna</ref> en um öll \(x,y \in \mathbb{R}\) gildir \(xy=yx\).",,,,,,commutative law,,,,commutation law,,,,6233
víxlstefnuaðferð,na,kvk,Eintala,,,,,,,,alternating direction method,,,,,,,,6234
víxlunarjafna,na,kvk,Eintala,,,,,,,,commutation relation,,,,,,,,6235
vogarskálaaðferð,na,kvk,Eintala,,,,,,,,scales method,,,,,,,,6236
vægi,na,hk,Eintala,,,,,,,,moment,,,,,,,,5938
vægi,na,hk,Eintala,,,,,,,,weight,,,,,,,,5939
vægisfall,na,hk,Eintala,,,,,,,,weight function,,,,,,,,5941
vægisframleiðandi fall,na,hk,Eintala,,,,,,,,moment generating function,,,,,,,,5942
vægisstuðull,na,kk,Eintala,,,,,,,,weight factor,,,,,,,,5943
vægisverkefni,na,hk,Eintala,,,,,,,,moment problem,,,,,,,,5944
vægi um meðalgildi,na,hk,Eintala,,,,,,,,central moment,,,,,,,,5940
vægjaaðferð,na,kvk,Eintala,,,,,,,,method of moments,,,,moments method,,,,5945
vægjafylki,na,hk,Eintala,,,,,,,,moment matrix,,,,,,,,5946
vægjahlutfall,na,hk,Eintala,,,,,,,,moment ratio,,,,,,,,5947
væntanlegt gildi,na,hk,Eintala,,,,"væntigildi, meðalgildi",,,,expectation,,,,"expectancy, expectation value, expected value, mathematical expectation, mean, mean value",,,,5948
vökvaaflfræði,na,kvk,Eintala,,,,straumfræði,,,,hydrodynamics,,,,,,,,6237
vökvastöðufræði,na,kvk,Eintala,,,,kyrrðarfræði,,,,hydrostatics,,,,,,,,6238
vöndur af hringum,na,,Eintala,,,,"hringavöndur, hneppi af hringum, hringahneppi",,,,pencil of circles,,,,,,,,6239
vöndur af línum,na,,Eintala,,,,"línuvöndur, hneppi af línum, línuhneppi",,,,pencil of lines,,,,,,,,6240
vöndur af samsíða línum,na,,Eintala,,,,"samsíðuvöndur, hneppi af samsíða línum, samsíðuhneppi",,,,pencil of parallel lines,,,,,,,,6241
vöndur af sléttum,na,,Eintala,,,,"sléttuvöndur, hneppi af sléttum, sléttuhneppi",,,"bundle of planes, sheaf of planes",pencil of planes,,,,,,,,6242
vöndur,na,,Eintala,,,,hneppi,,,bundle,pencil,,,,,,,,6243
vörpunarkeila,na,kvk,Eintala,,,,,,,,mapping cone,,,,,,,,6244
vörpunarsetning Riemanns,na,kvk,Eintala,,,,,,,,Riemann mapping theorem,,,,,,,,6245
vörpunarsívalningur,na,kk,Eintala,,,,,,,,mapping cylinder,,,,,,,,6246
vörpunarstig,na,hk,Eintala,,,,,,,,Brouwer degree,,,,degree of mapping,,,,6247
vörpun,na,kvk,Eintala,,,,"færsla, myndun, ummyndun",,,"correspondence, function, functional, many-valued mapping, morphism, operator, single-valued mapping",mapping,,,,"map, transformation",,,,6678
vöxtur,na,kk,Eintala,,,,,,,,growth,,,,,,,,6248
x-ás,na,kk,Eintala,Sjá <ref idTerm=6595>kartesk slétta</ref>.,,,,,,,x-axis,,,,,,,,6252
yfirákvarðaður,ls,kk,Eintala,,,,ofákvarðaður,,,,over-determined,,,,,,,,6254
yfirbaugur,na,kk,Eintala,,,,,,,"extension, ring extension",extension ring,,,,overring,,,,6255
yfirborð,na,hk,Eintala,,,,,,,,surface,,,,,,,,6256
yfirbreyta,na,kvk,Eintala,,,,,,,syntactic variable,metavariable,,,,,,,,6257
yfirfall,na,hk,Eintala,,,,,,,,majorant function,,,,majorant,,,,6679
yfirferðarpunktur,na,kk,Eintala,,,,,,,,overcrossing,,,,,,,,6258
yfirgnæfa,sag,,,,,,,,,majorize,dominate,,,,,,,,6259
yfirgnæfa,sag,,,,,,,,,dominate,majorize,,,,,,,,6260
yfirgnæfð röð,na,kvk,Eintala,,,,,,,,dominated series,,,,majorized series,,,,6261
yfirgnæfð samleitni,na,kvk,Eintala,,,,,,,,dominated convergence,,,,,,,,6262
yfirgripsregla,na,kvk,Eintala,,,,,,,,axiom of comprehension,,,,"axiom of abstraction, comprehension principle",,,,6263
yfirhjólferill,na,kk,Eintala,,,,,,,,hypercycloid,,,,,,,,6264
yfirhornalína,na,kvk,Eintala,,,,,,,,superdiagonal,,,,,,,,6265
yfirkenning,na,kvk,Eintala,,,,,,,,metatheory,,,,,,,,6266
yfirliður,na,kk,Eintala,,,,,,,,major term,,,,,,,,6267
yfirmál,na,hk,Eintala,,,,yfirtungumál,,,,metalanguage,,,,,,,,6268
yfirmengi,na,hk,Eintala,,,,,,,,including set,,,,,,,,6269
yfirmetanlegur,ls,kk,Eintala,,,,,,,,majorizable,,,,,,,,6270
yfirmótull,na,kk,Eintala,,,,,,,,overmodule,,,,,,,,6271
yfirráðasvæði,na,hk,Eintala,,,,,,,,(of a quantifier) scope,,,,,,,,6272
yfirrásuð grúpa,na,kvk,Eintala,,,,,,,,metacyclic group,,,,,,,,6273
yfirregla,na,kvk,Eintala,,,,,,,,metarule,,,,,,,,6274
yfirröð,na,kvk,Eintala,,,,,,,,majorant series,,,,majorant,,,,6680
yfirsetning,na,kvk,Eintala,,,,,,,,metatheorem,,,,,,,,6275
yfirsetning,na,kvk,Eintala,,,,yfirforsenda,,,,major premise,,,,,,,,6276
yfirsporger,ls,,,,,,,,,,hyperelliptic,,,,,,,,6277
yfirstak,na,,Eintala,Fyrir <ref idTerm=4093>rauntalna</ref><ref idTerm=3270>mengi</ref> \(A\) kallast rauntalan \(U\) \textit{yfirtala} mengisins \(A\) ef fyrir öll \(x \in A\) gildir að \(x \leq U\).,"Almennt getur <ref idTerm=4009>hlutraðað mengi</ref> hugsanlega átt sér \textit{yfirstak}. Slíkt <ref idTerm=5128>stak</ref> þarf hins vegar ekki endilega að vera til, sem dæmi á mengi rauntalna \(\mathbb{R}\) sér ekkert yfirstak.",,"yfirskorða, yfirtala",,,,majorant,,,,"right bound, upper bound",,,,6280
yfirstrik,na,hk,Eintala,,,,,,,,bar,,,,"overbar, overline, vinculum",,,,6281
yfirstærðfræði,na,kvk,Eintala,,,,,,,,metamathematics,,,,,,,,6278
yfirstærðfræðilegur,ls,kk,Eintala,,,,,,,,metamathematical,,,,,,,,6279
yfirsumma,na,kvk,Eintala,,,,,,,,upper sum,,,,,,,,6282
yfirsvið,na,hk,Eintala,,,,,,,"extension, field extension",extension field,,,,overfield,,,,6283
yfirviðbætinn,ls,,,,,,yfirsamleggjandi,,,,superadditive,,,,,,,,6284
yfirvíxlin grúpa,na,kvk,Eintala,,,,,,,,metabelian group,,,,,,,,6285
yfirþýður,ls,kk,Eintala,,,,,,,,superharmonic,,,,,,,,6286
yrðingabreyta,na,kvk,Eintala,,,,fullyrðingabreyta,,,,propositional variable,,,,sentential variable,,,,6287
yrðingafall,na,hk,Eintala,,,,,,,predicate,propositional function,,,,"sentential function, statement function",,,,6288
yrðingamót,na,hk,Eintala,,,,,,,form,propositional form,,,,,,,,6289
yrðingareikningur,na,kk,Eintala,,,,fullyrðingareikningur,,,propositional logic,propositional calculus,,,,sentential calculus,,,,6290
yrðingarökfræði,na,kvk,Eintala,,,,fullyrðingarökfræði,,,propositional calculus,logic of propositions,,,,"propositional logic, sentential logic",,,,6291
ytra deildaform,na,hk,Eintala,,,,"ytra diffurform, deildaform, diffurform",,,,alternating differential form,,,,"exterior differential form, differential form",,,,6292
ytra deildi,na,hk,Eintala,,,,ytra diffur,,,,exterior differential,,,,,,,,6293
ytra flatarmál,na,hk,Eintala,,,,,,,,outer area,,,,,,,,6294
ytra horn,na,hk,Eintala,<ref idTerm=1677>Grannhorn</ref> tiltekins <ref idTerm=2198>horns</ref> í <ref idTerm=3161>marghyrningi</ref>. Horn marghyrningsins kallast þá \textit{innri horn},Á eftirfarandi mynd er \(\angle DBC\) ytra horn við <ref idTerm=6438>þríhyrninginn</ref> \(ABC\) því það er grannhorn \(\angle CBA\):\n\n\begin{center}\n\includegraphics[width=150px]{myndir/ytrahorn.png}\n\end{center} \n\nHornin \(\angle BAC\) og \(\angle ACB\) kallast jafnframt \textit{fjarlæg innri horn} við ytra hornið \(\angle DBC\).,,utanvert horn,,,,(of a polygon) exterior angle,,,,external angle,,,,6295
ytra horn,na,hk,Eintala,,,,utanvert horn,,,,(of angles made by a transversal) exterior angle,,,,,,,,6296
ytra innihald,na,hk,Eintala,,,,ytra Jordan-innihald,,,,exterior content,,,,"exterior Jordan content, outer content, outer Jordan content",,,,6297
ytra mál,na,hk,Eintala,,,,utanmál,,,,exterior measure,,,,"outer measure, upper measure",,,,6298
ytra mál,na,hk,Eintala,,,,utanmál,,,,outer volume,,,,,,,,6299
ytra meðalfervik,na,,Eintala,,,,ytri dreifni,,,within-class variance,between-class variance,,,,"between-group variance, external variance, interclass variance",,,,6300
ytra veldi,na,hk,Eintala,,,,,,,,exterior power,,,,,,,,6301
ytri aðgerð,na,kvk,Eintala,,,,ytri reikniaðgerð,,,"action, operation, operation",external composition,,,,"external composition law, external law of composition, external operation",,,,6302
ytri afleiða,na,kvk,Eintala,,,,,,,,exterior derivative,,,,,,,,6303
ytri algebra,na,kvk,Eintala,,,,Grassmann-algebra,,,,exterior algebra,,,,Grassmann algebra,,,,6304
ytri einslögunarmiðja,na,kvk,Eintala,,,,,,,,exterior centre of similitude,,,,,,,,6305
ytri fylgni,na,kvk,Eintala,,,,,,,within-class correlation,between-class correlation,,,,"between-group correlation, external correlation, interclass correlation",,,,6306
ytri gagnstæð horn,na,hk,Fleirtala,,,,utanverð gagnstæð horn,,,,exterior opposite angles,,,,,,,,6307
ytri helmingalína,na,kvk,Eintala,,,,,,,,exterior bisector,,,,,,,,6308
ytri margföldun,na,kvk,Eintala,,,,,,,,exterior multiplication,,,,,,,,6309
ytri punktur,na,kk,Eintala,,,,,,,,exterior point,,,,,,,,6310
ytri sjálfmótun,na,kvk,Eintala,,,,,,,,outer automorphism,,,,,,,,6311
ytri,ls,,,,,,utanverður,,,,exterior,,,,,,,,6312
y-ás,na,kk,Eintala,Sjá <ref idTerm=6595>kartesk slétta</ref>.,,,,,,,y-axis,,,,,,,,6253
þak,na,hk,Eintala,,,,,,,,(the symbol \^) hat,,,,roof,,,,6323
þakning,na,kvk,Eintala,,,,,,,,covering,,,,cover,,,,6324
þáttabaugur,na,kk,Eintala,,,,,,,,factorial ring,,,,"unique factorization domain, unique factorization ring",,,,6325
þáttagreining,na,kvk,Eintala,,,,,,,,component analysis,,,,factor analysis,,,,6326
þáttalíkan,na,hk,Eintala,,,,,,,,factorial model,,,,factor model,,,,6327
þáttatilraun,na,kvk,Eintala,,,,,,,,factorial experiment,,,,,,,,6328
þáttun,na,kvk,Eintala,,,,,,,"decomposition, prime decomposition, prime factorization",factorization,,,,"factoring, factorizing",,,,6330
þáttun,na,,Eintala,,,,"klofningur, sundurliðun, skipting",,,,decomposition,,,,,,,,6331
þáttur,na,kk,Eintala,,,,,,,,(of a product) component,,,,,,,,6332
þáttur,na,kk,Eintala,,,,,,,,factor,,,,,,,,6333
þekjufærsla,na,kvk,Eintala,,,,,,,,covering transformation,,,,deck transformation,,,,6334
þekjugrúpa,na,kvk,Eintala,,,,,,,,covering group,,,,,,,,6335
þekjurúm,na,hk,Eintala,,,,,,,,covering space,,,,,,,,6336
þekjuvídd,na,kvk,Eintala,,,,,,,,covering dimension,,,,,,,,6337
þekjuvörpun,na,kvk,Eintala,,,,,,,,covering map,,,,covering,,,,6681
þetafall,na,hk,Eintala,,,,,,,,theta function,,,,,,,,6338
þéttast,sag,,,,,,,,,,accumulate,,,,,,,,6339
þéttibil,na,hk,Eintala,,,,,,,,concentration interval,,,,,,,,6340
þéttipunktur,na,kk,Eintala,,,,,,,"cluster point, limit point",accumulation point,,,,point of accumulation,,,,6341
þéttipunktur,na,kk,Eintala,,,,,,,"accumulation point, limit point",cluster point,,,,,,,,6342
þéttipunktur,na,kk,Eintala,,,,,,,,limit point,,,,,,,,6343
þéttisporbaugur,na,kk,Eintala,,,,,,,,concentration ellipse,,,,,,,,6344
þéttleikafall,na,hk,Eintala,,,,"líkindaþéttleikafall, dreifingarþéttleikafall",,,relative frequency function,density function,,,,"distribution density function, probability density function, probability function",,,,6345
þéttleiki,na,kk,Eintala,,,,,,,packing density,(general) density,,,,,,,,6346
þéttraðað mengi,na,hk,Eintala,,,,,,,,densely ordered set,,,,,,,,6347
þéttskipaður,ls,kk,Eintala,,,,,,,,(of a matrix) dense,,,,,,,,6348
þéttteljanlegt firðrúm,na,hk,Eintala,,,,,,,,separable metric space,,,,,,,,6349
þéttteljanlegt grannmynstur,na,hk,Eintala,,,,,,,,separable topology,,,,,,,,6350
þéttteljanlegt grannrúm,na,hk,Eintala,,,,,,,,separable topological space,,,,,,,,6351
þéttteljanlegur,ls,kk,Eintala,,,,,,,,separable,,,,,,,,6352
þéttteljanleiki,na,kk,Eintala,,,,,,,,separability,,,,,,,,6353
þéttur,ls,kk,Eintala,,,,,,,,(in topology) dense,,,,,,,,6354
þinalgebra,na,kvk,Eintala,,,,,,,,tensor algebra,,,,,,,,6355
þinbundin,na,,Eintala,,,,,,,,tensor bundle,,,,,,,,6356
þinfeldi,na,hk,Eintala,,,,,,,tensor product,(of two vectors) dyadic product,,,,,,,,6357
þinföldun,na,kvk,Eintala,,,,,,,,outer multiplication,,,,tensor multiplication,,,,6359
þinföldun,na,kvk,Eintala,,,,,,,tensor multiplication,tensoring,,,,,,,,6360
þingreining,na,kvk,Eintala,,,,,,,,tensor analysis,,,,,,,,6361
þinreikningur,na,kk,Eintala,,,,,,,,tensor calculus,,,,,,,,6362
þinsvið,na,hk,Eintala,,,,,,,,tensor field,,,,tensorial field,,,,6363
þinur,na,kk,Eintala,,,,,,,,tensor,,,,,,,,6364
þjappaður,ls,kk,Eintala,,,,,,,,bicompact,,,,compact,,,,6376
þjappaður virki,na,kk,Eintala,,,,,,,completely continuous,compact operator,,,,,,,,6377
þjappað mengi,na,hk,Eintala,,,,,,,,compact set,,,,,,,,6373
þjappað rúm,na,hk,Eintala,,,,,,,,compact space,,,,,,,,6374
þjappað rúm,na,hk,Eintala,,,,þjappað mengi,,,,compactum,,,,,,,,6375
þjappleiki,na,kk,Eintala,,,,,,,,compactness,,,,,,,,6378
þjálga,sag,,,,,,,,,,regularize,,,,smooth,,,,6367
þjálgun,na,kvk,Eintala,,,,,,,,regularization,,,,smoothing,,,,6368
þjáll á köflum,ls,kk,Eintala,,,,,,,,piecewise smooth,,,,,,,,6369
þjáll ferill,na,kk,Eintala,,,,,,,,smooth curve,,,,,,,,6370
þjáll flötur,na,kk,Eintala,,,,,,,,smooth surface,,,,,,,,6371
þjált fall,na,hk,Eintala,,,,,,,,smooth function,,,,,,,,6372
þjál víðátta,na,kvk,Eintala,,,,óendanlega oft deildanleg víðátta,,,differentiable manifold,smooth manifold,,,,,,,,6365
þjál vörpun,na,kvk,Eintala,,,,,,,,smooth mapping,,,,,,,,6366
þjöppuð eyðing,na,kvk,Eintala,,,,,,,,compact elimination,,,,,,,,6379
þjöppuð samleitni,na,kvk,Eintala,,,,,,,,compact convergence,,,,,,,,6380
þjöppuð víðátta,na,kvk,Eintala,,,,lokuð víðátta,,,,closed manifold,,,,compact manifold,,,,6381
þjöppun,na,kvk,Eintala,,,,,,,,compactification,,,,,,,,6382
þolandi,na,kk,Eintala,,,,,,,,operand,,,,,,,,6384
þolbil,na,hk,Eintala,,,,,,,,tolerance interval,,,,,,,,6385
þoldreifing,na,kvk,Eintala,,,,,,,,tolerance distribution,,,,,,,,6386
þolmark,na,hk,Eintala,,,,,,,,tolerance limit,,,,,,,,6387
þolmat,na,hk,Eintala,,,,,,,,tolerance estimation,,,,,,,,6388
þolsvæði,na,hk,Eintala,,,,,,,,tolerance region,,,,,,,,6389
þolþáttur,na,kk,Eintala,,,,,,,,tolerance factor,,,,,,,,6390
þol,na,hk,Eintala,,,,þolstig,,,,tolerance,,,,tolerance level,,,,6383
þraut,na,kvk,Eintala,,,,,,,problem,puzzle,,,,,,,,6391
þrefaldur,ls,kk,Eintala,,,,,,,,triple,,,,,,,,6392
þrefalt heildi,na,hk,Eintala,,,,þrefalt tegur,,,,triple integral,,,,,,,,6393
þreföld rót,na,kvk,Eintala,,,,,,,,triple root,,,,,,,,6394
þrenging,na,,,,,,"takmörkun, takmarkandi skilyrði",,,,(condition) restriction,,,,,,,,6395
þrengja,sag,,,,,,,,,,restrict,,,,,,,,6396
þrennd,na,kvk,Eintala,,,,,,,,triple,,,,,,,,6397
þrep,na,hk,Eintala,,,,,,,,step,,,,,,,,6398
þrepafall,na,hk,Eintala,,,,,,,simple function,staircase function,,,,step function,,,,6401
þrepasönnun,na,kvk,Eintala,Aðferð til þess að <ref idTerm=4554>sanna</ref> <ref idTerm=1515>yrðingar</ref> um <ref idTerm=3475>náttúrulegu tölurnar</ref>. Hún snýst út á það að sýna fyrst að yrðingin gildi fyrir töluna 0 (sem kallast \textit{grunnþrepið}) og síðan sýna að ef yrðingin gildir fyrir einhverja tölu \(k\) að þá gildi yrðingin fyrir \(k+1\) líka. Sú forsenda að yrðingin gildi um töluna \(k\) kallast \textit{þrepunarforsenda} og það að sýna að yrðingin gildi einnig um \(k+1\) kallast \textit{þrepunarskref}. Þegar þrepunarforsendan gerir ráð fyrir að yrðingin gildi um allar tölur minni en eða jöfn \(k\) kallast sönnunin \textit{sterk þrepunarsönnun},,,"þrepunarsönnun, rakin sönnun",,,,induction proof,,,,"inductive proof, proof by induction, proof by mathematical induction, proof by recursion",,,,6402
þrepunarályktun,na,kvk,Eintala,,,,þrepunarniðurstaða,,,,inductive conclusion,,,,,,,,6406
þrepunarforsenda,na,kvk,Eintala,,,,,,,,induction hypothesis,,,,"inductional assumption, inductive hypothesis",,,,6407
þrepunarfrumsenda,na,kvk,Eintala,,,,"þrepunarfrumsetning, frumsenda um þrepun, frumsetning um þrepun",,,,axiom of complete induction,,,,"axiom of mathematical induction, induction axiom",,,,6408
þrepunarnálgun,na,kvk,Eintala,,,,,,,,stepwise approximation,,,,successive approximation,,,,6409
þrepunarskilgreining,na,kvk,Eintala,,,,rakin skilgreining,,,,definition by induction,,,,"definition by recursion, inductive definition, recursive definition, recursion definition",,,,6410
þrepunarskref,na,hk,Eintala,,,,,,,,induction step,,,,inductive step,,,,6411
þrepunarupphaf,na,hk,Eintala,,,,,,,,(of an induction) basis,,,,,,,,6412
þrepun niður á við,na,kvk,Eintala,,,,,,,,descending induction,,,,downward induction,,,,6403
þrepun upp á við,na,kvk,Eintala,,,,,,,,ascending induction,,,,upward induction,,,,6404
þrepun,na,kvk,Eintala,,,,stærðfræðileg þrepun,,,recursion,complete induction,,,,"induction, mathematical induction",,,,6405
þrep,na,,Eintala,,,,"kvíslitala, kvíslunartala",,,,(of a branch point) order,,,,,,,,6399
þrep,na,hk,Eintala,,,,stig,,,,(of an elliptic function) degree,,,,order,,,,6400
þriðja rót,na,kvk,Eintala,,,,"teningsrót, verpilrót",,,,cube root,,,,,,,,6416
þriðja stigs ferill,na,kk,Eintala,,,,,,,,cubic,,,,,,,,6417
þriðja stigs flötur,na,kk,Eintala,,,,,,,,cubic,,,,,,,,6418
þriðja stigs jafna,na,,Eintala,,,,,,,,cubic equation,,,,cubic,,,,6682
þriðja stigs,,,,,,,"tenings-, verpils-",,,,cubic,,,,,,,,6419
þríaðfelldur þríhyrningur,na,kk,Eintala,,,,,,,,trebly asymptotic triangle,,,,,,,,6413
þríbaugur,na,kk,Eintala,,,,,,,,ternary ring,,,,,,,,6414
þríblaða rós,na,,Eintala,,,,smáraferill,,,,three-leaved rose,,,,,,,,6415
þrífeldi,na,hk,Eintala,,,,,,,,triple product,,,,triple scalar product,,,,6420
þríflokkun,na,kvk,Eintala,,,,,,,,trichotomy,,,,,,,,6421
þríforkur Newtons,na,kk,Eintala,,,,,,,,trident of Newton,,,,,,,,6422
þrígild rökfræði,na,kvk,Eintala,,,,,,,,three-valued logic,,,,,,,,6423
þríhliðungur,na,kk,Eintala,,,,,,,,trilateral,,,,,,,,6424
þríhnattaverkefni,na,hk,Eintala,,,,þríagnaverkefni,,,many body problem,three body problem,,,,,,,,6425
þríhornalínufylki,na,hk,Eintala,,,,,,,,tridiagonal matrix,,,,,,,,6426
þríhyrningaregla,na,kvk,Eintala,,,,,,,,(for triangles) congruence theorem,,,,,,,,6428
þríhyrningar í sjónhorfi,na,kk,Fleirtala,,,,,,,,perspective triangles,,,,,,,,6427
þríhyrningaskipting,na,kvk,Eintala,,,,,,,triangulation,mesh of triangles,,,,,,,,6429
þríhyrningaskipting,na,kvk,Eintala,,,,,,,triangulation,triangular decomposition,,,,,,,,6430
þríhyrningaskipting,na,kvk,Eintala,,,,,,,"mesh of triangles, triangular decomposition",triangulation,,,,,,,,6431
þríhyrningsfylki,na,hk,Eintala,,,,,,,,triangular matrix,,,,,,,,6432
þríhyrningsgerlegur,ls,kk,Eintala,,,,,,,,(of a matrix) triangulable,,,,,,,,6433
þríhyrningsgerningur,na,kk,Eintala,,,,,,,,(of a matrix) triangularization,,,,,,,,6434
þríhyrningshnit,na,hk,Fleirtala,,,,,,,,triangular coordinates,,,,trilinear coordinates,,,,6435
þríhyrningsójafna,na,kvk,Eintala,,,,,,,,triangle inequality,,,,triangular inequality,,,,6436
þríhyrningstala,na,kvk,Eintala,,,,þríhyrnd tala,,,figurate number,triangular number,,,,,,,,6437
þríhyrningur,na,kk,Eintala,<ref idTerm=3161>Marghyrningur</ref> með þrjár <ref idTerm=2048>hliðar</ref>.,Eftirfarandi er mynd af þríhyrningi:\n\n\begin{center}\n\includegraphics[width=150px]{myndir/thrihyrningur.png}\n\end{center},,,,,"acute, aliquot triangle, altitude, altitude theorem, asymptotic triangle, base, cevian triangle, circular triangle, congruence theorem, diagonal triangle, doubly asymptotic triangle, equiangular, equilateral triangle, height, leg, median, mid-perpendicular, orthic triangle, orthoptic triangle, Pascal's triangle, pedal triangle, perspective triangles, polar triangle, pythagorean triangle, regular triangle, right-angled triangle, right triangle, scalene triangle, scalenous triangle, self-polar triangle, similar triangle, spherical triangle, transversal, trebly asymptotic triangle, ultrametric triangle inequality, vertex",triangle,,,,,,,,6438
þríhyrnt reitafylki,na,hk,Eintala,,,,,,,,block triangular matrix,,,,,,,,6439
þríliða,na,kvk,Eintala,,,,,,,,golden rule,,,,"rule of three, rule of proportion",,,,6440
þrílínulegur,ls,kk,Eintala,,,,,,,,trilinear,,,,,,,,6441
þrírétthyrndur,ls,kk,Eintala,,,,,,,,trirectangular,,,,,,,,6442
þrískiptiferill,na,kk,Eintala,,,,,,,,trisectrix,,,,,,,,6443
þrískiptilína,na,kvk,Eintala,,,,,,,,trisector,,,,,,,,6444
þrískipting,na,kvk,Eintala,,,,,,,,trisection,,,,,,,,6445
þrístrendingur,na,kk,Eintala,,,,,,,,triangular prism,,,,,,,,6448
þrístæður,ls,kk,Eintala,,,,,,,,(having two variables) ternary,,,,"three-place, triadic",,,,6447
þrístæð vensl,na,hk,Fleirtala,,,,,,,,ternary relation,,,,three-place relation,,,,6446
þríundakerfi,na,hk,Eintala,,,,,,,,ternary numeration system,,,,ternary number system,,,,6450
þríundamengi,na,hk,Eintala,,,,,,,Cantor ternary set,ternary set,,,,,,,,6451
þríundatala,na,kvk,Eintala,,,,,,,,ternary numeral,,,,ternary number,,,,6452
þríunda-,pref,,,,,,,,,,(connected with ternary numbers) ternary,,,,triadic,,,,6449
þríveldi,na,,Eintala,,,,"þriðja veldi, teningur, verpill",,,perfect cube,(in algebra) cube,,,,,,,,6453
þrívíður,ls,kk,Eintala,,,,,,,,three-dimensional,,,,tridimensional,,,,6454
þrívítt rúm,na,hk,Eintala,,,,,,,,three-dimensional space,,,,three-space,,,,6455
þröngur,ls,kk,Eintala,,,,,,,,tight,,,,,,,,6456
þröngur,,,,,,,í þröngum skilningi,,,,restricted,,,,,,,,6457
þröngvaður,ls,kk,Eintala,,,,,,,,forced,,,,,,,,6458
þröngvun,na,kvk,Eintala,,,,,,,,forcing,,,,,,,,6459
þröngvunarfall,na,hk,Eintala,,,,,,,,forcing function,,,,,,,,6460
þröskuldsfall,na,hk,Eintala,,,,,,,,majority decision function,,,,threshold function,,,,6461
þungahnit,na,hk,Fleirtala,,,,"þungamiðjuhnit, voghnit",,,,barycentric coordinates,,,,,,,,6462
þungamiðja,na,,Eintala,,,,þyngdarpunktur,,,median point,barycentre,,,,"centre of gravity, centre of mass, centroid",,,,6463
þungamiðja,na,,Eintala,,,,þyngdarpunktur,,,"barycentre, centre of gravity, centre of mass, centroid",median point,,,,,,,,6464
þungamiðjuhlutun,na,kvk,Eintala,,,,,,,,barycentric subdivision,,,,,,,,6465
þunnskipað fylki,na,hk,Eintala,,,,,,,,sparse matrix,,,,,,,,6466
þvera,sag,,,,,,,,,,orthogonalize,,,,,,,,6470
þverafleiða,na,kvk,Eintala,,,,,,,,normal derivative,,,,,,,,6471
þverás,na,kk,Eintala,,,,,,,"major axis, transverse axis",(of a hyperbola) conjugate axis,,,,minor axis,,,,6472
þverás,na,kk,Eintala,,,,,,,,imaginary axis,,,,,,,,6473
þverbrennistrengur,na,kk,Eintala,,,,,,,focal chord,latus rectum,,,,,,,,6474
þverbundin,na,,Eintala,,,,þverlabundin,,,,normal bundle,,,,,,,,6475
þvereining,na,kvk,Eintala,,,,þvertalan \(i\),,,\(i\),imaginary unit,,,,,,,,6476
þverferill,na,,Eintala,,,,þverbraut,,,,orthogonal trajectory,,,,,,,,6477
þverfyllirúm,na,hk,Eintala,,,,hornrétt fyllirúm,,,annihilator,orthogonal complement,,,,orthocomplement,,,,6478
þvergrunnur,na,kk,Eintala,,,,"þverstæður grunnur, hornréttur grunnur",,,,orthogonal basis,,,,,,,,6479
þverhluti,na,kk,Eintala,,,,,,,Im,imaginary part,,,,,,,,6480
þverhnitakerfi,na,hk,Eintala,,,,"þverstætt hnitakerfi, hornrétt hnitakerfi, rétthyrnt hnitakerfi",,,orthonormal coordinate system,orthogonal coordinate system,,,,rectangular coordinate system,,,,6482
þverhnit,na,hk,Fleirtala,,,,"þverstæð hnit, hornrétt hnit, rétthyrnd hnit",,,"oblique coordinates, orthonormal coordinates",orthogonal coordinates,,,,rectangular coordinates,,,,6481
þverill,na,,Eintala,,,,þverlína,,,normal vector,normal,,,,normal line,,,,6483
þverjafna,na,kvk,Eintala,,,,,,,,(in linear algebra) normal equation,,,,,,,,6484
þverkyns rót,na,kvk,Eintala,,,,,,,,imaginary root,,,,,,,,6485
þverlarammi,na,kk,Eintala,,,,þverrammi,,,,normal frame,,,,,,,,6488
þverlægni,na,kvk,Eintala,,,,þverstaða,,,,orthogonality,,,,perpendicularity,,,,6487
þverlæg fjölskylda,na,kvk,Eintala,,,,þverstæð fjölskylda,,,,orthogonal family,,,,,,,,6486
þvermál,na,hk,Eintala,<ref idTerm=2860>Lengd</ref> <ref idTerm=0>miðstrengs</ref> í <ref idTerm=2295>hring</ref>.,,,,,,,diameter,,,,,,,,6489
þversagnakennt mengi,na,hk,Eintala,,,,,,,proper class,paradoxical set,,,,,,,,6490
þverslétta,na,kvk,Eintala,,,,,,,,normal plane,,,,,,,,6491
þverslétta,na,kvk,Eintala,,,,,,,,perpendicular plane,,,,,,,,6492
þversnið,na,hk,Eintala,,,,,,,,cross cut,,,,,,,,6493
þversnið,na,hk,Eintala,,,,snið,,,,cross section,,,,,,,,6494
þverstaðalámóta,ls,,,,,,,,,,orthogonally similar,,,,,,,,6497
þverstaðalgrúpa,na,kvk,Eintala,,,,,,,,full orthogonal group,,,,orthogonal group,,,,6498
þverstaðalvörpun,na,kvk,Eintala,,,,þverstaðalfærsla,,,isometry,orthogonal linear transformation,,,,"orthogonal mapping, orthogonal transformation",,,,6499
þverstaðlaður,ls,kk,Eintala,,,,,,,,orthonormal,,,,,,,,6502
þverstaðlaður grunnur,na,kk,Eintala,,,,"staðlaður þvergrunnur, hornréttur einingargrunnur",,,,normal orthogonal basis,,,,"normalized orthogonal basis, orthonormal basis",,,,6503
þverstaðlað fylki,na,hk,Eintala,,,,þverfylki,,,,orthogonal matrix,,,,orthonormal matrix,,,,6500
þverstaðlað hnitakerfi,na,hk,Eintala,,,,,,,,orthonormal coordinate system,,,,,,,,6501
þverstæð runa,na,kvk,Eintala,,,,,,,,orthogonal sequence,,,,,,,,6505
þverstæð röð,na,kvk,Eintala,,,,,,,orthogonal expansion,orthogonal series,,,,,,,,6504
þverstæð þáttun,na,kvk,Eintala,,,,"þverþáttun, hornrétt þáttun",,,,orthogonal decomposition,,,,,,,,6506
þverstætt rúm,na,hk,Eintala,,,,"þverlægt rúm, hornrétt rúm",,,,orthogonal space,,,,,,,,6507
þverstöðluð hnit,na,hk,Fleirtala,,,,,,,,orthonormal coordinates,,,,,,,,6508
þverstöðlun,na,kvk,Eintala,,,,,,,,orthonormalization,,,,,,,,6509
þverstöðlunaraðgerð,na,kvk,Eintala,,,,,,,,orthonormalization method,,,,orthonormalization process,,,,6510
þversumma,na,kvk,Eintala,,,,,,,,transverse sum,,,,,,,,6511
þversögn Bertrands,na,kvk,Eintala,,,,Bertrand-þversögn,,,,Bertrand's paradox,,,,,,,,6495
þversögn,na,kvk,Eintala,,,,þverstæða,,,,antinomy,,,,paradox,,,,6496
þvertala,na,kvk,Eintala,,,,,,,,(pure imaginary number) imaginary number,,,,"pure imaginary number, purely imaginary number",,,,6512
þverun,na,kvk,Eintala,,,,,,,,orthogonalization,,,,,,,,6513
þverunaraðferð,na,kvk,Eintala,,,,þverunaraðgerð,,,,orthogonalization method,,,,orthogonalization process,,,,6514
þvervigur,na,kk,Eintala,,,,þvervektor,,,,normal vector,,,,,,,,6515
þverþáttur,na,kk,Eintala,,,,þverliður,,,,normal component,,,,,,,,6516
þver,ls,kk,Eintala,,,,"þverstæður, hornréttur, þverlægur",,,,normal,,,,"orthogonal, perpendicular",,,,6469
þver-,,,,,,,"þverkyns, ímyndaður",,,,imaginary,,,,,,,,6468
þvingaður,,,,,,,með hliðarskilyrðum,,,,constrained,,,,,,,,6517
þvingandi,ls,,,,,,,,,,coercive,,,,,,,,6518
þvingun,na,,,,,,"aukaskilyrði, hliðarskilyrði",,,condition,constraint,,,,,,,,6519
þvælistiki,na,kk,Eintala,,,,amastiki,,,,deranging parameter,,,,nuisance parameter,,,,6467
þykkt,na,kvk,Eintala,,,,,,,,thickness,,,,,,,,6530
þykkvafræði,na,kvk,Eintala,,,,þrívíð rúmfræði,,,,solid geometry,,,,stereometry,,,,6531
þykkvi,na,,Eintala,,,,"rúmskiki, líkami, hlutur, rúmmynd, gripur",,,"platonic body, rigid body",body,,,,solid,,,,6532
þyrping,na,kvk,Eintala,,,,,,,,clustering,,,,,,,,6533
þýða,sag,,,,,,,,,,compile,,,,,,,,6522
þýðandi,na,kk,Eintala,,,,,,,,compiler,,,,,,,,6523
þýði,na,hk,Eintala,,,,,,,,parent population,,,,"population, universe",,,,6524
þýðing,na,kvk,Eintala,,,,,,,,translation,,,,,,,,6525
þýðismeðalgildi,na,hk,Eintala,,,,raunverulegt meðalgildi,,,mean,population mean,,,,true mean,,,,6526
þýðisstiki,na,kk,Eintala,,,,,,,,population parameter,,,,parameter of population,,,,6527
þýður,ls,kk,Eintala,,,,,,,,harmonic,,,,,,,,6528
þýður ferhliðungur,na,kk,Eintala,,,,,,,,harmonic quadrilateral,,,,,,,,6529
þýð fernd,na,kvk,Eintala,,,,,,,,harmonic quadruplet,,,,harmonic group of points,,,,6683
þýð fernd (af punktum),na,kvk,Eintala,,,,,,,,harmonic group of points,,,,harmonic quadruplet,,,,6520
þýð skipting,na,kvk,Eintala,,,,,,,,harmonic division,,,,,,,,6521
þýtt fall,na,hk,Eintala,,,,,,,,harmonic function,,,,,,,,6534
þýtt hlutfall,na,hk,Eintala,,,,,,,,harmonic ratio,,,,,,,,6535
þýtt meðaltal,na,hk,Eintala,,,,,,,,harmonic average,,,,"harmonic mean, inverse average",,,,6536
þýtt samok,na,hk,Eintala,,,,,,,,harmonic conjugate,,,,,,,,6537
þættaður,ls,kk,Eintala,,,,,,,,factored,,,,,,,,6318
þættanlegur,ls,kk,Eintala,,,,,,,"decomposible, reducible",factorable,,,,factorizable,,,,6320
þættanlegur,ls,kk,Eintala,,,,"kljúfanlegur, kleyfur",,,factorable,decomposible,,,,reducible,,,,6321
þættanleg margliða,na,kvk,Eintala,,,,,,,,factorable polynomial,,,,reducible polynomial,,,,6319
þættanleiki,na,kk,Eintala,,,,"kljúfanleiki, kleyfi",,,,decomposability,,,,,,,,6322
þætta,sag,,,,,,"kljúfa, sundurliða",,,"factor, factorize",decompose,,,,,,,,6316
þætta,sag,,,,,,leysa upp í þætti,,,decompose,factor,,,,factorize,,,,6317
æðri stærðfræði,na,kvk,Eintala,,,,,,,,higher mathematics,,,,,,,,96
æstæður,,,,,,,"sístæður, í jafnvægi, jafnvægis-",,,,stationary,,,,,,,,97
ætt,na,kvk,Eintala,,,,,,,,genus,,,,,,,,98
öfugt markgildi,na,hk,Eintala,,,,,,,,inverse limit,,,,"limit, projective limit",,,,3717
öfug röð,na,kvk,Eintala,,,,gagnstæð röð,,,,inverted order,,,,reverse order,,,,3715
öfug þríliða,na,kvk,Eintala,,,,,,,rule of three,inverse rule of three,,,,,,,,3716
ögn,na,kvk,Eintala,,,,,,,,particle,,,,,,,,3743
öndverð aðferð,na,kvk,Eintala,,,,gagnstæð aðgerð,,,,opposite composition,,,,,,,,3790
öndverð grúpa,na,kvk,Eintala,,,,gagnstæð grúpa,,,,opposite group,,,,,,,,3791
önnur afleiða,na,kvk,Eintala,,,,,,,,second derivative,,,,,,,,3792
örfærsla,na,kvk,Eintala,,,,,,,,infinitesimal displacement,,,,,,,,3826
örgrúpa,na,kvk,Eintala,,,,,,,,trivial group,,,,,,,,3827
örsmár,ls,kk,Eintala,,,,,,,,infinitesimal,,,,,,,,3832
örsmæð,na,kvk,Eintala,,,,,,,,infinitesimal,,,,,,,,3830
örsmæða-,pref,,,,,,,,,,infinitesimal,,,,,,,,3831
örspönnuður,na,kk,Eintala,,,,,,,,infinitesimal generator,,,,,,,,3833
örvaelti,na,hk,Eintala,,,,,,,,diagram chasing,,,,,,,,3834
örvahringur,na,kk,Eintala,,,,,,,,(digraph or subdigraph of a certain kind) circuit,,,,"cycle, circuit graph, directed circuit graph",,,,3835
örvanet,na,hk,Eintala,,,,"stefnt net, áttað net",,,,digraph,,,,"directed graph, oriented graph",,,,3836
örvarás,na,kvk,Eintala,,,,,,,,(closed arc sequence in a digraph) circuit,,,,"closed arc sequence, closed arc progression, cycle, directed circuit",,,,3837
örvarit,na,hk,Eintala,,,,,,,"commutative diagram, pull-back diagram, push-out diagram",diagram,,,,,,,,3838
örvasamanhangandi,ls,,,,,,örvasamhangandi,,,,(of a directed graph) arcwise connected,,,,,,,,3839
öryggisbelti,na,hk,Eintala,,,,,,,,confidence belt,,,,,,,,3840
öryggisbilsmat,na,hk,Eintala,,,,bilsmat,,,confidence estimate,confidence interval estimate,,,,interval estimate,,,,3842
öryggisbil,na,hk,Eintala,,,,vikbil,,,,confidence interval,,,,,,,,3841
öryggislíkindi,na,hk,Fleirtala,,,,,,,confidence level,confidence probability,,,,,,,,3843
öryggismark,na,hk,Eintala,,,,vikmark,,,,confidence limit,,,,,,,,3844
öryggismat,na,hk,Eintala,,,,,,,"confidence domain estimate, confidence interval estimate",confidence estimate,,,,confidence estimation,,,,3845
öryggismengi,na,hk,Eintala,,,,,,,,confidence set,,,,,,,,3846
öryggissporbaugur,na,kk,Eintala,,,,,,,,confidence ellipse,,,,,,,,3847
öryggissporvala,na,kvk,Eintala,,,,,,,,confidence ellipsoid,,,,,,,,3848
öryggisstig,na,hk,Eintala,,,,öryggi,,,"confidence coefficient, confidence probability",confidence level,,,,,,,,3849
öryggisstuðull,na,kk,Eintala,,,,,,,confidence level,confidence coefficient,,,,,,,,3850
öryggissvæði,na,hk,Eintala,,,,,,,,confidence region,,,,,,,,3851
öryggissvæðismat,na,hk,Eintala,,,,,,,confidence estimate,confidence domain estimate,,,,,,,,3852
ör,na,kvk,Eintala,,,,píla,,,morphism,arrow,,,,,,,,3810
ör,na,,Eintala,,,,"örvarleggur, stefndur leggur",,,edge,(of a directed graph) arc,,,,"diedge, directed edge",,,,3809
#NAME?,ls,kk,Eintala,,,,,,,"complex valued, real valued, scalar valued, vector valued",valued,,,,,,,,6684
-und,na,kvk,Eintala,,,,-d,,,"finite sequence, \(n\)-tuple, pair, quadruple, quintuple, triple",tuple,,,,,,,,1
\(A\)-stöðugleiki,na,kk,Eintala,,,,,,,,\(A\)-stability,,,,,,,,3
\(B\)-splæsifall,na,hk,Eintala,,,,,,,,\(B\)-spline,,,,,,,,4
\(K\)-fræði,na,kvk,Eintala,,,,,,,,\(K\)-theory,,,,,,,,5
\(n\)-und,na,kvk,Eintala,"\(n\)-\textit{und}, þar sem \(n\) er <ref idTerm=3475>náttúruleg tala</ref>, samanstendur af \(n\) <ref idTerm=2123>hlutum</ref> í tiltekinni röð. \(n\)-undin sem inniheldur hlutina \(a_1, \ldots, a_n\) í þessari röð er táknuð með \((a_1, \ldots, a_n)\).","Ef \(\left( A_i \right)_{i=1}^n\) er <ref idTerm=993>endanleg runa</ref> af <ref idTerm=3270>mengjum</ref> og \(a_i \in A_i\) fyrir \(i=1,\dots,n\) þá er \(n\)-undin \((a_1,\dots,a_n)\) <ref idTerm=5128>stak</ref> í <ref idTerm=3279>faldmenginu</ref> \(\prod_{i=1}^n A_i\).",,"\(n\)-d, röðuð \(n\)-und, röðuð \hbox{\(n\)-d}",,,tuple,\(n\)-tuple,,,,ordered \(n\)-tuple,,,,6
\(p\)-legur,ls,kk,Eintala,,,,,,,,\(p\)-adic,,,,,,,,10
\(p\)-leg heiltala,na,kvk,Eintala,,,,heil \(p\)-leg tala,,,,\(p\)-adic integer,,,,,,,,7
\(p\)-leg tala,na,kvk,Eintala,,,,,,,,\(p\)-adic number,,,,,,,,8
\(p\)-leg virðing,na,kvk,Eintala,,,,,,,,\(p\)-adic valuation,,,,,,,,9
\(t\)-dreifing,na,kvk,Eintala,,,,,,,,\(t\)-distribution,,,,,,,,11
\(t\)-próf,na,hk,Eintala,,,,,,,,\(t\)-test,,,,,,,,12
\(\phi\)-fall Eulers,na,hk,Eintala,,,,,,,,Euler totient function,,,,"Euler phi function, totient",,,,2
Cantor-mengi,na,hk,Eintala,,,,"Cantorsmengi, talnamengi Cantors, þríundamengi Cantors",,,,Cantor ternary set,,,,Cantor's discontinuum,,,,615
Cauchy-dreifing,na,kvk,Eintala,,,,,,,,Cauchy distribution,,,,,,,,616
Cauchy-formúla,na,kvk,Eintala,,,,,,,,Cauchy formula,,,,,,,,617
Cauchy-margfeldi,na,hk,Eintala,,,,,,,,Cauchy product,,,,,,,,618
Cauchy-margföldun,na,kvk,Eintala,,,,,,,,Cauchy multiplication,,,,,,,,619
Cauchy-próf,na,hk,Eintala,,,,samleitnipróf Cauchys,,,,Cauchy criterion,,,,Cauchy's convergence criterion,,,,620
Cauchy-runa,na,kvk,Eintala,,,,,,,,Cauchy sequence,,,,fundamental sequence,,,,621
Cauchy-setningin,na,kvk,Eintala,,,,,,,,Cauchy's theorem,,,,,,,,622
Cayley-tala,na,kvk,Eintala,,,,áttundatala,,,,Cayley number,,,,Cayley octave,,,,623
Ceva-strik,na,hk,Eintala,,,,,,,,cevian,,,,,,,,624
Ceva-þríhyrningur,na,kk,Eintala,,,,,,,,aliquot triangle,,,,cevian triangle,,,,625
Cholesky-þáttun,na,kvk,Eintala,,,,,,,,Cholesky method,,,,,,,,626
Cramer-regla,na,kvk,Eintala,,,,regla Cramers,,,,Cramer's rule,,,,,,,,627
Weierstrass-próf,na,hk,Eintala,,,,,,,,M-test,,,,Weierstrass test,,,,6249
Wiener-ferli,na,hk,Eintala,,,,,,,Brownian movement,Wiener process,,,,,,,,6250
Wronski-ákveða,na,kvk,Eintala,,,,,,,,Wronskian,,,,,,,,6251
Zermelo-Fraenkel-mengjafræði,na,kvk,Eintala,,,,,,,ZF,\nobreak Zermelo-Fraenkel set theory,,,,,,,,6314
Zermelo-Fraenkel-mengjafræði með valfrumsendu,na,kvk,Eintala,,,,,,,ZFC,Zermelo-Fraenkel set theory with axiom of choice,,,,,,,,6315
z-ás,na,kk,Eintala,,,,,,,,\nobreak z-axis,,,,,,,,6313
mengi,na,hk,Eintala,Safn <ref idTerm=5114>hluta</ref>.,Þessi skilgreining á mengi skilgreinir svokallaða <ref idTerm=2337>hversdagslega mengjafræði</ref> sem ekki er unnt að nota í stærðfræði vegna þess að hún leiðir til mótsagnar (samanber <ref idTerm=4294>þversögn Russell</ref>). Sú mengjafræði sem er mest notuð nú til dags er mengjafræðin sem byggir á frumsendum Ernst Zermelo og Abraham Fraenkel og kölluð <ref idTerm=6314>Zermelo-Fraenkel-mengjafræði</ref> eða ZF. Oft er einnig gert ráð fyrir <ref idTerm=5954>valfrumsendunni</ref> og þá talað um <ref idTerm=6315>Zermelo-Fraenkel-mengjafræði með valfrumsendu</ref> eða ZFC.,,,,,,(in set theory) aggregate,,,,set,,,,3270
armur,na,kk,Eintala,Sjá <ref idTerm=2198>horn</ref>.,,,,,,,(of an angle) arm,,,,"leg, side",,,,334
